// Generated by tools/prepare_assets.py; do not edit.
#pragma once
#include <stdint.h>
const uint16_t art_ruins[28800] = {
0x0081,0x08a1,0x08c2,0x0060,0x08a1,0x0081,0x0081,0x0881,0x0081,0x0881,0x1924,0x1944,0x0061,0x08a1,0x0081,0x1923,0x1103,0x08c2,0x08c2,0x10e2,0x1103,0x10e3,0x08e2,0x08c2,
0x08a1,0x08e2,0x08c2,0x1923,0x1123,0x08c2,0x1923,0x1103,0x1944,0x1904,0x10e3,0x1945,0x29a7,0x1924,0x1903,0x29a5,0x2162,0x1941,0x3a64,0x5345,0x5305,0x3224,0x1101,0x3a65,
0x3204,0x2182,0x3a45,0x21c1,0x3242,0x4ac6,0x2183,0x1101,0x4ac5,0x5b45,0x5305,0x634a,0x2984,0x1924,0x2145,0x29c5,0x1963,0x29a5,0x21a5,0x29e5,0x4247,0x52a8,0x3a66,0x4b07,
0x5367,0x6c09,0x7469,0xa5cd,0x9d8d,0xa58f,0x9550,0x536b,0x6c4f,0x5bad,0x3a89,0x7490,0x74b1,0x5bee,0x4b8c,0x4b4b,0x5bcd,0x63ac,0x4287,0x744f,0x8d32,0x7cd0,0x7cb0,0x6c2e,
0x746e,0x7cd0,0xa5d4,0xae36,0xa5d4,0x9d93,0x8d11,0x9d72,0x9531,0x8cf0,0xadf4,0xcef8,0xa5b3,0xae14,0xbe55,0xc696,0xdf38,0xefda,0xefda,0xf7fc,0xe7ba,0xdf58,0xdf59,0xe799,
0xe779,0xdf79,0xe7b9,0xe799,0xf7db,0x738c,0xd6d8,0xd718,0xdf59,0xdf59,0xe77a,0xe79b,0xd6f8,0xd6f7,0xd6f7,0xd718,0xcef7,0xdf59,0xa572,0x844e,0xcf18,0xb655,0xbe75,0xc6b6,
0xe7bb,0xdf5a,0xa5b4,0xae14,0x84ce,0x84ee,0x7c8d,0x7c8e,0x4267,0x6bcc,0x746d,0x5b8a,0x536a,0x63cc,0x4b08,0x5b8b,0x5b6b,0x42a8,0x3aa8,0x42a8,0x3a87,0x3a87,0x3a87,0x42c8,
0x42c8,0x42c9,0x3a88,0x3a47,0x42a8,0x3a88,0x3247,0x536c,0x53ad,0x74b1,0x74d2,0x74d2,0x7512,0x74f2,0x6470,0x432b,0x2a68,0x42eb,0x5bee,0x6450,0x642f,0x430b,0x53ae,0x6c50,
0x6cb1,0x42ca,0x3a49,0x1103,0x08a2,0x08a2,0x2145,0x2145,0x08c2,0x2185,0x3a48,0x3207,0x29c6,0x29c6,0x29e7,0x21e6,0x1964,0x21a5,0x29e7,0x1102,0x1142,0x1963,0x1944,0x1102,
0x1123,0x29a5,0x1943,0x1944,0x1103,0x10e2,0x08c2,0x1103,0x1944,0x08a2,0x2164,0x1944,0x0080,0x08c2,0x08c2,0x0081,0x08a2,0x00a2,0x00a2,0x08a1,0x08c2,0x10e2,0x0881,0x10e3,
0x0081,0x0881,0x10c2,0x08a1,0x0081,0x0081,0x0081,0x0081,0x0060,0x0881,0x08c2,0x10c2,0x1903,0x0061,0x1923,0x1103,0x10e2,0x08c2,0x0081,0x10e2,0x10e3,0x1103,0x08c2,0x00a1,
0x08c2,0x08c2,0x08c2,0x08c2,0x1123,0x1944,0x1103,0x1103,0x1103,0x1104,0x1924,0x29a6,0x1904,0x1903,0x1922,0x29a3,0x3a44,0x3244,0x3a64,0x4b05,0x3241,0x3a44,0x4ac7,0x2182,
0x2183,0x3225,0x3204,0x29e3,0x3243,0x3a65,0x29a4,0x3205,0x4aa5,0x4ac2,0x4ac2,0x6bc9,0x31e4,0x2164,0x2144,0x2184,0x3205,0x31e5,0x29e5,0x3205,0x4226,0x52c8,0x3a45,0x4b27,
0x5b67,0x63c8,0x8d0b,0xa5cd,0xadee,0x952d,0x8d0f,0x532a,0x63ee,0x7470,0x4b2b,0x744f,0x95b5,0x8d94,0x74f1,0x4b6c,0x5b8c,0x4ac9,0x42a8,0x6bed,0x7cd1,0x6c2e,0x8d31,0x744e,
0x7c8f,0x7cd0,0x8d32,0x9572,0xae36,0x9db4,0x8d11,0x9d73,0x8cd0,0xbe97,0xc6d7,0xbe96,0xadf4,0xa5d3,0xb634,0xbe76,0xcef7,0xdf79,0xefda,0xefba,0xe779,0xdf79,0xe779,0xdf79,
0xd738,0xdf58,0xdf79,0xdf58,0xefbb,0x6b6c,0xce97,0xdf79,0xd6f7,0xced7,0xd718,0xd6f8,0xdf39,0xced7,0xcef7,0xcef7,0xcef7,0xced7,0x8caf,0xad73,0xbe76,0xb655,0xb675,0xc6d6,
0xc6b6,0xe79b,0xdf7b,0x8cef,0x8cef,0x84ce,0x7c8d,0x84af,0x4288,0x6bcc,0x746d,0x63eb,0x538a,0x5b8a,0x5bab,0x5b8a,0x4b09,0x536b,0x42a8,0x42a8,0x3aa7,0x3a87,0x3a87,0x42c8,
0x42a8,0x3a87,0x3a88,0x42c9,0x3a88,0x3288,0x3aa9,0x32a9,0x432b,0x6cb1,0x74f2,0x7d12,0x6cf1,0x6cd1,0x6cb1,0x53ee,0x3aea,0x5bee,0x6c70,0x7d33,0x5bee,0x4b6d,0x6c71,0x4bad,
0x6cb1,0x4b0b,0x3a69,0x3208,0x1104,0x1945,0x2165,0x08a2,0x08c2,0x08a2,0x10e3,0x1945,0x21a6,0x29c6,0x29e7,0x29e6,0x21a5,0x3207,0x3206,0x2184,0x1942,0x1963,0x1944,0x1943,
0x1964,0x1944,0x2185,0x08c2,0x08c2,0x10e2,0x0881,0x08a1,0x08c2,0x10c2,0x08c2,0x2184,0x1923,0x08a1,0x10e2,0x08a2,0x08a2,0x00a2,0x00a2,0x08a2,0x10e2,0x10e2,0x10c3,0x1945,
0x0060,0x0081,0x10e2,0x08c2,0x0060,0x0881,0x0081,0x0081,0x0081,0x0081,0x08c2,0x0881,0x08c2,0x29a5,0x1103,0x0081,0x08a1,0x08a1,0x0060,0x08c2,0x08c2,0x08c2,0x08a1,0x1103,
0x1944,0x00a1,0x08c2,0x10e2,0x08a1,0x2164,0x2185,0x1103,0x08c2,0x1103,0x29c6,0x1924,0x1103,0x1922,0x1101,0x29a3,0x4284,0x2a02,0x3a64,0x3222,0x3221,0x3203,0x5329,0x3224,
0x3a45,0x3204,0x2182,0x3203,0x3a44,0x29c3,0x3205,0x5b4a,0x5326,0x5b64,0x4ae2,0x5b25,0x31e3,0x3206,0x29a5,0x3a27,0x3205,0x3a47,0x3a47,0x3a66,0x4226,0x52a7,0x3a86,0x5348,
0x5b68,0x63e8,0x6c28,0x8cea,0xb650,0xadd0,0x84ae,0x534a,0x4b4b,0x7490,0x536c,0x7490,0x9594,0x8574,0x8553,0x7cd1,0x744f,0x3247,0x5b6b,0x5b8b,0x6c2e,0x6c4e,0x7cb0,0x84f1,
0x7cb0,0x748f,0x84f1,0x8d31,0x9552,0x84d0,0x84d0,0x7c8f,0xa5d4,0xb656,0xb635,0xbe96,0xc6b7,0xa5b3,0xa5b3,0xb614,0xc696,0xd717,0xefba,0xeffb,0xefba,0xdf38,0xdf38,0xced7,
0xcef7,0xd717,0xcef6,0xd717,0xef9a,0x738c,0xce97,0xdf79,0xe79a,0xc696,0xc696,0xced7,0xc6b7,0xc696,0xc696,0xc6b6,0xced8,0xc697,0x636a,0xc676,0xadf4,0xb614,0xb655,0xbe95,
0xbe76,0xbe97,0xc697,0x7c8e,0x8cef,0x84ef,0x7c8e,0x84af,0x4288,0x6bec,0x746d,0x6c4c,0x5b8a,0x63cb,0x5bab,0x4b08,0x4b29,0x4b2a,0x42e8,0x3a67,0x3a87,0x42a8,0x3a87,0x42a8,
0x42a8,0x3aa8,0x3a88,0x3a88,0x3288,0x32a8,0x3aea,0x3ae9,0x6c90,0x7d12,0x7d33,0x6cd1,0x6490,0x64b0,0x6cb1,0x7512,0x4bad,0x2a88,0x74d2,0x74d2,0x6450,0x6c71,0x74d2,0x642f,
0x4b8d,0x42eb,0x21a6,0x532c,0x638d,0x638d,0x1965,0x1924,0x18e3,0x10c3,0x08a2,0x0882,0x1104,0x2185,0x29e7,0x2a06,0x29e6,0x29c5,0x29c5,0x29a4,0x4287,0x2164,0x1102,0x08c2,
0x1103,0x29c5,0x1944,0x08c1,0x08c2,0x0081,0x0081,0x0081,0x08a1,0x08c2,0x1103,0x10e1,0x2164,0x1103,0x10e2,0x10e3,0x0881,0x00a1,0x08c2,0x08c2,0x10c2,0x2124,0x1924,0x08a3,
0x0081,0x0081,0x10e2,0x08c2,0x0060,0x0081,0x0081,0x08a1,0x10e2,0x08a2,0x08a1,0x08a1,0x2165,0x2164,0x1923,0x10e2,0x08c2,0x08a1,0x08a1,0x0081,0x0081,0x10e2,0x10e2,0x1103,
0x2185,0x10e2,0x08a2,0x1103,0x08e2,0x08c2,0x29c6,0x2185,0x1123,0x21a5,0x08e3,0x10e3,0x1924,0x1923,0x3205,0x3a66,0x29e3,0x21a2,0x29e3,0x3a64,0x3222,0x3204,0x3a45,0x4285,
0x3a44,0x5b69,0x3a24,0x3203,0x3a44,0x3a45,0x29a4,0x4268,0x5307,0x5b44,0x4ae2,0x5b25,0x848d,0x2183,0x3a47,0x3226,0x3205,0x3a67,0x3206,0x21a3,0x39e5,0x4226,0x3a66,0x4b07,
0x5327,0x5367,0x84ab,0x8d0c,0x8ceb,0x848b,0x6bec,0x6c0e,0x536c,0x5bcd,0x7cb1,0x640e,0x8d73,0x6cb0,0x7512,0x8d74,0x63cd,0x3a47,0x638b,0x5b8b,0x5bac,0x84f1,0x7c8f,0x84d0,
0x7cb0,0x744e,0x8d32,0x9552,0xa594,0x84d0,0xa593,0x84b0,0xadf5,0xa5d4,0xa5f4,0xdf7a,0xe79b,0xae14,0xa5b2,0xa5b3,0xbe55,0xceb6,0xdf38,0xf7fb,0xefda,0xe799,0xd718,0xd717,
0xd717,0xced6,0xd717,0xd738,0xef9a,0x6b6c,0xce97,0xdf79,0xcef7,0xc696,0xc696,0xc696,0xc696,0xbe76,0xbe96,0xceb7,0xdf19,0x844e,0x846e,0xc677,0xadd3,0xa5b2,0xae13,0xb634,
0xb635,0xc6d8,0xc6b8,0xa5b3,0x744d,0x84ef,0x746d,0x848e,0x4267,0x742d,0x7cad,0x6c0c,0x6c4c,0x63eb,0x5349,0x536a,0x4b29,0x3aa7,0x4b09,0x4b09,0x42c8,0x42c8,0x42c8,0x3a87,
0x3a87,0x3a88,0x3287,0x4b4b,0x7490,0x6c90,0x74f1,0x74b1,0x74f2,0x7d33,0x7d12,0x7d13,0x74f2,0x74d1,0x6c90,0x74f2,0x436c,0x432b,0x74d2,0x6cb1,0x6cb1,0x6cd2,0x6491,0x74f2,
0x74d2,0x6c70,0x21c6,0x3a89,0x7c71,0x5b6d,0x3207,0x63ce,0x5b2c,0x4aca,0x29c7,0x1924,0x08c2,0x08c2,0x1944,0x2185,0x2185,0x1944,0x21a5,0x31e5,0x29a4,0x29a5,0x10e2,0x08a1,
0x2164,0x1923,0x1103,0x08c2,0x08c2,0x10e2,0x08a1,0x08a1,0x0081,0x1923,0x1102,0x08a1,0x1943,0x31e6,0x2164,0x0881,0x08a1,0x00a1,0x10e2,0x10c2,0x2964,0x1904,0x0882,0x0883,
0x0081,0x0081,0x08a1,0x0081,0x0080,0x0060,0x0881,0x08a1,0x0881,0x08c2,0x08a1,0x1923,0x2144,0x1103,0x1103,0x1944,0x10c2,0x10c2,0x08c2,0x08a1,0x08a2,0x1103,0x08c2,0x08e2,
0x1103,0x1923,0x08c2,0x08c2,0x08c2,0x10e2,0x1103,0x29c6,0x3a48,0x1123,0x1103,0x10e3,0x1103,0x1103,0x2984,0x1922,0x2183,0x29c4,0x2163,0x3204,0x3a44,0x3a45,0x3a45,0x4aa5,
0x5b68,0x6bca,0x4265,0x1961,0x5b47,0x4ac7,0x29c6,0x2185,0x2182,0x5b45,0x6bc6,0x4aa4,0x6368,0x2162,0x3a06,0x4287,0x3225,0x3205,0x3226,0x3205,0x5288,0x3a06,0x3a67,0x3266,
0x42c7,0x63a9,0x6c09,0x84aa,0x954d,0x6be9,0x5b6a,0x6c2f,0x6c70,0x5bcd,0x7cf2,0x3ac9,0x7d12,0x7d53,0x7d53,0x6c70,0x430a,0x4ac9,0x5b6b,0x63cd,0x5bcd,0x8d32,0x84d0,0x63cc,
0x746f,0x7cb0,0x8d32,0x9552,0xa594,0x8490,0x8cf1,0x8cf1,0xae15,0xa5d3,0xa5d3,0xcef8,0xd739,0xa5d3,0xb614,0xadb3,0xb614,0xc696,0xd717,0xdf79,0xefdb,0xefdb,0xdf79,0xdf59,
0xcef7,0xbe74,0xd717,0xd717,0xe77a,0x6b6c,0xce76,0xe779,0xced7,0xc6b7,0xd739,0xd718,0xd739,0xbe76,0xb635,0xceb7,0xe77a,0x634a,0xbe16,0xb615,0xa5b3,0xa5b2,0xa5d2,0xadd3,
0xb635,0xcef9,0xd719,0xa5d3,0x63cb,0x7c8d,0x744c,0x7c6e,0x4288,0x84af,0x744c,0x6c2c,0x6c0b,0x5369,0x536a,0x5349,0x534a,0x4b09,0x42c8,0x536a,0x4b29,0x4b29,0x5329,0x4ae9,
0x3a87,0x3aa8,0x3267,0x4b4b,0x9594,0x7d12,0x7d12,0x8553,0x8d74,0x7cf2,0x7491,0x6c70,0x74b1,0x7cd2,0x6c90,0x7cf2,0x4b6c,0x6450,0x7cf2,0x6c91,0x6cb1,0x6cb1,0x64b1,0x6c91,
0x74d2,0x74b1,0x2a07,0x3289,0x63ce,0x536c,0x3228,0x63ae,0x4b2b,0x536d,0x42ca,0x29e7,0x10e3,0x10c3,0x08c2,0x08c2,0x1103,0x1945,0x29a6,0x1944,0x1122,0x29c5,0x29a5,0x1944,
0x1123,0x1103,0x1923,0x08c2,0x10e2,0x1102,0x10e2,0x08c1,0x10e2,0x1102,0x1943,0x2163,0x1102,0x1102,0x1943,0x1923,0x0881,0x08c2,0x08a1,0x1923,0x31a6,0x0040,0x0882,0x0883,
0x0881,0x0060,0x0881,0x0060,0x0060,0x0881,0x0081,0x08a1,0x08a1,0x08c2,0x2165,0x1944,0x0081,0x1923,0x10e2,0x1944,0x31e6,0x1103,0x08a1,0x1103,0x1103,0x10e3,0x08c2,0x10e2,
0x10e2,0x1103,0x08e2,0x1103,0x1103,0x08c2,0x1103,0x29c6,0x3a28,0x21c5,0x0902,0x1123,0x1124,0x10e3,0x10c2,0x1943,0x29c5,0x1923,0x29c5,0x3a45,0x21a2,0x1942,0x3224,0x6388,
0x3a23,0x7c0b,0x52e7,0x3a04,0x6368,0x3a24,0x29c5,0x31e7,0x2183,0x29c1,0x7409,0x4aa5,0x3203,0x2183,0x29a4,0x29c4,0x3225,0x3206,0x21a5,0x29c5,0x4a88,0x39c5,0x21a3,0x29e4,
0x5b49,0x4ac6,0x5347,0x7c6b,0x7c6b,0x63a9,0x4ae9,0x538d,0x6c4f,0x6c70,0x7470,0x6c4f,0x5bee,0x8553,0x5c0e,0x640e,0x3aa8,0x532a,0x5b6b,0x5b8c,0x6c2e,0x8d32,0x6c2e,0x6c0e,
0x744e,0x7cb0,0x9552,0xa5f5,0x84b0,0x9511,0x744e,0x9552,0x9d93,0x9db3,0x9db3,0xa5d3,0xc6b7,0xbe96,0xc6b7,0xb635,0xadd3,0xbe55,0xceb6,0xcef7,0xe79a,0xeffb,0xefba,0xcef7,
0xc696,0xbe54,0xbe74,0xc696,0xdf38,0x632a,0xad73,0xd738,0xc696,0xc696,0xdf7a,0xefbb,0xe77a,0xc6b7,0xbe76,0xceb7,0xc636,0x634b,0xadb4,0xb5f5,0xa5b3,0x9551,0x9d71,0x9d71,
0xadf4,0xb635,0xbe76,0x9551,0x6c0c,0x6c2c,0x6c2c,0x7c6e,0x4aa8,0x84cf,0x748d,0x6c2c,0x63eb,0x5baa,0x536a,0x4b49,0x534a,0x5349,0x4b08,0x42c8,0x5b8a,0x5349,0x4ae8,0x42a8,
0x4b2a,0x534b,0x3aa8,0x746f,0x8532,0x8512,0x6c6f,0x74b1,0x642f,0x5bee,0x5bee,0x53ad,0x4b6c,0x6c70,0x7cd2,0x7cd2,0x4b4c,0x642f,0x74d2,0x6c91,0x6cb1,0x6cb1,0x64b1,0x6cb1,
0x5c0f,0x5bce,0x3aea,0x2a07,0x63ce,0x532c,0x42ca,0x4aeb,0x4b8c,0x53ad,0x3aaa,0x21c6,0x2165,0x10e3,0x10c2,0x08c3,0x08c3,0x10e3,0x10e3,0x1943,0x2163,0x1943,0x3a27,0x3a48,
0x1923,0x1944,0x1102,0x10e2,0x08c2,0x10e2,0x10e2,0x08c1,0x1923,0x1943,0x2163,0x29c4,0x2184,0x08c1,0x08c1,0x1943,0x1923,0x08a1,0x10e2,0x2964,0x2103,0x0020,0x0882,0x08a3,
0x1903,0x08a1,0x0861,0x0061,0x0861,0x10a2,0x0881,0x0081,0x0080,0x1944,0x1944,0x1123,0x08e2,0x10e2,0x29a5,0x2184,0x2185,0x2184,0x1103,0x1923,0x08e2,0x08c2,0x00c2,0x08e2,
0x0903,0x00a1,0x0902,0x1985,0x1964,0x10e3,0x2144,0x2165,0x21c6,0x3248,0x2a07,0x1103,0x1124,0x1924,0x1924,0x10e3,0x1903,0x1923,0x3a25,0x3a44,0x3a24,0x3204,0x4aa7,0x3202,
0x6325,0xb56f,0x6329,0x4aa7,0x3a03,0x6ba8,0x3203,0x2183,0x29c5,0x21c4,0x4ac5,0x6ba8,0x4226,0x4227,0x1943,0x2a06,0x29e5,0x3206,0x2985,0x39c6,0x5aa8,0x4204,0x5285,0x9d0f,
0x948e,0x4aa5,0x5368,0x42c7,0x6beb,0x7c2d,0x4ae9,0x5bee,0x6c50,0x642f,0x74b1,0x7470,0x42ea,0x6c50,0x7c91,0x5b4b,0x42a8,0x5b6b,0x4b2a,0x63ed,0x6c4e,0x6c2e,0x5bac,0x6bed,
0x6c0e,0x744f,0x8d12,0xae36,0x9532,0x63cc,0x84d0,0x9d93,0x9d72,0xae15,0xb655,0xb675,0xc6d7,0xc6f7,0xc6d7,0xb635,0xadd3,0xadf4,0xbe55,0xced7,0xdf58,0xe7b9,0xe7b9,0xdf78,
0xced7,0xbe55,0xbe55,0xb634,0xd6d7,0x6b8a,0x73ec,0xe7bb,0xc6b6,0xbe55,0xd717,0xdf79,0xdf7a,0xdf9a,0xcf18,0xd6f8,0x7c4e,0x94f1,0xbe15,0x9d32,0x9d52,0x8cf0,0x9531,0xa5b3,
0x9d92,0x9db2,0xa5d3,0x9551,0x8d10,0x63ec,0x6c0c,0x742c,0x4287,0x7cae,0x7c8d,0x6c4c,0x6c0c,0x63eb,0x5b8a,0x4b28,0x5369,0x5369,0x4b29,0x4b28,0x4ae8,0x4ae8,0x4b09,0x3ac8,
0x42c8,0x3a87,0x42c9,0x7cf1,0x8553,0x74b0,0x63ad,0x536b,0x534b,0x6c2f,0x6c4f,0x5bad,0x536c,0x4b4b,0x7c90,0x7cb1,0x3289,0x6c50,0x74d2,0x6c91,0x6cb1,0x6c91,0x6c91,0x6cb1,
0x4b8d,0x53ae,0x53ae,0x21c6,0x534d,0x5b8d,0x530c,0x3a8a,0x5bae,0x4b6c,0x430b,0x2a07,0x21a6,0x2165,0x10a2,0x18e3,0x10c2,0x08a2,0x1944,0x29a5,0x2184,0x3206,0x29c5,0x29c6,
0x29c6,0x10e2,0x1943,0x1943,0x08c2,0x08c2,0x1102,0x08a1,0x08c1,0x2184,0x2183,0x1962,0x1963,0x1101,0x10e1,0x10c2,0x1923,0x1903,0x31c5,0x1903,0x1081,0x0861,0x0882,0x10c3,
0x08a1,0x1924,0x0881,0x0081,0x0881,0x0881,0x0061,0x0080,0x1943,0x1923,0x08e2,0x1103,0x08c1,0x1923,0x1944,0x1103,0x0081,0x1123,0x2185,0x08c2,0x08c2,0x08c2,0x00a2,0x00a1,
0x1103,0x08e2,0x1123,0x1984,0x2185,0x3207,0x1103,0x1944,0x21a5,0x21c6,0x3248,0x3207,0x1103,0x1103,0x2165,0x1904,0x18e3,0x2143,0x52c8,0x6349,0x4a86,0x3a25,0x3204,0x4aa4,
0x9ccb,0xad2e,0x5ac8,0x3a26,0x4a85,0x848b,0x63a8,0x2182,0x1964,0x1943,0x31e4,0x52e7,0x4a47,0x4206,0x31c5,0x29c5,0x21a4,0x29a5,0x39e6,0x5268,0x7b8b,0xa50f,0xad2f,0x840b,
0x948e,0x844c,0x6369,0x42a7,0x4246,0x6b6a,0x5b6b,0x53ee,0x5bee,0x5c0f,0x642f,0x6c91,0x6c91,0x430b,0x4b0a,0x3a68,0x4b0a,0x5b6b,0x536b,0x6c2e,0x5bcd,0x7cb0,0x8d12,0x7c90,
0x746f,0x7cb0,0x9db4,0x9d94,0x7c6f,0x63ed,0x9d93,0x9552,0x9572,0xae15,0xb655,0xae55,0xb696,0xbe76,0xbe76,0xb635,0xadf4,0xa592,0xa5b3,0xb634,0xced6,0xdf78,0xe7b9,0xe798,
0xd6f7,0xbe34,0xdf38,0xbe76,0xc656,0x9cf1,0x636b,0xdf5a,0xd718,0xd738,0xd758,0xdf59,0xdf59,0xd739,0xbe96,0xd719,0x7c2d,0x9d31,0xadd4,0x9d52,0x94f1,0x84b0,0x9d52,0x9d92,
0x9531,0xae14,0xa5d3,0xb614,0xa5b3,0x744d,0x63cb,0x6c0c,0x4ac8,0x84ae,0x6c4c,0x744c,0x6c4c,0x5baa,0x538a,0x5349,0x5349,0x42e7,0x4b08,0x4b08,0x42e8,0x4b08,0x536a,0x4b2a,
0x3aa8,0x3a88,0x3a88,0x4b2b,0x8d94,0x7cf1,0x63ee,0x536c,0x5bac,0x63ee,0x5bad,0x5bad,0x430a,0x42ea,0x5b8d,0x5bad,0x4b4c,0x74d1,0x6cb1,0x6cb1,0x6c91,0x6cb1,0x6c91,0x7d13,
0x6430,0x4b4c,0x53ad,0x3248,0x3a69,0x63ce,0x42aa,0x3a69,0x640f,0x432c,0x4b6c,0x2a48,0x1965,0x2164,0x1904,0x10e3,0x08c2,0x2164,0x3227,0x21a5,0x3246,0x3226,0x2184,0x10e2,
0x1103,0x2164,0x1922,0x1942,0x10e2,0x08c1,0x1103,0x1923,0x08c1,0x10e1,0x1922,0x1101,0x1942,0x2163,0x1102,0x08c2,0x10c2,0x3a07,0x3a07,0x18c2,0x0841,0x0041,0x08a2,0x10e3,
0x08c2,0x08a2,0x1944,0x0881,0x0881,0x08a1,0x0060,0x1943,0x1923,0x08a1,0x10e2,0x10e2,0x10e2,0x1923,0x08e2,0x08a1,0x08c2,0x1103,0x1123,0x1923,0x08c2,0x08c2,0x08c2,0x08c2,
0x08e2,0x08e2,0x08e2,0x1985,0x29e6,0x2185,0x1924,0x1944,0x2185,0x21a5,0x29e6,0x29e7,0x29a6,0x1103,0x2965,0x2145,0x18e3,0x29a5,0x4aa8,0x4266,0x2982,0x3a25,0x3a04,0x8c6a,
0xb56d,0xa4ec,0x4a66,0x31e5,0x5b08,0x5b46,0x8ced,0x29c3,0x29a5,0x2185,0x2164,0x2183,0x39e5,0x4206,0x4206,0x2983,0x3a05,0x4246,0x4a26,0x5a67,0x5265,0x83ca,0x6b27,0x9cad,
0xef17,0x7bca,0x6b89,0x94d0,0x4225,0x5ae9,0x532b,0x434d,0x5bef,0x53ce,0x53ce,0x642f,0x6cb1,0x5c0f,0x4b6c,0x63cd,0x532b,0x5b6c,0x5bac,0x5bac,0x7cb0,0x8d32,0x84d1,0x7c90,
0x84d1,0x84d1,0x8d32,0x9573,0x5b6b,0x8d31,0x9572,0x9552,0x9d93,0xa5f4,0xb676,0xae35,0xb676,0xbe96,0xc6d7,0xc6d7,0x9d92,0x9d52,0xa572,0xadd3,0xb634,0xcef7,0xe7b9,0xe7b9,
0xdf37,0xe779,0xc696,0xb635,0xceb8,0xce78,0x636c,0xd739,0xcef8,0xc6d6,0xced7,0xdf79,0xd739,0xced7,0xbe76,0xd6f8,0x846e,0x94f0,0xc676,0xadf4,0xadb4,0x9511,0x84af,0x8d10,
0x9552,0xa5d3,0xa5f4,0x9d92,0xae35,0x84cf,0x5b6a,0x848e,0x52c9,0x7c8e,0x84ee,0x746d,0x63ca,0x63eb,0x5baa,0x536a,0x536a,0x4b08,0x4b08,0x4b08,0x42e8,0x3aa7,0x3a67,0x4b2a,
0x6c0d,0x3267,0x3aa8,0x642f,0x8d94,0x7cf2,0x744f,0x63cd,0x6c0e,0x7470,0x6c0e,0x5bad,0x4b2b,0x42c9,0x4b2b,0x536c,0x5bee,0x8553,0x6cb1,0x6cb1,0x6cb1,0x6c91,0x7cf2,0x5c0f,
0x4b6c,0x4b6c,0x4b8c,0x53ad,0x21e6,0x4b4b,0x63ee,0x3248,0x4b2b,0x5bae,0x4b6c,0x2a07,0x2a07,0x3207,0x2185,0x2185,0x1944,0x2a06,0x29e6,0x3246,0x3246,0x21a4,0x2164,0x10e2,
0x08a1,0x1943,0x31e6,0x1922,0x10e2,0x1102,0x10e2,0x1943,0x1923,0x08c0,0x1942,0x1942,0x1942,0x2143,0x1923,0x10e2,0x2145,0x2144,0x31a6,0x2124,0x0861,0x0021,0x08a3,0x10e3,
0x08a2,0x0081,0x10c2,0x1923,0x0081,0x0060,0x1944,0x1923,0x08a1,0x10e2,0x08c1,0x08c1,0x08e2,0x10e2,0x08c2,0x08c2,0x08e2,0x1103,0x08c2,0x1103,0x2185,0x08e2,0x08a1,0x08c2,
0x08a2,0x1103,0x10e3,0x29c6,0x1964,0x1964,0x1144,0x1103,0x21a5,0x1964,0x2a07,0x29c6,0x29a6,0x31c6,0x2145,0x3186,0x2124,0x2144,0x52a9,0x31e5,0x2963,0x4246,0x5b28,0xad8f,
0x9449,0xb54e,0x5287,0x29a5,0x4a87,0x3a43,0x5b68,0x6bab,0x1922,0x29a6,0x29a6,0x2185,0x31e5,0x39e5,0x4a67,0x39c4,0x4a06,0x5267,0x6b09,0x838a,0x942c,0x9c6b,0xc5f1,0xe6b5,
0xd633,0x5aa6,0x94af,0x6bac,0x4226,0x5ae9,0x63ad,0x5c10,0x53ce,0x53ad,0x6450,0x8554,0x7d33,0x8574,0x8db5,0x6c4f,0x4b2a,0x536c,0x534b,0x5b8c,0x5bac,0x536b,0x5b8c,0x4b2a,
0x5b8c,0x5bac,0x63cd,0x63cd,0x7cb0,0x9d73,0x9572,0x9552,0x8d31,0xa5d4,0xb676,0x9db3,0xa5f4,0xae35,0xb635,0xc6b7,0x9d93,0x9531,0x9d52,0x9d72,0xa5b2,0xbe54,0xcef7,0xe7b9,
0xe7b9,0xe7b9,0xc6b6,0xb655,0xced8,0xbe36,0x5b2b,0xd739,0xc697,0xd718,0xced7,0xc6b7,0xc6b7,0xc697,0xbe76,0xd719,0x844e,0x94f0,0xd719,0xadf4,0xadf4,0x9531,0x9d72,0xa593,
0x84d0,0x8cf0,0x9552,0xb655,0x9d92,0x9572,0x6c2d,0x6bcb,0x4a88,0x7c6d,0x84ee,0x748d,0x63ca,0x5bca,0x5389,0x5369,0x5329,0x5349,0x42c8,0x42e8,0x42a8,0x42a8,0x3aa8,0x3267,
0x9dd4,0x7490,0x32a9,0x8533,0x7d12,0x7490,0x536c,0x42ea,0x42ea,0x42c9,0x42a9,0x3a88,0x3247,0x3a68,0x4b0a,0x4b2b,0x53ad,0x7d33,0x6cb1,0x6491,0x6c91,0x74d2,0x7d13,0x5c0f,
0x538d,0x436c,0x436b,0x53ac,0x432a,0x19c5,0x5bac,0x534c,0x3269,0x5bad,0x63ce,0x3a88,0x42a9,0x3207,0x2164,0x2185,0x21a5,0x21a5,0x2a26,0x3a87,0x21e4,0x1983,0x2144,0x10e3,
0x08a2,0x1923,0x29c5,0x2184,0x08c1,0x1102,0x10e2,0x10e2,0x1102,0x2163,0x1102,0x2183,0x1943,0x1923,0x10c2,0x2124,0x0881,0x10e3,0x10c3,0x2124,0x10a3,0x0021,0x0882,0x08c3,
0x10e2,0x08a2,0x08a2,0x10e2,0x1103,0x1944,0x1103,0x08a1,0x10e2,0x08c2,0x08c2,0x08c1,0x08c2,0x08c2,0x08c2,0x08a2,0x10e3,0x08c2,0x08a2,0x08a2,0x2144,0x2185,0x08a1,0x0081,
0x08c2,0x1944,0x29a5,0x1123,0x0903,0x2185,0x1985,0x1123,0x2164,0x2185,0x21a5,0x4269,0x2165,0x2986,0x31a6,0x3186,0x2945,0x2124,0x4207,0x31a4,0x2943,0x2942,0x6349,0x7368,
0x944a,0xc5d1,0x52a8,0x2165,0x4a67,0x3204,0x4ae8,0x52e9,0x1923,0x2985,0x2185,0x29c6,0x2184,0x2984,0x4a27,0x5aa8,0x5247,0x62e9,0x7b6a,0x8beb,0x942b,0x9cac,0xbd8f,0xce12,
0xc5d2,0x39e4,0x6bcc,0x3206,0x3a06,0x5ae9,0x63cd,0x53ce,0x5bee,0x5bee,0x74f2,0x7d13,0x7513,0x7533,0x8db5,0x6c6f,0x536c,0x4b2a,0x42ea,0x63cd,0x63cd,0x63ed,0x744f,0x63ac,
0x6bed,0x744f,0x84d1,0x6c2e,0x8d11,0x8d52,0x9552,0x9572,0x8d51,0x9dd3,0xae35,0x9572,0xae15,0xadf4,0xae15,0xadf4,0xa5b3,0xb615,0x94f0,0x94f0,0x9d71,0xb5f3,0xbe75,0xd717,
0xe7b9,0xd717,0xdf99,0xc6d6,0xc6b7,0xc676,0x8cb0,0xb615,0xbe76,0xc6b7,0xced7,0xdf5a,0xd6f9,0xd719,0xdf3a,0xdf5a,0x848f,0x94f0,0xc6d7,0xae14,0x9d72,0x8cf0,0xadf4,0xcef9,
0x9d73,0x7c90,0x7c8f,0x84f0,0x9572,0xa5d3,0x9d93,0x94f1,0x5ae9,0x9530,0x9570,0xa613,0x9550,0x5bca,0x5369,0x4b28,0x536a,0x4b29,0x5329,0x4ae9,0x4b09,0x3aa8,0x3a87,0x3267,
0x8d53,0x8553,0x74b1,0x74d1,0x7cd2,0x7cd1,0x538c,0x3ac9,0x42ea,0x4aea,0x4aea,0x4b0a,0x3a68,0x3227,0x3a89,0x4b2b,0x6c90,0x6cd1,0x6cd1,0x6cb1,0x74f2,0x7d13,0x7d13,0x74d2,
0x5c0f,0x434b,0x5c2e,0x5c0e,0x5c0e,0x4b6c,0x21e6,0x63ee,0x63ce,0x42a9,0x2a07,0x3a68,0x3a89,0x29c5,0x29e6,0x2185,0x21c5,0x3206,0x3246,0x3266,0x19c3,0x29c5,0x1103,0x1944,
0x1103,0x1943,0x1943,0x1943,0x1943,0x1923,0x1943,0x1122,0x1942,0x2163,0x08c1,0x2163,0x1902,0x31a5,0x2985,0x10a2,0x1904,0x10c3,0x0882,0x0862,0x2125,0x0882,0x0062,0x10c3,
0x1103,0x1103,0x00a1,0x0081,0x2165,0x2185,0x08c2,0x08a1,0x08a1,0x08a1,0x08c2,0x08e2,0x1103,0x10e3,0x08c2,0x08a2,0x10e3,0x08c2,0x0081,0x1103,0x10e3,0x1103,0x1944,0x08c2,
0x1923,0x3a07,0x2165,0x08c2,0x1103,0x19a5,0x21c5,0x1123,0x1944,0x21a5,0x1944,0x29a6,0x2985,0x2124,0x31a6,0x39c7,0x2945,0x2945,0x4a69,0x4207,0x2964,0x52c9,0x5ae8,0x5265,
0xa4ac,0xc5d2,0x52a9,0x1924,0x52a8,0x4268,0x29c6,0x31e6,0x2143,0x2143,0x29a5,0x21a5,0x1984,0x29c5,0x2943,0x5aa9,0x4a06,0x41c4,0x5266,0x7369,0x8c0a,0xb56f,0xa4ed,0xd694,
0xbdb2,0x3a05,0x29e6,0x3247,0x3a47,0x5b09,0x63ad,0x53ce,0x53ce,0x6450,0x7d13,0x74f2,0x7554,0x6d33,0x85b5,0x74b0,0x432b,0x4b2b,0x42ea,0x6c2f,0x6c0f,0x534b,0x4b0a,0x5bac,
0x6bed,0x7c90,0x7cb0,0x7cb0,0x8511,0x8d32,0x8511,0x9572,0x9572,0x8d51,0x9572,0xa5f4,0xa5d4,0xa5d3,0xadf4,0xa5d4,0xae15,0xdf5a,0xd719,0xadb3,0x9510,0xadb2,0xc675,0xc6b6,
0xd737,0xe7b9,0xdf78,0xd758,0xcef6,0xd717,0xa572,0x7c6f,0xd718,0xbe76,0xc696,0xc697,0xd719,0xe77b,0xf7fd,0xdf19,0x7c2d,0x9511,0xc6b6,0xae13,0x9d72,0x9531,0x8d11,0xa5b3,
0x9552,0x9532,0xae15,0x9db3,0xa615,0xae35,0xae15,0xceb8,0x632b,0x7c4d,0x84ed,0x9590,0x9dd2,0x63ca,0x5389,0x4b28,0x5349,0x4b29,0x4b09,0x42c8,0x532a,0x42a8,0x42c8,0x3a67,
0x7cf1,0x8553,0x7d53,0x74d2,0x74d2,0x8512,0x74b0,0x4b2b,0x5bad,0x63ad,0x63ad,0x5b4b,0x4aca,0x42a9,0x3a89,0x536c,0x8533,0x6cb1,0x6cf2,0x7d33,0x8554,0x6c91,0x53ee,0x4b6c,
0x432b,0x5c0f,0x7512,0x74d1,0x6c70,0x6450,0x3b0b,0x3aca,0x5b6c,0x3227,0x2a07,0x2a27,0x4aea,0x3207,0x29a5,0x2185,0x3206,0x21a5,0x3a87,0x21c4,0x1983,0x1943,0x08c2,0x2185,
0x10e3,0x1923,0x1922,0x1122,0x2184,0x2163,0x2184,0x2183,0x1942,0x1942,0x1922,0x1943,0x2164,0x2984,0x10c2,0x18e3,0x2966,0x10c3,0x10a3,0x0862,0x1083,0x10c3,0x10e4,0x08c3,
0x10e3,0x1924,0x0081,0x1944,0x1103,0x00a1,0x1964,0x1103,0x08a1,0x08a1,0x08c2,0x10e2,0x1103,0x08e2,0x08c2,0x10e3,0x08a2,0x08a2,0x10c3,0x10e3,0x08a2,0x0081,0x1944,0x2185,
0x31c7,0x2185,0x1103,0x10e3,0x1103,0x1964,0x1985,0x1964,0x1944,0x2165,0x2165,0x2165,0x2965,0x2965,0x2945,0x39e7,0x31a6,0x2945,0x632b,0x4a48,0x39c5,0x5ae9,0x5aa8,0x5225,
0xa4ad,0xc5b2,0x4a68,0x1945,0x4268,0x3248,0x21c7,0x29c6,0x3a28,0x29a5,0x2164,0x29e6,0x2164,0x31e6,0x39e6,0x3184,0x62c9,0x62c8,0x5a87,0x5aa7,0x7347,0x8c09,0xc5d0,0xdeb5,
0x5225,0x39e5,0x3a68,0x3227,0x3a27,0x5b09,0x5b4b,0x5bce,0x5bef,0x7d33,0x7d13,0x7513,0x74f2,0x7d54,0x8d95,0x5bcd,0x4b6c,0x4b4b,0x42ea,0x6c2f,0x6c0f,0x6c0e,0x5b8c,0x744f,
0x6c0e,0x744f,0x7cb0,0x8d32,0x84d1,0x84f1,0x8531,0xa5f4,0x9dd4,0xae35,0x9db3,0xae35,0xa5d3,0x9d72,0xd73a,0xd6f9,0xbe77,0xefbc,0xc6b7,0xb5f4,0x8cf0,0x9d51,0xadf3,0xc695,
0xd717,0xdf98,0xdf78,0xd757,0xcf16,0xd717,0xadd3,0x846f,0xd6f9,0xbe56,0xc676,0xc676,0xdf5a,0xefdc,0xe77b,0xceb8,0x73cc,0xa572,0xc6d7,0xae34,0x9d52,0x84af,0x8cd0,0xc6d8,
0xdf5b,0xa5d5,0xadf5,0xa615,0x9db3,0x8d32,0x9552,0xad94,0x52ca,0x742d,0x9db1,0x744c,0x63ea,0x640b,0x5b89,0x5b89,0x4b08,0x4b29,0x4ae8,0x42a8,0x42a8,0x4288,0x3a68,0x3a88,
0x8d74,0x7d12,0x74d2,0x8533,0x7cf2,0x7cf2,0x7cd1,0x4b4b,0x63ee,0x42c9,0x534b,0x5b4b,0x42ea,0x3a88,0x534b,0x538d,0x6c90,0x74f2,0x74f2,0x7d13,0x7cf3,0x6430,0x432c,0x538e,
0x536e,0x53ce,0x6cd2,0x74d2,0x6470,0x6450,0x5bee,0x432b,0x6bee,0x530b,0x42a9,0x2a06,0x3207,0x3227,0x29a5,0x3207,0x29a5,0x4288,0x3a67,0x1963,0x2184,0x1963,0x1964,0x10e2,
0x08c2,0x1942,0x10e1,0x29a4,0x1921,0x2163,0x3a26,0x1943,0x29c4,0x1963,0x1943,0x29a4,0x3a27,0x10c2,0x0061,0x10e3,0x10a2,0x0882,0x1083,0x0862,0x10a3,0x0841,0x1904,0x1925,
0x08c2,0x1924,0x2185,0x1103,0x00a1,0x00a1,0x08e2,0x2165,0x08c2,0x08c2,0x08a1,0x08c2,0x08e2,0x08c2,0x10e3,0x08c3,0x08a3,0x08a3,0x08a2,0x0881,0x08a2,0x10e3,0x0882,0x2186,
0x31e7,0x2166,0x2165,0x08e3,0x1124,0x1965,0x1964,0x2185,0x1944,0x2165,0x2945,0x2965,0x2945,0x2945,0x3185,0x31a6,0x39e7,0x31c6,0x5aca,0x5289,0x4206,0x5a88,0x4a26,0x5a87,
0xacee,0xcdd2,0x4a47,0x2186,0x21c6,0x430b,0x3aaa,0x21a6,0x3a49,0x29a6,0x2185,0x3206,0x2164,0x2985,0x4206,0x31a4,0x5ac8,0x5a87,0x5a87,0x7328,0x944b,0xb54d,0xf756,0x9c6c,
0x6287,0x5aea,0x21c5,0x3a68,0x3a27,0x634b,0x4a88,0x5b8d,0x6450,0x6cb1,0x6c91,0x7cf2,0x8574,0x8574,0x8d95,0x42eb,0x4b0b,0x536c,0x42ea,0x6c4f,0x6c2e,0x534b,0x4b0a,0x63cd,
0x6c4f,0x746f,0x7cb0,0x8511,0x7cd0,0x7cf1,0x8511,0xae76,0x9593,0xb656,0xa5d3,0xa5d3,0xa5d3,0x9531,0xcef9,0xcef9,0xbe77,0xf7fd,0xadb4,0xbe56,0x9d31,0x9530,0xa5b2,0xbe74,
0xcef6,0xd758,0xd758,0xd758,0xcf17,0xcef6,0xe79a,0x73ed,0x6b8b,0xd6d8,0xbe56,0xceb7,0xefdc,0xf7fc,0xefbc,0xc676,0x636b,0xa593,0xbe96,0xb655,0xadf4,0x84af,0xa5d4,0xf7fe,
0xdf7b,0xa5d5,0xdf7b,0xc6d8,0x9573,0x9552,0x8cf1,0xa573,0x5aea,0x6bed,0x84cf,0x7cce,0x6c2b,0x746c,0x63ca,0x640b,0x63cb,0x4b09,0x42c8,0x42c8,0x42a8,0x4287,0x3a67,0x4b0a,
0x8553,0x74f2,0x7cf3,0x74b2,0x7512,0x8553,0x7cd1,0x4b2a,0x534b,0x63ad,0x63cd,0x63cc,0x42e9,0x3aa9,0x4b4b,0x4b8c,0x6c70,0x8574,0x8554,0x6c71,0x6c70,0x53ad,0x53ad,0x5bae,
0x536d,0x6450,0x6cb1,0x6c91,0x6c90,0x7cf2,0x6c2f,0x3247,0x638c,0x4268,0x31e6,0x2185,0x29c6,0x29e6,0x4aca,0x31e6,0x1964,0x3206,0x2184,0x2164,0x2164,0x2184,0x2185,0x1104,
0x1102,0x1921,0x2163,0x1943,0x29c2,0x29a3,0x3206,0x3205,0x1942,0x2184,0x29e6,0x29e5,0x2184,0x08c2,0x0881,0x08a2,0x08a2,0x0882,0x0882,0x0882,0x10a3,0x0841,0x0882,0x2105,
0x08c2,0x2185,0x1944,0x00a1,0x08c2,0x08c2,0x10e3,0x10e2,0x2185,0x08c2,0x08c2,0x08c2,0x08e2,0x1103,0x08c2,0x08a2,0x08c3,0x08a2,0x0081,0x0881,0x10e3,0x1103,0x2186,0x10e3,
0x2186,0x3207,0x2185,0x1124,0x1964,0x1103,0x1123,0x1944,0x2185,0x2165,0x2945,0x2945,0x2965,0x2965,0x2985,0x39c6,0x2965,0x31a5,0x632b,0x4a48,0x31a4,0x5aa9,0x4a46,0x6b08,
0xacad,0xc5d2,0x52c9,0x1965,0x29e6,0x3aca,0x534d,0x3249,0x29a7,0x29a6,0x3227,0x29e6,0x31e6,0x2964,0x39e6,0x52a8,0x3184,0x5a87,0x6b28,0x7367,0x946b,0xbd90,0x9c6d,0x3962,
0x7b4b,0x8c6f,0x21c6,0x3248,0x3207,0x634b,0x4247,0x3a89,0x5bef,0x5c0f,0x53ce,0x6470,0x74b1,0x74f2,0x6c71,0x42eb,0x42ea,0x4b2b,0x4b2b,0x6c4f,0x63ee,0x534b,0x5b8c,0x5b6c,
0x63cd,0x6c2e,0x7cb0,0x84f1,0x7cb0,0xa615,0x74b0,0x9df4,0xa5f5,0x8d31,0xc697,0xae35,0x8cf0,0x9d93,0xd75a,0xced9,0xbe77,0xefbd,0xbe56,0xbe36,0x84af,0x9531,0xa592,0xb654,
0xced6,0xd717,0xcef7,0xcf17,0xd717,0xd717,0xcef7,0xbe56,0x4aa7,0x7c4e,0xc697,0xd719,0xf7fc,0xf7fd,0xfffe,0xb5d4,0x740d,0xbe55,0xbe55,0xae34,0xadf4,0x9511,0x84d0,0xbe57,
0xadd5,0xcf19,0xdf7b,0xcf3a,0xb697,0x9573,0x8cf1,0x9d52,0x4a89,0x740d,0x640c,0x5369,0x640b,0x746d,0x6c4c,0x5baa,0x5349,0x4b09,0x42c8,0x4b09,0x534a,0x4288,0x5b2b,0x42ea,
0x7d33,0x74f2,0x7cf3,0x74b2,0x6cd1,0x7d32,0x7cd1,0x5bac,0x6bee,0x6bee,0x63ac,0x63ed,0x42c9,0x3288,0x7470,0x5bee,0x6c50,0x6410,0x5bef,0x5bed,0x5bee,0x640e,0x5bac,0x5bac,
0x5bcc,0x4b6b,0x644f,0x434b,0x63ed,0x538c,0x42e9,0x3aa8,0x532a,0x3206,0x31e5,0x29c5,0x29e6,0x3207,0x31e6,0x31e6,0x2184,0x1944,0x1944,0x1944,0x29a5,0x1965,0x1966,0x1946,
0x1103,0x1122,0x29c5,0x10e2,0x4265,0x3a25,0x1102,0x4aa8,0x3204,0x2182,0x3205,0x2164,0x2184,0x08a1,0x08a2,0x0882,0x0882,0x0862,0x0882,0x10a3,0x0882,0x0041,0x0041,0x10c3,
0x1964,0x1103,0x0081,0x08c2,0x08c2,0x08c2,0x10e2,0x10e3,0x08c2,0x1923,0x1103,0x08e2,0x08c2,0x08c2,0x08c2,0x10e3,0x08a2,0x0882,0x0882,0x10c2,0x08c2,0x29c6,0x2185,0x1103,
0x2165,0x29a6,0x3207,0x1924,0x1924,0x1924,0x1944,0x1103,0x29a6,0x2145,0x2945,0x2945,0x2965,0x3185,0x31a6,0x3a07,0x2985,0x31a5,0x5aca,0x5288,0x3184,0x4a26,0x5a88,0x62e8,
0x8be9,0xb50f,0x52a9,0x1945,0x29e6,0x3268,0x4b2c,0x4b0c,0x29e7,0x2186,0x29c5,0x29e6,0x3a27,0x29a5,0x4227,0x4a67,0x4a67,0x39a4,0x62a7,0x7b68,0x7b89,0x62a7,0x3982,0x7328,
0xbd91,0x634a,0x3227,0x3a89,0x31e6,0x634b,0x4247,0x3a69,0x4b6d,0x6430,0x642f,0x6450,0x5c0f,0x6c50,0x430b,0x4b0b,0x4b2b,0x4b0b,0x430a,0x7470,0x640e,0x63ee,0x63ad,0x5b8c,
0x640e,0x6c2e,0x7cd0,0x7cb0,0x7cd1,0x8512,0x7cf1,0x8531,0x8511,0x9552,0xb636,0xae36,0xbe97,0xbe77,0xffff,0xcef9,0xb615,0xf7fe,0xb615,0x9d52,0x8cd0,0x8cf0,0x9d92,0xadf3,
0xbe54,0xcf17,0xcef7,0xc695,0xced6,0xcef7,0xc6b6,0xceb7,0xc676,0x740d,0xb615,0xdf39,0xefdc,0xdf3a,0xe77b,0x9d52,0x7c4e,0xf7fc,0xb615,0xb635,0xadd4,0x9511,0xa5d4,0xd73a,
0xb636,0xbeb8,0xae15,0xd79b,0x9dd4,0x9dd4,0x9d93,0x8cf1,0x4a68,0x740e,0x84d0,0x6c2d,0x5bca,0x6c2c,0x746d,0x538a,0x4b29,0x4b09,0x42a7,0x4ae9,0x532a,0x52e9,0x42a8,0x42c9,
0x8553,0x74f2,0x7cd2,0x74b1,0x6cd1,0x74f1,0x8d53,0x6c2f,0x5b8c,0x638d,0x5b8c,0x5b8c,0x42ea,0x3aa9,0x538d,0x5bae,0x538d,0x536e,0x4b4c,0x538c,0x4b4b,0x4b4b,0x5bac,0x5bac,
0x4b29,0x3246,0x42e8,0x42c8,0x4b29,0x42a8,0x3226,0x3a67,0x3a46,0x3206,0x29e5,0x3206,0x3226,0x3206,0x21a5,0x29e6,0x29c6,0x2185,0x1944,0x1923,0x2164,0x2185,0x1966,0x1965,
0x1963,0x3a45,0x29c4,0x1922,0x3a65,0x29c5,0x1943,0x3a46,0x740b,0x42c6,0x21a3,0x3206,0x29a5,0x0081,0x08c2,0x08a2,0x08a3,0x0862,0x0882,0x1083,0x0862,0x0041,0x0041,0x10a3,
0x1123,0x00a1,0x08e2,0x08c2,0x10e3,0x1103,0x10e3,0x10e3,0x10e2,0x10e2,0x1923,0x10e2,0x08a1,0x08c2,0x1103,0x08c3,0x0882,0x08c3,0x10c3,0x10e3,0x31e6,0x29c6,0x1944,0x29a6,
0x2985,0x2165,0x31e7,0x31c6,0x1924,0x2145,0x2165,0x2145,0x2165,0x2145,0x2945,0x2965,0x2965,0x31a5,0x4207,0x4227,0x31e6,0x31a5,0x4247,0x39e6,0x41e5,0x5ac8,0x5ac8,0x6b09,
0xa4ac,0xd633,0x4a88,0x1965,0x21e6,0x21e6,0x4b4c,0x4b4c,0x42cb,0x21a6,0x2185,0x2184,0x3a27,0x4aa9,0x31c5,0x4206,0x4a46,0x5266,0x41e5,0x3102,0x3122,0x62a7,0x83ca,0xc5b0,
0xa4cb,0x73ec,0x21a6,0x3a89,0x3a27,0x6b6b,0x4247,0x3a89,0x3a89,0x7491,0x6c91,0x5c2f,0x6c91,0x5bae,0x3a89,0x4b0b,0x4b0b,0x4b2b,0x42ea,0x63ee,0x7cb1,0x63ee,0x534b,0x5b8c,
0x7490,0x7cb0,0x8511,0x748f,0x7cd1,0x84f1,0x8511,0x8d52,0xae15,0xae15,0xe7dd,0xc6b8,0xbe77,0xd73a,0xefdd,0x9d73,0xc677,0xbe36,0xadd5,0xd71a,0x9531,0x8ccf,0x9d51,0xa5d3,
0xae13,0xbe75,0xdf79,0xc6d6,0xb634,0xc695,0xcef7,0xbe55,0xc6b7,0xa572,0x63ab,0xc697,0xc697,0xadd4,0xc677,0xa573,0x7c4e,0xcef8,0xadf4,0xbe55,0xadd4,0x9511,0xae15,0xdf9b,
0xcf1a,0xc6f9,0xcf3a,0xd77b,0x9db4,0x9db4,0xbeb8,0x9d32,0x4aa9,0x8cd1,0x8d31,0x84f0,0x538a,0x536a,0x5bcb,0x5b8a,0x534a,0x4b09,0x4ae9,0x532a,0x6bed,0x5b2a,0x3a67,0x42c9,
0x8553,0x74d2,0x74b2,0x7491,0x74b1,0x74f1,0x84f2,0x5bac,0x5b8c,0x6bee,0x5b6c,0x534b,0x4b0a,0x3a88,0x63cd,0x63cd,0x4b0a,0x4b2b,0x536c,0x4b4c,0x536c,0x5b8d,0x536c,0x42c8,
0x4b08,0x5329,0x4ae8,0x5349,0x42a7,0x3a86,0x4ae8,0x42a7,0x3a67,0x3226,0x29c5,0x3a26,0x3a27,0x3a47,0x3227,0x29c6,0x21a5,0x31e6,0x1944,0x1924,0x1964,0x2185,0x21a5,0x1943,
0x3a65,0x5b88,0x1961,0x2163,0x3245,0x29e5,0x2185,0x29c5,0x638a,0x6bea,0x31e4,0x29c5,0x2185,0x08a1,0x0882,0x0882,0x0882,0x0882,0x0882,0x0862,0x0041,0x0041,0x0862,0x1083,
0x1944,0x1103,0x10e3,0x08e2,0x08e2,0x1103,0x08c2,0x08a1,0x10e2,0x1944,0x1923,0x1944,0x10e3,0x08c2,0x08c2,0x08a2,0x10c3,0x08a2,0x08a2,0x31c6,0x3207,0x29a6,0x2164,0x29c6,
0x29c6,0x29c6,0x2985,0x2986,0x3a08,0x29a6,0x39e7,0x2144,0x2144,0x2124,0x2945,0x3185,0x4228,0x4248,0x4a48,0x39e6,0x29a5,0x29a5,0x632b,0x4206,0x41e5,0x6309,0x5a88,0x6b29,
0xbd2f,0xb52f,0x4a88,0x1945,0x29e6,0x21e6,0x4b2c,0x430b,0x4b4d,0x3a89,0x1123,0x29e6,0x3207,0x4a89,0x31e6,0x39e5,0x4a66,0x5287,0x41e5,0x6287,0x7329,0x6ae6,0xad0e,0xce11,
0x942a,0x73cc,0x21a5,0x3228,0x4268,0x6b6b,0x3a27,0x3a49,0x42cb,0x5bce,0x74d2,0x8533,0x74b2,0x42eb,0x42aa,0x4b2b,0x4b0b,0x4b2b,0x42ea,0x5bad,0x7470,0x5bac,0x42ea,0x4b0a,
0x744f,0x84d1,0x8d52,0x748f,0x6c4f,0x95b4,0x8512,0x8532,0xd77b,0xc6d9,0xa5d5,0xcf1a,0x9d94,0xced9,0xadf5,0xadd5,0xced8,0xa594,0xe77b,0xd71a,0x8cd0,0x8ccf,0x9510,0xa5d3,
0xadf3,0xb634,0xc696,0xc696,0xbe75,0xc695,0xc6d6,0xc696,0xbe55,0xbe55,0x7c4e,0x9d52,0xceb8,0xc677,0xbe15,0x846e,0xae14,0xa5b3,0xa5b3,0xa593,0x9d52,0x8cd0,0xadd4,0xdf9b,
0xcf5a,0xcf7b,0xc739,0xcf5a,0x9df4,0xae35,0xb656,0xa5b4,0x4a88,0x9512,0x84f1,0x8d31,0x5bab,0x5b8a,0x534a,0x5bac,0x4b29,0x5b6a,0x6bec,0x742e,0x6c0d,0x5b6b,0x4aa8,0x4aea,
0x8533,0x74b2,0x7491,0x7491,0x74b1,0x7cf2,0x7cf1,0x5b8c,0x63cd,0x6bce,0x534b,0x536b,0x42a8,0x63ed,0x744e,0x63cb,0x84ef,0x7cae,0x748d,0x746d,0x4b2a,0x534b,0x42c9,0x4b09,
0x4b28,0x5369,0x42a6,0x3a86,0x3a86,0x3a86,0x3245,0x3225,0x29e5,0x29c5,0x31e6,0x29a5,0x1943,0x31e6,0x2185,0x2165,0x2185,0x29c6,0x29a6,0x1904,0x2185,0x1964,0x2184,0x1943,
0x4286,0x5b48,0x1942,0x2144,0x3245,0x29c5,0x29a6,0x3a07,0x29a3,0x7c2d,0x3a46,0x3207,0x2185,0x08a2,0x0882,0x08a3,0x0883,0x0862,0x0882,0x0862,0x0021,0x0842,0x0862,0x0862,
0x1964,0x21a5,0x1123,0x1103,0x1103,0x08c2,0x1964,0x1923,0x08a1,0x1103,0x1103,0x1103,0x1944,0x1944,0x1924,0x10e3,0x10c3,0x08a2,0x31c7,0x3a07,0x29a5,0x29a5,0x29c6,0x31e6,
0x31c6,0x2985,0x4248,0x52cb,0x39e7,0x4249,0x4228,0x3a08,0x2144,0x2124,0x2124,0x3185,0x4207,0x39e6,0x4a48,0x31c5,0x1903,0x2984,0x4a88,0x4206,0x2963,0x6b4a,0x62e9,0x6b08,
0xb52f,0xa4ad,0x4a47,0x1944,0x21c6,0x21c6,0x3a8a,0x4b2c,0x4b4c,0x42ea,0x1964,0x3a48,0x29c5,0x1943,0x4ac9,0x3a06,0x39e5,0x5287,0x738a,0x9c6d,0x9cac,0xce10,0xde93,0x8beb,
0x9c4e,0x3a06,0x3227,0x2a27,0x3206,0x6b6b,0x3a47,0x3a69,0x42aa,0x42ca,0x7cd2,0x7d13,0x3aeb,0x42aa,0x42ca,0x4b0b,0x4b0b,0x4b0b,0x430a,0x5bad,0x534b,0x4b0a,0x536c,0x532b,
0x534b,0x640d,0x7cb0,0x7490,0x9574,0x7cd1,0x8512,0xae56,0xd77b,0xcf1a,0x8cf2,0x9d94,0xadf6,0x9532,0xcef9,0xf7fd,0x9532,0xc677,0xffff,0xd719,0x94f1,0x848f,0x8ccf,0x8d10,
0xa592,0xb634,0xb634,0xb654,0xb634,0xadf3,0xb634,0xcef7,0xadf3,0xa5b3,0xbe56,0x742e,0x8cf1,0x9d32,0x844e,0xa593,0xb655,0xae15,0xa592,0xa592,0x9d32,0x94f1,0x8cf1,0x9573,
0xc739,0xc719,0xb6b7,0xbef8,0xa615,0xb697,0xbeb8,0x9532,0x4a88,0x9512,0x84f1,0x9573,0xa5d4,0x6c2d,0x4b29,0x7caf,0x42c8,0x6bec,0x6bcc,0x6c0d,0x638b,0x4ac8,0x4aa8,0x42ca,
0x8533,0x74b1,0x7491,0x7491,0x6cb1,0x6cb1,0x7cf1,0x63ed,0x5b8c,0x740e,0x6bed,0x534b,0x534b,0x4b09,0x7c8e,0x63ca,0x9570,0x7c8c,0x748b,0x746a,0x63ea,0x5baa,0x5b8a,0x6c2b,
0x5b67,0x5348,0x6beb,0x5b69,0x4ae7,0x4ae8,0x3aa7,0x42a7,0x29e6,0x3a27,0x3206,0x29a5,0x29a5,0x2185,0x2185,0x29a6,0x2165,0x2185,0x1944,0x2185,0x2185,0x2185,0x1965,0x2185,
0x2184,0x2183,0x2165,0x10e5,0x3a65,0x3226,0x31c7,0x29a6,0x2984,0x31c4,0x29c5,0x3227,0x29c6,0x0882,0x08c3,0x10c3,0x0883,0x0862,0x0882,0x0041,0x0021,0x0862,0x0882,0x0862,
0x2165,0x2185,0x1924,0x10e3,0x08c2,0x1924,0x1924,0x08e2,0x08e2,0x1123,0x1103,0x10e2,0x1103,0x2145,0x2145,0x10c2,0x10c2,0x39e7,0x29a6,0x2165,0x21a5,0x21a5,0x1944,0x29a5,
0x2165,0x3207,0x4aaa,0x2966,0x31a6,0x39e7,0x4a69,0x4228,0x2124,0x2944,0x39c6,0x52a9,0x4207,0x4247,0x4227,0x31a5,0x2164,0x29a5,0x632a,0x4a67,0x31a4,0x6b4a,0x6b29,0x7348,
0xb50f,0xa4ee,0x5aa7,0x2185,0x29e7,0x21a7,0x2a08,0x4b4d,0x430c,0x430b,0x3228,0x2164,0x21a5,0x29a5,0x29a5,0x4aa8,0x5287,0x4a67,0x5ac7,0x7346,0xa4ab,0xe6b3,0x840a,0x73ec,
0x73ac,0x31e7,0x3208,0x2a06,0x2a05,0x530a,0x42aa,0x4aeb,0x3a69,0x3248,0x4b0b,0x536c,0x3a89,0x42aa,0x42ea,0x4b6c,0x4b4c,0x3aea,0x4b2b,0x4b0a,0x5b4c,0x4aea,0x4b2b,0x63cd,
0x532b,0x534a,0x63cc,0x7c90,0x9594,0xa616,0x8512,0xc6fa,0xcf5b,0xd77b,0xdfbd,0xeffe,0xdf7c,0x9d74,0xcef9,0xe79c,0x9d32,0xceb9,0xffff,0xe75b,0x9511,0x9510,0x84cf,0x8d10,
0xadd3,0xa5b2,0xadf3,0xae13,0xadd2,0xa5b2,0xadf3,0xb634,0xbe76,0xadf4,0xadf4,0xadf4,0x7c6e,0x6bcc,0xa593,0xb614,0xbe96,0xa5b3,0x9d72,0x9d72,0xa593,0x8cf1,0x8cf1,0x9553,
0xc719,0xb6b7,0xb6b7,0xbef8,0xb697,0xa656,0xbed8,0x8cd0,0x4227,0xadb5,0x7cd0,0x8d32,0x9db4,0x6c2e,0x532a,0x7c90,0x42c8,0x84d0,0x63cc,0x5bac,0x5b4b,0x3a88,0x4ac9,0x42ca,
0x8512,0x6cb1,0x74d2,0x6c91,0x6470,0x8573,0x8d53,0x5bad,0x6bee,0x6bee,0x6bed,0x63cc,0x534a,0x5b8b,0x744e,0x5369,0x84ce,0x63eb,0x7c6c,0x7cab,0x640a,0x63ca,0x6beb,0x42e7,
0x5328,0x638b,0x5b6b,0x636b,0x532a,0x4ac9,0x3a47,0x3a27,0x4289,0x3a28,0x29c6,0x29a6,0x29c6,0x29a6,0x29a6,0x2186,0x1945,0x2165,0x1924,0x1924,0x3a28,0x3207,0x1965,0x1944,
0x1964,0x2185,0x1945,0x2165,0x29c6,0x3207,0x1945,0x29c7,0x29a6,0x29c6,0x3207,0x29a6,0x3207,0x2185,0x0882,0x08a3,0x0862,0x0842,0x1082,0x0021,0x0841,0x0862,0x0882,0x0862,
0x1924,0x2145,0x1104,0x10e3,0x10e3,0x10e3,0x2186,0x1124,0x08e2,0x1124,0x1103,0x10e3,0x08c2,0x10c3,0x2125,0x10a2,0x39e7,0x31a6,0x2124,0x1924,0x21a5,0x21a5,0x1944,0x29a5,
0x29a6,0x31e6,0x29a6,0x31c6,0x2965,0x2144,0x39e7,0x4a89,0x2964,0x2123,0x39e6,0x5289,0x4a88,0x4227,0x39e5,0x4226,0x31c5,0x29a4,0x4a67,0x4246,0x3183,0x6b4a,0x5ac7,0x6b08,
0xb571,0x9cae,0x4a66,0x2144,0x21c8,0x21a7,0x2a28,0x4b4d,0x430c,0x536d,0x4aca,0x2164,0x29c5,0x29a6,0x2985,0x31c6,0x52a8,0x6b6a,0x73aa,0x946b,0x9c4a,0x83a9,0x6349,0x5b4b,
0x21a4,0x3207,0x3208,0x3227,0x2a05,0x4b2a,0x3a89,0x3a8a,0x4289,0x3248,0x3248,0x3228,0x3a69,0x42ca,0x42ea,0x642f,0x8533,0x6c90,0x5bee,0x5b8d,0x530b,0x4aea,0x4aea,0x63cd,
0x7c70,0x744f,0x8d11,0x7c6f,0x9dd5,0xae37,0x8532,0xae77,0xd77c,0xd7bc,0xd77b,0xe7bd,0xeffe,0xbe77,0xa594,0xcef9,0x8cf1,0xd6d9,0xffff,0xe75b,0x9d32,0x9511,0x9d92,0x9571,
0xa5b2,0xa5b2,0x9d71,0xa5d2,0xadf3,0xadf3,0xa5b2,0xbe76,0xd6f8,0xc697,0xadd3,0xadf4,0xd739,0xb655,0x9d92,0xadf4,0xae14,0x9531,0xa5d3,0xa5b3,0x9d72,0x9531,0x8d12,0x8d12,
0xbed8,0xbed8,0xbeb8,0xbeb8,0xbf19,0x8d72,0xbed8,0x9511,0x39c6,0xbe77,0x8d52,0x84f1,0xa636,0x7cb0,0x42e9,0x7c6f,0x532a,0x8d11,0x746e,0x63ac,0x42a8,0x42e9,0x4ae9,0x3a89,
0x8532,0x6cb1,0x6cb0,0x6cd1,0x8574,0x9e36,0x8d53,0x5bad,0x6bed,0x638c,0x63cd,0x63ed,0x4aeb,0x84b1,0x6c0d,0x63ea,0x9db0,0x746a,0x6c09,0x744b,0x4ae6,0x2a04,0x4287,0x3246,
0x3205,0x3a47,0x29c5,0x2184,0x3a47,0x29c5,0x29a5,0x3a48,0x3207,0x2185,0x2185,0x29c6,0x29a6,0x21a5,0x21a6,0x2186,0x1924,0x2165,0x1944,0x1103,0x2186,0x3207,0x21a5,0x1924,
0x1965,0x2185,0x1944,0x29c6,0x29a6,0x1924,0x2165,0x31e7,0x31e7,0x29c7,0x29a6,0x31c7,0x29a6,0x29a6,0x1904,0x0882,0x0862,0x0842,0x1082,0x0841,0x0861,0x1082,0x1082,0x0021,
0x10e3,0x1945,0x1104,0x10c3,0x08c3,0x0882,0x1104,0x1945,0x08c3,0x08c3,0x10e3,0x10c3,0x08a3,0x10a2,0x0882,0x3a28,0x31c7,0x10c3,0x2124,0x31c6,0x2165,0x21c6,0x2165,0x29c6,
0x31e6,0x2165,0x2165,0x31c6,0x2985,0x31a5,0x4207,0x52a9,0x4247,0x2964,0x3a06,0x6b6b,0x5b0a,0x39e5,0x4a87,0x4a67,0x4a87,0x4a87,0x52a8,0x4a66,0x39e4,0x6b29,0x52a7,0x5ac8,
0xa50f,0x94ce,0x52e7,0x1963,0x19a6,0x29e7,0x21c6,0x3aaa,0x53ae,0x3aaa,0x5b8d,0x3207,0x2165,0x2985,0x1924,0x2965,0x2964,0x39c5,0x4225,0x6b48,0x6b06,0x5ac6,0x5b4a,0x3a89,
0x3248,0x3208,0x2a07,0x2a06,0x3227,0x532b,0x29e7,0x3228,0x42ca,0x4289,0x3248,0x3248,0x3a89,0x42ea,0x42ea,0x5c2f,0x7d33,0x642f,0x642f,0x4b2b,0x530b,0x42c9,0x42c9,0x5b8c,
0x744f,0x8d11,0x746f,0x6c2e,0x84f1,0x74b0,0x8512,0x84f1,0xae57,0xbef9,0xd79c,0xdf9c,0xe7dd,0xeffe,0xae15,0xcef9,0x9d73,0xbe16,0xffff,0xceb8,0x94f1,0x8cd0,0x9d72,0x8cef,
0x848e,0x9510,0x9530,0x9d71,0xbe55,0xb634,0xa592,0xadd3,0xc676,0xa592,0xc696,0xa5b3,0xa572,0x9d92,0x9d72,0xa5b3,0xae14,0x9531,0xa5b3,0xadd3,0xa593,0x9d73,0x84b0,0x84d1,
0xb698,0xc719,0xb6b7,0xb6b7,0xbef8,0x7d11,0xbed8,0x84b0,0x31a5,0xbe57,0xb677,0x84f1,0x8532,0xa615,0x63cd,0x7c90,0x4b09,0x7caf,0x6bed,0x4ae9,0x4b0a,0x42a8,0x4ae9,0x3aa9,
0x6c4f,0x8553,0x8594,0xa678,0xa698,0x95d5,0x8d53,0x640e,0x6bee,0x63ac,0x63ac,0x42c9,0x4b0c,0x7cb1,0x6c2d,0x84cc,0x954d,0x8d0a,0x5ba7,0x5308,0x3225,0x21a4,0x29e5,0x29c5,
0x2184,0x29a5,0x2185,0x31e6,0x31e7,0x4269,0x4269,0x29c7,0x3a48,0x31e7,0x29a6,0x3227,0x3a48,0x3a28,0x3a48,0x31e7,0x2165,0x2165,0x1924,0x1944,0x2165,0x1965,0x29c6,0x2165,
0x1944,0x1965,0x29c6,0x29c6,0x1104,0x1945,0x29a6,0x29a6,0x29a6,0x2165,0x2165,0x2185,0x2985,0x31c6,0x2965,0x1904,0x0042,0x0862,0x10a2,0x0021,0x0841,0x0862,0x0862,0x18c3,
0x10e4,0x10e3,0x10c3,0x08c3,0x08a2,0x08a2,0x0882,0x08c3,0x10e3,0x08c3,0x08c3,0x10c3,0x10a3,0x10a2,0x31c7,0x2986,0x31c7,0x2165,0x2144,0x3a07,0x1123,0x29c6,0x1964,0x2185,
0x2164,0x3207,0x31c6,0x39e6,0x4248,0x4a68,0x4a88,0x3a06,0x4247,0x4227,0x4a88,0x634b,0x52a8,0x4a67,0x4226,0x3a05,0x3a46,0x4266,0x4aa7,0x52a7,0x31c4,0x4a86,0x5aa7,0x5ae7,
0x5b06,0x846b,0xa5b0,0x63ca,0x21a3,0x2184,0x1985,0x4b2b,0x430b,0x430b,0x4aeb,0x21a5,0x2144,0x29a6,0x3a08,0x39e7,0x4206,0x5288,0x8c4e,0x8c6d,0x62e7,0x8c6e,0x6bee,0x42eb,
0x2a08,0x3208,0x2a07,0x3a68,0x3a68,0x42c9,0x2a07,0x3228,0x3a69,0x42aa,0x3a69,0x3248,0x3aa9,0x42eb,0x3aca,0x74d1,0x6470,0x3b0a,0x4b6c,0x534c,0x532b,0x4aea,0x4b0a,0x6bee,
0x7c90,0x84f1,0x7cb0,0x63ed,0x7cd0,0x8532,0x8532,0x8532,0x95b4,0xae36,0xbed8,0xe7dc,0xd75b,0xcef9,0xefdd,0xced8,0xbe76,0x8cf1,0xc677,0xbe77,0x8cd0,0x9511,0x9d72,0x9531,
0x848f,0x8ccf,0x8cf0,0x9d71,0xadd3,0x9530,0x9d51,0x9531,0x9d72,0x9d51,0x9531,0xa592,0xa5b3,0x9d51,0x9531,0x8d10,0x9551,0xa5b3,0xa5b3,0x9d92,0xa593,0x9d52,0x8d12,0xae16,
0xcf1a,0xb697,0xae35,0xae56,0xae97,0x9e15,0xae76,0x7c6f,0x31a5,0xbe57,0xae36,0x9dd4,0x74d0,0x7cf1,0x6c0e,0x744e,0x534a,0x6c0d,0x5b8b,0x534a,0x532a,0x4b09,0x3a88,0x3a88,
0x63ee,0x9e37,0xa677,0xa698,0x8dd5,0x95d5,0x8d73,0x63cd,0x744f,0x6bcd,0x5b8c,0x7c8f,0x4b09,0x7c8e,0x84cd,0x954d,0xa5d0,0x6c08,0x6389,0x3225,0x31e5,0x4268,0x4289,0x3207,
0x29e6,0x29e6,0x29e6,0x29c6,0x29c6,0x3a69,0x3208,0x29a6,0x21a6,0x2185,0x2185,0x2185,0x21a6,0x29e7,0x29c6,0x29a6,0x29a6,0x2165,0x1924,0x1103,0x2165,0x2185,0x1964,0x29e6,
0x1944,0x29a6,0x3227,0x1965,0x1924,0x2165,0x2165,0x2165,0x2165,0x29a6,0x29a6,0x2165,0x2985,0x2944,0x1081,0x10c3,0x10c3,0x0841,0x10a2,0x0021,0x0021,0x0862,0x1904,0x10c3,
0x2165,0x1904,0x08c3,0x0882,0x0082,0x0082,0x10c3,0x08c3,0x08a2,0x08a2,0x10c3,0x08a2,0x0862,0x39c7,0x39c7,0x2165,0x2186,0x29a6,0x2985,0x4a48,0x1964,0x21c6,0x21a5,0x2164,
0x1923,0x2185,0x29a6,0x39e7,0x4227,0x39e6,0x4227,0x4227,0x3a06,0x52a9,0x5aca,0x39e6,0x39c6,0x39e6,0x31a5,0x3a06,0x3205,0x3225,0x3205,0x3a05,0x3a05,0x39e5,0x5287,0x4245,
0x52e5,0x5304,0x954d,0x6be9,0x5327,0x52e9,0x3227,0x3268,0x3289,0x53ad,0x3aa9,0x1964,0x29a5,0x3a07,0x4249,0x31c6,0x4227,0x73ac,0xc656,0xbdd3,0x94ae,0xadb3,0x5bad,0x538e,
0x2a28,0x21c6,0x3248,0x3a89,0x2a07,0x4289,0x29e6,0x3227,0x3a48,0x3248,0x42aa,0x3a89,0x3269,0x4aeb,0x3aca,0x4bad,0x53cd,0x4bac,0x4b8c,0x4b2b,0x4aea,0x532b,0x4b2b,0x6c0e,
0x5bad,0x5b8b,0x6bed,0x744f,0x74b0,0x7cf1,0x7cf0,0x7cf1,0x9593,0x9593,0x8d52,0xae36,0x8d32,0x84d0,0xa5b4,0xc6d8,0xced8,0xc697,0xa593,0x9d72,0x9d72,0x8cf0,0x9511,0x9d52,
0xa5b3,0x9531,0x7c6e,0x8cef,0x8cef,0x8cef,0x9d51,0x9d51,0x8ccf,0x8cf0,0x8cf0,0x9531,0x9d72,0x9d51,0x8cf0,0x84cf,0x8cf0,0x9d92,0xa5d3,0x9551,0x9d72,0x9531,0xadf5,0xeffe,
0xbeb8,0xa5f5,0xa615,0xa615,0xae76,0xae97,0x9593,0x7c4f,0x31c5,0xb636,0xa615,0xa636,0xa636,0x95b3,0x536b,0x5bac,0x7c6f,0x744e,0x536b,0x63ac,0x534a,0x4b09,0x42e9,0x3a88,
0x7490,0xa677,0x9e57,0x9e57,0x8d95,0x95d5,0x8512,0x6c4f,0x7c90,0x534b,0x63ac,0x7c8f,0x6c2b,0x954f,0x7c8b,0x8d2d,0x744b,0x4286,0x4ae9,0x21a4,0x3a47,0x3207,0x1924,0x1924,
0x1944,0x1103,0x1103,0x1924,0x31e7,0x2165,0x1945,0x29a6,0x1965,0x1944,0x1944,0x21a6,0x2185,0x2185,0x1124,0x10e3,0x1924,0x1944,0x1924,0x08c3,0x1944,0x1944,0x1944,0x1964,
0x29e7,0x3a48,0x2185,0x1965,0x1104,0x1944,0x1944,0x2186,0x31e7,0x29a6,0x21a6,0x29a5,0x31c6,0x3185,0x1081,0x0861,0x10c3,0x1904,0x0882,0x1082,0x10a2,0x1904,0x18c3,0x0021,
0x08a3,0x1925,0x10e4,0x0062,0x08a3,0x10c3,0x10c3,0x08a2,0x08a2,0x08a2,0x10a2,0x10c3,0x3a08,0x39a6,0x18c3,0x1904,0x1125,0x1104,0x39e6,0x4a47,0x1944,0x2185,0x2165,0x1944,
0x1103,0x1103,0x1924,0x2124,0x1903,0x1903,0x18c2,0x18c2,0x2964,0x2944,0x2124,0x3185,0x18e3,0x2144,0x2123,0x31a5,0x29c4,0x3205,0x29c4,0x2163,0x31c5,0x31a5,0x3184,0x31a4,
0x52c7,0x3242,0x4b05,0x7c4b,0x8c8d,0x8c8f,0x3227,0x1164,0x3aea,0x4b6d,0x3248,0x21a6,0x1943,0x31c6,0x4a89,0x39e6,0x39c5,0x6b6b,0xbdd3,0xc613,0xc654,0xbe55,0x4b4b,0x5bef,
0x2a07,0x3247,0x3a89,0x29e7,0x29e7,0x42aa,0x29e6,0x2a07,0x3a69,0x3a69,0x3a69,0x42aa,0x4b0b,0x42ea,0x3aea,0x5c4f,0x74f2,0x8d94,0x642e,0x430a,0x42ea,0x5b8c,0x5b8c,0x534b,
0x5b8c,0x7cb0,0x6bed,0x6c0d,0x7cd0,0x6c6f,0x8511,0x74b0,0x74af,0x8532,0x8532,0x84f0,0x9d93,0x7cb0,0x84f0,0x9531,0xb655,0xcef8,0xcef8,0xa5b3,0x8d10,0x9531,0x9d72,0x9532,
0x9d72,0x84af,0x84af,0x8ccf,0x8ccf,0x8ccf,0x84cf,0x9510,0x8ccf,0x84af,0x7c6e,0x8cf0,0x9510,0x9531,0x9531,0x8d10,0x9510,0x8d10,0xa5d3,0x9d92,0x9d72,0x9511,0xadf5,0xeffe,
0xbe98,0xa5f5,0xa5f5,0xae76,0xa635,0xa635,0xa635,0x6bed,0x39e6,0xae16,0xa635,0xa636,0xa635,0xbed8,0x8d32,0x534b,0x744e,0x6c0d,0x532a,0x5bac,0x63ed,0x534a,0x42c9,0x534c,
0x8d33,0xa657,0x9616,0x9616,0x9e37,0x95d5,0x9594,0x746f,0x742f,0x638c,0x5b6b,0x4b2a,0x63cb,0x7c8c,0x954e,0x740a,0x5b69,0x3a26,0x4aa9,0x2185,0x2164,0x2185,0x2986,0x31c6,
0x1923,0x1102,0x1944,0x3207,0x3207,0x29c6,0x29c7,0x29c6,0x3228,0x3207,0x29c6,0x3228,0x3a48,0x4289,0x2185,0x2185,0x2185,0x2165,0x1945,0x1104,0x2165,0x2185,0x1965,0x2165,
0x3207,0x3207,0x29a6,0x1924,0x1945,0x1944,0x29a6,0x29c6,0x29a6,0x2185,0x21a6,0x2164,0x31c6,0x41e6,0x18a2,0x10a2,0x0862,0x10c3,0x2104,0x0861,0x2124,0x18e4,0x0861,0x0041,
0x0883,0x0062,0x1925,0x10e4,0x10c3,0x10c3,0x08a2,0x08a1,0x10c2,0x08a1,0x18e3,0x2985,0x31c6,0x39e7,0x3185,0x1945,0x1946,0x1904,0x2123,0x4a48,0x29a5,0x29e7,0x31e7,0x1964,
0x1923,0x2165,0x2165,0x2965,0x2965,0x2144,0x2944,0x31a6,0x31a6,0x2144,0x2104,0x2965,0x39e6,0x2944,0x2103,0x2144,0x2184,0x1963,0x2163,0x2164,0x2143,0x2102,0x2944,0x31a5,
0x3a05,0x52e6,0x4264,0x6ba9,0x6b89,0x29a4,0x1943,0x19a5,0x42eb,0x4b2c,0x3269,0x3207,0x2164,0x4227,0x4248,0x52a9,0x5ac9,0x52a8,0xb5b3,0xbdd2,0xc654,0xadb3,0x5bad,0x5bce,
0x3268,0x3a88,0x2a07,0x29e7,0x29e7,0x4aca,0x2a06,0x3227,0x3a69,0x3a69,0x3228,0x3a89,0x6c0f,0x42ea,0x53ce,0x7512,0x7d53,0x8574,0x644f,0x4b4b,0x536c,0x63cd,0x534b,0x5b8c,
0x63cd,0x7c8f,0x63ed,0x6c0d,0x6c4e,0x95b3,0x95b4,0x8511,0x8511,0x95b4,0xae36,0x9db4,0x9593,0x9572,0x8d11,0x8d31,0x9572,0xa5f4,0xb656,0xa5d4,0x84d0,0x9552,0xadf4,0x9d72,
0xbe56,0x9531,0xc6b7,0x9511,0x84af,0x8cf0,0xa592,0x84af,0x8cf0,0x84af,0x848f,0x7c6e,0x84af,0x84af,0x9510,0x8cf0,0x84af,0x8d10,0x9531,0xa5b3,0x9d52,0x8cf1,0xa5b4,0xdfbd,
0xcf3a,0xa5f5,0xae36,0xb697,0x95d4,0x9dd4,0xa615,0x6bcd,0x4a67,0xa5d5,0x9e15,0xb6b8,0xa656,0xae56,0xb6b8,0x536b,0x5bab,0x84b0,0x6bed,0x6bed,0x5b6b,0x532a,0x42c9,0x42e9,
0x8d53,0x9df6,0x8dd5,0xa657,0x9e16,0x95d4,0x8511,0x5bac,0x63cc,0x5b6b,0x532a,0x4ae9,0x5b6b,0x63aa,0x5348,0x6388,0x63aa,0x4287,0x3a47,0x29a5,0x2185,0x4aca,0x52eb,0x4a89,
0x2185,0x29c5,0x4aa9,0x3207,0x29c6,0x31e7,0x31e7,0x3207,0x3227,0x3a48,0x3207,0x3227,0x3207,0x3a48,0x3207,0x31e7,0x3a28,0x3a28,0x29c7,0x2165,0x3a28,0x3228,0x21a6,0x29c6,
0x21a5,0x3207,0x3a69,0x29c6,0x1945,0x2165,0x29a6,0x29a6,0x31e7,0x29a6,0x2185,0x1944,0x4227,0x4a07,0x18c2,0x18c2,0x0882,0x0041,0x18c3,0x3186,0x18e4,0x0862,0x1082,0x0041,
0x08a3,0x08a3,0x08c3,0x1924,0x10c3,0x08a2,0x10c3,0x08a2,0x10a2,0x2124,0x31c6,0x0881,0x10c2,0x4a69,0x31e7,0x2145,0x2145,0x2145,0x18e3,0x31a6,0x31e7,0x29e7,0x29c6,0x29c6,
0x31e7,0x3a08,0x39e7,0x4207,0x2985,0x2985,0x39e7,0x4a48,0x3a07,0x4207,0x4228,0x3a07,0x4a48,0x4a68,0x3a06,0x2984,0x1902,0x2144,0x31a5,0x39e6,0x31a4,0x31c5,0x31a4,0x2984,
0x4a87,0x5b07,0x6388,0x94cc,0x7c29,0x52c6,0x31e5,0x21a5,0x19c7,0x3249,0x4289,0x31c6,0x4207,0x4a48,0x4208,0x4a48,0x5289,0x4a68,0x9cd1,0x8c6e,0xb592,0xadd4,0x5bad,0x640f,
0x3288,0x2a46,0x2a27,0x31e7,0x31c6,0x5b2a,0x3226,0x3227,0x3a69,0x3268,0x2a48,0x642f,0x6470,0x53cd,0x8553,0x6cd1,0x646f,0x646f,0x6c90,0x4b8c,0x53ac,0x5bad,0x42ea,0x5b8c,
0x534b,0x748f,0x63cc,0x6c4e,0x642e,0x7d11,0x8511,0x74b0,0x8511,0x95b4,0x9df4,0x9db3,0x7cef,0x746e,0x746d,0x746e,0x746e,0x8d11,0x9552,0x9573,0xa5f4,0x9d93,0x84ef,0x9db3,
0x9d92,0xa5f3,0xd6f9,0x8cb0,0x7c4e,0x84af,0xb615,0x7c2d,0x846e,0x84af,0x846e,0x740d,0x740e,0x7c4e,0x8cb0,0x8caf,0x8cd0,0x8cf0,0x84d0,0x9db3,0x9552,0x84f1,0xa5d5,0xefde,
0xe7bd,0xd75c,0xbe98,0xb698,0xcf3a,0xa615,0xae36,0x6bed,0x52e9,0xa5f5,0xb6b8,0xa636,0x95d5,0x9e16,0xbed9,0x4b2a,0x532a,0x84d0,0x84d0,0x63ed,0x534b,0x4b09,0x42a8,0x3aa8,
0x7cf2,0xa638,0xa638,0xa637,0x9dd5,0xbe56,0xc676,0xadd2,0xae13,0x9d50,0x9530,0x8ccf,0x7c6d,0x742d,0x5b6a,0x638a,0x5b6a,0x5b4a,0x52e9,0x31c6,0x2185,0x3a47,0x4ac9,0x3207,
0x1944,0x4269,0x3207,0x2185,0x3207,0x29e6,0x29c6,0x29c6,0x3207,0x29a6,0x29c6,0x3248,0x3228,0x2a07,0x29e7,0x3207,0x3207,0x3228,0x29e7,0x1924,0x3207,0x3a69,0x2a07,0x1144,
0x21a6,0x3228,0x2a07,0x2a07,0x1944,0x1944,0x2185,0x29c6,0x2185,0x31e7,0x29c7,0x2165,0x4206,0x4a06,0x1081,0x10c3,0x0882,0x0841,0x2105,0x2125,0x2125,0x0041,0x0862,0x0882,
0x08c3,0x08c3,0x08a3,0x08a3,0x1904,0x08c2,0x0881,0x0861,0x31c6,0x4228,0x1081,0x1081,0x2123,0x31a5,0x2144,0x1924,0x1945,0x1924,0x10a2,0x2124,0x2185,0x31e7,0x29a6,0x2165,
0x2185,0x2985,0x39e7,0x39e7,0x2965,0x31a6,0x39e7,0x31c6,0x39e7,0x31c6,0x39c6,0x4248,0x4228,0x4a48,0x4247,0x2964,0x2144,0x2985,0x2985,0x2985,0x4207,0x4227,0x4206,0x4a67,
0x9cf0,0x4265,0x6ba8,0x6ba8,0x8ccc,0x8c8e,0x3206,0x29e6,0x19a6,0x29e7,0x530b,0x29a6,0x31a6,0x3a07,0x3185,0x39c7,0x31a5,0x2923,0x4a47,0x4225,0x9caf,0xbe15,0x4b4c,0x7491,
0x2a27,0x2205,0x2a06,0x31e7,0x31e7,0x73ed,0x3a47,0x2a27,0x3a69,0x2a27,0x3aea,0x7cf2,0x5c2f,0x5c0e,0x8533,0x6470,0x53ed,0x5bed,0x5bed,0x536c,0x538c,0x5b8c,0x4b2b,0x536b,
0x63cd,0x63ed,0x5b8b,0x7cd0,0x6c4e,0x642e,0x7cd0,0x7cf1,0x7d11,0x8532,0x8d92,0x8d71,0x95b2,0x84f0,0x5baa,0x6c2d,0x7cae,0x744e,0x84f0,0x84f0,0xa5d4,0xa5f4,0x9572,0x9d92,
0x9d92,0xb635,0xe79c,0xefbd,0xb5f6,0x8490,0x7c4e,0x94f1,0x94f0,0x846e,0x742d,0x7c4e,0xa574,0x9d12,0x7c2e,0x7c2d,0x8cf0,0x9531,0x9531,0x9573,0x9572,0x8d32,0xa5d5,0xf7ff,
0xe7de,0xf7ff,0xcf1a,0xa5f6,0xb677,0xc6f9,0xb697,0x6bed,0x532a,0xb657,0x95b4,0x95d4,0x8d94,0xae98,0xae37,0x4b2a,0x4b09,0x8d11,0x6c2e,0x6bed,0x5b8c,0x4b0a,0x42a8,0x3aa8,
0x8512,0xae79,0xa658,0x9e17,0x9574,0x6bed,0x6b8c,0x638b,0x7c6e,0x5308,0x4266,0x3225,0x3a66,0x3204,0x3a46,0x3226,0x4287,0x3225,0x4288,0x31e7,0x2164,0x29c5,0x3206,0x3a27,
0x3207,0x29a6,0x2144,0x29e7,0x3227,0x29c6,0x29c6,0x31c6,0x3207,0x31e7,0x1965,0x3a69,0x3a69,0x3248,0x3a69,0x3a69,0x3207,0x3a48,0x3207,0x1944,0x3227,0x42aa,0x2185,0x1124,
0x2185,0x21a6,0x1985,0x21a6,0x29c6,0x1944,0x29a6,0x29a6,0x3207,0x31e7,0x29c7,0x29c6,0x4226,0x4a26,0x1081,0x10c3,0x0861,0x18e4,0x10a3,0x0842,0x2125,0x10c3,0x0062,0x10e3,
0x08e3,0x08a2,0x0882,0x0882,0x08a2,0x1924,0x10c2,0x1082,0x41e7,0x3165,0x20c2,0x20e2,0x41a5,0x2124,0x1924,0x1904,0x1904,0x10e3,0x18e3,0x2965,0x1924,0x2165,0x31c6,0x1944,
0x1924,0x29a6,0x31c6,0x3185,0x3a07,0x3a07,0x2985,0x31a6,0x2144,0x3185,0x3165,0x3185,0x31a5,0x31a5,0x39c5,0x39e6,0x2985,0x2985,0x2144,0x2944,0x2985,0x3185,0x3185,0x31c5,
0x5ae8,0x5b07,0x4264,0x52e6,0x6347,0x5b29,0x2164,0x29e6,0x2a07,0x29e7,0x52eb,0x3a28,0x39e6,0x31c6,0x31a6,0x4a48,0x4a48,0x3184,0x8c2d,0xc613,0xe718,0xc656,0x536c,0x5bef,
0x3289,0x2a46,0x2a06,0x29e7,0x31e7,0x6bac,0x3227,0x3228,0x3248,0x3a89,0x642f,0x74d1,0x642f,0x53cd,0x5bee,0x640f,0x5bce,0x4b4b,0x63ed,0x42ea,0x42ea,0x4b2a,0x4b0a,0x534b,
0x63ed,0x536b,0x5bac,0x84f1,0x6c2e,0x74af,0x8511,0x74af,0x7cd0,0x8511,0x8d52,0x8d31,0x8d31,0x8510,0x6c2d,0x744d,0x640c,0x63ec,0x6c0d,0x7caf,0x8d11,0x9551,0x9592,0x9db2,
0x9d93,0xbe56,0xf7fe,0xd6fa,0xef9d,0xc698,0x8cd1,0xffff,0xb616,0xadd4,0xc657,0xdf1b,0xffff,0xfffe,0x8cd0,0x742d,0x848f,0x9572,0x8d31,0x8d11,0x8d11,0x84f0,0xa5d5,0xefff,
0xe7de,0xe7dd,0xd77c,0xb678,0xbed9,0xd79c,0xd75b,0x6c0e,0x638c,0xbe98,0xae57,0xae98,0x9df5,0xc71a,0x6c2f,0x4b0a,0x4b09,0x7c6f,0x742e,0x7c8f,0x63ac,0x42c9,0x42a8,0x3a88,
0x7cb1,0xa658,0xa658,0xa637,0x95b5,0x3248,0x10e2,0x2163,0x31e5,0x530a,0x2184,0x29c5,0x3206,0x3205,0x29e5,0x31e5,0x3a27,0x3a26,0x4268,0x31e6,0x3206,0x29c5,0x5b4b,0x52ea,
0x2144,0x2165,0x2185,0x31e7,0x29c6,0x29e7,0x31e7,0x2986,0x2185,0x29c6,0x1944,0x29c6,0x3a68,0x3207,0x21a6,0x29c6,0x31e7,0x3a68,0x21a6,0x2165,0x3a68,0x3248,0x1985,0x1944,
0x29e7,0x3a69,0x3207,0x1985,0x2185,0x29c6,0x31e7,0x31e7,0x3208,0x31e7,0x29c6,0x29a6,0x39e5,0x4a26,0x10c2,0x08a2,0x1904,0x10c3,0x0842,0x10a3,0x10a3,0x10a3,0x1904,0x08c3,
0x08a3,0x0882,0x0082,0x10e3,0x10c2,0x10c2,0x2965,0x2924,0x18c2,0x3144,0x3144,0x3944,0x5206,0x39a5,0x1924,0x1904,0x2145,0x1923,0x3185,0x4206,0x1103,0x1103,0x1944,0x29a6,
0x29a6,0x29a6,0x31a6,0x4207,0x4207,0x3a07,0x3a07,0x39e7,0x39e7,0x4207,0x4a28,0x39e6,0x4206,0x4227,0x4a47,0x4227,0x4a69,0x31a6,0x3a07,0x4207,0x39e6,0x3185,0x3185,0x39e5,
0x4a46,0x3a04,0x4244,0x6369,0x5307,0x3205,0x2165,0x1965,0x29e7,0x29e7,0x4269,0x3a48,0x3a27,0x4248,0x39e7,0x4a68,0x6b6c,0x6b4a,0x946d,0xce12,0xc612,0xbe34,0x4b2b,0x5bef,
0x2a27,0x3267,0x3247,0x29c7,0x29e7,0x3206,0x3206,0x3228,0x2a28,0x4b4c,0x74d1,0x6c90,0x644f,0x5bad,0x5bad,0x538d,0x538d,0x63ce,0x4aea,0x42c9,0x4aea,0x42e9,0x538b,0x63cc,
0x640d,0x746f,0x6c0d,0x7caf,0x640d,0x6c4e,0x6c4e,0x6c4e,0x74af,0x95b3,0x8d31,0x7ccf,0x9db3,0xae55,0x8d31,0x84f0,0x744d,0xa5d4,0xa5f4,0x9db3,0x84d0,0x8d10,0x8d31,0x9db3,
0x9552,0xb636,0xefbd,0xadb5,0xd71b,0xb637,0xadd5,0xf7fe,0x8cb1,0xb5f6,0xce99,0xffff,0xefbe,0xf7fe,0x8490,0x6bcc,0x8cf0,0x8d31,0x84f1,0x8d52,0x8d11,0x84d0,0xa5b5,0xf7ff,
0xdfbd,0xe7dd,0xcf3b,0xeffe,0xdfdd,0xcf5b,0xd75b,0x742e,0x638c,0xbeb9,0xcf5b,0xbf1a,0x8573,0xbed9,0x6c2e,0x4b2b,0x42c8,0x6c2d,0x7c8f,0x6c0d,0x5b8b,0x534b,0x42a8,0x3a88,
0x7470,0xae78,0xa658,0x95d6,0xae57,0x8d33,0x42aa,0x2164,0x4227,0x6bad,0x4268,0x3a48,0x3206,0x3a27,0x31e6,0x3a27,0x532b,0x4ac9,0x530a,0x2165,0x3206,0x3a47,0x52ea,0x3a47,
0x1944,0x1944,0x2165,0x3207,0x29e7,0x3207,0x31e7,0x10e3,0x1903,0x1103,0x1103,0x1944,0x1965,0x29e7,0x21a5,0x1124,0x31e7,0x3a69,0x3207,0x29c6,0x3207,0x3228,0x21c6,0x1985,
0x29e7,0x3a48,0x2a07,0x21c6,0x2165,0x2165,0x3a28,0x3207,0x3207,0x29c6,0x21a6,0x21a6,0x39e6,0x2943,0x10a2,0x2145,0x10e4,0x0862,0x0862,0x0882,0x10c3,0x0041,0x1904,0x2145,
0x00a2,0x08e3,0x10e3,0x1924,0x08a2,0x10c2,0x31c6,0x2124,0x18c3,0x3165,0x41a5,0x2902,0x5a47,0x4a48,0x2144,0x1904,0x1924,0x1903,0x31a5,0x4a47,0x1103,0x1944,0x10e3,0x1103,
0x29c6,0x2985,0x31a6,0x31a6,0x2103,0x3185,0x2965,0x3185,0x2985,0x3185,0x39a5,0x39a5,0x39a5,0x31a5,0x3164,0x39a5,0x4227,0x4227,0x3185,0x39c6,0x39e6,0x4206,0x4a47,0x5aa9,
0x52a7,0x52c7,0x4245,0x4266,0x3225,0x4288,0x2185,0x1944,0x2185,0x29c7,0x428a,0x3208,0x2185,0x3a07,0x31c6,0x4207,0x632a,0x83ec,0x8c4c,0xbd8f,0xd674,0xad92,0x4b2b,0x5bef,
0x2a28,0x2a06,0x3248,0x29e7,0x2a07,0x2a26,0x3206,0x3228,0x3269,0x640f,0x6450,0x642f,0x538d,0x536c,0x538d,0x5bce,0x7470,0x536c,0x42c9,0x42a9,0x4aea,0x42e9,0x534a,0x640d,
0x6c4d,0x746d,0x9db2,0x850f,0x63ec,0x6c4e,0x6c2d,0x6c4e,0x7cd0,0x748f,0x8531,0x7cef,0x8d51,0xa614,0x9551,0x9571,0x63ec,0x9552,0x8d31,0x9552,0x7c8f,0x9d92,0xa5f4,0xae14,
0x84f0,0xb636,0xefdd,0xb5f6,0xe75c,0xadb5,0xefbd,0xceb9,0xbe37,0xdf3b,0xb5f6,0xdf3c,0xf7ff,0xf7ff,0xe79c,0x84d0,0x84d0,0x8d31,0x84d0,0x8d32,0x9552,0x7c8f,0xa5f5,0xf7ff,
0xe7bd,0xdfbd,0xc6fa,0xd77c,0xc71a,0xcf3a,0xcf3a,0x63ad,0x6bad,0xbeb9,0xbef9,0xbef9,0xb6d8,0xae97,0x5bcd,0x536b,0x42c8,0x6bed,0x7c8f,0x6c0d,0x5b6b,0x4b0a,0x42a8,0x42a9,
0x7490,0xae98,0x9e37,0x95f6,0xa658,0x9dd6,0x84b1,0x31e6,0x2163,0x2143,0x2164,0x636c,0x4268,0x2185,0x29a5,0x3206,0x5b2b,0x42a8,0x4268,0x2985,0x2184,0x4ac9,0x4268,0x29c5,
0x2144,0x29a6,0x2165,0x3207,0x29e7,0x21c6,0x29c6,0x10e3,0x1904,0x1903,0x1944,0x2165,0x1944,0x1944,0x29c6,0x2185,0x29e6,0x42aa,0x3a69,0x1965,0x29e6,0x3a48,0x29c6,0x1985,
0x3207,0x3228,0x2a07,0x29e7,0x2165,0x1944,0x3a28,0x3a48,0x31e7,0x3207,0x29e7,0x3208,0x2964,0x2943,0x2985,0x1925,0x0061,0x10a3,0x0862,0x0882,0x10c3,0x0882,0x0882,0x1925,
0x08c3,0x10e3,0x10e3,0x10e3,0x10c2,0x2164,0x2124,0x18e3,0x2124,0x2944,0x41e6,0x28e2,0x5a67,0x4a48,0x1924,0x1904,0x1944,0x1903,0x2984,0x4a47,0x1923,0x1944,0x1944,0x1924,
0x1904,0x3a28,0x39e7,0x3185,0x39e7,0x31c6,0x4248,0x2944,0x2964,0x3164,0x3164,0x3185,0x3185,0x39c5,0x5aa9,0x5ac9,0x2143,0x39e6,0x632a,0x5aa9,0x52a8,0x4a26,0x4a47,0x3184,
0x2984,0x52c8,0x636a,0x4aa7,0x1922,0x3a68,0x21a6,0x1945,0x1965,0x2186,0x29e7,0x4289,0x29e6,0x3a07,0x31e6,0x4a68,0x5ac8,0x7bcc,0x946c,0xbd8f,0xd673,0xad91,0x4b2a,0x5bef,
0x2a48,0x2a06,0x2a07,0x3249,0x2a07,0x2a06,0x2a06,0x3a49,0x2a48,0x432b,0x74b1,0x53cd,0x432b,0x4b2b,0x3aca,0x640e,0x6c4f,0x42ea,0x534b,0x4aea,0x42c9,0x4b2a,0x5b8b,0x63ec,
0x746d,0x8d2f,0x95b0,0x9dd0,0x7ccf,0x6c4e,0x642d,0x6c2d,0x6c4e,0x7caf,0x8510,0x7cf0,0x8510,0x9592,0x84cf,0x84cf,0x8d31,0x63cc,0x5bab,0x63ec,0x7caf,0x8d31,0x84f0,0xb676,
0xa5f4,0xa5b4,0xdf1a,0xd71a,0xe77c,0xa573,0xe77c,0x9d54,0xce98,0xffff,0xadb4,0xc678,0xffff,0xc699,0xadf5,0x9532,0x7c6f,0x8d11,0x748f,0x7cb0,0x9592,0x9572,0x8d12,0xb658,
0xe7bd,0xe7dd,0xd75b,0xcf1a,0xcf5b,0xcf5b,0xb657,0x6bcd,0x6bad,0xc6d9,0xc71a,0xb6f9,0xc73a,0xa657,0x5bcd,0x536c,0x4ae9,0x744e,0x746e,0x63cc,0x42c9,0x42c8,0x42a9,0x4aea,
0x7c90,0xa657,0x9e57,0x95f6,0x9e17,0x95b5,0x8d32,0x5b2a,0x52c8,0x52c8,0x636b,0x52e9,0x3a47,0x31e6,0x31e6,0x3a27,0x42a8,0x4ae9,0x530a,0x29a5,0x3207,0x3a47,0x3206,0x3206,
0x1923,0x29c6,0x2185,0x3207,0x3207,0x21a5,0x29c6,0x1904,0x1904,0x2144,0x2165,0x31c6,0x29a6,0x2165,0x1103,0x21a6,0x4289,0x42a9,0x29e6,0x2185,0x29e6,0x3a48,0x21c6,0x21c6,
0x3228,0x29e7,0x29e7,0x29e7,0x2165,0x29a6,0x31e7,0x31e7,0x4289,0x3207,0x2a08,0x21a6,0x2123,0x41e6,0x2165,0x10e4,0x0082,0x10a3,0x0862,0x0862,0x10a3,0x10a3,0x10c3,0x08a2,
0x08c3,0x08c3,0x08a2,0x10c3,0x2144,0x1903,0x1924,0x10c3,0x18c3,0x3165,0x41c6,0x2902,0x41a5,0x3a07,0x1945,0x2165,0x29c6,0x2184,0x2143,0x39e6,0x1924,0x1924,0x2185,0x2165,
0x31c6,0x3a07,0x3a07,0x4207,0x31c6,0x39c6,0x4228,0x2144,0x1924,0x2964,0x4226,0x4226,0x4a47,0x5267,0x6309,0x6309,0x20e2,0x41e6,0x736b,0x6b4a,0x5aa8,0x5ae9,0x5288,0x738c,
0x946f,0x2963,0x4246,0x31c5,0x1944,0x1145,0x21a6,0x2165,0x1945,0x2186,0x2185,0x42aa,0x3a48,0x31e6,0x31c6,0x5269,0x4206,0x7b8c,0x946d,0xad0e,0xd653,0xbdd2,0x4b0a,0x53ef,
0x2a89,0x21e6,0x3228,0x21c7,0x3228,0x2a07,0x29e7,0x3249,0x3248,0x3248,0x63ee,0x538d,0x430b,0x538d,0x5bad,0x4b4b,0x430a,0x4b4b,0x3aa9,0x4b2b,0x4aea,0x42c9,0x538b,0x536a,
0x5bcb,0x84ee,0x746c,0x748c,0x8d11,0x5bcc,0x63ec,0x6c2d,0x640d,0x6c2d,0x6c2d,0x7cae,0x7caf,0x8d31,0x8d51,0x8d10,0xa5f4,0x7caf,0x5bab,0x63ec,0x63ec,0x6c2d,0x84cf,0x8d31,
0x9572,0x9531,0xc6b8,0xefbc,0xce98,0xd6f9,0xadb5,0xa554,0xfffe,0xe79c,0xe7bc,0x9512,0xdf3b,0xa5b5,0x63cc,0x742e,0x744e,0x6c0d,0x6c2d,0x63ed,0x744e,0x84b0,0x84b0,0x740f,
0x9533,0xdf9c,0xcf1a,0xc6d9,0xcf5b,0xc6f9,0xa616,0x63ad,0x6bce,0xa5d5,0xae77,0xc73a,0xb6d9,0xa636,0x6c4f,0x42c9,0x42c8,0x4b29,0x6bec,0x5b8b,0x42c8,0x3247,0x4aea,0x4aaa,
0x63ee,0xa657,0x9e36,0x95f6,0x9e17,0x8d74,0x84f1,0x638b,0x6bab,0x844e,0x6b8b,0x530a,0x4268,0x31e6,0x3206,0x3226,0x3a67,0x4ac8,0x4ac9,0x3207,0x29c5,0x3207,0x3206,0x2185,
0x29c6,0x1924,0x2165,0x2165,0x21c6,0x2185,0x2185,0x1903,0x1924,0x1924,0x2185,0x29c6,0x29a6,0x29a6,0x1924,0x1965,0x42aa,0x3a28,0x29e7,0x21a5,0x29c6,0x3a48,0x21a6,0x21a6,
0x21c6,0x2a07,0x3248,0x21a6,0x1964,0x3207,0x3a28,0x3a07,0x1904,0x2986,0x2166,0x0062,0x2965,0x2944,0x10c3,0x08a3,0x0041,0x0862,0x0841,0x0841,0x10a3,0x0862,0x0882,0x10a3,
0x08e3,0x08c3,0x10e3,0x2986,0x1904,0x18e3,0x2124,0x10c3,0x18e3,0x20e3,0x41c6,0x3164,0x18c2,0x29a5,0x19a6,0x1944,0x1964,0x1102,0x2164,0x2984,0x1104,0x1124,0x2165,0x29a6,
0x3a07,0x31a5,0x31c6,0x4248,0x3185,0x31a6,0x2965,0x2144,0x1944,0x2964,0x39e6,0x39c5,0x39c4,0x39e4,0x39e4,0x4205,0x39a5,0x3985,0x4a05,0x49e5,0x62c8,0x4a27,0x4226,0x6b4a,
0x8c0d,0x6309,0x736c,0x1924,0x1145,0x1945,0x2166,0x2186,0x1945,0x1965,0x2186,0x29c6,0x31e6,0x4248,0x3186,0x4a48,0x4207,0x5ac9,0x7b8a,0xb52f,0xd653,0xb592,0x534b,0x53ce,
0x32ea,0x21c7,0x3208,0x29c7,0x2a08,0x3a69,0x2a08,0x2a28,0x3a69,0x2a07,0x42aa,0x5b8d,0x4b0b,0x536c,0x534c,0x430b,0x4b2b,0x432b,0x32a9,0x3a89,0x4aea,0x532a,0x4b09,0x4b09,
0x6c0d,0x5bab,0x746e,0x744d,0x6c4e,0x63ed,0x6c2e,0x6c0d,0x63cc,0x746f,0x744e,0x6c0c,0x7c8e,0x7caf,0x7c8e,0x8d31,0x9571,0x8d11,0x63ec,0x746e,0x6c2d,0x746e,0x8d31,0x9572,
0x84f0,0x8d31,0xa5b3,0xadd4,0xadb4,0x9d33,0x9cf2,0xef7d,0xefbd,0xdf9c,0xefdd,0xd71a,0xa553,0x9d52,0x746e,0x6c2e,0x6c2e,0x6c0d,0x6c0e,0x6c0d,0x6c0d,0x744f,0x8490,0x7c50,
0x84b1,0xe7dd,0xcf3a,0xc6fa,0xcf5b,0xb6b8,0x9df5,0x63cd,0x6c0e,0xa5f5,0x8512,0x8d73,0xbef9,0xbf1a,0x84f1,0x532b,0x4b09,0x5b6b,0x742d,0x63ab,0x5b4b,0x4aca,0x5b2c,0x3a48,
0x6c2f,0xa677,0x9e57,0x9e36,0xa637,0x8d54,0x8d32,0x8cd0,0x7c4d,0x52c7,0x4246,0x4267,0x31e5,0x29a5,0x29c5,0x29e5,0x3226,0x3247,0x530a,0x29a5,0x1923,0x3a48,0x4289,0x1924,
0x31e7,0x2165,0x1924,0x29e6,0x3227,0x29c6,0x3207,0x1103,0x1924,0x1924,0x2185,0x29c6,0x29a6,0x29c6,0x1965,0x29c6,0x3207,0x4aca,0x4289,0x29c6,0x29c6,0x3a48,0x21a6,0x29c6,
0x3228,0x3228,0x2a07,0x1985,0x1985,0x3206,0x3a07,0x1924,0x18e3,0x1062,0x18e4,0x18e4,0x10a2,0x0841,0x10a3,0x0882,0x0041,0x0021,0x0841,0x0041,0x10a3,0x10a3,0x0862,0x0862,
0x08e3,0x08e3,0x2165,0x10e3,0x10a2,0x10c2,0x1904,0x1904,0x2103,0x20e3,0x39a6,0x2923,0x2943,0x2185,0x21a6,0x1965,0x1123,0x08c1,0x2143,0x2984,0x1104,0x08e3,0x29c6,0x2165,
0x2164,0x4248,0x3a07,0x3a07,0x4a69,0x4228,0x31a6,0x18e3,0x29a5,0x4227,0x5268,0x5288,0x5288,0x4a26,0x4a26,0x4a47,0x4a07,0x4a06,0x5a67,0x7b6b,0x5246,0x5288,0x52a8,0x5287,
0x6b29,0x5267,0x8c4f,0x2985,0x1124,0x2187,0x2186,0x2186,0x1945,0x1924,0x21a6,0x29c6,0x2164,0x4248,0x3a07,0x4a69,0x4a47,0x630a,0x8c2d,0x946c,0xa4cd,0xad92,0x4b0a,0x53ee,
0x4b6d,0x21c7,0x2a08,0x2a08,0x29e7,0x29e7,0x3a69,0x3249,0x3228,0x3248,0x3248,0x42ea,0x5b8d,0x4b4c,0x4b2b,0x42ea,0x536c,0x4b6c,0x3ac9,0x42ea,0x3a89,0x532b,0x42c9,0x42e9,
0x42c8,0x4b0a,0x6c0d,0x63cc,0x5bac,0x5b8b,0x5bac,0x63cc,0x6c0d,0x6c2e,0x6c0d,0x746e,0x744d,0x746e,0x84cf,0x7ccf,0x8d31,0x9551,0x7caf,0x744e,0x746e,0x8d31,0x8d31,0x9531,
0x8d10,0x7c6e,0x7c8f,0xadf5,0x846f,0x8cd1,0xf7de,0xf7de,0xefbd,0xe79d,0xe79c,0xdf5b,0xbe57,0x6bed,0x7c6f,0x6c0d,0x63ed,0x742e,0x742e,0x7c8f,0x8d11,0x8cf1,0x8cf2,0x8cb1,
0xbe98,0xeffe,0xd77b,0xbeb8,0xd79c,0xa616,0x9df5,0x63cd,0x742f,0xa5f6,0x8553,0x8d93,0x95b4,0xae57,0xb678,0x4b2b,0x534b,0x63cc,0x740d,0x5b6b,0x638c,0x52ea,0x4ac9,0x3a67,
0x63ed,0x9e36,0xa677,0x9e57,0xa657,0x9db5,0x9d73,0x8cf0,0xadd3,0x6b8a,0x636a,0x3a46,0x3206,0x4267,0x4267,0x3206,0x4ae9,0x5b6b,0x532b,0x29a5,0x2185,0x4289,0x3a28,0x1924,
0x1924,0x31e7,0x31e7,0x29e6,0x3a48,0x29c6,0x29c6,0x1903,0x1944,0x1924,0x2165,0x31e7,0x1944,0x31e7,0x29a6,0x1944,0x3207,0x3a68,0x42a9,0x31e7,0x2185,0x29e7,0x21c6,0x2a07,
0x3228,0x3228,0x3228,0x21c6,0x29c6,0x3227,0x29c6,0x1924,0x2145,0x18e3,0x2124,0x2966,0x0841,0x0041,0x0041,0x0841,0x0020,0x0841,0x0841,0x0841,0x0862,0x10a3,0x0862,0x0021,
0x1965,0x1945,0x10c3,0x08a2,0x0882,0x10c3,0x2104,0x2945,0x2104,0x18a2,0x3185,0x20e2,0x4207,0x29a6,0x1145,0x1965,0x2185,0x1903,0x18e2,0x1923,0x08c3,0x2165,0x31c7,0x1903,
0x2985,0x4248,0x39e6,0x39e7,0x41e7,0x4a28,0x4207,0x2964,0x2164,0x31a5,0x41e6,0x4a27,0x39c6,0x5289,0x5288,0x630a,0x4206,0x4a47,0x6b0a,0x944f,0x734b,0x62c8,0x62e9,0x738b,
0xb572,0x8c2d,0x9cf0,0x2964,0x1125,0x1966,0x2186,0x1945,0x2186,0x1924,0x1945,0x3228,0x29a5,0x2985,0x4228,0x5aeb,0x31a5,0x4a47,0x6b4a,0x83ea,0x83ca,0xb5b2,0x534b,0x53ce,
0x5bef,0x42eb,0x21c6,0x29e7,0x21c6,0x21c7,0x29e7,0x3a69,0x3248,0x3228,0x3248,0x3aa9,0x42eb,0x42eb,0x7470,0x534c,0x63ee,0x640f,0x536c,0x42ea,0x4aeb,0x42a9,0x4b0b,0x42a9,
0x4b2b,0x4b0a,0x5b8c,0x4b0a,0x746f,0x744e,0x4b4a,0x5b8b,0x63ed,0x534a,0x6c0d,0x6c0d,0x63cc,0x6c2d,0x744e,0x84f0,0x7caf,0x746e,0x84f0,0x63ed,0x746e,0x744e,0x5bab,0x7caf,
0x8d10,0x8d11,0xa5b4,0xadf5,0xc698,0xef9c,0xf7de,0xf7de,0xf7de,0xffff,0xb616,0x7c8f,0x8cd1,0x7cb0,0x6c2e,0x6bed,0x6c2e,0x744e,0x7cb0,0x7c8f,0x9552,0x7c8f,0xa5b5,0xd73b,
0xe7dd,0xeffe,0xd77c,0xc6d9,0xdfbd,0x9dd5,0xa616,0x63ee,0x744f,0xa5f6,0x8d73,0x8532,0x8d94,0x95d5,0x9594,0x4b0a,0x42c9,0x7c90,0x740e,0x6bcd,0x638c,0x4288,0x42a8,0x4ac9,
0x6c2e,0x9dd5,0x95d6,0x95f6,0x9e17,0x9d94,0x9d93,0x7c2d,0x7c0c,0x73cb,0x636a,0x2163,0x3a47,0x3a47,0x3a47,0x3a47,0x5b6b,0x532a,0x530a,0x31e6,0x29c6,0x4268,0x3a27,0x1924,
0x2165,0x2165,0x31c6,0x3207,0x3227,0x29c6,0x29c6,0x1924,0x1944,0x1924,0x2165,0x29c6,0x31e7,0x4269,0x2165,0x1944,0x3228,0x4269,0x3a48,0x3a48,0x2185,0x29e7,0x29c6,0x2a07,
0x2a07,0x3228,0x3228,0x21a5,0x3207,0x3a48,0x29c6,0x2986,0x1904,0x31c7,0x10c3,0x1082,0x2104,0x0861,0x1082,0x0841,0x0041,0x0841,0x0041,0x0841,0x0041,0x0862,0x0862,0x0841,
0x2186,0x10e3,0x08a3,0x10a3,0x0861,0x10a2,0x2104,0x2965,0x2924,0x18a2,0x2944,0x2964,0x4227,0x29a6,0x29e7,0x1945,0x1924,0x2144,0x2964,0x1902,0x2186,0x2166,0x2165,0x1924,
0x2985,0x4207,0x4227,0x39c6,0x4207,0x4a27,0x5268,0x31c5,0x2984,0x39e6,0x41e7,0x2103,0x18c2,0x18e3,0x2144,0x2144,0x1903,0x31c6,0x2984,0x4a68,0x4a47,0x4a05,0x5267,0x83ec,
0x83eb,0x946d,0xb592,0x1923,0x1125,0x1945,0x2186,0x1945,0x1945,0x1945,0x1124,0x31e7,0x2985,0x31c6,0x4228,0x4a69,0x31c6,0x2163,0x5b09,0x6327,0x840b,0xb5d3,0x534b,0x53ae,
0x53ce,0x640f,0x432c,0x21c6,0x2a07,0x21c6,0x21c7,0x21c7,0x3a69,0x3248,0x3aa9,0x3a89,0x3248,0x3a89,0x6c2f,0x7490,0x430a,0x538d,0x4b6c,0x42ea,0x42ca,0x4289,0x4b0b,0x5b6c,
0x4b0b,0x534c,0x534b,0x536c,0x4b2a,0x4b2a,0x5b8b,0x5bac,0x534b,0x534a,0x5b8b,0x5bab,0x63ec,0x6c2d,0x6c0d,0xa5d4,0x9572,0x746f,0xcf19,0xa5d4,0x84d0,0x84f0,0x7cb0,0x7c8f,
0x84cf,0x84af,0xc6d8,0xefbd,0xf7fe,0xffff,0xf7de,0xf7de,0xf7de,0xf7de,0xef9d,0x8cf1,0x84b0,0x744e,0x6c0d,0x6c0d,0x6c0d,0x744e,0x84d0,0x6c2d,0x7c8f,0x7c6f,0x9d74,0xefde,
0xeffe,0xe7fd,0xd77b,0xbed9,0xd79c,0xa616,0xa616,0x63ee,0x7c70,0xa616,0x8573,0x8552,0x7d32,0x8573,0x8d94,0x7490,0x3267,0x84b0,0x742e,0x63ac,0x4ac9,0x3a67,0x4ac8,0x8490,
0x8cf2,0x7450,0x9595,0x95b5,0xa656,0x9d92,0x950f,0x740c,0x6349,0x4a87,0x31e5,0x5b2a,0x4ac9,0x3206,0x31e6,0x3a68,0x4289,0x3a67,0x3a68,0x29a5,0x29a5,0x3a48,0x29a5,0x1123,
0x2185,0x2986,0x2165,0x29c6,0x3a69,0x29c6,0x29c6,0x1103,0x1944,0x1944,0x1944,0x29c6,0x3a48,0x31e7,0x2165,0x2185,0x29e7,0x3a48,0x3207,0x21a6,0x29e7,0x3207,0x1985,0x21a6,
0x29e7,0x3228,0x3208,0x1985,0x31e6,0x3207,0x31e7,0x29c6,0x3a28,0x1945,0x08a2,0x10a3,0x1082,0x2124,0x1082,0x0861,0x0041,0x0862,0x0862,0x0842,0x0841,0x0841,0x0041,0x0021,
0x1945,0x10e3,0x08a2,0x0882,0x0861,0x1082,0x1081,0x2944,0x41c7,0x18a2,0x20e3,0x39c6,0x1923,0x2165,0x31e7,0x29a6,0x1923,0x2144,0x4248,0x2964,0x2165,0x10e4,0x2966,0x2124,
0x2944,0x39e7,0x4227,0x3185,0x41e6,0x4206,0x4a48,0x4227,0x31c5,0x3185,0x52a9,0x2965,0x0881,0x10c2,0x08a2,0x10e3,0x2165,0x10e3,0x08c2,0x08a1,0x1902,0x6309,0x5287,0x83cc,
0x83ca,0x944c,0xb592,0x2143,0x1104,0x1105,0x1945,0x2166,0x1945,0x1965,0x1124,0x31e7,0x4a89,0x52ca,0x3a07,0x39e7,0x2984,0x31c4,0x4aa7,0x6348,0x7bca,0x6b8a,0x4b4b,0x4b8d,
0x53ad,0x5bce,0x642f,0x42eb,0x21e7,0x21e7,0x21c7,0x21c7,0x2a07,0x42ca,0x3a69,0x2a07,0x3289,0x3269,0x3289,0x5bad,0x5bad,0x8512,0x53ad,0x3aa9,0x42a9,0x3a89,0x3268,0x63ad,
0x6c2f,0x5b8c,0x532b,0x536b,0x63ed,0x63cd,0x536b,0x4b2a,0x4b0a,0x534b,0x534a,0x536a,0x5bab,0x6c0d,0x6c0d,0x63ed,0x746e,0x744e,0xbeb7,0xae15,0x7c8f,0x8d11,0x84f0,0x9552,
0x8d11,0x84b0,0xcf19,0xf7fe,0xf7fe,0xffff,0xffff,0xfffe,0xfffe,0xf7de,0xf7dd,0x9532,0x84f1,0x746e,0x6bed,0x6c2e,0x6c0d,0x7cb0,0x9d93,0x8d11,0x8d11,0x744f,0x9d74,0xf7ff,
0xe7dd,0xe7fd,0xcf3a,0xcf5b,0xbed9,0x9dd5,0xae37,0x63ee,0x7c91,0xa5f6,0x8573,0x8573,0x8553,0x8553,0x95b4,0x8d53,0x3267,0x6c0d,0x5b6b,0x530a,0x42a8,0x3225,0x740c,0x73cb,
0x3a25,0x3a26,0x9d52,0x9d91,0x9590,0xa5b0,0x9d6f,0x52e6,0x6349,0x7bed,0x4247,0x5b2a,0x530a,0x4268,0x3a47,0x3a68,0x29e6,0x2a06,0x29e6,0x29a5,0x31e6,0x4aea,0x2185,0x1924,
0x2185,0x2165,0x2165,0x1965,0x3a69,0x3228,0x31e7,0x1924,0x1944,0x2185,0x1944,0x29a6,0x2165,0x29a6,0x2185,0x1965,0x29c6,0x31e7,0x3207,0x2185,0x29e6,0x3a69,0x21c6,0x21a6,
0x2a07,0x2a07,0x21a6,0x21a6,0x4268,0x3207,0x29c6,0x3a28,0x31e7,0x10e3,0x0882,0x0861,0x0021,0x10a3,0x18e4,0x0882,0x0020,0x0862,0x10a3,0x0862,0x0841,0x0841,0x0841,0x0021,
0x1904,0x10c3,0x10c3,0x10a2,0x1082,0x1062,0x0861,0x2944,0x4a28,0x2904,0x2103,0x18e3,0x2144,0x2165,0x1924,0x29c6,0x2144,0x1903,0x52ca,0x2964,0x10c3,0x1104,0x2145,0x2144,
0x2944,0x4228,0x4227,0x3185,0x4a27,0x41c6,0x4207,0x39e6,0x3a06,0x39e6,0x632c,0x39e7,0x08a2,0x08c3,0x08c3,0x1945,0x08c3,0x00c2,0x08e3,0x00a2,0x1923,0x52a8,0x5267,0x62e8,
0x83aa,0xbdb1,0xb571,0x2964,0x1104,0x1925,0x1945,0x2186,0x1124,0x1945,0x1124,0x3207,0x3a27,0x31a6,0x2965,0x2965,0x2164,0x4267,0x6bab,0x94ae,0x73aa,0x848e,0x4b4b,0x434c,
0x538d,0x53ce,0x53ae,0x640f,0x42eb,0x21c7,0x2a08,0x21c7,0x3228,0x3268,0x3248,0x3248,0x2a27,0x3289,0x3aa9,0x3248,0x5bad,0x6c4f,0x5bee,0x3aa9,0x3a69,0x4aea,0x4b0b,0x3268,
0x63ad,0x7c90,0x5bac,0x4aea,0x6c0e,0x63cd,0x4b0a,0x534b,0x4b2a,0x534b,0x532a,0x534a,0x538b,0x6c0d,0x63cc,0x63ec,0x6c0d,0x63ed,0x84f1,0x84f1,0x7c8f,0x8d11,0x84d0,0x84f1,
0x84d0,0x9532,0xd73a,0xe7bc,0xefbd,0xffff,0xffff,0xffff,0xffff,0xfffe,0xf7de,0x8cf1,0x746f,0x7c8f,0x6c0d,0x6c2e,0x63cc,0x7c8f,0x9d73,0x8d31,0x8d11,0x6c0e,0xa5b5,0xf7ff,
0xefde,0xe7dd,0xc6f9,0xe7fe,0xb698,0x8d53,0xae57,0x6c2f,0x8cf2,0xa5f6,0x8553,0x8573,0x8573,0x8573,0x95b4,0x8511,0x4b08,0x6c2d,0x5b6b,0x532a,0x5309,0x5328,0x9d4f,0x94ec,
0x73a9,0x9d0e,0xb611,0xa5ef,0x850a,0x956c,0xadcf,0x6367,0x844d,0x73ac,0x31e6,0x29c6,0x4248,0x4a89,0x3a27,0x3a48,0x3227,0x3207,0x42a9,0x4268,0x3206,0x4268,0x2185,0x1924,
0x2165,0x1924,0x29a6,0x29e6,0x3228,0x3228,0x3a48,0x2144,0x1944,0x29a6,0x3a28,0x29c6,0x29c6,0x3207,0x2185,0x21a5,0x3227,0x3a28,0x3228,0x29c6,0x31e7,0x3a48,0x3a69,0x2a07,
0x29e7,0x29e7,0x21c6,0x2a07,0x42a9,0x29c6,0x3207,0x3207,0x29e7,0x29c6,0x10e3,0x0861,0x0841,0x0861,0x18c3,0x2124,0x0841,0x0841,0x18c3,0x0882,0x0882,0x0041,0x0021,0x0041,
0x2986,0x10c3,0x18e3,0x18c3,0x0862,0x1082,0x0841,0x3165,0x4a28,0x2924,0x3144,0x3984,0x3984,0x1923,0x1945,0x2985,0x2103,0x2944,0x39c7,0x18e3,0x1903,0x10e3,0x1944,0x1924,
0x2965,0x4207,0x4206,0x31a5,0x39e6,0x3184,0x4a27,0x39c5,0x41e6,0x5288,0x632b,0x31c5,0x10e2,0x10c2,0x2186,0x1104,0x08c2,0x08e3,0x08c3,0x08a2,0x2124,0x6b2a,0x5267,0x39a4,
0x734a,0xb530,0xbdb3,0x2964,0x10e4,0x2146,0x1925,0x2165,0x1945,0x1945,0x2185,0x4269,0x2985,0x29a5,0x2984,0x3205,0x3a46,0x4285,0x7c2b,0x8c6c,0x9ccd,0xbe13,0x42c9,0x4b4d,
0x5b8e,0x53ae,0x4bad,0x5bee,0x5c0f,0x430b,0x19c6,0x3a8a,0x3207,0x29e7,0x29c6,0x3a69,0x2a07,0x2a27,0x3a89,0x3a69,0x3a89,0x4b0b,0x532b,0x42c9,0x3a88,0x3a89,0x532b,0x5b8d,
0x42a9,0x6bee,0x744f,0x5bad,0x63cd,0x42ea,0x42a9,0x63ee,0x5b8c,0x4b0a,0x534b,0x532a,0x5b6b,0x63ac,0x5b8b,0x63ac,0x8d12,0x740e,0x63cd,0x7c4f,0x5b8c,0x7cb0,0x84d0,0x84d0,
0x8d12,0xc6b8,0xe79c,0xdf5b,0xdf5b,0xf7fe,0xffff,0xffff,0xffff,0xffff,0xfffe,0xb5f6,0x8cf1,0xadf5,0x84b0,0x63cd,0x63cc,0x63ed,0x744e,0x6c2e,0x84f1,0x7c90,0xa5b5,0xffff,
0xefde,0xdf9c,0xd75b,0xdfdd,0xb6b8,0x95b4,0xa616,0x7cf1,0x8d73,0x9df5,0x8572,0x8553,0x8574,0x8553,0x9594,0x7cb0,0x4b29,0x6bec,0x63ac,0x5b4a,0x4ae8,0x742b,0x9d6e,0xb5ef,
0xa5ae,0x952d,0x63a7,0x954d,0x954e,0x7c6a,0x6388,0x5327,0x42a6,0x3206,0x2185,0x3207,0x3a28,0x29c6,0x4aaa,0x3a48,0x4289,0x29e6,0x29a5,0x29a6,0x2185,0x29e6,0x2185,0x1944,
0x2985,0x1924,0x29c6,0x2185,0x29a6,0x2185,0x3a48,0x29a6,0x2165,0x3207,0x31e7,0x31e7,0x29a6,0x3a48,0x29c6,0x1964,0x31e7,0x3228,0x3a48,0x29c6,0x29c6,0x3a48,0x29e7,0x3248,
0x2a07,0x29c6,0x2185,0x29e6,0x4289,0x3a48,0x29e6,0x29a6,0x31e7,0x4249,0x2124,0x10a2,0x1082,0x0862,0x0862,0x1082,0x18e4,0x0862,0x1083,0x0062,0x10c3,0x0041,0x0021,0x0862,
0x2965,0x2124,0x10c3,0x1904,0x1082,0x1082,0x0841,0x3164,0x4a07,0x20e3,0x3123,0x41c5,0x5247,0x2144,0x21a6,0x2944,0x2944,0x4207,0x2124,0x10e3,0x1903,0x1924,0x1904,0x1904,
0x2965,0x39c6,0x39a5,0x4206,0x41e6,0x41e6,0x4a27,0x3985,0x41e6,0x4a47,0x52a8,0x2964,0x2123,0x2965,0x10e3,0x10e3,0x1103,0x08c3,0x08c3,0x08a3,0x2103,0x4a27,0x20e1,0x8c4e,
0xbdd3,0x7b8a,0xc5f4,0x39e6,0x1925,0x1946,0x1904,0x1925,0x1904,0x2186,0x31e7,0x29a6,0x2985,0x2164,0x2184,0x29c5,0x3a45,0x3a44,0x5b47,0x7408,0xa52d,0xadd1,0x6c2e,0x5bce,
0x534d,0x4b6d,0x4bad,0x642f,0x5c0f,0x6430,0x53ae,0x2a28,0x29e7,0x29c6,0x29c6,0x29e7,0x3a69,0x3248,0x2a07,0x3249,0x3a89,0x3248,0x3a68,0x3a89,0x3a88,0x3a88,0x3248,0x4aea,
0x5b6c,0x4aea,0x7c70,0x7450,0x532b,0x5bad,0x744f,0x7c90,0x9533,0x4b2a,0x4ae9,0x532a,0x534a,0x532a,0x5b6b,0x5b6b,0x534b,0x5b6b,0x5b6c,0x63ac,0x740e,0x6bed,0x84f1,0x8d32,
0x8d12,0xd75b,0xeffd,0xdf7b,0xdf3b,0xe79c,0xf7fe,0xffff,0xffff,0xffff,0xfffe,0xefdd,0xefdd,0xf7fe,0x84b0,0x63cc,0x640d,0x63ed,0x748f,0x7c90,0x7c8f,0x5bac,0x7c4f,0xdf7c,
0xf7fe,0xd73b,0xdfbc,0xd77c,0x9df5,0x9e16,0x9e16,0x95d5,0xa636,0x8d93,0x8d53,0x95d5,0x8db5,0x8553,0x9dd5,0x6c0e,0x4aea,0x6bed,0x5b4a,0x4266,0x94ee,0xb611,0xa56e,0x7409,
0x7409,0x7c4a,0x6bea,0x4b07,0x5308,0x4286,0x3a65,0x42a6,0x4287,0x532a,0x1923,0x3a27,0x31e7,0x2185,0x31e7,0x4289,0x3207,0x2185,0x2164,0x29a6,0x3207,0x3227,0x21a5,0x1923,
0x2985,0x2165,0x1944,0x29c6,0x4248,0x2185,0x29c6,0x3a48,0x4269,0x1924,0x31e7,0x29c6,0x29a6,0x3a28,0x29c6,0x21a5,0x31e7,0x3a28,0x3a48,0x29a6,0x29e7,0x3228,0x21c6,0x21c6,
0x3a69,0x29e6,0x21a5,0x3207,0x4289,0x3228,0x1965,0x29a6,0x1924,0x2925,0x31a6,0x1082,0x1082,0x0862,0x1082,0x0862,0x10a3,0x18e4,0x10a3,0x0862,0x10e3,0x0062,0x0041,0x1082,
0x10e3,0x2124,0x2986,0x18c3,0x0862,0x1082,0x0841,0x3164,0x4a07,0x1040,0x2903,0x39a5,0x5a89,0x2985,0x2185,0x31a6,0x2944,0x39c6,0x31a6,0x1924,0x1923,0x2185,0x1924,0x10e3,
0x1904,0x3185,0x39c5,0x39e6,0x4206,0x4207,0x41e6,0x39a5,0x39a5,0x4206,0x632a,0x5268,0x3185,0x2144,0x2124,0x1925,0x1944,0x1924,0x10c3,0x10c3,0x2103,0x5268,0x62e9,0x9caf,
0x8c2d,0x7349,0xad52,0x2984,0x2165,0x1966,0x1925,0x1104,0x2145,0x31e7,0x1924,0x31e7,0x2985,0x2165,0x29a6,0x2184,0x3205,0x3205,0x4284,0x4ae3,0x8c8a,0xb612,0x746e,0x4bad,
0x4b4b,0x4b8d,0x4b8d,0x5bee,0x5bef,0x6430,0x6c50,0x3aca,0x2a07,0x29e7,0x29e6,0x21c6,0x29e7,0x3a69,0x3248,0x2a07,0x3a89,0x3a68,0x42ca,0x532b,0x532b,0x534c,0x4b2b,0x3a89,
0x4aea,0x536c,0x6c0e,0x7c70,0x63ad,0x63ee,0x84d1,0xa5d5,0x8d12,0x4b2a,0x4b2a,0x5b6b,0x4b2a,0x4b09,0x5b6b,0x5b6b,0x5b8b,0x638c,0x638c,0x6bed,0x744f,0x7c6f,0x84f1,0x7cb0,
0x8cf1,0xcefa,0xefdd,0xefdd,0xefbc,0xe77c,0xefbd,0xffff,0xffff,0xffff,0xfffe,0xf7fe,0xe7bd,0xefdd,0x8cd1,0x6c0e,0x63ed,0x748f,0x9d94,0x9d94,0x84d0,0x742e,0x63ac,0xbe78,
0xf7ff,0xdf7c,0xe7dd,0xcf1a,0x8d73,0xa636,0x9e16,0xbef9,0xae77,0x9594,0x8533,0x95b5,0xb6b9,0x8d94,0x95d5,0x63ee,0x5b4c,0x634b,0x6bcb,0x950e,0xb5f1,0x7c0a,0x4a85,0x4285,
0x6349,0x636a,0x4aa7,0x3206,0x3226,0x3a26,0x3a26,0x21a4,0x29a4,0x4288,0x4268,0x31e6,0x29c6,0x1944,0x29a5,0x3207,0x29c6,0x21a5,0x29e6,0x3a28,0x3227,0x3227,0x1964,0x1944,
0x2965,0x29a6,0x1944,0x29c6,0x3a48,0x2185,0x3a28,0x3a28,0x3207,0x29c6,0x29a6,0x29c6,0x31e7,0x3a48,0x3207,0x29e7,0x29e6,0x3a28,0x3227,0x29c6,0x29c6,0x3207,0x21a6,0x21a6,
0x21c6,0x3228,0x29e7,0x4289,0x3a48,0x2165,0x2165,0x29a6,0x2985,0x39c7,0x2104,0x1082,0x0862,0x0841,0x1082,0x0862,0x0842,0x0862,0x1904,0x0882,0x10e3,0x08a3,0x0021,0x0862,
0x10e3,0x10a2,0x2145,0x2965,0x0862,0x18c3,0x10a2,0x3144,0x41e6,0x18a2,0x2103,0x39a5,0x2924,0x2965,0x29c6,0x3185,0x2944,0x2944,0x10e3,0x2185,0x2164,0x2185,0x1924,0x10c3,
0x2144,0x31a5,0x3185,0x39e6,0x4247,0x39c5,0x3185,0x20e2,0x2944,0x2922,0x5288,0x630a,0x4a88,0x2124,0x2145,0x2165,0x2165,0x1924,0x10e4,0x10c3,0x2124,0x630a,0x6b4a,0x83ec,
0xa4cf,0x7bab,0xc615,0x29a5,0x1124,0x29c7,0x1945,0x1945,0x29c7,0x1945,0x1924,0x29c6,0x2185,0x2144,0x2144,0x2164,0x2184,0x29c4,0x4ae7,0x52e5,0x6ba8,0xb633,0x432a,0x436c,
0x4b4c,0x4b4c,0x538d,0x538d,0x6430,0x5bee,0x53ae,0x6430,0x42ca,0x21e7,0x2a07,0x21c6,0x29c6,0x3207,0x3a49,0x3248,0x2a07,0x3248,0x3228,0x3a89,0x3a88,0x42a9,0x5b8d,0x4b0b,
0x42ca,0x5b8d,0x532b,0x6c0e,0x536c,0x744f,0x8512,0x6c2f,0x7cd1,0x534b,0x42e9,0x8d12,0x5bac,0x7c8f,0x63ed,0x4b09,0x4b2a,0x63cd,0x744f,0x7c8f,0x9532,0x748f,0x84d1,0x7cd0,
0xae15,0xdf7b,0xeffd,0xeffd,0xf7fd,0xefbc,0xef9d,0xf7de,0xffff,0xffff,0xffff,0xffff,0xefde,0xefdd,0x8cf1,0x746f,0x63cd,0x7cd0,0xa5f5,0x9573,0x8d32,0x744e,0x638c,0xc698,
0xeffe,0xd77c,0xe7de,0xb678,0x95b5,0x95d5,0x95f5,0xb6d9,0xa636,0x8d53,0x8d74,0x8d74,0xae37,0x95b4,0x8d73,0x8512,0xa552,0x7c0c,0x9d0f,0x6ba9,0x5ae7,0x2963,0x31c5,0x4aa9,
0x4aa9,0x3a27,0x29a5,0x3207,0x1965,0x3a27,0x3206,0x3206,0x4aca,0x3a68,0x3a47,0x29e6,0x29a5,0x2185,0x29a5,0x2164,0x29a5,0x4289,0x29c6,0x4289,0x530b,0x534c,0x29e6,0x1924,
0x2965,0x1923,0x29a6,0x29c6,0x3207,0x29c6,0x4269,0x2165,0x1103,0x29e6,0x29c6,0x3a48,0x638d,0x52ea,0x4aa9,0x29c6,0x29c6,0x3228,0x3207,0x21a6,0x21a6,0x29e7,0x1985,0x29e7,
0x3227,0x29c6,0x4aca,0x4aa9,0x31c7,0x2165,0x29a5,0x31e6,0x39e6,0x39e6,0x18e3,0x0841,0x0862,0x0882,0x10a3,0x1082,0x0021,0x0021,0x0862,0x1924,0x10c3,0x08a2,0x0862,0x2104,
0x1904,0x10a2,0x10c3,0x2945,0x2104,0x18e4,0x10a2,0x3164,0x41c6,0x18c2,0x39a5,0x2944,0x2103,0x39e7,0x31e7,0x2103,0x39e6,0x31a5,0x1903,0x1924,0x2185,0x29a6,0x1924,0x1924,
0x31a6,0x5289,0x2944,0x2143,0x39e6,0x52a9,0x4a47,0x20e2,0x39a5,0x3184,0x83cd,0x630a,0x4a47,0x39c6,0x2124,0x2145,0x29a6,0x1104,0x10e4,0x10e3,0x18c2,0x3184,0x5267,0x62c8,
0x7bab,0x5246,0x94b0,0x31e6,0x0903,0x1965,0x31e8,0x29a7,0x1104,0x1945,0x1944,0x29a6,0x29c6,0x31e6,0x2165,0x2985,0x31e6,0x3a05,0x3a66,0x3a23,0x6b89,0x9d52,0x4b2b,0x4b8e,
0x4b2d,0x4b4d,0x4b6d,0x5bce,0x640f,0x4b8d,0x53ce,0x53ce,0x63ee,0x3289,0x2207,0x2a28,0x29c6,0x29e7,0x2a07,0x3a69,0x3248,0x29e7,0x3248,0x3268,0x42a9,0x3268,0x3a89,0x5b8c,
0x5b8d,0x42ca,0x534c,0x532b,0x7470,0x5bcd,0x640e,0x6c2e,0x746f,0x6c4f,0x5bac,0x7c8f,0x63ed,0x8d11,0xae36,0xa5d4,0x6c0e,0x42c8,0x742e,0x5b8c,0x5b8c,0x6c4e,0x6c4e,0x7cd0,
0x84b0,0xdf7b,0xefdd,0xefdd,0xefdd,0xefbc,0xefbc,0xefbd,0xf7fe,0xffff,0xffff,0xffff,0xf7fe,0xf7fe,0x84b0,0x6c2e,0x6c2e,0x84d1,0x8511,0x746f,0x744e,0x6c0d,0x638c,0xc698,
0xeffe,0xe7bd,0xe7dd,0xa5f5,0x8532,0x74b0,0x7cf1,0x9df5,0x9df5,0x7d12,0x8d73,0x9dd4,0xa5d5,0x9552,0x9d53,0xa593,0x846d,0x94ee,0x4224,0x4245,0x4227,0x31a7,0x3a08,0x3a28,
0x31e6,0x3207,0x3a28,0x29e7,0x29c7,0x3a28,0x2185,0x636c,0x8cd1,0x3a27,0x29c6,0x3a47,0x3207,0x21a5,0x1944,0x1123,0x29c6,0x29e6,0x31e7,0x29c6,0x3207,0x42a9,0x532b,0x2164,
0x1903,0x2985,0x31e7,0x29a6,0x4289,0x29c6,0x29c6,0x2165,0x2185,0x1964,0x3a68,0x6bad,0x4268,0x4aca,0x4aca,0x29c6,0x29c6,0x31e7,0x3a48,0x29c6,0x2185,0x3208,0x2a07,0x2a07,
0x3248,0x3a69,0x3a48,0x4aca,0x29c6,0x2986,0x2985,0x2164,0x2144,0x39c6,0x18a2,0x1082,0x0862,0x0862,0x10a3,0x0862,0x0021,0x0842,0x0021,0x10c3,0x1925,0x08a3,0x1904,0x0862,
0x2124,0x10c3,0x18e3,0x18e4,0x18c3,0x2966,0x1061,0x3143,0x3985,0x18a2,0x3165,0x18c2,0x2103,0x31c7,0x2965,0x31a6,0x39c6,0x18c2,0x1103,0x1103,0x10e2,0x2165,0x2186,0x1103,
0x2985,0x4a48,0x41e6,0x31c5,0x2964,0x31a5,0x39e6,0x2123,0x3185,0x4a47,0x7bac,0x5ac9,0x5289,0x39c6,0x2985,0x2986,0x29c6,0x1924,0x08c3,0x08c3,0x2124,0x6b2b,0x62e8,0x6b49,
0x944d,0x5aa8,0xa533,0x31e6,0x0944,0x21a6,0x29a7,0x29c7,0x1104,0x1924,0x1924,0x29a6,0x3a06,0x31e6,0x2144,0x3a47,0x4aa8,0x21a3,0x5b49,0x7c2b,0x6b68,0xad92,0x42ea,0x53ae,
0x538d,0x4b2c,0x5bce,0x6c70,0x53ae,0x5bef,0x5bef,0x4b8d,0x53ad,0x5bce,0x42ea,0x21c6,0x2a07,0x29e7,0x3228,0x2a08,0x3a89,0x2a27,0x2a27,0x3247,0x3a68,0x3a68,0x3aa9,0x4b0b,
0x5b6c,0x42c9,0x536c,0x534c,0x5bad,0x640e,0x63ed,0x8d32,0xa616,0xa5f5,0x9573,0x744f,0x5b8b,0x536b,0x748f,0x9553,0x9573,0xb636,0xc6b9,0x9db4,0x744e,0x7cb0,0x748f,0x7cd0,
0x84d1,0xced9,0xf7fe,0xe79c,0xefbd,0xefdd,0xefbd,0xef9c,0xf7dd,0xffff,0xffff,0xffff,0xf7ff,0xf7fe,0x84b0,0x6c0d,0x746f,0x748f,0x8d12,0x8d12,0x84d0,0x744f,0x63ad,0xc698,
0xe7bd,0xe7fe,0xae37,0x8d33,0x7cf1,0x7cf1,0x7d12,0x7d12,0x8512,0xae98,0x8573,0xb677,0x9d52,0x634a,0x5ae9,0x73ac,0x6349,0x4a86,0x5ae9,0x52c9,0x4a89,0x3a07,0x31c6,0x3a27,
0x31c6,0x3207,0x3a48,0x29e6,0x21c6,0x29c5,0x3206,0x5b2b,0x3a27,0x1103,0x3a48,0x4268,0x3207,0x31e6,0x3207,0x3a48,0x31e6,0x2185,0x3a48,0x31e7,0x21a5,0x2a07,0x3a89,0x31e6,
0x2985,0x4269,0x2165,0x31c6,0x4aca,0x2165,0x29a6,0x29c6,0x29a5,0x3206,0x5b4c,0x52ea,0x4aa9,0x4aa9,0x4aca,0x21a5,0x29a6,0x29e7,0x3a48,0x29c6,0x2185,0x3248,0x19a6,0x1985,
0x2a07,0x29e7,0x21a6,0x3227,0x29a6,0x2985,0x1924,0x2985,0x39e6,0x3144,0x0840,0x2104,0x0862,0x0862,0x10a3,0x0862,0x0842,0x0021,0x0862,0x0062,0x10e3,0x31e8,0x1083,0x0021,
0x1904,0x10a2,0x10c3,0x18e3,0x1082,0x2965,0x2924,0x3164,0x39a5,0x20e3,0x2103,0x3185,0x31a6,0x18e3,0x2965,0x4228,0x2965,0x18e3,0x1924,0x1965,0x2164,0x29c6,0x2986,0x2165,
0x31a6,0x5aa9,0x4a27,0x3a06,0x2943,0x31c5,0x5ac9,0x2944,0x4a47,0x4a26,0x736b,0x5ac9,0x5268,0x31a5,0x2964,0x31c6,0x2164,0x1924,0x1104,0x10c3,0x2124,0x630a,0x5aa7,0x7baa,
0xa4af,0x6b29,0xb5b4,0x3a27,0x2206,0x29c7,0x1925,0x2166,0x29a6,0x1904,0x1104,0x29a6,0x3206,0x3206,0x2143,0x4a88,0x4ac9,0x2163,0x6369,0x9cee,0xbdd1,0xa571,0x42c9,0x4b6c,
0x536c,0x5bae,0x536d,0x53ad,0x4b6d,0x74b1,0x642f,0x4b8d,0x5bce,0x74b1,0x7cf2,0x4b4c,0x1985,0x29e7,0x3208,0x29e7,0x21c6,0x42a9,0x3228,0x3247,0x3248,0x4aea,0x42ca,0x3268,
0x534c,0x532b,0x3a89,0x534c,0x4b2b,0x5bcd,0x84f1,0x9db4,0x9df5,0xae36,0xae36,0xa5f5,0xae56,0x7cd0,0x640d,0xc6f9,0xd77b,0xdfbc,0xeffe,0xae16,0x6c2e,0x748f,0x748f,0x84f1,
0x84d1,0xced9,0xf7fe,0xe7bc,0xdf5b,0xefdd,0xefdd,0xefbc,0xf7dd,0xfffe,0xffff,0xffff,0xffff,0xf7fe,0x9512,0x746f,0x6c0e,0x744f,0x8d52,0x9573,0x84f1,0x7c90,0x63ac,0xb657,
0xdf9c,0xb677,0x8d53,0x8512,0x8d53,0x8532,0x8d94,0x7d11,0x74b0,0x9e15,0x8db4,0xbe76,0x4225,0x738a,0xc5f5,0x946f,0x4246,0x31c5,0x4228,0x39e7,0x3a47,0x4ac7,0x3225,0x31e6,
0x29c6,0x29c6,0x2185,0x3a68,0x21c6,0x3227,0x42a8,0x3a27,0x2164,0x1923,0x3a48,0x3a28,0x31e7,0x31e6,0x3227,0x29a5,0x1923,0x31e6,0x3207,0x2185,0x21a6,0x21c6,0x1944,0x3a48,
0x4248,0x31e7,0x29e7,0x3a28,0x31e7,0x2185,0x3227,0x3a48,0x31e6,0x530a,0x530a,0x3206,0x4aea,0x4268,0x3a48,0x21a6,0x21a6,0x29e7,0x29e6,0x29e6,0x2165,0x21a6,0x21a6,0x29e6,
0x21c6,0x1944,0x3207,0x29c6,0x1904,0x2986,0x2185,0x31c6,0x4a88,0x39c5,0x0840,0x2145,0x0862,0x0862,0x1083,0x0862,0x0842,0x0841,0x0841,0x0882,0x1945,0x10c3,0x1904,0x0842,
0x10c3,0x08a2,0x1903,0x10c2,0x10c2,0x18e3,0x2103,0x4a07,0x3185,0x1061,0x39a6,0x4a48,0x18c2,0x2964,0x31c6,0x29a6,0x10c3,0x2144,0x1924,0x2145,0x2164,0x2985,0x10c3,0x2965,
0x2965,0x3185,0x2944,0x20e2,0x20c2,0x2943,0x4a27,0x5aa9,0x41e5,0x4a46,0x4a46,0x5267,0x5268,0x2964,0x1923,0x29a5,0x4a89,0x2144,0x18e3,0x18e3,0x2103,0x5288,0x5aa7,0x7349,
0x9c4d,0x7329,0xa4f1,0x4247,0x3a68,0x1145,0x1945,0x1124,0x2165,0x29a6,0x1104,0x29a6,0x3227,0x3a26,0x3a06,0x52a8,0x5288,0x3164,0x6b29,0xbd90,0xce35,0x52c9,0x4b0b,0x4b6c,
0x53ad,0x5bae,0x538d,0x4b4c,0x430b,0x63ef,0x6c50,0x536d,0x5bae,0x5bee,0x6491,0x7513,0x4b6d,0x2a28,0x29c7,0x3207,0x29e7,0x3207,0x3aa9,0x2a28,0x3289,0x4b2c,0x42aa,0x42ca,
0x3a89,0x5b8d,0x534c,0x534b,0x534b,0x5bcd,0x6c90,0x95d4,0x95f5,0xae56,0xa615,0x9593,0xbed8,0x8511,0x9dd4,0xcf5b,0xbef9,0xbed9,0xc71a,0x9594,0x6c4f,0x744f,0x6c2e,0x84d1,
0x7470,0xc6b9,0xf7ff,0xf7fe,0xe79c,0xe79c,0xe7dc,0xe7fd,0xeffd,0xf7dd,0xffde,0xffde,0xffde,0xfffe,0xe79c,0x7c90,0x6bed,0x6c2e,0x9573,0x9db4,0x8d32,0x6c4f,0x5bcd,0x8511,
0x95b4,0x7d11,0x8d52,0x7d11,0x8d72,0x8d72,0x9df4,0x8552,0x7cf0,0x7cf1,0x84f1,0x8c8f,0x5ac7,0x736a,0x840e,0x3a06,0x2164,0x2964,0x31c5,0x2984,0x29a5,0x31a4,0x29a5,0x2166,
0x2145,0x1945,0x2186,0x21a6,0x4aeb,0x3a68,0x3207,0x1964,0x29e6,0x1965,0x29c6,0x4269,0x2185,0x2185,0x31e7,0x31c7,0x2185,0x2165,0x2165,0x1923,0x29a5,0x3a27,0x21a5,0x3207,
0x3207,0x3207,0x3227,0x2185,0x29c5,0x29e5,0x42a8,0x4ae9,0x5309,0x4ac8,0x4267,0x3206,0x3a68,0x42a8,0x4289,0x29a5,0x29c6,0x29c6,0x3a48,0x29c6,0x1944,0x1924,0x29c6,0x29a6,
0x1924,0x1944,0x3a48,0x1944,0x10e3,0x2145,0x29a6,0x29c6,0x31e7,0x31a5,0x0861,0x2124,0x0882,0x0862,0x1082,0x0862,0x0862,0x0842,0x0862,0x2105,0x10c3,0x10a3,0x10c3,0x1904,
0x10e3,0x10c3,0x10e3,0x08a2,0x18e3,0x2124,0x1081,0x41e6,0x39a5,0x2903,0x39a6,0x39e7,0x2124,0x2124,0x1924,0x1924,0x2145,0x1944,0x1924,0x2145,0x2164,0x31c6,0x2124,0x18e3,
0x39a6,0x4227,0x39c6,0x41c6,0x39a5,0x39a5,0x5ac9,0x4a27,0x41e5,0x4206,0x6309,0x62e9,0x4a06,0x3164,0x2965,0x2165,0x31a6,0x29a6,0x2145,0x18e4,0x2103,0x5ac8,0x5267,0x6b29,
0x9c6e,0x7329,0xad12,0x4a69,0x29c8,0x1946,0x1925,0x1945,0x1925,0x2165,0x2186,0x29a6,0x29a5,0x3a26,0x4aa8,0x4a67,0x5aa9,0x39a5,0x7bab,0xbd90,0xb531,0x31e6,0x4b2b,0x53ce,
0x536d,0x4b2c,0x536d,0x5bee,0x5bce,0x4b6d,0x430b,0x430b,0x432c,0x434c,0x53ce,0x6c91,0x7cf2,0x6c10,0x3a89,0x29c6,0x3207,0x21e6,0x2a07,0x3a69,0x4b4c,0x3a89,0x42ca,0x3a89,
0x3227,0x63ad,0x4b0a,0x42c9,0x4b2b,0x6c2f,0x7d12,0x8553,0x95b4,0x9e15,0xae56,0x95d4,0xae57,0x84f1,0x8d32,0xae36,0xb6b8,0x9df5,0xb698,0x9573,0x6c2f,0x748f,0x744e,0x7c90,
0x7c70,0xced9,0xf7ff,0xf7fe,0xf7fe,0xe79c,0xe7bc,0xeffd,0xf7fe,0xf7fe,0xf7de,0xffff,0xf7fe,0xeffe,0x9d53,0x740e,0x6c0e,0x5bcc,0x7cd0,0x9593,0x8d53,0x63ed,0x640e,0x6c2e,
0x748f,0x8d53,0x8d52,0x8d52,0x7d11,0x8531,0x7d11,0x95d4,0x8d73,0x9593,0x742e,0x4a87,0x738b,0x62e9,0x4a68,0x31e6,0x31e6,0x3a06,0x4a88,0x4aa9,0x4288,0x4268,0x3a27,0x4249,
0x3a08,0x29c7,0x1924,0x21a6,0x4acb,0x42aa,0x3207,0x29c6,0x29c6,0x1123,0x1944,0x29c6,0x31e7,0x29c6,0x29c6,0x3a28,0x2185,0x2165,0x2165,0x2165,0x1944,0x2185,0x31e6,0x29a5,
0x4268,0x3a48,0x3227,0x4288,0x3a67,0x3a46,0x3a67,0x42a8,0x4288,0x29e5,0x3a47,0x3a47,0x3a27,0x3a47,0x4aa9,0x3207,0x2185,0x29a5,0x3a28,0x2185,0x1103,0x31e7,0x29a6,0x1104,
0x1944,0x1924,0x3a27,0x1944,0x1904,0x2145,0x29a6,0x4249,0x3a28,0x2965,0x0861,0x2104,0x0862,0x0862,0x1082,0x1082,0x0862,0x1083,0x2105,0x0862,0x0882,0x10c3,0x10c3,0x08a2,
0x1925,0x10c3,0x1904,0x18e3,0x18e3,0x2124,0x18e2,0x3164,0x41e6,0x39a5,0x2944,0x3165,0x3185,0x10e2,0x10e3,0x1924,0x1944,0x2145,0x1904,0x1924,0x2185,0x31c6,0x2965,0x18e3,
0x2945,0x5aca,0x4207,0x4207,0x4a07,0x4a27,0x4a06,0x39a5,0x4206,0x4a46,0x6b4a,0x62e9,0x5248,0x39a6,0x2965,0x2165,0x2965,0x2125,0x2986,0x1904,0x2124,0x5aa8,0x5266,0x6b08,
0x944d,0x6b29,0xa511,0x3a27,0x29e8,0x21a7,0x1925,0x1945,0x1945,0x1924,0x1904,0x31e7,0x2184,0x29a4,0x29a5,0x31c5,0x39c5,0x5aa8,0x7b8a,0x8c2a,0x6b29,0x31c5,0x538d,0x53ad,
0x4b2c,0x4b2c,0x4b4c,0x8d54,0x6430,0x6430,0x6430,0x4b2c,0x430b,0x432c,0x4b8d,0x6470,0x7491,0x4b4c,0x63ae,0x3a69,0x3228,0x29e7,0x2a07,0x3a89,0x4b0b,0x42ca,0x3a69,0x42aa,
0x42a9,0x42ea,0x532b,0x532b,0x4b2b,0x7cb1,0x74d1,0x7d12,0x8d93,0x9dd5,0xa616,0xa616,0xae36,0x744f,0x8d53,0xae36,0xbed9,0xa636,0xb6b8,0x9573,0x6c2e,0x6c0e,0x746f,0x7cb0,
0x7c70,0xbe78,0xf7fe,0xf7fe,0xfffe,0xf7dd,0xefdd,0xf7fe,0xf7fe,0xf7fe,0xf7fe,0xdf5c,0xc6b9,0xb677,0x84b0,0x6c2e,0x5bac,0x6c2e,0x640d,0x748f,0x8d53,0x7470,0x640e,0x6c4f,
0x8d53,0x7d12,0x7d11,0x8d73,0x8511,0x8511,0x8d93,0x8d73,0x8d72,0x9593,0x740d,0x52c9,0x73ac,0x39c5,0x31c6,0x1965,0x2184,0x2184,0x2184,0x21a5,0x29a5,0x29a5,0x29a5,0x2165,
0x2165,0x2165,0x1945,0x31e7,0x1965,0x1124,0x29c6,0x2185,0x1965,0x21a5,0x21a6,0x1965,0x1944,0x1944,0x1944,0x1944,0x2165,0x2165,0x2185,0x1945,0x2165,0x1944,0x1944,0x3206,
0x63ac,0x638b,0x5b4b,0x532a,0x4ae9,0x5309,0x4ac8,0x4ae9,0x42a8,0x4288,0x4288,0x42a9,0x3a68,0x4268,0x29c6,0x3227,0x29c6,0x2164,0x29e6,0x1944,0x29a6,0x3208,0x1944,0x1924,
0x1924,0x2165,0x3a27,0x1944,0x1904,0x2146,0x31e8,0x31e7,0x3a49,0x31a7,0x0861,0x18e4,0x0841,0x0862,0x10a3,0x0862,0x10a3,0x2125,0x0862,0x1082,0x0882,0x10a3,0x10a3,0x0062,
0x10e3,0x10c3,0x10e3,0x10a2,0x10c2,0x2144,0x1081,0x3985,0x4a27,0x20e3,0x39a6,0x2924,0x4a48,0x10e2,0x10c2,0x1924,0x2144,0x1924,0x1104,0x1104,0x2164,0x31e7,0x2145,0x2124,
0x2965,0x4a48,0x4a27,0x4a27,0x5a89,0x41e6,0x41e6,0x3164,0x4a26,0x4a46,0x6309,0x6309,0x4a27,0x3184,0x2984,0x2984,0x31a5,0x1944,0x1924,0x2965,0x2123,0x4a47,0x4a46,0x62e7,
0x948d,0x5ae5,0x7c2b,0x3204,0x29c5,0x3228,0x1125,0x1945,0x1945,0x1924,0x1904,0x29c6,0x4ac9,0x29e6,0x2964,0x39e6,0x39e6,0x5aa8,0x9cae,0xb56f,0xb551,0x94d1,0x4b2b,0x4b8d,
0x4b6d,0x4b2c,0x4b4c,0x53ad,0x4b4c,0x74b1,0x5bef,0x430b,0x4b4c,0x538d,0x6450,0x53ce,0x4b4c,0x538d,0x5b8d,0x4b0b,0x21e6,0x3248,0x3a89,0x29e7,0x3a89,0x4aeb,0x3248,0x4aeb,
0x3aa9,0x42ca,0x5b6c,0x42ea,0x4b0b,0x74b1,0x8512,0x7d12,0x8553,0x95b4,0x95b4,0x8d94,0xa5f5,0x6c2f,0x7cb1,0xa636,0xae77,0xb698,0xae77,0x8d33,0x5bcd,0x63ed,0x63ed,0x7c8f,
0x7c6f,0xadf6,0xf7fe,0xf7de,0xf7fe,0xf7fe,0xf7fe,0xf7fe,0xf7fe,0xf7fe,0xd71a,0x9553,0x8512,0x9593,0x7c8f,0x6c0d,0x63ed,0x6c2e,0x5bcc,0x7cd0,0x6c2f,0x63ee,0x6c2e,0x5bcd,
0x7490,0x7cf1,0x8512,0x8532,0x74d0,0x7d11,0x8d94,0x7cf1,0x8532,0x8d53,0x63cc,0x6b8c,0x5aea,0x2143,0x29a6,0x2165,0x1944,0x2184,0x1964,0x2164,0x2164,0x2164,0x2165,0x2144,
0x2165,0x2165,0x3207,0x29a6,0x2165,0x1944,0x1944,0x21a6,0x1965,0x1965,0x1944,0x1965,0x1944,0x1944,0x1944,0x2165,0x2185,0x2165,0x2165,0x2165,0x1904,0x08c2,0x2164,0x4288,
0x638c,0x5b4b,0x5b8b,0x5b4a,0x5b6b,0x5b4a,0x5b6b,0x42c8,0x4ac9,0x3a47,0x3206,0x4268,0x4289,0x3207,0x29c6,0x21a5,0x3a48,0x3a48,0x2164,0x21a5,0x29a6,0x10e3,0x2145,0x1924,
0x1903,0x29a6,0x3207,0x1944,0x1104,0x1925,0x29c7,0x29e7,0x31e7,0x3a08,0x1082,0x10c3,0x0841,0x1082,0x0862,0x1083,0x2105,0x0862,0x0041,0x0882,0x0862,0x10a3,0x08a3,0x0062,
0x08a2,0x08a2,0x1904,0x10c2,0x18e3,0x10c2,0x3185,0x4207,0x39a5,0x18a2,0x39c6,0x39c6,0x41e7,0x10e3,0x10e3,0x1923,0x29a6,0x2165,0x1944,0x1104,0x2164,0x31e7,0x2125,0x2124,
0x2124,0x41e6,0x4206,0x5aa9,0x5248,0x4a07,0x41e6,0x2943,0x39a5,0x4a46,0x6308,0x6308,0x4a45,0x39e3,0x3a45,0x3a45,0x4266,0x29c4,0x29a5,0x2164,0x2984,0x39c5,0x39c4,0x6308,
0x8cad,0x5b46,0x7c4a,0x9d90,0x5b6a,0x29c6,0x1966,0x1104,0x1945,0x1104,0x2145,0x2165,0x3226,0x3a47,0x31e7,0x39e7,0x4206,0x62e8,0x8c2c,0xad0e,0xb531,0xc677,0x42ea,0x53ad,
0x430b,0x6c30,0x6c30,0x6430,0x5bce,0x640f,0x432b,0x432b,0x6c70,0x7cf2,0x640f,0x4b4c,0x4b4c,0x53ad,0x536d,0x536d,0x4b0b,0x3248,0x3228,0x21c6,0x3a69,0x3a69,0x3a69,0x532c,
0x3268,0x4aea,0x42ca,0x536c,0x4b2b,0x7491,0x8533,0x7d12,0x7cf2,0x9594,0x8d73,0x9594,0xa5f6,0x7cb1,0x7c90,0x9df5,0xb6b8,0xbed9,0xbeb9,0x8d53,0x5bcd,0x63ed,0x5bac,0x744f,
0x746f,0x9d94,0xeffe,0xefde,0xf7ff,0xe7bd,0xbe58,0xae16,0xdf5b,0xefde,0xd73a,0xa5f5,0xbeb8,0xae56,0x7c8f,0x640d,0x6c4e,0x640d,0x63ed,0x5bac,0x5bad,0x5bad,0x5bad,0x7cf1,
0x74b0,0x7490,0x7cf1,0x7cf1,0x8532,0x8532,0x7cf1,0x7cf1,0x7cf1,0x8511,0x63cd,0x29e5,0x10a1,0x18e2,0x31c5,0x94d2,0x73ee,0x638c,0x4aca,0x4aa9,0x740e,0x6bad,0x636c,0x634c,
0x632c,0x636d,0x4aca,0x3207,0x29e6,0x29c6,0x3227,0x3227,0x4269,0x4269,0x3207,0x3207,0x2185,0x31e7,0x4aaa,0x3a28,0x530b,0x52eb,0x52eb,0x52eb,0x52eb,0x52ea,0x31e6,0x1943,
0x4288,0x4ac9,0x3a46,0x3a67,0x5b4b,0x4ae9,0x2a06,0x1943,0x29a5,0x2184,0x3a27,0x3a27,0x31e6,0x21a5,0x29e6,0x2185,0x29c6,0x3207,0x3a48,0x2164,0x1923,0x1904,0x1924,0x1924,
0x10e3,0x29a6,0x31e6,0x1923,0x1104,0x1965,0x29e7,0x29c7,0x31e7,0x29a6,0x1904,0x1904,0x0021,0x0882,0x18c3,0x2105,0x10a3,0x0021,0x0842,0x10a3,0x0883,0x0882,0x10c3,0x0882,
0x10c3,0x08a2,0x10c2,0x10e3,0x1924,0x2124,0x3185,0x3143,0x20c2,0x18a2,0x2944,0x31a5,0x4a69,0x10c2,0x1103,0x1944,0x29c6,0x2165,0x1104,0x1944,0x2164,0x31e7,0x2145,0x18e3,
0x2924,0x41e7,0x4a48,0x4a48,0x5aa9,0x4206,0x39c5,0x3164,0x39c5,0x5287,0x6308,0x62e7,0x7389,0x73a8,0x6ba8,0x6bc8,0x5b68,0x21a2,0x21a3,0x31e5,0x2143,0x39c5,0x39c6,0x41e7,
0x31c3,0x5b67,0x7429,0x952e,0x5b69,0x29e7,0x29c7,0x1124,0x1924,0x1924,0x29a6,0x29a6,0x2164,0x29c5,0x3a08,0x4228,0x39e5,0x6b49,0x7bea,0xb570,0xb551,0x8c70,0x4b2b,0x6c70,
0x4b4c,0x6c30,0x8534,0x4b4c,0x432c,0x4b6d,0x4b2c,0x6c50,0x642f,0x434c,0x432c,0x536d,0x642f,0x42eb,0x42eb,0x7c91,0x5b8d,0x21c6,0x2a07,0x29e7,0x3a48,0x3a49,0x2a27,0x534c,
0x3a68,0x3a68,0x4aea,0x534b,0x536d,0x7cd2,0x7d12,0x74b1,0x7cf2,0x8d74,0x8d74,0x9dd5,0xa637,0x744f,0x63ee,0x7cb1,0x8d94,0xbed9,0xc6fa,0x8d53,0x536b,0x63ed,0x5bcc,0x746f,
0x74af,0x9572,0xd75b,0xe79c,0xcf1a,0xbe98,0xa5f6,0xa616,0xb657,0xc699,0xbe98,0xcf3a,0xa615,0x8d72,0x6c6f,0x642e,0x640d,0x8511,0x7cd0,0x640d,0x5bad,0x536c,0x538c,0x6c2f,
0x7490,0x7490,0x74b0,0x8532,0x8532,0x7cd1,0x7490,0x74d1,0x7490,0x74d0,0x7cf1,0x7c70,0x4268,0x4226,0x842e,0x94b0,0x52a9,0x52c9,0x4267,0x3a27,0x52c9,0x4247,0x3a07,0x3a28,
0x52ca,0x4248,0x2985,0x4a89,0x4aca,0x3a68,0x3a48,0x3228,0x3228,0x42aa,0x3228,0x29e7,0x4269,0x3a28,0x3a28,0x31e7,0x31e7,0x3207,0x3a27,0x3207,0x3207,0x4289,0x29e6,0x29a5,
0x3a48,0x4288,0x4ae9,0x42c9,0x3a67,0x3206,0x21a5,0x1964,0x2184,0x3a47,0x4aca,0x4aca,0x29c6,0x2185,0x2185,0x1964,0x1964,0x31e7,0x3207,0x1944,0x1944,0x1924,0x18e4,0x2145,
0x1903,0x31c6,0x31c6,0x1923,0x1104,0x1945,0x29e7,0x3207,0x29c6,0x29c6,0x1903,0x2125,0x0882,0x10a3,0x2125,0x0862,0x0862,0x0841,0x0041,0x10a3,0x10c3,0x0862,0x08a2,0x10c3,
0x18e3,0x0882,0x10c3,0x10a2,0x2986,0x2124,0x18e3,0x3185,0x1082,0x18a2,0x3165,0x18e3,0x31a6,0x2144,0x1103,0x29a5,0x2165,0x1944,0x2185,0x2165,0x2165,0x31c7,0x2145,0x18e3,
0x2124,0x4227,0x41e6,0x41e6,0x4206,0x5247,0x4a47,0x3164,0x41e6,0x41e5,0x39c4,0x5286,0x6348,0x6ba8,0x5b25,0x5b65,0x6be9,0x8cee,0x742c,0x3a26,0x4227,0x4a47,0x52a9,0x4a47,
0x6329,0x3a03,0x5b48,0x4ae8,0x3226,0x3228,0x31e8,0x1945,0x1104,0x2145,0x2986,0x2165,0x29a5,0x29a6,0x31a6,0x4a48,0x39c5,0x738b,0x946d,0x944c,0x946e,0x73ed,0x534b,0x4b6c,
0x4b4c,0x4b4c,0x4b2c,0x432c,0x5bee,0x8d34,0x7491,0x7cd2,0x74d2,0x53ce,0x6c71,0x5bce,0x5bee,0x5bef,0x5bee,0x7491,0x63ee,0x2a28,0x2a08,0x3207,0x3228,0x3a69,0x2a07,0x4b0b,
0x42ca,0x3a69,0x4b0b,0x4b0b,0x4b0b,0x6c30,0x8512,0x7cd2,0x74d1,0x8512,0x8d74,0x9e16,0x8d74,0x8d33,0x538c,0x8512,0x8d53,0x8d33,0x8d53,0x6c4f,0x538c,0x5bcd,0x5bac,0x6c2e,
0x6c4e,0x9594,0xae57,0xb677,0xae57,0xb6b8,0xb698,0xae57,0xb698,0xae57,0xb677,0xc6d9,0xb677,0x8511,0x746f,0x6c4e,0x5bcd,0x63ed,0x6c4e,0x640d,0x640e,0x63cd,0x63cd,0x5bcd,
0x6c4f,0x7490,0x7cf2,0x7cf2,0x6c70,0x6c4f,0x74b0,0x74d0,0x644e,0x6490,0x6c90,0x8d33,0xb5f6,0x634a,0x6329,0x7bcc,0x2964,0x4a88,0x3a06,0x31a5,0x4247,0x2984,0x29a5,0x3a27,
0x31c6,0x2144,0x1923,0x4289,0x4ac9,0x29a6,0x3a28,0x4289,0x3207,0x2165,0x4aaa,0x3207,0x3a48,0x3a48,0x2185,0x4269,0x3207,0x2185,0x29c6,0x3227,0x29c6,0x29a5,0x31e6,0x3a48,
0x4aca,0x52ea,0x4ac9,0x4288,0x1943,0x1964,0x2184,0x29e6,0x4288,0x4aa9,0x3a47,0x29a5,0x2185,0x29c6,0x29c6,0x29c6,0x3a28,0x2185,0x1923,0x29c6,0x2165,0x10e3,0x29a6,0x2165,
0x1103,0x31c6,0x31e7,0x1924,0x1103,0x1945,0x2185,0x3227,0x29c6,0x4247,0x39e6,0x0841,0x18e4,0x2945,0x10a3,0x0842,0x0862,0x1083,0x0842,0x0841,0x10a3,0x0062,0x0062,0x10e3,
0x2104,0x1082,0x0861,0x18e3,0x31a6,0x10a2,0x1904,0x18e3,0x10a3,0x18c3,0x2924,0x18c3,0x18c3,0x29a6,0x31e7,0x1924,0x2185,0x1944,0x2165,0x1944,0x2125,0x31c7,0x2124,0x2124,
0x39c6,0x4227,0x3185,0x41e7,0x41e6,0x4206,0x4a67,0x31a5,0x39e6,0x39e6,0x4206,0x3184,0x2983,0x3a24,0x4a84,0x3a22,0x7408,0x84ac,0x6389,0x3a24,0x4a87,0x5b09,0x52c8,0x6b69,
0x94ae,0x31c3,0x4aa8,0x4288,0x29e6,0x3208,0x29a7,0x1925,0x1924,0x2986,0x1924,0x29a6,0x1923,0x2985,0x3a07,0x4207,0x5268,0x736b,0x83ed,0x9caf,0x840d,0xb5f5,0x4aea,0x4b2c,
0x4b6d,0x4b4c,0x4b6d,0x4b6c,0x5bae,0x53ad,0x7471,0x5bce,0x6c50,0x74d2,0x5bee,0x6430,0x74d2,0x6470,0x74b2,0x6450,0x74b2,0x42cb,0x2a07,0x29e7,0x3228,0x4289,0x3227,0x4b0b,
0x3268,0x42ea,0x534c,0x42a9,0x534c,0x430b,0x7cd2,0x7cd2,0x7cd1,0x7cf2,0x8d74,0x8d74,0x7cf1,0x9594,0x7cd1,0x538c,0xae57,0x9db5,0x5bcd,0x536b,0x5bcd,0x63cd,0x5bac,0x6c2e,
0x9df5,0xae57,0xa616,0xa616,0xb6b8,0xbed9,0xbed9,0xbed9,0xae77,0xae78,0xb6b8,0xc6fa,0xe7de,0xdf5c,0x84d1,0x6c0d,0x63ed,0x6c0d,0x84f0,0x748f,0x640d,0x6c2e,0x6c4f,0x63ed,
0x63ee,0x74b1,0x7cb1,0x7470,0x6c6f,0x6c8f,0x6c8f,0x646f,0x6c8f,0x6490,0x6c90,0x746f,0x5b2a,0x52a8,0x6b4a,0x634a,0x4227,0x4aa9,0x31e6,0x4227,0x4228,0x3a07,0x52ea,0x2185,
0x1903,0x29c6,0x1103,0x29c6,0x3207,0x2165,0x2986,0x29c6,0x3207,0x1944,0x29c6,0x3207,0x29c6,0x1964,0x1965,0x29c6,0x29c6,0x1965,0x29c6,0x3227,0x2165,0x31e6,0x2165,0x2164,
0x3a48,0x5b2b,0x3207,0x3a47,0x52ea,0x4288,0x4aa9,0x4aea,0x4aa9,0x3206,0x29c5,0x29a5,0x29a5,0x29e6,0x2185,0x31e7,0x29c6,0x2164,0x2185,0x1904,0x2166,0x29a6,0x2164,0x1944,
0x1924,0x2185,0x3208,0x1945,0x1103,0x1945,0x2186,0x3208,0x31c6,0x31c5,0x2924,0x10a3,0x2104,0x1904,0x10a3,0x0021,0x0021,0x1062,0x1062,0x0841,0x0041,0x0082,0x0082,0x08c3,
0x1903,0x0861,0x18e3,0x2124,0x18e3,0x18e3,0x2144,0x10c2,0x2945,0x18e3,0x2103,0x18e3,0x2945,0x2165,0x2165,0x3207,0x1924,0x1944,0x1944,0x10e3,0x1904,0x2965,0x1903,0x31a6,
0x2944,0x2985,0x2944,0x3164,0x39a5,0x3184,0x31a4,0x39c5,0x41e6,0x39e6,0x4226,0x31a5,0x3184,0x31e4,0x3a24,0x3a23,0x5304,0x4ac4,0x6ba9,0x4a86,0x5ae7,0x4a86,0x4a45,0x5ac8,
0x840c,0x39e4,0x4246,0x4aa9,0x29e6,0x29c7,0x2166,0x1925,0x1904,0x2145,0x29c7,0x29a6,0x31c6,0x2144,0x2965,0x39c6,0x5268,0x4a47,0x736b,0x6b09,0x842d,0x7c2e,0x3a47,0x4b4c,
0x4b4d,0x4b4d,0x4b6d,0x4b4c,0x4b6c,0x538d,0x5bce,0x5bce,0x4b6d,0x640f,0x6c91,0x74b1,0x74b2,0x6c91,0x6c91,0x6430,0x74b1,0x3aca,0x2a07,0x29e7,0x3a48,0x42a9,0x3227,0x4b0b,
0x3227,0x3a69,0x5b6c,0x42ea,0x4b2b,0x534c,0x5bcd,0x8513,0x8d53,0x8d74,0x8512,0x74d1,0x74d1,0x6c6f,0x8d53,0x5bee,0x536c,0x7cd1,0x7470,0x6c2f,0x640e,0x63ed,0x5bac,0x6c2e,
0x7490,0x9dd5,0xae57,0x9df5,0xae57,0xb6b9,0xbef9,0xbed9,0xae77,0xae57,0xb698,0xc6fa,0xe7bd,0xd75b,0x8d12,0x63ed,0x63ed,0x6c4e,0x9593,0x8511,0x6c0d,0x6c0e,0x6c2f,0x640e,
0x6c2f,0x6c4f,0x642f,0x7470,0x6c4f,0x6c70,0x6c70,0x6c4f,0x6c70,0x74f1,0x74b0,0x744e,0x4266,0x6309,0x6328,0x5b09,0x31e6,0x4268,0x4248,0x4248,0x31e7,0x4248,0x3a28,0x2985,
0x2164,0x31e7,0x21a5,0x29e6,0x3227,0x29c6,0x31e7,0x3a28,0x3a48,0x31e7,0x3a48,0x3a48,0x42aa,0x3228,0x3207,0x3a48,0x3a28,0x3228,0x4aaa,0x3207,0x3207,0x3a27,0x3207,0x3207,
0x3a27,0x4268,0x31e6,0x31e6,0x3a48,0x4aa9,0x3a27,0x3a27,0x3227,0x2164,0x1944,0x1944,0x31e6,0x29a5,0x3207,0x29c6,0x1944,0x2164,0x1923,0x1944,0x1904,0x31e7,0x1944,0x1103,
0x2165,0x1944,0x31e7,0x2165,0x1103,0x2186,0x1965,0x31e7,0x29a6,0x31c5,0x2964,0x2104,0x0861,0x0882,0x2125,0x0862,0x0862,0x1083,0x1082,0x0841,0x0041,0x0862,0x08a3,0x08c3,
0x18c3,0x18e3,0x1904,0x10c3,0x2104,0x2124,0x10a2,0x2103,0x2965,0x18c2,0x2924,0x18c2,0x10c2,0x1903,0x1103,0x2165,0x29a5,0x1924,0x10c2,0x1103,0x1903,0x1923,0x39e7,0x2944,
0x2944,0x4a68,0x3165,0x5a89,0x39a5,0x4a47,0x6b6b,0x41c6,0x39a5,0x2944,0x2102,0x2103,0x2943,0x2984,0x31e4,0x4aa6,0x52e6,0x4264,0x52a6,0x52c8,0x52c8,0x5287,0x4205,0x5ac8,
0x7bcc,0x39c4,0x52a8,0x4a88,0x29e6,0x2186,0x1904,0x10e4,0x1924,0x1925,0x2986,0x2986,0x31e6,0x31e6,0x31a6,0x5289,0x4227,0x39c5,0x62e9,0x5266,0x83ed,0x632a,0x3a48,0x4b4c,
0x432c,0x4b6d,0x4b6d,0x4b6c,0x4b2c,0x6c30,0x5bee,0x432b,0x53ae,0x6c50,0x7cd2,0x7cd2,0x74b1,0x6450,0x642f,0x5c2f,0x6c70,0x5bce,0x2207,0x29e7,0x3228,0x3248,0x2a27,0x4b0b,
0x2a07,0x3a68,0x4b0b,0x4b2b,0x4b2b,0x7490,0x5bad,0x8512,0x9dd5,0x9db5,0x6c90,0x6c90,0x7490,0x7cd1,0x7cf2,0x8512,0x42ea,0x6c70,0xb698,0x8d33,0x5bac,0x63ed,0x63ed,0x6c4f,
0x642e,0x95b5,0xb698,0xa636,0xa616,0xb6b8,0xbef9,0xbed9,0xbed9,0xae98,0xae77,0xbeb9,0xcf3b,0xbe98,0x6bee,0x63cd,0x640d,0x6c2e,0x9593,0x8d52,0x746f,0x63ed,0x6c4f,0x6c2e,
0x6c4f,0x640e,0x6c4f,0x6c2e,0x6c4f,0x642f,0x642f,0x642f,0x642f,0x6c90,0x5c0d,0x744e,0x7c0d,0x630a,0x5ae9,0x4206,0x31c6,0x3a07,0x3a07,0x31c7,0x52cb,0x4269,0x29a6,0x31e7,
0x3207,0x29a6,0x3a48,0x3a48,0x3a68,0x3a48,0x4289,0x4aaa,0x4269,0x3a28,0x4269,0x3a48,0x3a68,0x4289,0x3a48,0x3207,0x3a69,0x4289,0x3207,0x3a27,0x3207,0x31e6,0x29a6,0x29c6,
0x29a6,0x29c6,0x21a5,0x29a5,0x2165,0x29c6,0x29e6,0x2165,0x2164,0x2164,0x2185,0x1944,0x2185,0x29a5,0x29a6,0x1944,0x21a5,0x21a5,0x29c5,0x29c6,0x2164,0x08e2,0x29c6,0x31e6,
0x1924,0x1924,0x29a6,0x2165,0x1124,0x1945,0x2186,0x2186,0x29a6,0x39e6,0x39e6,0x1061,0x0041,0x10a2,0x0882,0x10c3,0x18e4,0x0862,0x10a3,0x0862,0x0041,0x0862,0x08a3,0x08a3,
0x31c6,0x2104,0x10a2,0x18e3,0x18e3,0x18c3,0x10c2,0x31a5,0x2924,0x18a2,0x3165,0x20e3,0x18e2,0x1923,0x1103,0x1103,0x2164,0x29a5,0x29c6,0x2164,0x3a27,0x3a07,0x2985,0x2144,
0x3185,0x4a69,0x31a6,0x5a89,0x4a47,0x5247,0x5a88,0x41e6,0x41a6,0x41e6,0x31a5,0x2944,0x2944,0x2143,0x2143,0x4246,0x52a8,0x31c5,0x31a5,0x18e2,0x18e2,0x3184,0x31a4,0x39a4,
0x39c4,0x41c5,0x6b6b,0x4aa9,0x29a5,0x1945,0x1104,0x1104,0x1924,0x1924,0x1945,0x2145,0x31c6,0x2985,0x3a07,0x4228,0x3185,0x4a27,0x62c9,0x83ab,0xad52,0xb5d5,0x2164,0x42eb,
0x430c,0x432c,0x4b4c,0x4b6d,0x4b2c,0x432b,0x4b4c,0x4b6d,0x430b,0x4b4c,0x640f,0x6c50,0x6c91,0x640f,0x5c0f,0x6471,0x6c71,0x74b1,0x2207,0x3248,0x29e7,0x2a07,0x2a27,0x4b0b,
0x3228,0x3248,0x4aea,0x42ea,0x534c,0x7cd1,0x4b2b,0x7470,0x9594,0x7cd2,0x95d5,0x8d94,0x74d1,0x7490,0x7cd1,0x7470,0x640e,0x536c,0x7cf2,0x9574,0x63ed,0x5bac,0x63ee,0x746f,
0x7490,0xa616,0xb698,0xa636,0xa636,0xae57,0xbed9,0xbed9,0xb6b8,0xb6d9,0xae57,0xbeb8,0xcf3b,0xc6b9,0x6c0e,0x6c0e,0x744f,0x640d,0x9573,0x84f0,0x746f,0x746f,0x746f,0x746f,
0x63ee,0x640e,0x6c4f,0x63ed,0x6c4f,0x6c70,0x63ef,0x63ee,0x640e,0x640e,0x640e,0x742f,0x6b8c,0x4a48,0x4207,0x39e7,0x29a5,0x2164,0x2165,0x31c6,0x29a6,0x31c7,0x29c6,0x29a6,
0x2185,0x1944,0x21a6,0x2185,0x2185,0x2165,0x2144,0x2165,0x10e3,0x1944,0x1944,0x1944,0x1964,0x1944,0x1944,0x1965,0x29a6,0x1944,0x1123,0x1923,0x1103,0x1924,0x1944,0x1924,
0x2164,0x1944,0x2185,0x21a5,0x2185,0x2185,0x29a5,0x3207,0x2184,0x2164,0x29c5,0x29e6,0x4268,0x3207,0x2185,0x3207,0x42a8,0x3a67,0x3a47,0x3a88,0x21a5,0x29a5,0x29c6,0x3207,
0x3207,0x29a6,0x1945,0x29a6,0x1104,0x1104,0x2186,0x2165,0x2985,0x4227,0x2123,0x1081,0x0040,0x10a2,0x08a2,0x0041,0x2945,0x1083,0x0862,0x1082,0x0021,0x0862,0x0882,0x0882,
0x2945,0x18e3,0x10a2,0x10a2,0x18c3,0x18c3,0x10c2,0x3184,0x4207,0x2924,0x20e2,0x2923,0x31a5,0x2143,0x1943,0x29a5,0x1923,0x29a5,0x4268,0x31e6,0x4247,0x2984,0x3a27,0x31c6,
0x2965,0x39e6,0x2964,0x41e6,0x4a06,0x4206,0x41c5,0x49e6,0x5228,0x4206,0x4a68,0x39e6,0x2964,0x2144,0x2944,0x3a06,0x3a06,0x4227,0x39c6,0x2944,0x3165,0x2923,0x5268,0x4a47,
0x4a26,0x5288,0x632a,0x5b0b,0x2164,0x10e3,0x1104,0x10e4,0x1924,0x10e4,0x2145,0x2965,0x31c6,0x3a28,0x4228,0x2965,0x2123,0x3164,0x734a,0x944d,0x7bab,0x842e,0x2184,0x3aaa,
0x4b2c,0x430c,0x430b,0x430b,0x538d,0x432c,0x536d,0x4b4c,0x536d,0x430b,0x63ef,0x4b6c,0x4b4c,0x640f,0x6450,0x6491,0x6c70,0x6c70,0x2a28,0x2a28,0x2a07,0x2a07,0x3227,0x42ca,
0x3248,0x3248,0x42a9,0x42ea,0x4b0b,0x84f2,0x7cd1,0x6c2f,0x8512,0x7cd1,0xae78,0xc73b,0x9df5,0x644f,0x74b1,0x5bcd,0x9574,0x5bad,0x640e,0x7490,0x63ed,0x5bcd,0x63ed,0x744f,
0x6c4f,0x9dd5,0xb6b8,0xae57,0xa637,0xa636,0xb6b8,0xc6fa,0xbef9,0xbf19,0xbef9,0xb698,0xcf1a,0xd75b,0x742f,0x63ed,0x744e,0x63ec,0x9593,0x84f0,0x746f,0x746f,0x7490,0x6c0e,
0x63ed,0x6c4f,0x642e,0x640d,0x640e,0x6c50,0x6c0f,0x748f,0x6c2c,0x7caf,0x8511,0x7c2e,0x630a,0x39a5,0x39e6,0x31c6,0x3a47,0x3a47,0x4288,0x3207,0x29c6,0x29a5,0x3207,0x31c7,
0x2165,0x1924,0x21a6,0x21a6,0x21a6,0x29a6,0x29c6,0x1944,0x2165,0x29c6,0x2165,0x29a6,0x29c6,0x2165,0x29e7,0x42aa,0x21a5,0x21a5,0x29c6,0x2185,0x2185,0x2164,0x1923,0x1924,
0x1944,0x21a5,0x2184,0x29c5,0x29c5,0x31e5,0x3226,0x4ac9,0x4268,0x3a27,0x3a67,0x4ae9,0x42a8,0x4267,0x3a68,0x534b,0x4ac9,0x4ae9,0x4ac8,0x4b09,0x2184,0x29a5,0x31e6,0x29a6,
0x29c6,0x29c6,0x1924,0x2165,0x1104,0x1124,0x1945,0x2185,0x3a07,0x2984,0x2123,0x10a2,0x0040,0x10a2,0x0882,0x0882,0x1083,0x18e4,0x10c3,0x10a3,0x0862,0x0862,0x0882,0x0862,
0x10a2,0x18c3,0x18e3,0x1082,0x18e3,0x18e3,0x18e3,0x2102,0x41e6,0x3144,0x1881,0x2102,0x31a5,0x3a06,0x10e2,0x1943,0x2164,0x2184,0x29c6,0x4268,0x2984,0x31c5,0x4227,0x3a06,
0x2144,0x2965,0x2103,0x39c6,0x4a27,0x4a06,0x4a06,0x5a48,0x5248,0x4a06,0x39c5,0x39e6,0x2965,0x2965,0x2144,0x2984,0x39e6,0x39e6,0x41e6,0x4a68,0x5ac9,0x3184,0x4a47,0x5247,
0x5247,0x5268,0x630a,0x73ce,0x2185,0x1945,0x1104,0x1104,0x10e4,0x10e4,0x1904,0x1924,0x39e7,0x3a08,0x2945,0x2124,0x39a6,0x4a48,0x83cd,0xa48f,0x8c2d,0x6b6b,0x2185,0x21c6,
0x430c,0x42eb,0x430b,0x4b4c,0x4b4c,0x4b4c,0x4b4c,0x4b6d,0x4b2c,0x63ef,0x4b6d,0x432c,0x5bce,0x7cd2,0x6c71,0x5c30,0x6450,0x6c70,0x3aca,0x2a07,0x2a27,0x2a07,0x2a27,0x3a89,
0x3248,0x3248,0x3aa9,0x4b0b,0x42ea,0x8d53,0x9554,0x5bad,0x7cd1,0x8d54,0x9dd5,0x9df5,0x95b4,0x6c70,0x7cb1,0x642f,0x8512,0x7cd1,0x538c,0x538c,0x538c,0x640e,0x640e,0x6c2e,
0x6c6f,0x9df6,0xb698,0x9df5,0xa616,0xae57,0xb698,0xbed9,0xbef9,0x95d4,0xae98,0xae77,0xae36,0xdf9c,0x84b0,0x63cd,0x63cc,0x5bac,0x84f0,0x8d52,0x8d12,0x6c0e,0x6c2e,0x640e,
0x538c,0x5bad,0x5bcd,0x640e,0x640f,0x63ee,0x84d1,0x84cf,0x84ee,0x8d4f,0x850f,0x7c2c,0x7beb,0x6329,0x5ac9,0x73cd,0x3a47,0x530a,0x4aa8,0x3a27,0x29a5,0x4aa9,0x3207,0x3a08,
0x31e7,0x31e7,0x3a28,0x29c7,0x1945,0x2165,0x29a6,0x29a6,0x2185,0x2165,0x2165,0x29a6,0x2185,0x3a48,0x4289,0x3207,0x3207,0x29e6,0x3207,0x31e6,0x29c6,0x31e6,0x3a27,0x3a48,
0x3a68,0x52e9,0x3a46,0x4267,0x5309,0x52e9,0x4ae9,0x4ac9,0x4ae9,0x5b4a,0x63ac,0x5b2a,0x3a67,0x4267,0x42a8,0x3a67,0x3a87,0x42a7,0x3a67,0x3a47,0x1984,0x2164,0x2185,0x31e6,
0x2165,0x2185,0x29c6,0x1924,0x1945,0x1945,0x1965,0x3208,0x29a6,0x3185,0x3185,0x10a2,0x0861,0x08a2,0x0882,0x10a2,0x1062,0x0021,0x1904,0x10e4,0x0041,0x0862,0x0862,0x0862,
0x10a2,0x0882,0x10c3,0x2144,0x10a2,0x18e3,0x2103,0x20e2,0x39a6,0x3165,0x1040,0x2903,0x3165,0x3185,0x2103,0x1924,0x2145,0x2185,0x29a6,0x3a27,0x3206,0x3a27,0x29a4,0x31e5,
0x2984,0x2164,0x2144,0x39a5,0x4a68,0x39e6,0x4a47,0x4206,0x39c5,0x39c6,0x39c7,0x2145,0x4228,0x39c6,0x3185,0x39e6,0x2964,0x39e6,0x41e7,0x4a07,0x41c6,0x39a5,0x39e5,0x4a26,
0x4a27,0x5268,0x5aa8,0x4a88,0x1923,0x2986,0x1925,0x1925,0x10c3,0x10e4,0x1904,0x29a6,0x3a28,0x2986,0x1904,0x39c7,0x41e7,0x5269,0x83cd,0x7b6a,0x942e,0xb594,0x3207,0x29e7,
0x324a,0x4b2c,0x430c,0x4b4d,0x432d,0x432c,0x430b,0x4b6d,0x53ae,0x538e,0x538d,0x5bee,0x6c70,0x642f,0x7450,0x7c71,0x6c30,0x6c70,0x5c0f,0x2227,0x2a27,0x29e7,0x3248,0x42ea,
0x3288,0x2a46,0x3a87,0x42c9,0x4b0b,0x8d33,0x8d54,0x538c,0x7cf2,0x9dd5,0xb698,0x8d53,0xa637,0x7490,0x642f,0x74b1,0x7cd1,0x84f2,0x5bad,0x640e,0x5b8c,0x640e,0x746f,0x6c4f,
0x744f,0xa5f6,0xb678,0x95b4,0x9dd5,0xa636,0xae77,0xb6b9,0x9594,0x6c6f,0x7cf1,0x8512,0x7cf1,0xa5f6,0x7c90,0x63cd,0x63ed,0x63cd,0x6c0d,0x7c90,0x746f,0x5bcc,0x84f0,0x640d,
0x7cb1,0x8d35,0x5bcf,0x5bad,0x5bcd,0x5bcb,0x7cad,0x8d4d,0xbeb2,0xae2f,0x7cca,0x8d0d,0x5306,0x3a45,0x3a26,0x6b8c,0x5aea,0x5ae9,0x4247,0x52c8,0x52a8,0x5aea,0x5aea,0x3a27,
0x3a07,0x4a89,0x4248,0x4289,0x3227,0x29a5,0x3a68,0x4aca,0x31e7,0x29c6,0x31e7,0x3a28,0x3a48,0x3a69,0x4289,0x3207,0x29c6,0x29c6,0x29c6,0x3a47,0x29c5,0x3207,0x52ea,0x3a48,
0x4289,0x4aa8,0x3a46,0x4267,0x4288,0x3a27,0x3206,0x3207,0x29c5,0x4288,0x4aca,0x3207,0x31e7,0x29a6,0x29a6,0x3207,0x3226,0x3206,0x3206,0x29c6,0x2164,0x1944,0x1924,0x1944,
0x1103,0x21a6,0x31e7,0x2186,0x1104,0x1965,0x21a6,0x29a6,0x2985,0x2984,0x2123,0x10a2,0x0861,0x10a2,0x0882,0x1082,0x0882,0x0041,0x0882,0x2124,0x10a2,0x0041,0x0882,0x0841,
0x0882,0x10c3,0x10c3,0x10c3,0x2104,0x2124,0x2124,0x2944,0x3985,0x2903,0x20c2,0x20a1,0x41a5,0x3185,0x2944,0x2145,0x1924,0x2186,0x2165,0x1923,0x31e6,0x3a26,0x31e5,0x3a26,
0x29c5,0x1943,0x2985,0x3186,0x31a6,0x2964,0x3185,0x2923,0x3164,0x2964,0x2984,0x2143,0x2963,0x52c7,0x52c7,0x4265,0x2983,0x2983,0x3184,0x39a5,0x39c6,0x5aca,0x4207,0x4206,
0x4a28,0x4a28,0x5288,0x94d1,0x1103,0x10e4,0x2166,0x2145,0x10c3,0x08c3,0x2186,0x29a7,0x29c7,0x1924,0x2985,0x4228,0x39e6,0x41e7,0x62e9,0x7309,0x6b2a,0x7bee,0x1903,0x29c6,
0x29e7,0x42ca,0x4b2c,0x4b4c,0x430c,0x430b,0x4b2b,0x4b4b,0x42ea,0x42ea,0x4b2b,0x6c0e,0x6c4f,0x3287,0x7c6f,0x84b0,0x7cb0,0x5bee,0x5c0f,0x2208,0x3229,0x2a08,0x3229,0x3aaa,
0x3269,0x3248,0x3248,0x42aa,0x532b,0x5bad,0x9df6,0x5bee,0x74b1,0xae57,0x8d53,0x8d53,0x9594,0x7490,0x7490,0xa636,0x8512,0x8512,0x7c90,0x5bcd,0x5bac,0x538c,0x640e,0x7cd1,
0x7cb0,0xa616,0xa5f5,0x9dd5,0x9dd5,0x9dd5,0xb698,0xae78,0x74b1,0x7cb1,0x7cd1,0x8512,0x7cd1,0x9573,0x6c0e,0x63cd,0x744f,0x63ed,0x5bcc,0x746f,0x63ed,0x538b,0x748f,0x8532,
0xc6f9,0xbeb9,0xae57,0x7cae,0x6c2b,0x8d4e,0xc6f3,0xbeb1,0xcf11,0x956b,0x8d0b,0x84cb,0x5b67,0x52e7,0x4a87,0x52c9,0x4a68,0x5aea,0x5289,0x634b,0x4a68,0x4a69,0x52aa,0x3a28,
0x3207,0x4269,0x3227,0x2a07,0x1985,0x1103,0x31e6,0x4289,0x2185,0x2186,0x2186,0x31e7,0x42aa,0x29e7,0x3a68,0x3207,0x21a5,0x2185,0x3a28,0x29c6,0x29e6,0x3a47,0x3207,0x3206,
0x4289,0x3206,0x5309,0x4288,0x3a47,0x31e6,0x3a27,0x3a27,0x3a47,0x3a27,0x3207,0x3227,0x3207,0x31e7,0x31e6,0x31e6,0x31e6,0x31c6,0x29a5,0x31e7,0x2144,0x1944,0x1944,0x1103,
0x1103,0x1124,0x21a6,0x21a6,0x29a6,0x29a6,0x1965,0x2186,0x2985,0x31a5,0x0860,0x10a2,0x0861,0x1082,0x1082,0x0882,0x0862,0x0041,0x08a2,0x10a2,0x1904,0x0861,0x0841,0x0861,
0x10c3,0x10c3,0x0861,0x10c2,0x18c3,0x3185,0x20e3,0x2924,0x39c6,0x20c2,0x2903,0x3964,0x41c5,0x39a5,0x2124,0x2124,0x29a6,0x1944,0x1103,0x2184,0x2184,0x4267,0x4aa8,0x3a46,
0x3a46,0x3226,0x3206,0x39e7,0x39e7,0x3185,0x2924,0x2944,0x39a5,0x31c4,0x3a24,0x4265,0x52e7,0x7409,0x6bc8,0x7c29,0x4264,0x3a03,0x4225,0x41e5,0x4206,0x3185,0x39c6,0x4227,
0x4207,0x4a07,0x4a47,0x8c50,0x10e4,0x10e4,0x1904,0x29a6,0x1104,0x29a6,0x1925,0x2186,0x2166,0x2125,0x2145,0x2144,0x2124,0x4227,0x7bed,0x8c2d,0x8c4e,0x842e,0x73ad,0x73cd,
0x5b2b,0x4288,0x4aca,0x532b,0x42ca,0x3aa8,0x6c2d,0x84af,0x848f,0x7c6e,0x5329,0x638a,0x42a7,0x3225,0x6369,0x4ac6,0x5b69,0x7c8f,0x5bac,0x21c5,0x29c6,0x29c6,0x3208,0x3249,
0x2a08,0x3229,0x4acc,0x4acc,0x42ca,0x4b0b,0x9dd5,0x7cf2,0x430a,0xae57,0x9db5,0x7cd1,0x74b0,0x7490,0x7cf1,0x8533,0x95b4,0xa616,0x84f1,0x5bad,0x5b8c,0x5bcd,0x6c4f,0x7cb0,
0x7470,0xb678,0xc71a,0x9df5,0x95b5,0x9df5,0xb698,0x9df6,0x7cf1,0x7cd1,0x8532,0x7cf1,0x6c4f,0x538c,0x63cd,0x63cd,0x6c0e,0x7c90,0x6c2e,0x63cc,0x6c4f,0x746f,0x84f1,0x9db4,
0x9592,0xb694,0xbeb3,0x8d4d,0x956d,0xc6f2,0xb64f,0x84a8,0x8487,0x6be6,0x7c89,0x6be8,0x5b47,0x6bca,0x6baa,0x52c8,0x39e6,0x39e6,0x5ac9,0x3a06,0x4a68,0x4a68,0x4aa9,0x3a68,
0x3a48,0x3a48,0x3228,0x3248,0x1985,0x1123,0x29c6,0x4269,0x29a6,0x3207,0x3a48,0x4aaa,0x21a6,0x21a5,0x29c6,0x1965,0x21a5,0x2185,0x4289,0x4289,0x31e6,0x3a27,0x3a27,0x3a47,
0x29c6,0x3a27,0x3206,0x29a5,0x4268,0x31e6,0x29c5,0x31c6,0x2185,0x1964,0x2164,0x31e6,0x3a47,0x29a4,0x4287,0x31e5,0x2184,0x3a26,0x3a47,0x2184,0x1944,0x2185,0x2185,0x1944,
0x1103,0x1103,0x29e7,0x2186,0x3208,0x21a6,0x21a6,0x1924,0x31c6,0x31c5,0x0860,0x10a2,0x0041,0x0862,0x10a3,0x10a3,0x0882,0x0041,0x08a2,0x08a2,0x0882,0x10c3,0x1082,0x0841,
0x10c3,0x08a2,0x10c3,0x1903,0x18e3,0x18e3,0x3185,0x31a6,0x3185,0x3164,0x3984,0x49e6,0x4184,0x3164,0x2124,0x2986,0x1925,0x08e3,0x10e3,0x1903,0x2184,0x29c5,0x3a46,0x3a46,
0x29c4,0x29c4,0x2183,0x2984,0x31c5,0x31c4,0x4206,0x4a67,0x5287,0x6329,0x6b8a,0x7c2c,0x8cad,0x7c2a,0x846a,0x8ccb,0x846b,0x6ba8,0x6327,0x4244,0x2963,0x2944,0x2985,0x31c5,
0x31a5,0x3164,0x39c4,0x4206,0x18e4,0x10e4,0x1104,0x1924,0x31c7,0x2165,0x10e4,0x2166,0x2166,0x2145,0x2985,0x31a6,0x31a5,0x4227,0x634b,0x6b4b,0x6b6b,0x5b09,0x634b,0x6b4b,
0x9cf1,0x73cd,0x634c,0x530a,0x5b6b,0x63ab,0x8cef,0x950f,0x73ca,0x5b28,0x31e3,0x6348,0x5307,0x4a85,0x4264,0x5b47,0x5b68,0x952f,0x8d0e,0x5b67,0x94ed,0x7c0c,0x4287,0x3a67,
0x3a48,0x42aa,0x428a,0x3a49,0x42ca,0x4b2b,0x74b1,0x8d54,0x6c4f,0x6c2f,0x8d53,0x7cf2,0x74b1,0x7490,0x9df5,0x95b4,0x5bcd,0x5bad,0x63ed,0x5bad,0x538c,0x5bad,0x7470,0x7470,
0x744f,0xa5f6,0xcf3b,0xa5f6,0x9df5,0xae78,0xc73b,0x8d53,0x74b0,0x8d73,0x74b0,0x7cf1,0x8512,0x84f1,0x6c2e,0x5bcd,0x84f1,0x63ed,0x6c2e,0x5bcc,0x5bcd,0x7c90,0x7c90,0x746e,
0x9db0,0xc712,0xc6f1,0xa5ee,0x8cea,0x8d0b,0xadef,0xb60f,0x9d2d,0x846a,0x7c29,0x7409,0x7c4b,0x5b48,0x6389,0x3a24,0x4246,0x4aa7,0x4266,0x52e7,0x52c7,0x5ae8,0x4aa8,0x4267,
0x4267,0x4a67,0x4247,0x4a67,0x31e5,0x10e2,0x29c6,0x3a28,0x2165,0x29a6,0x3a49,0x31e7,0x10e3,0x08c2,0x08a2,0x08c3,0x10e3,0x1124,0x3207,0x31e6,0x31e6,0x3a48,0x3207,0x29c6,
0x29e6,0x29c6,0x31e6,0x3207,0x3a47,0x29a5,0x29c6,0x31c6,0x29a5,0x3a27,0x3a27,0x3a26,0x4ae9,0x52e9,0x5309,0x4aa8,0x4aa8,0x4ac8,0x3206,0x31e6,0x3a27,0x2184,0x1924,0x1103,
0x1103,0x1103,0x29c6,0x3228,0x1924,0x2186,0x3228,0x1944,0x29a6,0x31a5,0x0860,0x10a2,0x0861,0x0862,0x0862,0x1082,0x0882,0x0041,0x0882,0x0882,0x10a2,0x0021,0x10a3,0x18e3,
0x10a3,0x10c3,0x18e3,0x18e3,0x18e3,0x1081,0x2103,0x4207,0x20e3,0x41c6,0x3984,0x49e5,0x3122,0x39a5,0x3186,0x2145,0x2165,0x1944,0x10e3,0x1923,0x1923,0x1103,0x1922,0x29a4,
0x31e5,0x2184,0x29a4,0x2983,0x3a05,0x4a66,0x4225,0x5ae8,0x5b08,0x4a87,0x4a67,0x4a67,0x9cf0,0x94d0,0x9cf0,0x9d10,0xa550,0x9d0e,0xad90,0x840b,0x4a45,0x4206,0x2984,0x3a05,
0x4226,0x4a86,0x39e3,0x2983,0x1903,0x1924,0x1104,0x2186,0x2145,0x2165,0x2166,0x2165,0x2145,0x1904,0x2144,0x2985,0x2964,0x29a5,0x31c5,0x3a26,0x31e5,0x39e5,0x4226,0x4246,
0x39e5,0x31c5,0x4247,0x3206,0x4ae9,0x4ac8,0x638a,0x52c7,0x3a03,0x31e2,0x4aa6,0x5b07,0x5b08,0x5307,0x4265,0x4285,0x5307,0x7c4b,0x94ed,0x8ceb,0x8489,0xadcf,0xb5f2,0x73eb,
0x9532,0x742e,0x4267,0x42a8,0x42a9,0x3aa9,0x5bcd,0x8513,0x95b5,0x74b1,0x432b,0x53ac,0x642f,0x5bee,0x53ad,0x5bee,0x53ad,0x7490,0x84f1,0x4b4b,0x5b8c,0x6c4f,0x5bcd,0x5b8c,
0x7c90,0x84d1,0xae37,0xb698,0xa636,0xbef9,0xae77,0x7cd1,0x7cd1,0x8512,0x8d53,0x7cf1,0x7490,0x8512,0x6c0e,0x744f,0x7cb1,0x5b8c,0x5bcc,0x6c0d,0x5bac,0x63ac,0x5b8b,0x7c8d,
0x954d,0x9dac,0x84c9,0x8cec,0x7c6a,0x6387,0x9d2f,0xa571,0xa551,0x9d10,0xa550,0x94ef,0x9d30,0x6baa,0x4285,0x4285,0x5b48,0x4264,0x740a,0x950e,0xa590,0x8cad,0x7c0b,0x7bcc,
0x73ab,0x7bec,0x840d,0x8c2e,0x7bcc,0x3a06,0x29a5,0x3a28,0x31e7,0x4269,0x3207,0x1104,0x08a3,0x08c3,0x08c3,0x08c3,0x08c3,0x1124,0x4aeb,0x3a27,0x29a6,0x3a48,0x3207,0x31e7,
0x3a28,0x3207,0x4268,0x3a28,0x2185,0x3a07,0x4ac9,0x4288,0x4aa9,0x3a68,0x3a47,0x52e9,0x52e9,0x4267,0x52e9,0x4287,0x4267,0x4288,0x4ac9,0x4288,0x3a27,0x2185,0x2165,0x2185,
0x1103,0x1124,0x29e7,0x2185,0x1924,0x1124,0x3208,0x2186,0x2164,0x31a5,0x0860,0x1082,0x0861,0x1082,0x0862,0x0841,0x0882,0x0862,0x08a2,0x0882,0x10a2,0x0000,0x10a3,0x2945,
0x10e3,0x18e3,0x10c3,0x10c2,0x2103,0x1081,0x2124,0x2944,0x3165,0x39a5,0x3143,0x49e5,0x4163,0x4a07,0x1903,0x1904,0x1925,0x1103,0x08e2,0x10e3,0x10e4,0x1924,0x2185,0x2163,
0x4267,0x4267,0x31c5,0x2143,0x52c9,0x73ac,0x52e9,0x5ae9,0x5ae9,0x634b,0x31c5,0x4247,0x4a88,0x31a5,0x31a5,0x31c5,0x39e5,0x738a,0xce34,0xa4ee,0x948d,0x9cae,0x3a04,0x4ac5,
0x6368,0x6367,0x73c8,0x73c9,0x2983,0x10e3,0x2986,0x2165,0x1904,0x1904,0x3208,0x2186,0x1904,0x18e4,0x1924,0x2165,0x29a5,0x4a89,0x31e6,0x2163,0x2143,0x29a5,0x52ea,0x4aa8,
0x4a88,0x2984,0x5aea,0x634b,0x4268,0x31e5,0x31e5,0x3a25,0x3a44,0x5b28,0x6bca,0x4ac7,0x3204,0x31e4,0x4ac7,0x42c6,0x52e7,0x4265,0x4a65,0x5b07,0x3a23,0x7bc9,0x842b,0x4245,
0x5b4a,0x4ac8,0x6bab,0x638b,0x4aea,0x3aa9,0x538c,0x8d74,0x9df6,0xa616,0x7490,0x53ad,0x642e,0x538c,0x7cd1,0x95b5,0xa616,0xb678,0x7cb1,0x4b2b,0x6c2f,0x6c0e,0x640e,0x6c2e,
0x538c,0x6c2e,0x8d33,0x9573,0x8d53,0xa636,0x7cf1,0x74b1,0x8512,0x7cd1,0x6c4f,0x6c70,0x6c6f,0x63cd,0x6c0e,0x84d1,0x6c0e,0x5bac,0x5b8c,0x63ed,0x6c0f,0x63cc,0x4b28,0x8d2d,
0x956c,0x7c88,0x7c68,0x6be9,0x5b67,0x7c4c,0x4a86,0x3a06,0x4a47,0x39a5,0x31a5,0x3a06,0x4247,0x634a,0x4a86,0x4265,0x740b,0x740a,0x7c4a,0x4aa4,0x742a,0x5306,0x5307,0x4aa8,
0x52c8,0x4aa8,0x4246,0x4247,0x3a06,0x7c0e,0x29c6,0x29c6,0x3a27,0x3a28,0x2185,0x0082,0x08c3,0x08e3,0x08c3,0x08c3,0x10e4,0x08c3,0x1104,0x3a28,0x29a6,0x29c6,0x4269,0x3a28,
0x3a68,0x3a48,0x3a08,0x29a6,0x2985,0x3a27,0x4289,0x5b2b,0x4288,0x29c5,0x4aa9,0x636b,0x5b2b,0x3227,0x4ac9,0x638c,0x3a27,0x4248,0x4aa9,0x29a5,0x3a27,0x3a48,0x31c6,0x4268,
0x21a6,0x21a5,0x1124,0x21a6,0x1924,0x1104,0x1124,0x2185,0x29a6,0x39c6,0x0860,0x0881,0x0861,0x10a2,0x1082,0x1082,0x0862,0x0882,0x08a2,0x0882,0x0882,0x10c3,0x1904,0x0841,
0x18e4,0x10c3,0x10c3,0x10a2,0x2104,0x2104,0x2103,0x2103,0x2964,0x41c6,0x3123,0x49e5,0x6266,0x39a5,0x1082,0x1903,0x1945,0x1924,0x1103,0x10e2,0x1924,0x2165,0x1944,0x1943,
0x2163,0x2184,0x3a27,0x1924,0x3a27,0x39e6,0x2944,0x1902,0x39e6,0x52a9,0x2142,0x3a06,0x39e5,0x39e5,0x39e6,0x3a06,0x39a5,0x4a05,0x9c8d,0x7b88,0x9c8d,0xc5d2,0x6b68,0x3a43,
0x5326,0x73e8,0x7c28,0x9d2d,0xb5f2,0x4aa9,0x2165,0x1924,0x1103,0x2165,0x29a6,0x2165,0x18e4,0x10e3,0x1944,0x29c5,0x29a5,0x3206,0x29c5,0x2984,0x29a5,0x3206,0x4aa9,0x3a27,
0x29c5,0x31e6,0x4aa8,0x4288,0x4268,0x31e6,0x31e6,0x31c4,0x3225,0x3a45,0x31e4,0x4ac7,0x3225,0x4ac8,0x4287,0x3223,0x3a45,0x3a26,0x31a5,0x2964,0x4268,0x842c,0x94ad,0x52c7,
0x4246,0x3205,0x4aa8,0x740c,0x5b6c,0x3269,0x4b4c,0x6c70,0x95b5,0x7cd2,0x6c70,0x7cd1,0x74b0,0x74b0,0x95b4,0x8d73,0xa636,0x7470,0x5bad,0x63ee,0x5bad,0x538c,0x5bad,0x640e,
0x746f,0x5bad,0x5bcd,0x53ac,0x5bed,0x6c6f,0x8532,0x7cf1,0x8512,0x6c6f,0x6c6f,0x6c6f,0x538c,0x5bed,0x7470,0x6c2f,0x63ee,0x5bac,0x63ed,0x63ac,0x532b,0x6c0c,0x9d90,0x7c8a,
0x7428,0x7c49,0x63a7,0x5b87,0x42c5,0x8cef,0x52e8,0x39e6,0x4207,0x4228,0x528a,0x4a68,0x4247,0x52a8,0x4aa8,0x4287,0x4aa7,0x4286,0x42a6,0x3a24,0x4285,0x4265,0x29c4,0x21a5,
0x29e6,0x29e6,0x31e6,0x29c6,0x31e6,0x4268,0x3a48,0x4aaa,0x2185,0x1103,0x10e3,0x08c3,0x08c3,0x1104,0x1104,0x10e3,0x10e3,0x08c3,0x1104,0x2165,0x2165,0x2185,0x29a6,0x3207,
0x3207,0x2986,0x4269,0x4289,0x2144,0x31e6,0x29c6,0x3a47,0x31e6,0x2184,0x3a47,0x3a47,0x3207,0x31e6,0x31e6,0x31e6,0x3a27,0x29c6,0x31e6,0x31e6,0x31e7,0x31e6,0x2144,0x4268,
0x3207,0x1944,0x1124,0x21a6,0x1945,0x10e3,0x1965,0x10e3,0x31e6,0x630a,0x0860,0x0861,0x0861,0x1082,0x1082,0x10a3,0x0041,0x08a2,0x08a2,0x0861,0x1904,0x10c3,0x0862,0x1082,
0x18e3,0x10a2,0x10a2,0x1082,0x2104,0x2104,0x18c2,0x2943,0x2123,0x3165,0x3965,0x5a07,0x5a26,0x39c5,0x10a2,0x2124,0x2144,0x2164,0x31e6,0x1923,0x29a4,0x3206,0x2163,0x2184,
0x1923,0x2164,0x29c6,0x29c6,0x1924,0x18e3,0x10e2,0x2964,0x39c6,0x2964,0x3a06,0x39e6,0x3184,0x4207,0x39a5,0x5aca,0x840e,0x4a47,0x5a86,0x83aa,0x6ac7,0x7b69,0x5286,0x2163,
0x39e4,0x5b27,0x6325,0x94cb,0xdef4,0x52e8,0x1965,0x1944,0x1924,0x2986,0x1904,0x1104,0x2185,0x1944,0x1944,0x29a5,0x2184,0x29c5,0x2163,0x29a5,0x29c5,0x3206,0x4268,0x31e5,
0x4288,0x530a,0x4288,0x3a47,0x3a47,0x3a47,0x29c5,0x29a5,0x29a4,0x29c4,0x5309,0x3226,0x29a4,0x31e5,0x31e5,0x31e5,0x29a4,0x29a5,0x31e6,0x3a06,0x4a89,0x5ae8,0x7c0c,0x4aa6,
0x4aa7,0x3a45,0x4265,0x5b49,0x740d,0x5b4b,0x42c9,0x536b,0x9574,0x7cd1,0x642f,0x6c70,0x8512,0x642e,0x7cf1,0xa616,0x9dd5,0x84f2,0x63ef,0x5b8d,0x5b8d,0x63ef,0x5bae,0x5bae,
0x6c2e,0x744f,0x5bcd,0x84f2,0x7d12,0x644e,0x642e,0x644f,0x7cd1,0x6c4f,0x6c90,0x53ac,0x5bcd,0x6c6f,0x5bee,0x640f,0x536d,0x6c0e,0x5b8b,0x5baa,0x6c0b,0x5b68,0x7c6c,0x742a,
0x742b,0x63ca,0x42a6,0x4ae5,0x42a5,0x6bcb,0x5309,0x3a27,0x31a6,0x3a27,0x29c5,0x31e6,0x31e6,0x31c5,0x3a27,0x4288,0x3a47,0x1923,0x2184,0x29a5,0x29a5,0x29a5,0x29c5,0x3206,
0x29a5,0x29a5,0x31e6,0x31e6,0x2185,0x2164,0x3a27,0x4aca,0x3207,0x2185,0x10c3,0x08a3,0x08e3,0x1104,0x08e3,0x08e3,0x08e3,0x10c3,0x1924,0x1924,0x10e3,0x29c6,0x29c6,0x2165,
0x3a48,0x3207,0x4aca,0x3a27,0x1123,0x3207,0x2165,0x2185,0x2164,0x1924,0x2185,0x4248,0x4aaa,0x4aaa,0x4aca,0x4288,0x4aa9,0x4aca,0x1944,0x2165,0x31e7,0x3207,0x4aa9,0x530b,
0x2165,0x1103,0x1924,0x2145,0x2145,0x1904,0x1944,0x1903,0x2964,0x5a69,0x20e3,0x0861,0x0862,0x0841,0x0862,0x10a2,0x0841,0x10a2,0x0862,0x18c3,0x18e3,0x0021,0x1082,0x10a2,
0x18c3,0x10a2,0x0861,0x10a2,0x2104,0x0862,0x1903,0x2963,0x20e3,0x1882,0x49c7,0x49c6,0x6267,0x4a47,0x08a2,0x2124,0x18e3,0x2165,0x2165,0x29c6,0x21a4,0x3205,0x29c5,0x29c5,
0x29a5,0x3206,0x2164,0x29a5,0x3207,0x1903,0x2964,0x4227,0x39c6,0x5288,0x4a68,0x4a47,0x4206,0x4a47,0x4206,0x4a27,0x840d,0xa50f,0x9c8c,0x942c,0x838a,0x41a2,0x2961,0x29c3,
0x4244,0x4a83,0x52a4,0x73c8,0xad6e,0x4ac8,0x29c6,0x2185,0x2165,0x1904,0x10c3,0x1904,0x2185,0x4268,0x31e6,0x2184,0x29c5,0x31e6,0x2184,0x2144,0x2164,0x2164,0x31e6,0x3a47,
0x4288,0x3a26,0x3206,0x3206,0x4268,0x52ea,0x4289,0x31e6,0x29c5,0x29a4,0x29c5,0x2184,0x29c5,0x1923,0x2184,0x2164,0x29c5,0x4247,0x4aa9,0x5b2b,0x7bee,0x4a66,0x5ae8,0x5b09,
0x52e8,0x31e4,0x3a45,0x73ca,0x63c8,0x952e,0x5b88,0x5348,0x5bab,0x744f,0x7cb1,0x7cb3,0x7471,0x6c50,0x9595,0x9db7,0x8d15,0x7cb2,0x534b,0x5b8c,0x5b8c,0x5b8c,0x63cd,0x63cd,
0x63ad,0x63cd,0x7cb2,0x7c91,0x8d54,0x7d12,0x640e,0x6c4e,0x538b,0x63ed,0x5bcc,0x538b,0x746f,0x536b,0x63ed,0x5bad,0x536b,0x5b8b,0x63aa,0x9d6f,0xadf0,0x84cc,0x6c08,0x6c09,
0x63a9,0x4285,0x4285,0x42a6,0x42a7,0x3a25,0x52e9,0x632b,0x5b0b,0x52ca,0x29a5,0x29a5,0x29a5,0x29c6,0x31e6,0x29a5,0x3206,0x2164,0x2164,0x1943,0x2164,0x1923,0x2164,0x29a5,
0x29c5,0x29c6,0x29a5,0x2164,0x31e6,0x29a5,0x29a5,0x3a28,0x3a48,0x3207,0x0082,0x08a2,0x08c3,0x08e3,0x1104,0x1104,0x10e4,0x08c3,0x1103,0x31e7,0x3a28,0x31e7,0x29c6,0x1944,
0x4269,0x530b,0x3a48,0x31e6,0x3a28,0x31e6,0x1924,0x29c6,0x29c6,0x29a5,0x4aaa,0x4aaa,0x3a28,0x3a48,0x3a28,0x4288,0x31e6,0x1923,0x2185,0x2185,0x29c6,0x29c6,0x3a48,0x29c6,
0x2165,0x1103,0x1924,0x1924,0x2145,0x1104,0x1924,0x2124,0x2965,0x2924,0x20e3,0x18e3,0x0841,0x0841,0x0861,0x10a2,0x0841,0x0861,0x18e4,0x18e3,0x0841,0x10a2,0x0841,0x18c3,
0x18c3,0x10a2,0x1082,0x0861,0x10a2,0x10a2,0x2103,0x2944,0x2103,0x39a6,0x4186,0x3103,0x6ac9,0x5288,0x10c2,0x2124,0x10e3,0x2144,0x2165,0x2144,0x2163,0x2163,0x2163,0x1102,
0x1923,0x1922,0x2164,0x2164,0x29a5,0x29a5,0x31e6,0x2944,0x2123,0x3184,0x2943,0x4206,0x4a07,0x3964,0x41c5,0x41e6,0x5a87,0x83ea,0x944b,0x9c4c,0xacef,0x946c,0x73a8,0x4aa4,
0x5b46,0x52e4,0x7c4a,0x7c2a,0x6ba8,0x4aa8,0x29e6,0x21a6,0x1924,0x1104,0x10e3,0x1104,0x1944,0x1923,0x29a5,0x29a5,0x3a27,0x3206,0x29a5,0x1103,0x2164,0x1944,0x29a5,0x3a27,
0x2164,0x2164,0x2184,0x1944,0x2185,0x2185,0x21a5,0x29c5,0x1944,0x1944,0x29a5,0x2185,0x1103,0x1944,0x1943,0x2143,0x2164,0x31a5,0x2984,0x2985,0x31c6,0x632a,0x73ab,0x3a05,
0x3a66,0x29c4,0x4aa7,0x6bcb,0x6386,0x7429,0x6be9,0x84ad,0x9550,0x63ab,0x5baa,0x63eb,0x746c,0x9571,0xa5f3,0xa5f3,0xae15,0x742e,0x63ab,0x6bec,0x6c0c,0x740d,0x7c4e,0x7c4e,
0x742e,0x63cd,0x8d12,0x8d12,0x7cb0,0x746f,0x748f,0x744e,0x6c2d,0x6c2d,0x742d,0x9d72,0x8d11,0x6c2d,0x7caf,0x6c0d,0x6c0c,0x84cd,0xbe52,0xc6b2,0x956d,0xa5ae,0x9d8f,0x7c8c,
0x6389,0x4ac7,0x3226,0x29c5,0x2184,0x2184,0x31e6,0x3a06,0x31a5,0x31c6,0x2165,0x31c6,0x31e7,0x31e7,0x31e6,0x2165,0x3a27,0x3207,0x2164,0x2184,0x1923,0x2185,0x31e6,0x3a27,
0x29a5,0x3a27,0x2164,0x29c6,0x4289,0x1923,0x29a5,0x3a48,0x29c6,0x4269,0x3a49,0x3a49,0x2a08,0x1124,0x1104,0x08e3,0x08c3,0x10e3,0x08c3,0x3207,0x4289,0x3a28,0x1944,0x10e3,
0x31e7,0x2185,0x3207,0x4289,0x29e6,0x29a5,0x29a5,0x21a5,0x29a5,0x2185,0x31e7,0x31e6,0x2185,0x2185,0x2164,0x29a5,0x29a5,0x2164,0x29a5,0x29a6,0x29a6,0x3207,0x2185,0x2164,
0x2165,0x1945,0x1104,0x1945,0x2165,0x1104,0x1903,0x2124,0x31a5,0x2103,0x1081,0x18e3,0x10c3,0x0841,0x1082,0x1082,0x0841,0x1904,0x2104,0x0020,0x0862,0x1082,0x0861,0x10a3,
0x18c3,0x18c3,0x1082,0x0861,0x18c3,0x18c3,0x2124,0x2944,0x39c6,0x3145,0x3164,0x28e2,0x5a47,0x5aa9,0x10c2,0x2144,0x2165,0x10e3,0x2165,0x1944,0x2164,0x1943,0x31e6,0x29c5,
0x29c5,0x29c5,0x29c5,0x29c6,0x31e6,0x3a06,0x5b0a,0x5b0a,0x4a68,0x5289,0x3184,0x83cd,0x9470,0x734b,0x6b0a,0x7b8c,0x83ec,0xad2f,0xa4ad,0x5245,0x7328,0x9cec,0x94ca,0x73e7,
0x5b45,0x6b87,0x6bc9,0x4ac5,0x4aa5,0x4267,0x29e6,0x29c7,0x1945,0x1904,0x1904,0x1944,0x29a5,0x2184,0x2164,0x29c5,0x29a5,0x29c6,0x29a5,0x1903,0x1944,0x31e6,0x4ac9,0x3a48,
0x3a27,0x3a27,0x31c6,0x29c6,0x3a48,0x3a47,0x31e6,0x4268,0x3207,0x1924,0x1944,0x2165,0x2165,0x31c7,0x4289,0x31e6,0x31e6,0x4aa9,0x52ca,0x52a9,0x2123,0x31c5,0x52c8,0x29c5,
0x31e5,0x3205,0x3a66,0x3205,0x3a46,0x42a7,0x4286,0x740c,0x8cef,0x5b48,0x6c2a,0x7ccb,0x9dae,0x8d2d,0x748b,0x8d2e,0x9d91,0x9d71,0x9531,0x9510,0x9d51,0x9d51,0x9d72,0xa5b3,
0x9530,0x742c,0xa5b3,0x8d11,0x8d10,0xa5b2,0x9551,0x9d72,0xa5b3,0x9d52,0x9d73,0x9531,0x848f,0x7c6e,0x6bec,0x63ab,0x952f,0x950d,0xae0f,0x954c,0x7c6b,0x6bea,0x42a6,0x4287,
0x3a67,0x3a47,0x2185,0x2144,0x2164,0x29a6,0x73ce,0x4a88,0x3a06,0x31e6,0x29a6,0x3a08,0x3a28,0x4269,0x4248,0x31e7,0x4248,0x31e6,0x4268,0x2185,0x1103,0x4268,0x29c6,0x3a28,
0x4248,0x3a07,0x3207,0x4268,0x3207,0x2985,0x2985,0x3a48,0x31e7,0x3a48,0x4aeb,0x42ca,0x3a69,0x29c7,0x1104,0x1104,0x1104,0x10e4,0x10e3,0x29c6,0x31e7,0x3a28,0x29c6,0x2165,
0x2165,0x1944,0x3a48,0x4269,0x29c6,0x29c6,0x2185,0x1964,0x4268,0x52eb,0x5b2c,0x638d,0x4aaa,0x29a6,0x3a07,0x4aa9,0x4289,0x4aa9,0x52ea,0x4269,0x6bae,0x52ea,0x4268,0x4aaa,
0x4289,0x29a6,0x1104,0x1924,0x2186,0x1924,0x1924,0x2964,0x4207,0x3985,0x18c2,0x0041,0x18e3,0x10a3,0x0841,0x1082,0x18c3,0x2124,0x0862,0x0041,0x1082,0x0041,0x10a2,0x1082,
0x10a2,0x1082,0x0861,0x0861,0x18c3,0x18e3,0x2124,0x31a6,0x3165,0x2103,0x3164,0x2903,0x3143,0x2944,0x2165,0x2965,0x2965,0x2164,0x2165,0x2164,0x29a5,0x3206,0x530a,0x4aa9,
0x3a47,0x4267,0x29c5,0x2185,0x29c5,0x10e2,0x52c9,0x52c9,0x39c5,0x4227,0x62ea,0x4206,0x5aa8,0x83ed,0x7bcc,0x39a4,0x5246,0x7328,0xad0e,0x83aa,0xbdb1,0x94aa,0x8468,0x950b,
0x846a,0x6367,0x5b27,0x4aa6,0x4aa6,0x3226,0x2a06,0x29c7,0x1945,0x10e4,0x10e3,0x1924,0x2184,0x4267,0x3206,0x29c5,0x29c6,0x1923,0x1923,0x1944,0x29c6,0x3a27,0x3a27,0x3a48,
0x3a27,0x31e6,0x31e6,0x31e6,0x3a07,0x29c6,0x3207,0x3a48,0x4289,0x31e7,0x1944,0x3207,0x4269,0x4269,0x4268,0x4248,0x4aa9,0x52ea,0x5b0b,0x4a89,0x2965,0x3a06,0x5b2a,0x2184,
0x29c5,0x3a47,0x3a47,0x29a4,0x3a29,0x3208,0x29c6,0x29a5,0x3205,0x29e4,0x3225,0x4ae8,0x3a66,0x3a86,0x4ae8,0x3a67,0x3227,0x4ac9,0x5329,0x3a26,0x3a26,0x4287,0x4267,0x42a7,
0x5b49,0x4ae8,0x5309,0x3a46,0x6bcc,0x9d51,0x7c4e,0x7c2e,0x5b6b,0x636b,0x4ae9,0x4ac8,0x4ac9,0x52e9,0x4287,0x4266,0x63a9,0x5306,0x42c4,0x5346,0x6bec,0x3a26,0x3206,0x3a48,
0x4aaa,0x31e6,0x4268,0x29a6,0x2985,0x4aa9,0x7c0f,0x3a06,0x3a06,0x29a5,0x2164,0x29a6,0x4269,0x3a27,0x4268,0x4268,0x4289,0x29a5,0x29a5,0x31e6,0x3207,0x3a27,0x2185,0x3207,
0x3a07,0x3207,0x4269,0x3207,0x3a48,0x3a07,0x1944,0x2164,0x3207,0x3228,0x3268,0x4aeb,0x3a69,0x29c7,0x1124,0x1124,0x1104,0x1104,0x08c3,0x31e7,0x3a28,0x3207,0x4269,0x2185,
0x2165,0x31e6,0x3207,0x3207,0x3a48,0x3a48,0x21a5,0x3207,0x31c6,0x29a6,0x2165,0x4aa9,0x4269,0x29a6,0x31c6,0x3206,0x31e6,0x3a27,0x3a48,0x52eb,0x3a48,0x4aa9,0x3a48,0x3a28,
0x3207,0x2165,0x1924,0x1945,0x2186,0x1924,0x2145,0x3185,0x4207,0x3185,0x1081,0x0861,0x0862,0x18e3,0x18c3,0x18e4,0x18c3,0x1082,0x0841,0x0861,0x1082,0x0861,0x1082,0x0862,
0x10a2,0x1082,0x1082,0x18c3,0x1082,0x18c3,0x3186,0x2104,0x2103,0x20e3,0x3164,0x3164,0x3123,0x18c2,0x1903,0x31a6,0x2144,0x2165,0x2164,0x2185,0x2185,0x29a5,0x3a27,0x3206,
0x3205,0x29a4,0x31e5,0x3a27,0x1923,0x1902,0x4227,0x4227,0x5288,0x4a88,0x2964,0x39e6,0x4a67,0x4226,0x7bcc,0x738b,0x4a06,0x7309,0x9c6d,0x83cb,0x7bc9,0xad6c,0x9d09,0x7c27,
0x6ba7,0x6367,0x4ae7,0x42a6,0x3224,0x3246,0x4aea,0x29c7,0x1946,0x1105,0x1904,0x2184,0x29c4,0x3206,0x29a4,0x29a5,0x2185,0x31e6,0x2165,0x2145,0x3a28,0x1924,0x3207,0x3a48,
0x31e6,0x29c6,0x29c6,0x2185,0x2165,0x29a6,0x29a6,0x29a5,0x29a6,0x29c6,0x3207,0x29c6,0x2185,0x29c6,0x29c6,0x29a5,0x3a27,0x3a07,0x2985,0x31a5,0x3185,0x2123,0x3a06,0x29c5,
0x21a5,0x1964,0x3206,0x3a47,0x21a6,0x21a7,0x29c7,0x29e7,0x29e7,0x29e6,0x29c7,0x31e7,0x29a6,0x4aa9,0x4289,0x3207,0x31c7,0x3a27,0x3207,0x3a27,0x3a68,0x4288,0x4289,0x4288,
0x3a27,0x4268,0x4a89,0x4a89,0x52ca,0x4248,0x29c5,0x52ea,0x530b,0x3a27,0x4289,0x3a27,0x31e6,0x31e6,0x3a26,0x3a45,0x4ac7,0x740b,0x63a9,0x6c0b,0x3a67,0x3a27,0x3207,0x3a27,
0x3a67,0x3a46,0x3a46,0x31e6,0x31e6,0x31e6,0x52ca,0x39e6,0x2123,0x2184,0x29a5,0x29c5,0x31c6,0x29a5,0x2984,0x2164,0x29a6,0x29a5,0x29a5,0x31e6,0x3a28,0x2164,0x2985,0x1944,
0x29c6,0x31e7,0x2165,0x2185,0x2185,0x2164,0x1923,0x1944,0x1965,0x29e7,0x3a89,0x3aaa,0x42aa,0x3208,0x1104,0x08c3,0x10e4,0x1925,0x10e3,0x1944,0x2185,0x3a48,0x29a6,0x29c6,
0x3207,0x2185,0x31e6,0x31e6,0x31e6,0x4268,0x29a5,0x29c6,0x29a6,0x29a5,0x2165,0x4268,0x4268,0x29a5,0x3207,0x3a27,0x31e6,0x29a5,0x3a07,0x3a28,0x31e7,0x4aa9,0x3a48,0x21a5,
0x3227,0x1945,0x10e3,0x1945,0x1986,0x1103,0x2124,0x39a6,0x39c6,0x2103,0x10a1,0x0841,0x0882,0x0841,0x2945,0x2986,0x0841,0x0862,0x0841,0x0861,0x0882,0x10a3,0x10a2,0x0861,
0x1904,0x18c3,0x10c3,0x0861,0x10a2,0x2945,0x18c3,0x18c3,0x18e3,0x18c2,0x20e2,0x2102,0x2944,0x2124,0x1903,0x2165,0x29c6,0x2165,0x2165,0x2165,0x2985,0x31e6,0x31c6,0x31c5,
0x31e5,0x3206,0x3206,0x2144,0x1923,0x1923,0x4227,0x39e6,0x4a48,0x4227,0x39c6,0x39e6,0x39e5,0x4226,0x5287,0x62e8,0x5a87,0x6ae7,0x942a,0x7346,0x8c29,0x73c7,0x6ba7,0x6367,
0x6367,0x6367,0x4ac5,0x63a9,0x3a65,0x3225,0x2a06,0x29e7,0x2186,0x1104,0x10e4,0x10e3,0x2184,0x31e6,0x29c6,0x2164,0x1944,0x2165,0x29a6,0x3207,0x29c6,0x29a6,0x3207,0x3a07,
0x4268,0x4a89,0x4269,0x3a28,0x3a07,0x3a48,0x4aa9,0x4aca,0x4aaa,0x3a68,0x21a5,0x4aca,0x4248,0x31e7,0x52aa,0x634c,0x52ca,0x4a68,0x4227,0x4248,0x5289,0x3a27,0x3206,0x2185,
0x1964,0x2164,0x3206,0x3a47,0x3a47,0x29e6,0x31e6,0x3207,0x31e7,0x3207,0x31e7,0x2185,0x3a28,0x29c6,0x2184,0x31c6,0x3207,0x3207,0x31c6,0x2185,0x31e7,0x29a6,0x1944,0x2985,
0x2164,0x2144,0x29c6,0x29a6,0x31e7,0x31e7,0x3a27,0x3206,0x2164,0x29a5,0x31e6,0x42a9,0x4288,0x5309,0x52e8,0x4266,0x5308,0x6bcb,0x744c,0x6c0c,0x42a8,0x3a27,0x3207,0x31e6,
0x29c5,0x3205,0x29c5,0x3207,0x31e6,0x2164,0x4268,0x4248,0x2144,0x52ca,0x4aa9,0x52ea,0x4268,0x4268,0x4268,0x3a27,0x4aa9,0x29a5,0x4289,0x4269,0x4269,0x42a9,0x4268,0x4aa9,
0x4aca,0x3a27,0x3a07,0x29a6,0x29c6,0x29a5,0x29a6,0x3a48,0x29e6,0x42ca,0x3268,0x3a89,0x3249,0x3208,0x2186,0x1925,0x1924,0x2165,0x1104,0x29c7,0x4269,0x3a48,0x2185,0x3207,
0x3a28,0x2185,0x29c6,0x29a6,0x29c6,0x29a6,0x2185,0x1944,0x29c6,0x3207,0x29a6,0x3a28,0x3a27,0x31e6,0x29c6,0x2185,0x29a5,0x31e7,0x29a6,0x29a6,0x31e7,0x29a6,0x29c6,0x3a28,
0x31e7,0x2165,0x1103,0x1945,0x2186,0x1104,0x1903,0x39e6,0x2964,0x10a1,0x10a2,0x0861,0x0861,0x10a3,0x18e4,0x2104,0x18e4,0x0021,0x0841,0x1082,0x0882,0x1082,0x0841,0x0862,
0x2104,0x1904,0x18c3,0x10a2,0x2945,0x10a3,0x0862,0x18e3,0x18c2,0x1081,0x20e2,0x1903,0x2965,0x1103,0x1924,0x2145,0x1945,0x31e7,0x2165,0x2145,0x2165,0x2985,0x31c6,0x31c6,
0x31e6,0x3a27,0x2144,0x1944,0x1924,0x2124,0x31e6,0x3a07,0x4227,0x39c6,0x39e7,0x2984,0x39c5,0x31a4,0x3184,0x5287,0x6b29,0xad4f,0xc5f0,0x9caa,0x6b66,0x52a6,0x3204,0x4aa6,
0x4b05,0x5b45,0x7408,0x742a,0x3203,0x29c4,0x21a5,0x3207,0x29c7,0x1104,0x1104,0x2166,0x3207,0x29c6,0x2144,0x1944,0x1924,0x1945,0x29a6,0x29c6,0x3a28,0x31e6,0x29c6,0x4268,
0x29c6,0x29a6,0x2985,0x2965,0x1924,0x2164,0x29a6,0x31e6,0x29c6,0x1124,0x08e2,0x29c6,0x3a28,0x2985,0x3a07,0x4a69,0x3a27,0x4247,0x4227,0x4248,0x4a68,0x4268,0x29c6,0x2185,
0x1943,0x29a4,0x3a26,0x29a4,0x29c6,0x29a5,0x1923,0x2144,0x2164,0x29a5,0x2164,0x29c6,0x29c6,0x29c6,0x2185,0x31e6,0x4268,0x4269,0x31e7,0x31a6,0x4269,0x52eb,0x4a89,0x4248,
0x4247,0x3206,0x3206,0x31e5,0x3206,0x4aa8,0x4247,0x3a26,0x3a47,0x3206,0x3a47,0x4ac9,0x5b6b,0x5b6a,0x4ae7,0x5308,0x4ae7,0x42a6,0x4ae8,0x42a7,0x29e6,0x2185,0x2164,0x1964,
0x21a5,0x31e6,0x3a48,0x21c6,0x1964,0x3a47,0x4268,0x4248,0x31a5,0x3a07,0x31e7,0x3a07,0x31e7,0x31e7,0x31c7,0x29a6,0x3207,0x1923,0x10e3,0x1104,0x2165,0x29c6,0x3227,0x31e7,
0x2985,0x29a5,0x2164,0x1944,0x31e6,0x3a27,0x29c6,0x3a48,0x29e6,0x3227,0x3a68,0x3aa9,0x3269,0x21c7,0x2186,0x2986,0x10e4,0x1124,0x10e3,0x4269,0x3a49,0x29c6,0x31e7,0x29e6,
0x3a27,0x31e7,0x4289,0x3a28,0x3a48,0x31e7,0x1103,0x2165,0x2986,0x31e7,0x2165,0x4269,0x31c6,0x29a5,0x2985,0x29a6,0x3207,0x29a6,0x2165,0x29a6,0x29a6,0x2185,0x29c6,0x3a28,
0x4269,0x2165,0x10e3,0x1945,0x2166,0x1104,0x1923,0x2984,0x2143,0x1081,0x1082,0x0841,0x18c3,0x18c3,0x1082,0x1082,0x10c3,0x10a3,0x1062,0x1062,0x1082,0x0862,0x0041,0x0882,
0x0882,0x2124,0x2104,0x2966,0x2104,0x0861,0x0862,0x10c3,0x2104,0x1081,0x18c2,0x2944,0x18e3,0x1904,0x1924,0x2165,0x10e3,0x2145,0x29a6,0x2165,0x2985,0x31c6,0x29c6,0x3a27,
0x4288,0x29c5,0x1923,0x1944,0x1904,0x1903,0x2965,0x2144,0x2964,0x2965,0x39c6,0x4227,0x39c6,0x3184,0x31a4,0x41e5,0x41e4,0x5aa6,0x6ae5,0x62c4,0x7ba9,0x5ae7,0x29a3,0x4ac6,
0x4ac5,0x63a7,0x5b66,0x5b47,0x4aa6,0x29c5,0x3207,0x29c7,0x29c7,0x1904,0x2166,0x2185,0x2164,0x1944,0x1923,0x1924,0x2165,0x31e7,0x08a2,0x29a5,0x4aaa,0x3a28,0x2164,0x29c6,
0x1923,0x2144,0x31a6,0x31c6,0x31c6,0x29c6,0x1924,0x08a2,0x08c2,0x08e3,0x08e3,0x08e2,0x1124,0x31c6,0x2145,0x10a2,0x1903,0x2964,0x31a5,0x39c6,0x2965,0x1923,0x2185,0x2985,
0x2185,0x31e6,0x3206,0x31e6,0x31c6,0x3a28,0x4aca,0x4a89,0x4289,0x4aa9,0x5b2c,0x4a89,0x31e7,0x2144,0x2144,0x2144,0x2144,0x2144,0x2144,0x2985,0x3a07,0x31e6,0x52aa,0x3a27,
0x29a5,0x6b8c,0x7c0e,0x73cd,0x73ed,0x7c2e,0x4aa9,0x5b0a,0x4288,0x3a27,0x29c6,0x29e6,0x4289,0x42a8,0x4aa8,0x3a47,0x3a67,0x4288,0x3a46,0x3205,0x3207,0x31e7,0x3a28,0x3a27,
0x3a28,0x3a27,0x21a5,0x1964,0x2164,0x2185,0x3a27,0x31c6,0x2984,0x2984,0x1903,0x1903,0x1103,0x10e3,0x10e3,0x08e3,0x08c2,0x08c2,0x10e3,0x10e3,0x08c2,0x29a5,0x4289,0x4248,
0x4268,0x29c6,0x1944,0x3207,0x4268,0x3a48,0x29a5,0x3a27,0x31e7,0x3207,0x3a88,0x3aa9,0x2a28,0x21a6,0x1104,0x29a6,0x29c7,0x08e3,0x2186,0x3a28,0x31e7,0x31e7,0x29a6,0x29c6,
0x3a27,0x3207,0x29a6,0x3207,0x3207,0x31e7,0x10e3,0x10e3,0x2145,0x2145,0x29c6,0x31e7,0x4aca,0x31c6,0x3207,0x3a28,0x2185,0x2185,0x3207,0x3207,0x31e7,0x31e7,0x3a08,0x29a6,
0x2165,0x2186,0x1104,0x1904,0x2186,0x2185,0x10e3,0x2123,0x18c2,0x1081,0x0861,0x18c3,0x18e3,0x0041,0x10a2,0x10a3,0x0041,0x10a3,0x18a3,0x0862,0x0842,0x0862,0x0862,0x0882,
0x0862,0x10a2,0x39c7,0x2125,0x0862,0x1082,0x10a3,0x0862,0x2104,0x20e3,0x1061,0x39c6,0x2124,0x1903,0x1924,0x2986,0x1924,0x10e3,0x2165,0x29a6,0x1904,0x1903,0x2165,0x31e6,
0x1923,0x2144,0x2144,0x29a6,0x1924,0x1903,0x2164,0x4227,0x31e6,0x31a6,0x39c6,0x39c6,0x4a68,0x5268,0x5268,0x5288,0x5ac8,0xad31,0xbd71,0x8bea,0x8c2c,0x39e5,0x29a4,0x3204,
0x4ac5,0x4ac4,0x5b67,0x52e6,0x4266,0x3226,0x21c6,0x3207,0x29c7,0x1104,0x1904,0x1924,0x1103,0x10e3,0x1924,0x2185,0x31e7,0x1944,0x10e3,0x29a6,0x4269,0x4289,0x2144,0x4268,
0x4289,0x31e7,0x4a89,0x52ca,0x52ca,0x4289,0x4269,0x1103,0x1944,0x1104,0x1124,0x3248,0x4acb,0x5b2c,0x4249,0x4229,0x31a6,0x39e6,0x4227,0x5aea,0x5aeb,0x1924,0x1103,0x2164,
0x2164,0x29c6,0x31e6,0x29a5,0x2185,0x1944,0x31e7,0x29c6,0x2165,0x3a28,0x1924,0x2986,0x634c,0x1903,0x2965,0x2144,0x2144,0x31c6,0x4a89,0x4247,0x2144,0x29a5,0x3a06,0x4a68,
0x52ea,0x52c9,0x634b,0x4247,0x4268,0x3a06,0x31e6,0x31a6,0x2965,0x2985,0x2185,0x2185,0x29a5,0x29c5,0x3a27,0x29e6,0x29a5,0x29c5,0x29a5,0x2164,0x2165,0x29a6,0x3a28,0x31e7,
0x3a49,0x3208,0x1924,0x2185,0x2185,0x1924,0x4248,0x634b,0x2984,0x31c6,0x31e7,0x31e7,0x530b,0x3a28,0x3207,0x3248,0x29c6,0x1103,0x08e3,0x10e4,0x1924,0x4269,0x3a27,0x4aa9,
0x530b,0x29a6,0x3a27,0x4aaa,0x31e6,0x3a27,0x2185,0x29a6,0x1944,0x21c6,0x3a89,0x3a89,0x19a6,0x21c7,0x1924,0x1925,0x31e7,0x29a7,0x1924,0x2165,0x2186,0x2165,0x1944,0x29e6,
0x3a48,0x4268,0x29c6,0x3a28,0x3207,0x29c6,0x10e3,0x08c2,0x10c3,0x31e7,0x4289,0x2165,0x52eb,0x3a27,0x3a48,0x29c6,0x2185,0x2985,0x29a6,0x31e7,0x29c6,0x29a6,0x3a08,0x3a49,
0x1104,0x1904,0x2185,0x1103,0x1944,0x2165,0x2124,0x2944,0x10c2,0x0861,0x18e3,0x18c3,0x0862,0x0862,0x10a3,0x1082,0x0021,0x0862,0x18c3,0x18e4,0x0021,0x0862,0x08a2,0x0062,
0x0862,0x2945,0x1904,0x2124,0x10a2,0x10a2,0x18c3,0x0862,0x20e3,0x2924,0x20c2,0x3185,0x2103,0x10c3,0x10e3,0x1924,0x1104,0x1904,0x10e3,0x1944,0x2986,0x2986,0x3a28,0x29a6,
0x29a6,0x31e6,0x1944,0x29a6,0x1924,0x1103,0x1923,0x2985,0x2144,0x2124,0x2124,0x2123,0x3185,0x39c6,0x2943,0x39a4,0x39c4,0x7b8a,0x9c6d,0x8c0c,0x83ec,0x31c5,0x2184,0x29c4,
0x3a44,0x5306,0x4ae5,0x4285,0x2183,0x3227,0x3208,0x29c7,0x31e7,0x1924,0x1103,0x1924,0x10e3,0x10e3,0x1944,0x29c6,0x2185,0x2185,0x1103,0x29c6,0x4268,0x3a27,0x31e6,0x31e7,
0x31c6,0x2124,0x2965,0x2985,0x29a6,0x29a5,0x29c6,0x1103,0x1924,0x08e3,0x29e7,0x4b0c,0x4aeb,0x428a,0x3228,0x3a28,0x39e6,0x52a8,0x738b,0x31a5,0x31c6,0x1924,0x10e3,0x2185,
0x2185,0x29a5,0x2184,0x29a5,0x2164,0x2985,0x1923,0x31e6,0x3a48,0x29a5,0x52ea,0x52ca,0x4a89,0x31c6,0x39e6,0x4227,0x4268,0x4227,0x39e6,0x3a06,0x4247,0x5ac9,0x5b0a,0x4227,
0x6bad,0x5aea,0x73cd,0x4268,0x2143,0x2984,0x2985,0x31c6,0x31c6,0x2164,0x2985,0x29a5,0x2185,0x21a5,0x2185,0x31e6,0x2185,0x1923,0x2185,0x1944,0x2185,0x29a6,0x31e7,0x3a49,
0x3208,0x31e7,0x29a6,0x1964,0x2185,0x2145,0x18e3,0x31c5,0x840e,0x52ca,0x2165,0x31c6,0x3a48,0x3248,0x2a07,0x3a69,0x3a68,0x1944,0x08e3,0x1925,0x2166,0x2985,0x2165,0x1944,
0x31e6,0x2185,0x1924,0x29c6,0x31e7,0x2144,0x29c6,0x4289,0x2185,0x3227,0x42a9,0x3247,0x21a6,0x2a08,0x1945,0x1925,0x31e8,0x31e8,0x1104,0x3a28,0x3a48,0x31e7,0x29a6,0x3a27,
0x4289,0x31e7,0x4269,0x3a28,0x31e7,0x29c6,0x10e3,0x08c3,0x08c3,0x1944,0x3a28,0x1944,0x2185,0x31e7,0x10e3,0x08a2,0x1103,0x08a2,0x10c2,0x10c2,0x08c2,0x1104,0x1945,0x31c7,
0x1944,0x08c2,0x1924,0x2186,0x1924,0x2965,0x18e3,0x2103,0x2944,0x1904,0x2125,0x0020,0x1082,0x0861,0x1082,0x10a2,0x0020,0x0841,0x0862,0x18e4,0x18e4,0x08a3,0x0882,0x08a2,
0x2945,0x1082,0x1082,0x10a3,0x2124,0x18c3,0x10a2,0x1082,0x18a2,0x2923,0x3144,0x4207,0x18e2,0x1903,0x1104,0x1904,0x2165,0x1924,0x10e3,0x1103,0x2145,0x3a08,0x1924,0x1924,
0x2144,0x2164,0x2164,0x29c6,0x1924,0x1923,0x10e2,0x08a1,0x10e2,0x18e2,0x2103,0x2123,0x2102,0x39a4,0x41e5,0x2942,0x2921,0x3162,0x41c4,0x4a25,0x4a26,0x1923,0x1944,0x29c4,
0x3a65,0x4ac6,0x4ac5,0x4286,0x29c4,0x29a5,0x3228,0x3a29,0x29c7,0x1924,0x10e3,0x1103,0x1924,0x2165,0x31e7,0x29c6,0x31e6,0x31e6,0x2164,0x29c6,0x4289,0x3207,0x2165,0x29a6,
0x4248,0x3a07,0x4248,0x2165,0x4228,0x3207,0x29a5,0x1103,0x10e3,0x08e3,0x3228,0x4b0b,0x3269,0x42aa,0x1965,0x29c6,0x52c9,0x5ac7,0x7bab,0x9d11,0x3a27,0x1103,0x1103,0x2165,
0x29a5,0x2164,0x2985,0x29a5,0x31e6,0x29c5,0x31e6,0x3a27,0x4268,0x3a47,0x52c9,0x4aa8,0x39e5,0x4247,0x4247,0x4227,0x4247,0x4a67,0x3a06,0x4246,0x4a88,0x4226,0x4a47,0x39e5,
0x39e6,0x4a88,0x4227,0x31e6,0x39e6,0x3a06,0x3a06,0x4227,0x4247,0x3a27,0x31e6,0x3206,0x4268,0x3a47,0x31e6,0x3206,0x4288,0x3a47,0x21a4,0x3227,0x31e6,0x29c6,0x3207,0x29c6,
0x2164,0x2185,0x29e6,0x29a6,0x29c7,0x2146,0x3a08,0x7c0e,0x6b8b,0x634b,0x4a89,0x31c6,0x2165,0x3248,0x3269,0x3269,0x3228,0x1124,0x1125,0x2166,0x10c3,0x31a6,0x31c6,0x3a07,
0x2185,0x4aca,0x31e7,0x29c6,0x3a48,0x3a07,0x29a6,0x3a48,0x29c6,0x3207,0x3248,0x1985,0x21c6,0x3a69,0x1924,0x2186,0x31e8,0x1104,0x1945,0x3a49,0x3208,0x31e7,0x29a6,0x29a5,
0x3206,0x31e6,0x31e7,0x29c6,0x29c6,0x3a48,0x10e3,0x10e3,0x10e3,0x1104,0x10e3,0x29a6,0x3a28,0x3a28,0x31e6,0x3a08,0x29a6,0x29c6,0x29c6,0x29a6,0x2165,0x1904,0x1904,0x1103,
0x1924,0x10e3,0x10e3,0x1944,0x29a6,0x2103,0x3164,0x39a6,0x2945,0x18e4,0x0862,0x0841,0x0862,0x0841,0x1082,0x0861,0x0841,0x0841,0x0862,0x0882,0x2966,0x1925,0x0062,0x10e4,
0x18c3,0x0861,0x0862,0x1082,0x10a2,0x2124,0x10c3,0x18c2,0x20e2,0x3143,0x3143,0x4a47,0x2123,0x1923,0x1904,0x2165,0x2185,0x10c3,0x10e3,0x1924,0x2145,0x2165,0x31e7,0x2986,
0x29a6,0x31c6,0x2164,0x2185,0x1944,0x1103,0x1103,0x10e2,0x2144,0x39e6,0x6b6c,0x5288,0x4226,0x632a,0x736a,0x738a,0x8c6e,0x7bcb,0xb572,0x7b8b,0x18c0,0x2143,0x1943,0x3a26,
0x4286,0x3a64,0x3a44,0x31e4,0x2184,0x29e7,0x21a6,0x3a49,0x3a29,0x1104,0x1924,0x1923,0x2186,0x31e8,0x29a6,0x31e7,0x31e7,0x3a27,0x29c6,0x29c6,0x4268,0x31e7,0x2185,0x29a6,
0x4268,0x3a27,0x2965,0x2965,0x31c6,0x29a5,0x1924,0x1103,0x10e3,0x1965,0x29e7,0x3a89,0x3aaa,0x3249,0x1985,0x29e6,0x4a87,0x5ae7,0x7beb,0x6349,0x3a26,0x2165,0x1904,0x29c6,
0x31e7,0x3207,0x29a5,0x29c5,0x52ea,0x4ac9,0x6bac,0x4267,0x4288,0x638c,0x4aa8,0x52c8,0x6b6b,0x6b6b,0x6b8c,0x5b09,0x4a88,0x73ac,0x73ac,0x7bed,0x73ac,0x4205,0x73ac,0x6b4b,
0x7bee,0x840f,0x842f,0x738d,0x73ad,0x73ce,0x73ce,0x73ad,0x6b8c,0x7bee,0x4a88,0x4ac9,0x636c,0x5b4b,0x3226,0x4ac9,0x530a,0x530a,0x4aa8,0x5b2a,0x5b4b,0x5b2b,0x3a47,0x4aa9,
0x4aa9,0x4268,0x3a48,0x4248,0x3a28,0x31c7,0x31a6,0x5288,0x4a87,0x52a8,0x52ca,0x29c6,0x1944,0x21e6,0x3268,0x3268,0x2a28,0x1145,0x2186,0x10e4,0x08a3,0x2125,0x2985,0x2185,
0x2185,0x2165,0x2185,0x3a28,0x3207,0x3a28,0x2985,0x4269,0x29c6,0x3227,0x21c6,0x1985,0x2a08,0x3249,0x29c7,0x2986,0x2165,0x1124,0x10e3,0x3a28,0x3a48,0x29c7,0x29a6,0x29a6,
0x3a68,0x3a28,0x2185,0x31e7,0x3a28,0x3a28,0x1103,0x08c2,0x10e3,0x1104,0x31c7,0x3a28,0x4269,0x4aa9,0x31c6,0x3a48,0x29c6,0x29c6,0x3a28,0x31e7,0x29c6,0x2165,0x1924,0x1904,
0x1104,0x1904,0x1945,0x1924,0x1924,0x31a5,0x39a6,0x3985,0x20e3,0x0862,0x0882,0x0021,0x0862,0x0861,0x0882,0x0841,0x0861,0x0841,0x0021,0x10c3,0x1925,0x10e4,0x1945,0x1945,
0x0862,0x1082,0x1082,0x18c3,0x1904,0x1082,0x2124,0x2103,0x2102,0x3984,0x3964,0x3964,0x3984,0x39a5,0x18e3,0x1944,0x2165,0x10c3,0x2144,0x2985,0x10e4,0x1924,0x1924,0x2986,
0x2124,0x1924,0x2145,0x2165,0x1904,0x1104,0x1104,0x10c3,0x1923,0x2144,0x2984,0x3184,0x2943,0x39c5,0x41e5,0x5ac8,0x73aa,0x5b08,0x8c6e,0x630a,0x2122,0x2143,0x2122,0x4226,
0x3a25,0x4a86,0x5287,0x4226,0x1984,0x21c6,0x21a6,0x3208,0x3a28,0x1945,0x1945,0x31c7,0x3208,0x29a6,0x2986,0x2185,0x31e7,0x3a07,0x29a6,0x31e7,0x4269,0x31e7,0x1944,0x2165,
0x2185,0x4248,0x31c6,0x3a07,0x3a47,0x3a48,0x29c6,0x1103,0x2186,0x1945,0x1104,0x3a69,0x3a89,0x3228,0x1985,0x3a47,0x5309,0x5308,0x73eb,0x3a25,0x31a5,0x29a6,0x2166,0x29a6,
0x29a6,0x29e6,0x3206,0x3206,0x3206,0x4268,0x4288,0x4268,0x31e6,0x29a5,0x6b8c,0x6b6c,0x4a88,0x52a9,0x634b,0x5ae9,0x52a8,0x5b0a,0x5b0a,0x52a8,0x4247,0x4a87,0x6b8c,0x7bed,
0x8c4f,0x844f,0x4227,0x5aea,0x632b,0x634b,0x6b6b,0x73ac,0x73cd,0x6b4b,0x6b8c,0x6b6c,0x52a9,0x39e6,0x634b,0x5b0a,0x52c9,0x632b,0x844f,0x632b,0x634b,0x5b4b,0x52ea,0x4268,
0x3a68,0x3a48,0x3207,0x31e6,0x29c6,0x31c7,0x39e7,0x4a68,0x7bcc,0x52a9,0x4a69,0x4a69,0x1924,0x29c6,0x3269,0x2a48,0x3208,0x2186,0x1104,0x08e3,0x08c3,0x29a6,0x4269,0x31e6,
0x29a6,0x29a6,0x31e7,0x3a48,0x4268,0x3a27,0x21a5,0x4289,0x29e6,0x29e6,0x21a5,0x3207,0x3228,0x42aa,0x2186,0x1104,0x2186,0x1104,0x10e3,0x29a7,0x426a,0x3a08,0x2165,0x2185,
0x3a28,0x4269,0x31e7,0x3a28,0x3207,0x29c6,0x10e3,0x10e4,0x1104,0x1103,0x29c6,0x1102,0x10e2,0x1944,0x10e3,0x10e2,0x1103,0x10e2,0x08c2,0x10e2,0x1103,0x1944,0x1924,0x10e3,
0x1924,0x1924,0x1924,0x1945,0x1103,0x2965,0x62eb,0x2904,0x0821,0x1082,0x0861,0x0841,0x0861,0x0841,0x0861,0x0821,0x0841,0x0021,0x0041,0x08c3,0x1124,0x08e3,0x1945,0x29a6,
0x18c3,0x10a2,0x1082,0x18e3,0x18e3,0x18e3,0x2103,0x2123,0x3164,0x39a5,0x3123,0x28c2,0x4184,0x3985,0x18c2,0x2144,0x1944,0x2165,0x2185,0x10c2,0x1924,0x1944,0x2184,0x2184,
0x29a5,0x2965,0x2985,0x2144,0x1924,0x1924,0x1904,0x10e3,0x10e3,0x10e2,0x2123,0x2963,0x2963,0x3184,0x39c5,0x39a4,0x39a3,0x4a46,0x2964,0x10a1,0x2103,0x2124,0x2123,0x4a47,
0x3a05,0x6b6a,0x734a,0x62ea,0x1964,0x21c6,0x21c6,0x3208,0x21a6,0x2186,0x29a7,0x31c7,0x1944,0x1944,0x31e7,0x31c6,0x3a28,0x3207,0x29c6,0x3a28,0x3207,0x31e7,0x2144,0x2185,
0x29c6,0x3a08,0x4aaa,0x4289,0x4ac9,0x4288,0x29a6,0x2186,0x21a6,0x1965,0x1104,0x3228,0x42aa,0x2a07,0x1943,0x4287,0x5328,0x5307,0x740b,0x4246,0x29a4,0x31c6,0x2185,0x21a5,
0x21a5,0x2185,0x3a68,0x3a47,0x3a48,0x3a27,0x29c6,0x29c6,0x3206,0x3207,0x4268,0x4a89,0x634b,0x6b6c,0x52c9,0x4aa9,0x4a67,0x5b0a,0x5b0a,0x52e9,0x4aa8,0x4a88,0x6b8c,0x636b,
0x630b,0x5aea,0x2985,0x39e6,0x52ca,0x52c9,0x4a68,0x52c9,0x52c9,0x5aea,0x4a88,0x4a68,0x4227,0x3a06,0x4a88,0x31c5,0x4227,0x3a06,0x39e6,0x5b0a,0x4288,0x31e6,0x3a07,0x31e6,
0x29e6,0x29e6,0x29c6,0x29e6,0x29c6,0x31c6,0x31c6,0x4206,0x738b,0x5ac9,0x4a48,0x3a07,0x2985,0x31e7,0x3248,0x3269,0x3a69,0x1104,0x1104,0x1104,0x10e4,0x2186,0x4269,0x4248,
0x2986,0x31e7,0x3a49,0x31e7,0x3a48,0x3a68,0x2165,0x3a68,0x29a6,0x21a5,0x29c6,0x3207,0x3a8a,0x3a8a,0x1944,0x10e4,0x1924,0x1924,0x1104,0x2186,0x31e8,0x4249,0x29a6,0x2986,
0x3a27,0x3207,0x3a48,0x31e6,0x29a5,0x31e7,0x10e3,0x1104,0x1945,0x2165,0x29c6,0x3a47,0x31e6,0x3a48,0x4a89,0x29a6,0x2185,0x3a28,0x3a48,0x3a28,0x3a27,0x29a6,0x1903,0x1924,
0x1104,0x2145,0x2145,0x1924,0x1944,0x29a6,0x4a29,0x20c3,0x1041,0x0881,0x0040,0x0841,0x0021,0x0841,0x0841,0x0841,0x0861,0x0041,0x0061,0x08c3,0x1124,0x1104,0x0082,0x10e4,
0x18c3,0x10a3,0x10a2,0x18c3,0x18e3,0x2124,0x1903,0x2102,0x39a5,0x41c5,0x2903,0x3964,0x3984,0x3164,0x2144,0x1924,0x2185,0x21a6,0x10c2,0x10c2,0x2184,0x29c4,0x3204,0x4ac7,
0x3a25,0x4246,0x2163,0x1923,0x1923,0x1924,0x1904,0x10e3,0x10c2,0x1903,0x4227,0x31a4,0x31a5,0x736b,0x5267,0x7b8b,0xc592,0xc5b3,0x736b,0x3144,0x2124,0x2145,0x2124,0x62c9,
0x4205,0x6b4a,0x732a,0x5aa9,0x2164,0x1985,0x1986,0x29e7,0x1965,0x1924,0x3a28,0x2166,0x1924,0x2165,0x29c6,0x2986,0x2185,0x2185,0x2185,0x2165,0x2985,0x29a6,0x1924,0x1924,
0x29c6,0x2186,0x29c6,0x4268,0x4268,0x31e6,0x29c6,0x2186,0x1124,0x1965,0x08e3,0x21a6,0x4289,0x3227,0x21a4,0x5328,0x4ae6,0x5327,0x73ea,0x4245,0x4246,0x31e5,0x2184,0x29e5,
0x3226,0x31e6,0x29c5,0x4268,0x3207,0x3207,0x3a48,0x4268,0x4aa9,0x4289,0x3a27,0x31e6,0x4a68,0x52ea,0x4268,0x4a88,0x4268,0x634b,0x73ed,0x7c2e,0x4ac8,0x52e9,0x4246,0x2163,
0x1903,0x31c6,0x4248,0x4248,0x2985,0x2985,0x31c6,0x3a26,0x3a06,0x31e6,0x39e6,0x31e6,0x4247,0x4aa8,0x3a26,0x39e6,0x3a26,0x3a06,0x4247,0x3a06,0x3a06,0x2985,0x1923,0x1944,
0x1944,0x2165,0x2185,0x2184,0x29a5,0x2984,0x3a26,0x4246,0x6b6a,0x5ac9,0x4a68,0x3a07,0x31a6,0x3a28,0x3a69,0x3aca,0x2a08,0x1124,0x08e3,0x10e3,0x08e3,0x2166,0x3a28,0x29a5,
0x2986,0x4249,0x31e8,0x2986,0x29c6,0x3207,0x3207,0x3a68,0x21a5,0x2185,0x29c6,0x3a68,0x3a69,0x3249,0x2186,0x1124,0x1945,0x1945,0x1104,0x2186,0x31c7,0x2185,0x29c6,0x29c6,
0x31e6,0x29a5,0x29a5,0x29c5,0x29a4,0x3206,0x1923,0x10e3,0x29c7,0x10e3,0x3a48,0x5b2b,0x31e6,0x3207,0x3a48,0x3a48,0x3207,0x3a48,0x3207,0x3a27,0x3207,0x31c6,0x10e3,0x1924,
0x1904,0x2186,0x2186,0x10e3,0x1965,0x31e7,0x2145,0x18c3,0x18c3,0x0061,0x0040,0x0821,0x0841,0x0041,0x0061,0x08c3,0x10e3,0x1104,0x08e3,0x08e3,0x0904,0x0082,0x0041,0x0021,
0x10a3,0x10a3,0x10a2,0x10a2,0x1903,0x18e3,0x2103,0x2944,0x2923,0x41e6,0x3164,0x3984,0x41a5,0x5268,0x2144,0x2185,0x31e7,0x1104,0x1103,0x2143,0x29a3,0x29a3,0x1940,0x31e3,
0x4285,0x52c6,0x52e7,0x3a46,0x2143,0x2144,0x1903,0x10c3,0x10c2,0x1903,0x3a06,0x3a06,0x39c5,0x41e5,0x39c4,0x5aa7,0xb4ee,0x9c4c,0x942d,0x630a,0x2123,0x2144,0x18e3,0x62c9,
0x4205,0x6b09,0x732a,0x5a89,0x1924,0x21a6,0x21c7,0x29c7,0x1965,0x2186,0x1924,0x2165,0x2145,0x10e4,0x1945,0x1945,0x2145,0x2165,0x2165,0x2185,0x29c6,0x2185,0x1944,0x2165,
0x2185,0x31c7,0x2185,0x3a27,0x4aa9,0x4aa9,0x29c6,0x10e3,0x1104,0x1103,0x1103,0x2185,0x3227,0x29e6,0x3a46,0x5327,0x4ae6,0x6388,0x73ea,0x4244,0x52c7,0x52e8,0x31e4,0x3205,
0x4247,0x3206,0x4268,0x3a27,0x31e7,0x29c6,0x29c6,0x3207,0x3a07,0x4aa9,0x3a27,0x2985,0x2985,0x31c6,0x31e6,0x29a4,0x2163,0x31c5,0x3a25,0x31e5,0x4aa8,0x4287,0x3a46,0x4a87,
0x3a26,0x5b2a,0x6bac,0x6bcc,0x3a26,0x29c4,0x638b,0x6349,0x5308,0x4aa7,0x52e8,0x52e8,0x5b29,0x5b2a,0x6b8b,0x634b,0x73ed,0x844e,0x636b,0x5b0a,0x52a9,0x5aea,0x4268,0x3a07,
0x29a5,0x31e7,0x3206,0x29a4,0x31c5,0x3a26,0x4267,0x4a87,0x4a66,0x4246,0x4247,0x4a68,0x2144,0x3207,0x4b0b,0x2a28,0x3228,0x1124,0x08e3,0x1104,0x1104,0x1945,0x4a8a,0x31e7,
0x4a89,0x3a29,0x29a6,0x29a6,0x4288,0x3227,0x29c6,0x4269,0x21a5,0x1944,0x3a48,0x3a48,0x29e7,0x3208,0x29c7,0x1925,0x2186,0x1925,0x08c3,0x1924,0x2185,0x2185,0x2164,0x29c6,
0x3a47,0x31e6,0x29e5,0x3a46,0x3a46,0x29c5,0x1923,0x2185,0x1924,0x10e3,0x4268,0x4288,0x29a5,0x4268,0x3a48,0x3a28,0x3a07,0x3a48,0x3a27,0x29c6,0x29c6,0x31c6,0x10e3,0x1103,
0x1104,0x2165,0x1945,0x2165,0x21a6,0x1924,0x2165,0x1904,0x0882,0x10e3,0x08a2,0x0841,0x0841,0x0882,0x0081,0x0903,0x08e3,0x0903,0x1124,0x1124,0x0904,0x0082,0x0882,0x0021,
0x1082,0x1082,0x10c3,0x1082,0x18e3,0x10c2,0x18e2,0x3144,0x39a5,0x3164,0x2923,0x3964,0x3964,0x4206,0x2144,0x31e7,0x1924,0x1924,0x1103,0x1903,0x2163,0x4ac7,0x4ac7,0x4265,
0x29c2,0x4223,0x4265,0x3a25,0x2163,0x2164,0x1903,0x18e3,0x10c3,0x10e2,0x31a5,0x52a9,0x630a,0x31a4,0x41e5,0x62c8,0xb50d,0x9c4b,0x7b48,0x4a25,0x31a4,0x2143,0x1902,0x62ea,
0x4226,0x62e9,0x732a,0x5248,0x1944,0x21a6,0x21c7,0x29e7,0x29c7,0x1104,0x1945,0x10e4,0x2145,0x2165,0x2186,0x29c7,0x31e7,0x3208,0x31e7,0x31e7,0x29c6,0x29a6,0x2165,0x2185,
0x2144,0x29a6,0x29c6,0x3a27,0x4289,0x52ea,0x2185,0x1904,0x1103,0x1944,0x1124,0x2185,0x29c6,0x29c6,0x29e5,0x4ac6,0x5b69,0x52e7,0x7c4c,0x5b28,0x6bcb,0x6b8a,0x6b8a,0x5b09,
0x4aa8,0x52ea,0x4227,0x2985,0x2964,0x2985,0x2985,0x31a5,0x2984,0x31a5,0x31c6,0x2144,0x2964,0x2964,0x4226,0x3a26,0x2964,0x4246,0x4a67,0x5ae9,0x6b8b,0x4aa7,0x52c8,0x52c8,
0x4a86,0x3a25,0x4245,0x3a45,0x3a25,0x52c7,0x52c7,0x6348,0x52e6,0x5b07,0x4aa6,0x52c7,0x4265,0x39e4,0x31a4,0x31c4,0x52a8,0x3a05,0x31a4,0x31c5,0x3184,0x39e5,0x4247,0x4247,
0x73cd,0x52ca,0x29a5,0x31e5,0x4266,0x5b29,0x6349,0x5308,0x4266,0x3a05,0x3a26,0x4226,0x29a5,0x3a27,0x3a48,0x3aaa,0x29e7,0x1124,0x08e3,0x1124,0x1104,0x1904,0x31c7,0x4248,
0x31e7,0x29c7,0x29c7,0x2185,0x3a27,0x3227,0x2185,0x3a68,0x29c6,0x29c6,0x3207,0x3207,0x3208,0x3208,0x29e7,0x1124,0x1104,0x1104,0x2185,0x2985,0x2185,0x29a5,0x2164,0x29a5,
0x4aa9,0x3a26,0x29c4,0x29c4,0x29c4,0x3226,0x4267,0x1944,0x10e3,0x1924,0x29a5,0x3a27,0x31e6,0x3207,0x3207,0x3a07,0x3207,0x3a28,0x29c6,0x31e7,0x31e6,0x29a6,0x10e3,0x1924,
0x1904,0x2165,0x31e7,0x21a6,0x1124,0x1944,0x2165,0x10e3,0x0040,0x08a2,0x10c3,0x0841,0x0882,0x0081,0x0061,0x08c2,0x1103,0x1124,0x08c3,0x1104,0x1965,0x08c3,0x0862,0x18e4,
0x10a3,0x10a3,0x10a3,0x10c3,0x18c2,0x2124,0x20e3,0x2903,0x3144,0x41a5,0x3143,0x41c5,0x3164,0x3185,0x39e7,0x2144,0x10e3,0x1924,0x2164,0x2144,0x2123,0x2143,0x2162,0x4a66,
0x5b08,0x4245,0x4244,0x4244,0x3a05,0x1902,0x1924,0x10c3,0x10a3,0x10c2,0x31e5,0x4247,0x4226,0x4226,0x39c4,0x62e8,0xbd50,0x9c4c,0x734a,0x4a47,0x2964,0x3a07,0x2144,0x4206,
0x3a05,0x62e9,0x5aa8,0x4207,0x2165,0x1986,0x21c7,0x428a,0x1945,0x08c3,0x1925,0x1904,0x10e4,0x2165,0x29c7,0x2165,0x29a7,0x29a7,0x2186,0x29a6,0x29c6,0x2165,0x1903,0x2165,
0x29a6,0x4269,0x29a6,0x4aa9,0x4aca,0x3a27,0x4248,0x1924,0x1924,0x2165,0x29a6,0x2185,0x29c6,0x29c6,0x3226,0x4ae7,0x5308,0x4aa7,0x3a46,0x4aa7,0x52e8,0x52c8,0x636a,0x6b6b,
0x5b0a,0x634b,0x632b,0x634b,0x5aea,0x5288,0x4a68,0x4206,0x4a67,0x3a06,0x5ac9,0x5288,0x5288,0x5b0a,0x6b6b,0x840d,0x840d,0x7bed,0x6329,0x5ae8,0x6309,0x73cc,0x7bed,0x7c0d,
0x8c6e,0x9cf0,0x9d10,0xa531,0xa531,0x9d31,0x8c8e,0x7bcb,0x948e,0xb5b3,0xad51,0xb5b3,0x9cd0,0x948f,0x7bed,0x5ac8,0x4206,0x3184,0x39e5,0x39e5,0x41e5,0x5ac8,0x8c6f,0x7bcd,
0x52c9,0x3a06,0x4227,0x5b0a,0x7c4d,0x73cb,0x6bca,0x73eb,0x5b49,0x5329,0x4287,0x3a26,0x4248,0x3a27,0x29c7,0x3249,0x3a49,0x1124,0x1124,0x1104,0x10e3,0x2186,0x3207,0x31c6,
0x2986,0x31c7,0x29c7,0x2165,0x3207,0x29c5,0x21a5,0x29a5,0x3a68,0x3a48,0x2185,0x3207,0x2a08,0x3228,0x21a6,0x08e3,0x1124,0x1904,0x1924,0x2185,0x31e6,0x29a5,0x2184,0x29c5,
0x31e5,0x3a27,0x29a4,0x21a4,0x31e5,0x3a67,0x2184,0x1923,0x1904,0x10e3,0x2185,0x3a47,0x29a5,0x2985,0x3a28,0x29c6,0x31e7,0x29c6,0x3207,0x29c6,0x3207,0x31c6,0x1904,0x2144,
0x1904,0x2186,0x31e8,0x1124,0x1924,0x2165,0x1924,0x10c2,0x0861,0x0841,0x0882,0x1904,0x0882,0x0861,0x0882,0x10c3,0x10e3,0x10e3,0x0082,0x08e3,0x2186,0x1965,0x1104,0x1924,
0x1082,0x1082,0x10a2,0x10a2,0x1082,0x1903,0x18c2,0x20c2,0x2923,0x3985,0x3164,0x2903,0x4a27,0x39e6,0x2965,0x1924,0x1103,0x1944,0x2185,0x1924,0x2145,0x1923,0x1902,0x2163,
0x31e4,0x4a87,0x31c3,0x3a44,0x52e8,0x29a4,0x1903,0x18c3,0x0882,0x2144,0x3a06,0x2984,0x3184,0x41e5,0x2101,0x41c4,0x7b69,0x8bcc,0x734b,0x31a5,0x2125,0x31c6,0x31c6,0x2964,
0x2984,0x39c4,0x5288,0x6b6c,0x1124,0x21c6,0x3a69,0x29e7,0x1925,0x1104,0x1925,0x1925,0x10e3,0x1104,0x29a7,0x31c7,0x2166,0x29a6,0x29a6,0x29c6,0x29c6,0x2165,0x1924,0x2144,
0x29a6,0x2185,0x3207,0x31e6,0x29c6,0x3207,0x2185,0x29a6,0x1944,0x1923,0x3227,0x42a8,0x3206,0x29a5,0x3a47,0x3a26,0x31e5,0x530a,0x31e5,0x4227,0x29a4,0x2964,0x39c5,0x52a9,
0x4a67,0x39c5,0x3a06,0x4247,0x3185,0x3164,0x39a5,0x3164,0x5268,0x4a47,0x4a27,0x4a47,0x5288,0x5288,0x5ae9,0x5287,0x4a67,0x62e9,0x5ae9,0x4a46,0x4a67,0x4206,0x2943,0x2943,
0x3164,0x31a5,0x18e2,0x31a5,0x39a5,0x3184,0x3184,0x39c4,0x41c5,0x4a26,0x4206,0x3164,0x4a06,0x736b,0x6b0a,0x5247,0x4206,0x5247,0x4206,0x4a27,0x5287,0x5287,0x6329,0x4246,
0x4246,0x4247,0x39e5,0x4247,0x3a04,0x3a24,0x4285,0x4a85,0x4285,0x4ac6,0x5308,0x6b8b,0x634b,0x3a07,0x29e7,0x3208,0x2a08,0x21a6,0x1965,0x1104,0x1104,0x1945,0x3a08,0x31c6,
0x29a6,0x29a7,0x29c7,0x2165,0x29c6,0x29c6,0x29c6,0x4269,0x29c6,0x29e6,0x3207,0x29e6,0x3208,0x3228,0x2186,0x1104,0x1924,0x1924,0x10e3,0x2164,0x29c5,0x1943,0x1943,0x2163,
0x2184,0x1943,0x3206,0x29c4,0x3a46,0x3a26,0x1943,0x1103,0x10e4,0x10e3,0x2185,0x3a27,0x2184,0x29c6,0x3a28,0x4268,0x31e6,0x3207,0x3a27,0x4268,0x29c6,0x2985,0x1924,0x2144,
0x2185,0x31e7,0x2185,0x1944,0x1904,0x2945,0x31a5,0x18e3,0x0861,0x0862,0x0021,0x10c3,0x1904,0x0882,0x10a2,0x0882,0x10a3,0x0882,0x0862,0x0062,0x1945,0x2186,0x10e3,0x08e3,
0x0862,0x0882,0x10c3,0x10a2,0x10a2,0x10a3,0x18c3,0x2103,0x2924,0x3164,0x20e2,0x2923,0x5248,0x39e6,0x2964,0x2123,0x2144,0x1923,0x10c2,0x1903,0x1923,0x1943,0x1943,0x2164,
0x1943,0x2184,0x4267,0x31e3,0x31e4,0x3a06,0x29a5,0x10c2,0x2125,0x2144,0x4206,0x4a88,0x4a87,0x7bec,0x4225,0x4a45,0x8bcc,0x9c6e,0x6b4a,0x18e3,0x2145,0x2164,0x2163,0x4aa8,
0x2944,0x18e2,0x52c8,0x4aa8,0x2144,0x3207,0x31c6,0x29c7,0x1945,0x1905,0x2165,0x1944,0x1904,0x10e3,0x1924,0x31e7,0x29a6,0x2145,0x2165,0x2985,0x3207,0x2985,0x1944,0x1944,
0x1944,0x29c7,0x3a48,0x2164,0x3a27,0x3206,0x29c6,0x2165,0x29c5,0x4aa8,0x5328,0x6389,0x42a6,0x3226,0x1944,0x39e7,0x2985,0x3a07,0x4227,0x39e7,0x31c6,0x3186,0x4a49,0x39c6,
0x31a5,0x4a47,0x3185,0x39a6,0x39c6,0x41e6,0x39c6,0x41e7,0x4207,0x4206,0x39a4,0x4a05,0x4a06,0x41e6,0x4206,0x4206,0x4a47,0x5ae9,0x4a47,0x4a47,0x5267,0x41c6,0x3985,0x39a5,
0x41e6,0x31a5,0x39a5,0x41c6,0x41e6,0x49e6,0x41e5,0x4a05,0x41e5,0x39c4,0x4a26,0x41e5,0x39c5,0x5a88,0x3984,0x3144,0x39a5,0x3185,0x3185,0x3185,0x3184,0x4205,0x52a6,0x4a45,
0x4a87,0x5ae9,0x4a47,0x4247,0x4a47,0x4a67,0x52c7,0x6b89,0x6ba9,0x73c9,0x6b68,0x52e6,0x5b08,0x4247,0x29c6,0x3229,0x29c7,0x2186,0x29a7,0x1945,0x08c3,0x3228,0x4aaa,0x2165,
0x29c7,0x2186,0x29a7,0x1965,0x29c6,0x21a6,0x42ca,0x3228,0x1123,0x1985,0x29e6,0x42aa,0x29a7,0x31e7,0x2165,0x1944,0x1924,0x1123,0x1923,0x1103,0x29a5,0x31e6,0x29c5,0x2183,
0x29a4,0x29c4,0x29e4,0x3a47,0x3206,0x31e6,0x2165,0x10e4,0x1924,0x1924,0x2986,0x3a28,0x29a5,0x3a27,0x29c5,0x2185,0x29c6,0x29c6,0x2185,0x29a5,0x31e6,0x29a5,0x1923,0x31e6,
0x29c5,0x21a4,0x3205,0x1942,0x1903,0x3944,0x6aaa,0x3944,0x0840,0x0862,0x0842,0x0862,0x10a3,0x18e4,0x0841,0x0841,0x1082,0x0882,0x0861,0x0021,0x2124,0x0882,0x08c2,0x00c2,
0x1082,0x1082,0x10a2,0x10c3,0x10a2,0x10a2,0x18c3,0x18e3,0x2924,0x2103,0x3185,0x39a6,0x3985,0x41e6,0x3184,0x2123,0x2144,0x10e3,0x08c2,0x1103,0x1924,0x1103,0x1944,0x2184,
0x2164,0x29c5,0x3205,0x2142,0x31c4,0x2983,0x1923,0x39e6,0x18e3,0x18c2,0x39c5,0x3a06,0x4a47,0x5267,0x4a66,0x83ec,0x7b6a,0x7329,0x5ac8,0x3185,0x18e3,0x2143,0x2983,0x3a05,
0x3185,0x18c1,0x2142,0x4a87,0x29c6,0x2986,0x29a6,0x31e8,0x1925,0x1905,0x1945,0x1924,0x1924,0x1924,0x1924,0x1924,0x29a6,0x2186,0x3a28,0x4269,0x2165,0x2145,0x2165,0x1924,
0x31e7,0x2165,0x1924,0x31e6,0x29a5,0x2164,0x29a5,0x2985,0x4288,0x3a66,0x5b48,0x4284,0x3244,0x3a66,0x2164,0x2143,0x31a5,0x2123,0x31a6,0x39e7,0x4228,0x52aa,0x4a49,0x5289,
0x39e6,0x3184,0x4207,0x4a68,0x6b2b,0x6b4b,0x5288,0x7bcc,0x83ed,0x83ed,0x83cd,0x8c2e,0x946f,0x734c,0x5289,0x738c,0x5288,0x3164,0x5a88,0x5a88,0x83cd,0x8c2e,0x946f,0x8c0e,
0x736b,0x734a,0x944e,0x8c2e,0x944e,0x5a87,0x946f,0x944f,0x8c0e,0x736b,0x736b,0x83ed,0x83cd,0x7bcc,0x5287,0x62e8,0x6b6a,0x4a66,0x4a46,0x52a7,0x5287,0x5246,0x7bcb,0x946d,
0x8c2d,0x8c2f,0xa4d1,0x9cf1,0x9490,0x94b0,0x8c6e,0x6b49,0x6b49,0x6b89,0x8c8d,0x9d0f,0x52c8,0x31e6,0x2165,0x3208,0x3207,0x1924,0x2165,0x29c6,0x1944,0x21a5,0x4289,0x2165,
0x2165,0x2165,0x29a7,0x29c7,0x21a5,0x29c6,0x4289,0x29e6,0x29c6,0x29a6,0x29c6,0x3a48,0x29a6,0x1944,0x1944,0x29c6,0x31e7,0x2185,0x29a5,0x29a5,0x29c5,0x2164,0x29a4,0x29e5,
0x2184,0x21a3,0x4ac8,0x3a26,0x3206,0x4268,0x2185,0x1904,0x1924,0x1924,0x2185,0x3a27,0x2985,0x3a48,0x4288,0x31e6,0x31c6,0x31c6,0x29c6,0x2184,0x2164,0x3207,0x3206,0x29c5,
0x1922,0x29a4,0x3205,0x2163,0x1923,0x2944,0x6289,0x2923,0x10a1,0x1082,0x0822,0x0862,0x0842,0x10a3,0x18e4,0x0862,0x0882,0x0882,0x0862,0x18e4,0x0862,0x0861,0x08e3,0x08e3,
0x10a2,0x10a2,0x0882,0x18c3,0x10a2,0x1082,0x18c3,0x10a2,0x18c2,0x2124,0x4a28,0x2923,0x2944,0x39a5,0x18e2,0x3185,0x2144,0x10e2,0x08c2,0x1924,0x1924,0x1924,0x1944,0x2185,
0x2164,0x29a5,0x29a5,0x1922,0x2163,0x29a4,0x2984,0x2143,0x2143,0x31a5,0x31a5,0x3184,0x39e6,0x4206,0x3163,0x6b4a,0x940d,0x5a87,0x7bac,0x1903,0x2965,0x2164,0x3a05,0x4246,
0x2943,0x39c5,0x31c4,0x73cc,0x1923,0x2166,0x2986,0x31c7,0x1945,0x1104,0x10e4,0x10e3,0x10e3,0x2145,0x2986,0x2145,0x2145,0x29a7,0x2145,0x2145,0x2145,0x1945,0x1904,0x29c7,
0x29c6,0x08c3,0x1104,0x2165,0x1944,0x1943,0x2164,0x1923,0x29a4,0x6beb,0x5b47,0x63a9,0x5b68,0x5b29,0x4246,0x4a88,0x5ac9,0x4227,0x3185,0x39e7,0x4208,0x39e7,0x39c6,0x4207,
0x39e6,0x39e6,0x4227,0x4227,0x3184,0x41c5,0x41c5,0x39c4,0x39c4,0x41e4,0x4a25,0x4a26,0x4a47,0x39a5,0x41e6,0x4a27,0x39e5,0x41c5,0x4a27,0x4a27,0x5246,0x41e5,0x4a04,0x4204,
0x41c4,0x4a04,0x41c3,0x39a3,0x3983,0x2942,0x4a05,0x4a26,0x41e6,0x41c5,0x39a5,0x5268,0x5268,0x3183,0x39e4,0x6b4a,0x39c3,0x39e3,0x31e3,0x4a65,0x4a45,0x4a45,0x5ac6,0x5265,
0x5245,0x4a26,0x41e5,0x4a67,0x4205,0x3184,0x31a4,0x39c5,0x4206,0x2962,0x6349,0x94af,0x4a87,0x5288,0x31c6,0x1924,0x29c7,0x2165,0x2145,0x2165,0x2185,0x2185,0x3207,0x3207,
0x29a6,0x2986,0x29c7,0x2185,0x4289,0x3207,0x1965,0x29c6,0x3228,0x3228,0x29a6,0x2185,0x29c5,0x29e6,0x2185,0x2185,0x29a6,0x1924,0x1103,0x29c5,0x31e6,0x29c5,0x29a4,0x2163,
0x3a46,0x4ac8,0x3205,0x3205,0x3a27,0x4268,0x29a6,0x10e3,0x1944,0x1923,0x2164,0x3207,0x29a5,0x3206,0x3a27,0x29c6,0x2184,0x29c5,0x2184,0x29c5,0x2184,0x29c5,0x3206,0x1963,
0x1922,0x1942,0x2183,0x2163,0x1143,0x2143,0x3144,0x18c1,0x0861,0x0841,0x1042,0x0862,0x0862,0x0862,0x1083,0x1904,0x0862,0x1082,0x1904,0x1082,0x0841,0x10c3,0x0082,0x1144,
0x2104,0x1082,0x0861,0x1082,0x18e3,0x18c3,0x10a2,0x10c2,0x2124,0x31a6,0x2944,0x20e3,0x18c2,0x2102,0x39c6,0x2144,0x2985,0x1903,0x08e2,0x1124,0x1944,0x1944,0x1944,0x2185,
0x2165,0x31c6,0x3a07,0x2984,0x18e2,0x31c5,0x2143,0x2143,0x4267,0x4226,0x31c5,0x31c5,0x4206,0x41e6,0x39a5,0x5267,0xaccf,0x9cad,0x738a,0x18e2,0x31c7,0x29a5,0x2162,0x4226,
0x2944,0x5289,0x6b4a,0x4246,0x1903,0x2186,0x2145,0x2186,0x1924,0x1944,0x2166,0x2145,0x1925,0x1924,0x2145,0x2145,0x2145,0x2145,0x31e7,0x2986,0x2145,0x2145,0x29a6,0x31e7,
0x1924,0x2165,0x2985,0x2164,0x2164,0x29a4,0x2164,0x29e5,0x3a46,0x4ae7,0x42a5,0x63a9,0x740b,0x4a86,0x4246,0x4a87,0x4a67,0x4a68,0x39e6,0x4a69,0x4207,0x39e6,0x4206,0x39c5,
0x4206,0x52a9,0x5ac9,0x5ac9,0x5288,0x5289,0x5268,0x4226,0x5288,0x5288,0x5ac8,0x5ac8,0x4a26,0x4a27,0x5288,0x41c5,0x2922,0x41c5,0x4a07,0x62c9,0x6b2a,0x7bab,0x7369,0x7ba9,
0x8c0d,0x5aa8,0x5246,0x736b,0x83cc,0x83ed,0x83ed,0x734b,0x62c9,0x41e6,0x41e6,0x5a88,0x630a,0x736b,0x630a,0x5ae9,0x73ab,0x73cb,0x73cb,0x6baa,0x742b,0x740a,0x7c4b,0x6369,
0x52c7,0x3a04,0x39e4,0x5287,0x6b6b,0x5ac9,0x5ac9,0x630a,0x5ac9,0x4a68,0x4a87,0x5ac8,0x5aa8,0x738c,0x4227,0x2144,0x2987,0x1946,0x2166,0x2146,0x2145,0x31c7,0x29a6,0x2164,
0x29a5,0x2985,0x2145,0x4268,0x3a47,0x2164,0x3a48,0x29c6,0x1964,0x3206,0x29a5,0x29c5,0x21a4,0x3206,0x3a47,0x1123,0x2164,0x29c6,0x2164,0x2163,0x1922,0x29a4,0x1943,0x29c4,
0x4287,0x31e5,0x29c4,0x3a26,0x3206,0x2184,0x31e6,0x2185,0x1923,0x2164,0x2164,0x29c5,0x3206,0x3a26,0x29c5,0x3a26,0x29c5,0x2184,0x21a4,0x1922,0x29c5,0x31e5,0x1963,0x29a4,
0x2163,0x1942,0x29c4,0x2183,0x1122,0x2123,0x18a1,0x0840,0x0861,0x1082,0x1062,0x0841,0x0841,0x0862,0x0041,0x10c3,0x2104,0x2125,0x0882,0x0020,0x0882,0x10a2,0x0081,0x1144,
0x18e3,0x18e3,0x0882,0x0882,0x10a2,0x10a3,0x10a2,0x18e3,0x2144,0x2124,0x2124,0x1081,0x18c2,0x3185,0x39a5,0x2944,0x18e2,0x29a5,0x29c6,0x1944,0x2164,0x1924,0x1923,0x2185,
0x2185,0x29c5,0x2164,0x31c5,0x31c5,0x31c5,0x2143,0x3a26,0x4247,0x2963,0x4206,0x2963,0x31a4,0x39c5,0x3184,0x5247,0xb530,0x83ea,0x4a45,0x2103,0x31a6,0x2164,0x2983,0x2963,
0x4207,0x5268,0x4a46,0x39e5,0x18e3,0x2145,0x2165,0x29c6,0x2164,0x1923,0x2185,0x1924,0x1944,0x2985,0x2144,0x2165,0x1924,0x2165,0x2165,0x2986,0x2165,0x29a6,0x3207,0x31e6,
0x29a5,0x1963,0x29c4,0x3a46,0x3a46,0x3a26,0x2163,0x29a4,0x3204,0x1941,0x31e3,0x4aa6,0x52c7,0x5ae8,0x7bcc,0x52a9,0x4a47,0x4226,0x5288,0x4a88,0x4a88,0x5ae9,0x4a87,0x39c5,
0x31a5,0x4a47,0x5288,0x4a47,0x3a06,0x4247,0x31c5,0x4226,0x4a67,0x4a67,0x52c7,0x4a66,0x5aa8,0x5aa8,0x4a26,0x41e5,0x41e5,0x5aa8,0x4a26,0x39a5,0x4206,0x6b2a,0x6b48,0x6307,
0x5b08,0x4a45,0x4205,0x5287,0x5a88,0x5a88,0x5267,0x41c4,0x39a4,0x5a87,0x5287,0x41c5,0x4a06,0x4a46,0x4a66,0x4a67,0x4246,0x4a86,0x4a66,0x4266,0x4b26,0x5ba8,0x5ba9,0x5b48,
0x6beb,0x4266,0x39e5,0x4a47,0x41e5,0x5288,0x4a47,0x3184,0x39c5,0x31a5,0x2964,0x8c4f,0xb573,0x7bcd,0x632a,0x3184,0x2986,0x29a6,0x2165,0x1904,0x1103,0x2185,0x4268,0x3a06,
0x3a07,0x31c6,0x29a6,0x29a5,0x1943,0x21a5,0x3a27,0x29a5,0x1903,0x2185,0x2185,0x2985,0x29c5,0x2184,0x4268,0x3a47,0x1943,0x29a5,0x1964,0x2184,0x3a26,0x2163,0x2163,0x3a26,
0x2183,0x1942,0x21a4,0x31e5,0x4267,0x3a26,0x31e6,0x3206,0x3a47,0x29a4,0x2164,0x29c5,0x2184,0x1963,0x29c4,0x29a4,0x31e5,0x31e5,0x29a4,0x29a4,0x3205,0x1922,0x1922,0x2183,
0x3a67,0x29a4,0x29c4,0x2163,0x1922,0x2964,0x18c2,0x18e2,0x0861,0x0841,0x1042,0x0862,0x0841,0x0842,0x0842,0x0862,0x2966,0x2125,0x0021,0x0021,0x10a2,0x08a2,0x0061,0x1144,
0x0841,0x18e3,0x2104,0x0882,0x10a2,0x10a2,0x2104,0x2125,0x1082,0x10c2,0x2103,0x1081,0x2924,0x3144,0x3144,0x4207,0x10c2,0x2185,0x3207,0x3228,0x1964,0x2164,0x29c5,0x1943,
0x2164,0x1122,0x3205,0x52c8,0x4aa8,0x31c5,0x2143,0x31c6,0x1923,0x2122,0x6329,0x5ac8,0x39c4,0x39e5,0x2963,0x5287,0xbd70,0x7ba9,0x5ac7,0x2103,0x2965,0x2164,0x39e5,0x31a4,
0x39c6,0x5248,0x4a26,0x4246,0x2145,0x2986,0x2164,0x31e5,0x4267,0x29c4,0x1923,0x1944,0x2165,0x3a07,0x29a5,0x31e7,0x31c6,0x2985,0x29a6,0x2125,0x4269,0x3a07,0x2184,0x3226,
0x3205,0x3a45,0x3a65,0x5307,0x4ae7,0x3a25,0x1943,0x2184,0x29c4,0x3204,0x4ac7,0x52c7,0x52a7,0x7bcc,0x6b4b,0x4207,0x4a47,0x52a8,0x6b4a,0x6329,0x6b6a,0x6b69,0x6349,0x632a,
0x634b,0x4247,0x39c5,0x5ae9,0x4aa6,0x6369,0x7c4c,0x6bca,0x6bea,0x7c2b,0x7c2b,0x6328,0x4a65,0x4a45,0x62e8,0x62e8,0x7349,0x6b4a,0x4a67,0x39c5,0x4a68,0x3a06,0x5ae8,0x6368,
0x740a,0x742a,0x5306,0x6b89,0x8c4d,0x83ec,0x5266,0x5266,0x736a,0x7b8b,0x5ac8,0x4a25,0x6b29,0x840c,0x844b,0x94ad,0x844c,0x6348,0x6369,0x6389,0x7c6b,0x6c0a,0x52e7,0x3a25,
0x4225,0x4a67,0x5288,0x5a88,0x5a88,0x736b,0x736b,0x6b2a,0x5287,0x52a9,0x4a47,0x4a26,0x7b8b,0x6b09,0x840d,0x4205,0x2163,0x29a4,0x2163,0x4266,0x29c4,0x4287,0x4ac8,0x3a06,
0x2984,0x29a5,0x31e6,0x2164,0x2163,0x2184,0x1923,0x1943,0x2184,0x2184,0x29a5,0x2164,0x21a5,0x1923,0x31e6,0x4aa8,0x4287,0x4287,0x4287,0x31e5,0x52e9,0x636b,0x4287,0x2163,
0x1962,0x1942,0x2163,0x29c4,0x3a46,0x3a46,0x29e5,0x2163,0x29a5,0x29c5,0x2163,0x2184,0x1922,0x1922,0x1962,0x2183,0x2183,0x1942,0x3205,0x3a46,0x1942,0x29c4,0x29a3,0x21a3,
0x29e4,0x29e4,0x2183,0x29a4,0x31a5,0x2903,0x20a2,0x2965,0x0061,0x0861,0x0821,0x0862,0x0862,0x0862,0x0841,0x2125,0x10a3,0x1082,0x18e3,0x0862,0x10a3,0x08a2,0x0081,0x1144,
0x10a3,0x0882,0x18c3,0x2125,0x1082,0x2104,0x2145,0x10a2,0x1082,0x0861,0x1082,0x18c2,0x3165,0x3164,0x3164,0x39c6,0x31c6,0x08c2,0x1123,0x2a07,0x29c5,0x2164,0x2164,0x1923,
0x2184,0x2184,0x4a88,0x3a06,0x2984,0x29a5,0x2144,0x10e2,0x2985,0x3184,0x52e8,0x3a05,0x6329,0x5ac8,0x39c4,0x2982,0x8c2b,0x946b,0x5ac7,0x1902,0x2965,0x2964,0x2963,0x5ac8,
0x2963,0x2963,0x4a46,0x4245,0x3a04,0x4a87,0x21a2,0x3204,0x4286,0x4287,0x29c5,0x1943,0x2163,0x3205,0x31e5,0x3205,0x3205,0x31e5,0x2163,0x31e7,0x31e6,0x29a5,0x2184,0x10e2,
0x2184,0x4ac7,0x63a9,0x3a64,0x4ae7,0x3a45,0x31e4,0x31e5,0x31e4,0x31c4,0x31e4,0x842d,0x94af,0x6b4a,0x39e5,0x4a28,0x5268,0x41e6,0x5287,0x4a46,0x52c8,0x52c8,0x4205,0x4a66,
0x52a8,0x4225,0x52a7,0x4a86,0x5b47,0x63a8,0x52e6,0x52e6,0x4244,0x4265,0x52c7,0x5ac8,0x5287,0x41e5,0x5266,0x5287,0x4a25,0x4a45,0x39e5,0x31a4,0x4a68,0x5288,0x4246,0x5b07,
0x7c6b,0x9d6f,0x52e7,0x5ac7,0x73ab,0x62e8,0x41e5,0x5aa8,0x62e9,0x5267,0x5247,0x4a06,0x5268,0x6328,0x4ac6,0x5b28,0x73ea,0x73ea,0x73ca,0x6349,0x73eb,0x6369,0x3a04,0x31a3,
0x39a4,0x41c5,0x41c5,0x4a26,0x5267,0x41e5,0x41e5,0x4a06,0x39c4,0x3184,0x2964,0x39a5,0x9cd0,0x948e,0x6328,0x52a5,0x4244,0x3a24,0x31e3,0x6b89,0x6baa,0x4286,0x3a45,0x29a5,
0x4268,0x29a5,0x31e6,0x29c5,0x31e5,0x29a5,0x2184,0x2164,0x2164,0x29a5,0x2164,0x2184,0x2164,0x2164,0x29a5,0x29c5,0x3a26,0x4267,0x29c4,0x2183,0x21a4,0x52e9,0x3204,0x29a3,
0x21a3,0x2163,0x2163,0x29a4,0x29a4,0x2163,0x2143,0x31e6,0x2184,0x3a26,0x29c5,0x10e1,0x1102,0x1102,0x10e1,0x1121,0x1101,0x3205,0x4266,0x2183,0x31e4,0x3225,0x1942,0x1942,
0x1922,0x21a3,0x3205,0x2183,0x4226,0x3164,0x1881,0x18c2,0x0882,0x10a2,0x0021,0x0841,0x0841,0x0041,0x2105,0x10a3,0x0862,0x0041,0x0861,0x1904,0x10a2,0x0061,0x0081,0x1924,
0x10c3,0x1082,0x0862,0x18e4,0x2945,0x2125,0x0841,0x10a2,0x10a3,0x1082,0x18c3,0x20e3,0x20c2,0x2944,0x18c2,0x2965,0x2965,0x10e2,0x1923,0x10e2,0x29e6,0x3206,0x1944,0x1923,
0x10e3,0x3a27,0x2985,0x2164,0x10e2,0x2143,0x2964,0x2984,0x2123,0x2983,0x52a6,0x3183,0x4a67,0x5ae8,0x4a66,0x3a03,0x6346,0x8c6c,0x5286,0x2122,0x2984,0x3a06,0x31e5,0x4225,
0x39e4,0x31a4,0x4a87,0x5b08,0x5b27,0x52e6,0x73eb,0x42a6,0x3a45,0x29c4,0x1943,0x2164,0x1943,0x29c4,0x31e5,0x2163,0x1922,0x1942,0x29c5,0x29a5,0x1923,0x29a5,0x29c5,0x2184,
0x2164,0x29a3,0x6389,0x5b48,0x42a5,0x4285,0x4245,0x4245,0x4225,0x5287,0x5ae8,0x738b,0x7bec,0x6329,0x5288,0x6b2a,0x4206,0x4206,0x39e5,0x39e5,0x39e5,0x4225,0x4a87,0x4a66,
0x4a65,0x73ca,0x73ea,0x6ba9,0x6347,0x6367,0x5ae7,0x6b8a,0x6b4b,0x6b4b,0x7b8c,0x630a,0x6b2a,0x6b2a,0x6309,0x5ac8,0x5287,0x5266,0x62c8,0x6b0a,0x5288,0x5287,0x3a04,0x3a03,
0x5b47,0x6348,0x3183,0x2922,0x3163,0x39e5,0x4a67,0x4a47,0x2943,0x39c5,0x39c5,0x5268,0x41e6,0x634a,0x4aa7,0x4ac6,0x6389,0x5b48,0x6bca,0x3a04,0x31c4,0x2983,0x2983,0x4a67,
0x62e9,0x4205,0x5a87,0x7bac,0x62e9,0x62e9,0x62c9,0x5a88,0x6b0a,0x5ac9,0x5289,0x5aa9,0x6b6a,0x840b,0x7bea,0x73c9,0x7bea,0x73ca,0x52c6,0x3203,0x5308,0x3204,0x4ac8,0x4267,
0x4268,0x4247,0x3a26,0x3a06,0x31e5,0x3a06,0x3a26,0x29c4,0x2184,0x2163,0x1943,0x2164,0x2984,0x3a26,0x31c5,0x29a4,0x1102,0x29a4,0x29c4,0x29c4,0x3225,0x29c4,0x29a3,0x3205,
0x3a46,0x3a26,0x31e5,0x29c5,0x2163,0x2143,0x2143,0x2143,0x2163,0x2163,0x29a4,0x2184,0x1923,0x1943,0x1922,0x2163,0x29c4,0x29c4,0x29c4,0x2183,0x29a3,0x1942,0x2183,0x29a4,
0x29a4,0x29a4,0x29c4,0x29c3,0x4205,0x2902,0x18c2,0x1082,0x10a2,0x0882,0x0041,0x0021,0x0862,0x2104,0x10a3,0x0862,0x0862,0x0041,0x0061,0x10e3,0x2145,0x0081,0x0041,0x1944,
0x0861,0x18e3,0x10a2,0x18c3,0x31a6,0x18c3,0x0861,0x08a1,0x10c2,0x18a3,0x18c3,0x2924,0x20c2,0x2903,0x2903,0x20e3,0x2964,0x2144,0x1923,0x2184,0x1984,0x2a06,0x1984,0x1923,
0x29c5,0x1923,0x1923,0x3a26,0x2143,0x31c5,0x31c4,0x3a05,0x2963,0x3a25,0x6328,0x39e4,0x52a7,0x39e4,0x6328,0x4245,0x3181,0x3182,0x738a,0x2962,0x4a66,0x4a65,0x3a04,0x29a3,
0x31e5,0x31c5,0x31a4,0x4a87,0x4a87,0x4a87,0x52e9,0x31e5,0x29a4,0x2984,0x29a5,0x1943,0x1103,0x1924,0x1903,0x1924,0x1944,0x31e7,0x31c6,0x2163,0x2184,0x29a5,0x29a4,0x3a26,
0x29c5,0x29c3,0x3a44,0x4264,0x4264,0x4aa5,0x4aa6,0x4aa7,0x3a05,0x630a,0x5ac9,0x6b4a,0x6b4a,0x6b4b,0x7bcd,0x6b4b,0x5b09,0x5b09,0x6369,0x6389,0x5b28,0x5b27,0x73ea,0x8c8d,
0x846c,0x6ba9,0x846b,0x6368,0x7c2b,0x7c2b,0x7c0b,0x94af,0xa511,0xad33,0x9470,0x840d,0x944e,0x8c0d,0x8c4d,0x7bab,0x736a,0x7bac,0x948f,0x9490,0x736a,0x4a86,0x73a9,0x6b88,
0x5306,0x844b,0x5b08,0x5aa7,0x7bab,0x7bcc,0x6328,0x6328,0x4a86,0x73cb,0x6328,0x6349,0x5b08,0x8c8e,0x8cae,0x6bc9,0x5b27,0x740a,0x4264,0x4244,0x4265,0x3a05,0x39e4,0x6b4a,
0x7bed,0x62ea,0x7bac,0x9c90,0x946f,0x944f,0x8c0d,0x8c2e,0x8c2d,0x8c2e,0x8c4f,0x8c2e,0x840d,0x7bab,0x7beb,0x736a,0x73ca,0x6b89,0x6328,0x2982,0x2162,0x29a3,0x3a05,0x39e4,
0x31a3,0x3a04,0x31c3,0x31c3,0x3a04,0x4a87,0x4246,0x31c5,0x2984,0x2122,0x2123,0x2123,0x1922,0x2143,0x2163,0x2984,0x2163,0x29a4,0x3a47,0x4ac9,0x2184,0x2163,0x3205,0x29a4,
0x2163,0x3a46,0x29c5,0x29a4,0x29a4,0x29c4,0x2142,0x29a4,0x31e4,0x29c4,0x3205,0x3a26,0x31e5,0x2163,0x2163,0x3a26,0x3205,0x2163,0x29a3,0x31c4,0x2182,0x1921,0x2984,0x2164,
0x2984,0x1922,0x2163,0x1921,0x5267,0x3163,0x2103,0x1082,0x10a2,0x0861,0x0041,0x0021,0x2104,0x10a3,0x0862,0x0862,0x0842,0x0041,0x0861,0x10c3,0x08a2,0x10c3,0x0061,0x2145,
0x0882,0x10a2,0x18c3,0x2144,0x10a2,0x2145,0x18e3,0x0881,0x18e3,0x18c3,0x18c3,0x2924,0x2903,0x3965,0x49e7,0x20e3,0x2123,0x31c6,0x2184,0x31e6,0x29c5,0x1143,0x21a5,0x3a47,
0x3206,0x1943,0x10e2,0x29c5,0x31e5,0x2163,0x31c4,0x31c3,0x2962,0x3a04,0x31c3,0x2142,0x2962,0x31a3,0x3a04,0x3a04,0x2121,0x4205,0x5ae8,0x73eb,0x7bea,0x4a84,0x3a22,0x4265,
0x31e3,0x29a3,0x29a4,0x2163,0x1901,0x2142,0x2142,0x31c4,0x31e5,0x2142,0x2162,0x2142,0x2163,0x1942,0x1942,0x1942,0x29c4,0x31e5,0x29a3,0x4266,0x3a45,0x3a25,0x4286,0x4265,
0x4ac7,0x5307,0x42a5,0x4ae6,0x5306,0x4ac6,0x52e7,0x73ab,0x73ac,0x4a68,0x31a4,0x2963,0x3184,0x4206,0x39c5,0x2983,0x4246,0x4245,0x52e6,0x5b47,0x5306,0x5b46,0x5305,0x6367,
0x6367,0x5b47,0x52e6,0x4285,0x4a65,0x4225,0x2982,0x39c4,0x39e5,0x41c5,0x4a06,0x39c3,0x39c4,0x39a3,0x4204,0x39a3,0x4204,0x5267,0x4205,0x3183,0x39c3,0x4264,0x7c2a,0x950d,
0x846b,0x73ea,0x5ae6,0x5aa7,0x738a,0x6b6a,0x5b27,0x5b26,0x5305,0x6388,0x6367,0x5306,0x4ac5,0x52e6,0x5307,0x52e5,0x4284,0x5b46,0x5305,0x52e5,0x6328,0x4245,0x39c4,0x31a3,
0x39e5,0x4a27,0x3184,0x3143,0x41e5,0x39c4,0x39c4,0x39a4,0x3183,0x2101,0x39c5,0x3163,0x2943,0x3163,0x2943,0x4a26,0x52c7,0x52a7,0x4245,0x6329,0x6329,0x73cc,0x7bec,0x7bcb,
0x7bcb,0x7bcb,0x73cb,0x738b,0x6b4a,0x6b6b,0x6309,0x5ac9,0x630a,0x52a8,0x52c9,0x632b,0x630b,0x6b6c,0x634b,0x5b2a,0x5b2a,0x29c5,0x31e5,0x29a5,0x29c5,0x2184,0x2163,0x2163,
0x29c5,0x29c4,0x3205,0x29c3,0x29a3,0x2182,0x31e3,0x3a04,0x31e4,0x3225,0x3204,0x31e4,0x3205,0x2183,0x2163,0x2983,0x1101,0x2142,0x1942,0x1921,0x2162,0x2984,0x2143,0x10e2,
0x1943,0x1922,0x1922,0x2983,0x39a4,0x39a4,0x2924,0x1082,0x0862,0x0862,0x0862,0x18e4,0x10a2,0x1082,0x10a3,0x0862,0x0842,0x0021,0x0882,0x0882,0x0041,0x10a2,0x10c3,0x10c3,
0x0861,0x1903,0x2985,0x10a2,0x18e3,0x18c3,0x2985,0x2144,0x18c2,0x2104,0x18c3,0x20e3,0x3984,0x28e3,0x3945,0x49c6,0x2903,0x2944,0x4207,0x2123,0x2164,0x1923,0x3206,0x31e6,
0x29a5,0x1902,0x1922,0x1102,0x1922,0x2163,0x2162,0x3a25,0x4265,0x39e3,0x52a6,0x4aa6,0x31a2,0x2981,0x2982,0x31c3,0x4206,0x2142,0x31c3,0x73a9,0x7c0a,0x6326,0x52e5,0x7409,
0x4ac5,0x3a24,0x31e3,0x3a04,0x31c3,0x29a2,0x31c3,0x31c3,0x4285,0x4265,0x4285,0x4264,0x4ac5,0x4284,0x5306,0x4ac5,0x5326,0x5306,0x6368,0x4ac5,0x4284,0x6bea,0x740a,0x740a,
0x6368,0x6389,0x5307,0x5307,0x6ba9,0x6baa,0x5b08,0x6349,0x632a,0x5ae9,0x630a,0x630a,0x738c,0x736c,0x6b2b,0x632a,0x5ae8,0x4aa7,0x6369,0x5307,0x6bc9,0x73e9,0x740a,0x73e9,
0x5b07,0x4a85,0x31e3,0x4a86,0x31a4,0x39c4,0x4a47,0x4a47,0x3984,0x4a27,0x62c9,0x62e8,0x4a25,0x6b2a,0x62e9,0x6b2a,0x7bab,0x6b4b,0x6b4a,0x52a7,0x5ae7,0x73ea,0x52e5,0x6b87,
0x4ac5,0x52c6,0x4245,0x5aa7,0x4a66,0x4a65,0x6ba9,0x73e9,0x740a,0x6ba8,0x846c,0x6ba9,0x5b27,0x5b48,0x5307,0x52c5,0x6387,0x5305,0x63a7,0x846b,0x7c0b,0x6b69,0x6328,0x5ae8,
0x4226,0x4206,0x4a47,0x5287,0x738b,0x7bcc,0x7bcd,0x7bcd,0x738c,0x62e9,0x5287,0x630a,0x5ac9,0x5288,0x5aca,0x62ea,0x4a87,0x4a66,0x4a67,0x634a,0x4a87,0x4a47,0x4205,0x4226,
0x4a46,0x4206,0x4a47,0x4a27,0x4207,0x39c5,0x39e5,0x39c5,0x39c5,0x3185,0x2944,0x39c6,0x31a5,0x39c6,0x31e6,0x31c5,0x31c5,0x3205,0x1942,0x2163,0x31e5,0x3225,0x21a3,0x2162,
0x2162,0x21a2,0x4286,0x4ac6,0x31e3,0x3203,0x31e3,0x29a2,0x2983,0x29a3,0x29c4,0x2162,0x1901,0x31e5,0x4a88,0x3a06,0x4247,0x4246,0x3a26,0x3a05,0x2162,0x2142,0x2984,0x1923,
0x1943,0x2163,0x2943,0x4205,0x3143,0x1060,0x3185,0x10a2,0x0841,0x0882,0x18e3,0x0861,0x0841,0x1082,0x0862,0x0842,0x0021,0x0041,0x10c3,0x0861,0x0021,0x0861,0x0882,0x10c3,
0x18e3,0x2144,0x18e3,0x18c2,0x18e3,0x1903,0x2144,0x2985,0x2123,0x2124,0x2924,0x18c2,0x3984,0x2903,0x2081,0x3985,0x49e6,0x2903,0x3164,0x4a07,0x2143,0x29a4,0x31c5,0x1902,
0x2944,0x2102,0x10c2,0x1102,0x10e2,0x2984,0x2163,0x3a04,0x39e4,0x2161,0x3a24,0x4224,0x4aa5,0x4a65,0x31c2,0x2982,0x3a06,0x39e5,0x52c7,0x6328,0x6b68,0x6327,0x842b,0x8c8c,
0x6348,0x6328,0x4a86,0x31c3,0x39e3,0x4245,0x3a04,0x3a44,0x4a86,0x5b08,0x6baa,0x5b48,0x6367,0x6bc9,0x73e9,0x6ba8,0x5b47,0x5b47,0x5b47,0x5b07,0x4284,0x52e6,0x5307,0x52e6,
0x5b27,0x73eb,0x73cb,0x5b28,0x5b07,0x5b08,0x5ae8,0x52a7,0x4a67,0x5ac9,0x5ae9,0x4a47,0x31a4,0x3184,0x3184,0x39a5,0x31a4,0x39e5,0x4245,0x4245,0x3a24,0x5ae8,0x52a7,0x4a66,
0x5ae8,0x4a66,0x4a67,0x4a47,0x39c5,0x4a48,0x62ea,0x62c9,0x5288,0x5247,0x5a88,0x6309,0x62e9,0x5aa8,0x4a26,0x4a47,0x5247,0x5267,0x4a87,0x4a86,0x52e6,0x52c5,0x52c5,0x4ac5,
0x4265,0x39e4,0x5267,0x5247,0x5287,0x52a7,0x4a86,0x4a85,0x5b07,0x4aa6,0x6349,0x4265,0x4245,0x4266,0x4265,0x4aa5,0x4263,0x5305,0x846b,0x8ccc,0x5b07,0x6b48,0x73aa,0x5b07,
0x4a85,0x73aa,0x6329,0x5267,0x4205,0x4a26,0x31a5,0x39c6,0x2964,0x39a5,0x39c5,0x3985,0x41e6,0x41c6,0x3185,0x3165,0x2984,0x632b,0x6b6b,0x8c4f,0x7bee,0x39a5,0x4a47,0x52a8,
0x6b4b,0x6b6b,0x39c5,0x2944,0x2965,0x31a5,0x2984,0x2123,0x2123,0x2123,0x18c2,0x2944,0x2964,0x2123,0x2984,0x2984,0x31c5,0x2163,0x29a3,0x4286,0x4286,0x5b69,0x4ae7,0x3a65,
0x4ac6,0x4284,0x5326,0x5b47,0x4ae6,0x4aa6,0x4aa6,0x31c3,0x29a3,0x29c4,0x29a3,0x4267,0x636b,0x5b2a,0x73ed,0x7c0e,0x636b,0x5b0a,0x5b0a,0x4a67,0x2983,0x2122,0x31e4,0x29a4,
0x2183,0x2163,0x39c4,0x4a05,0x20e2,0x1061,0x18a2,0x18e4,0x1082,0x2124,0x10a2,0x0000,0x10a2,0x0862,0x0862,0x0842,0x0001,0x1082,0x1082,0x0021,0x0021,0x0861,0x0841,0x0862,
0x31c6,0x10a2,0x1903,0x2124,0x18e3,0x2124,0x2144,0x1923,0x2123,0x2124,0x2944,0x20e2,0x3164,0x39a5,0x28e3,0x1881,0x41a6,0x49e7,0x3103,0x49e7,0x4a47,0x2943,0x2944,0x31a5,
0x39c6,0x5aa9,0x5aea,0x1944,0x1903,0x1902,0x2983,0x4225,0x31e4,0x2962,0x4a86,0x31c2,0x4a85,0x52a5,0x4a65,0x2121,0x2122,0x3a05,0x31c3,0x4224,0x39c2,0x4a45,0x6308,0x52a6,
0x4a45,0x4a46,0x4a66,0x4205,0x52a7,0x5b08,0x4aa7,0x4a87,0x5b09,0x4246,0x4267,0x4a67,0x2983,0x4246,0x3a25,0x31e5,0x29a3,0x29a3,0x2983,0x31e4,0x4aa7,0x5b49,0x636a,0x6bab,
0x4ac7,0x52c8,0x4a86,0x52e7,0x52a7,0x4a66,0x4226,0x3184,0x2943,0x39e5,0x4a87,0x4205,0x39c5,0x39c5,0x39a5,0x39a5,0x39c5,0x39e5,0x39e5,0x31a4,0x4a47,0x39c5,0x39a5,0x39a5,
0x3185,0x39c6,0x39a5,0x41e6,0x4a48,0x5289,0x4207,0x5248,0x4a28,0x4a07,0x41e5,0x39a4,0x4a26,0x4a26,0x4a27,0x4a07,0x4207,0x4227,0x4225,0x4225,0x4a65,0x5b27,0x5b28,0x3a04,
0x3a25,0x4a46,0x4227,0x4206,0x41e6,0x5288,0x4a67,0x31a4,0x31c4,0x4246,0x2963,0x31c5,0x31c5,0x31c4,0x31c3,0x31e3,0x3a43,0x5b27,0x7c4b,0x3a43,0x52a5,0x6348,0x6348,0x6368,
0x73c9,0x52e5,0x4244,0x39c4,0x3184,0x2963,0x2944,0x2924,0x2104,0x2103,0x3164,0x2944,0x3165,0x39c6,0x3986,0x2944,0x2964,0x4a68,0x5b0a,0x5ac9,0x736c,0x62ea,0x6309,0x73cb,
0x5ae8,0x5b09,0x4246,0x39e5,0x31a5,0x31c6,0x4227,0x2985,0x2144,0x2965,0x2124,0x2145,0x2965,0x2964,0x31a5,0x3a06,0x2163,0x31e4,0x3a45,0x42a5,0x4285,0x4ac6,0x5306,0x5b47,
0x5b68,0x5b67,0x4b04,0x4ae5,0x4aa5,0x4aa6,0x4286,0x3a25,0x31e5,0x2984,0x2163,0x5b2a,0x636c,0x52ea,0x4a89,0x52c9,0x4a67,0x3a06,0x31c5,0x2984,0x2983,0x2962,0x31e4,0x29e4,
0x29e4,0x31c4,0x39c3,0x49e4,0x20a1,0x18a2,0x1061,0x10a3,0x31a6,0x10c3,0x0841,0x0861,0x0861,0x0842,0x0841,0x0021,0x0862,0x10c3,0x0861,0x0841,0x0841,0x0861,0x0841,0x0021,
0x4a89,0x10c2,0x10e3,0x2144,0x1903,0x10c2,0x1903,0x2984,0x1903,0x1904,0x2965,0x3164,0x3142,0x4206,0x2943,0x20e2,0x18a1,0x49e6,0x5207,0x4185,0x5a07,0x49c6,0x41a6,0x2903,
0x2103,0x2923,0x5288,0x4a88,0x2142,0x2142,0x2122,0x2983,0x39e4,0x31a3,0x31a3,0x3a04,0x29a2,0x3a04,0x4a65,0x3a04,0x3a04,0x29a3,0x3a24,0x4245,0x31a2,0x31a2,0x39e4,0x2942,
0x2962,0x3182,0x4203,0x6b49,0x6b69,0x5287,0x5aa8,0x5267,0x62ea,0x630a,0x39a6,0x3165,0x4207,0x3185,0x2123,0x2123,0x3185,0x31a5,0x2984,0x52e9,0x6bac,0x3a25,0x4a87,0x4aa8,
0x4267,0x4226,0x52a8,0x4a88,0x5288,0x4226,0x5288,0x4226,0x4a66,0x6b6a,0x844e,0x8c8f,0x94b0,0x94b0,0x9cf0,0xa530,0xa530,0xa510,0x6309,0x4205,0x738c,0x5ac9,0x49e6,0x5247,
0x3144,0x20e2,0x6b2b,0xad33,0xad53,0xad12,0xad32,0xad12,0xa4f1,0x9cb0,0x8c2d,0x9caf,0x8c2e,0x83ed,0xb573,0xad32,0xad32,0xa531,0x9d10,0x73cb,0x4a46,0x4205,0x39a5,0x41c5,
0x5288,0x73ac,0xad73,0xad52,0xad72,0xad72,0x948f,0x5268,0x2123,0x2943,0x2123,0x3164,0x3184,0x2963,0x3183,0x6b49,0x6b89,0x6368,0x4244,0x52c6,0x6367,0x5b47,0x5306,0x6367,
0x5306,0x5326,0x5b06,0x5ac7,0x4a46,0x2943,0x5268,0x4206,0x4a66,0x52c8,0x7c0d,0x738b,0x738b,0x6b6b,0x7bcd,0x840e,0x634b,0x52a8,0x4226,0x31a5,0x2984,0x52a9,0x4226,0x31c4,
0x39e5,0x52a8,0x634a,0x6b6b,0x7c0d,0x7c0e,0x630b,0x39c6,0x2124,0x2124,0x2103,0x2124,0x2143,0x2984,0x4a67,0x3a26,0x3a45,0x3204,0x3a24,0x3a23,0x31e3,0x31e3,0x29a2,0x29a3,
0x4245,0x3203,0x3a44,0x3a23,0x29c2,0x3a04,0x29a2,0x31c3,0x29c4,0x2142,0x6b6a,0x8c4e,0x2943,0x2124,0x2144,0x1923,0x29a5,0x31e5,0x29a4,0x39e5,0x31c4,0x31a4,0x29a4,0x29a3,
0x29e3,0x31a2,0x49a3,0x5a05,0x2903,0x0020,0x1082,0x2124,0x1082,0x18c3,0x0861,0x10c3,0x0862,0x0041,0x0021,0x0841,0x1083,0x1082,0x0041,0x0041,0x0862,0x0862,0x0041,0x0882,
0x2164,0x08a1,0x18e3,0x10c2,0x18e3,0x2124,0x18e2,0x2984,0x2984,0x10e3,0x2103,0x39a5,0x3983,0x3164,0x3144,0x3143,0x3123,0x1880,0x49e6,0x5a67,0x4144,0x51e6,0x6289,0x3964,
0x18c1,0x2123,0x2142,0x3a25,0x31c4,0x31a3,0x31c4,0x2982,0x31e4,0x3a05,0x2101,0x2122,0x2942,0x2142,0x39c4,0x52a7,0x4224,0x52c6,0x52c7,0x52c6,0x5b07,0x4a85,0x4a65,0x5287,
0x4a45,0x5286,0x5b07,0x4a66,0x4a46,0x3a05,0x3a05,0x3a05,0x31c4,0x3a05,0x39e5,0x4a67,0x5aa9,0x5268,0x5288,0x62e9,0x736b,0x7bac,0x6b6b,0x4a87,0x4a88,0x52a8,0x5b0a,0x3a06,
0x31c5,0x31c5,0x39c5,0x4206,0x3184,0x39e5,0x2963,0x3184,0x4206,0x4226,0x39c4,0x3183,0x31c4,0x4206,0x39e4,0x5286,0x4a25,0x4a26,0x39a4,0x4206,0x41e6,0x39c5,0x62ea,0x6b2b,
0x5248,0x39c5,0x4a07,0x5268,0x39a5,0x39c5,0x39c5,0x41e5,0x41e5,0x41e5,0x4205,0x5a87,0x5267,0x3163,0x41e5,0x4a26,0x4a05,0x39c4,0x39e4,0x4225,0x39c5,0x41c6,0x41a6,0x5aa9,
0x5248,0x4a07,0x5247,0x41a5,0x41c5,0x4a05,0x4205,0x4a27,0x39a5,0x2923,0x39a5,0x39c5,0x39c5,0x2903,0x2943,0x4a46,0x4204,0x2961,0x31c3,0x4a86,0x5b07,0x52c5,0x4284,0x4284,
0x4a85,0x4284,0x4244,0x6308,0x39e4,0x2922,0x2963,0x39e5,0x4246,0x4245,0x4245,0x3a04,0x4245,0x31c4,0x31c4,0x3a26,0x4247,0x3a06,0x3184,0x31c5,0x3185,0x2964,0x39e6,0x4227,
0x4226,0x4247,0x3a06,0x31a4,0x39e5,0x39c5,0x2963,0x4226,0x52a8,0x4246,0x4206,0x39e5,0x39e5,0x4a87,0x4226,0x4245,0x4245,0x31e3,0x31c2,0x2181,0x2161,0x2161,0x2982,0x2982,
0x31c4,0x31c4,0x29a3,0x2983,0x2962,0x29a3,0x2983,0x2963,0x29a3,0x3a25,0x6b8a,0x4a66,0x2963,0x31e5,0x39e6,0x39a6,0x2964,0x39c5,0x4247,0x3a05,0x3204,0x3a05,0x39e5,0x4225,
0x4204,0x5225,0x6a87,0x4143,0x18a2,0x1082,0x2104,0x1082,0x0020,0x1082,0x18c3,0x0882,0x0021,0x0841,0x0841,0x0862,0x0862,0x0862,0x0841,0x0021,0x0861,0x0861,0x0061,0x10e3,
0x10e2,0x29a5,0x3a27,0x2144,0x1923,0x10c2,0x2964,0x31c4,0x29a4,0x2164,0x10c2,0x2944,0x39a5,0x3964,0x3944,0x49c6,0x5206,0x41a5,0x4184,0x3964,0x5a27,0x41a5,0x49e5,0x39a4,
0x2942,0x2142,0x31a3,0x31c3,0x4a86,0x3a45,0x3a24,0x3a24,0x31e3,0x3a04,0x39c5,0x39e4,0x39c4,0x4225,0x4a46,0x31a3,0x3a03,0x4223,0x4223,0x4244,0x4a85,0x52c6,0x4a85,0x4a63,
0x4a84,0x5ae5,0x5ac5,0x6306,0x4a84,0x73a9,0x740b,0x4aa5,0x4aa5,0x4244,0x5b07,0x6ba9,0x5ac7,0x6308,0x6b08,0x5a87,0x5a87,0x5a87,0x4a46,0x39e5,0x41e5,0x6309,0x5ae9,0x4a67,
0x39e5,0x39c3,0x39c3,0x31a3,0x3183,0x39c3,0x4204,0x4a66,0x39c5,0x39a4,0x39c4,0x3183,0x3163,0x3163,0x2942,0x39a3,0x41c4,0x3183,0x41c5,0x39a4,0x39a5,0x39a4,0x39a4,0x39e5,
0x41e5,0x4205,0x4205,0x39a4,0x39c5,0x39e5,0x41e5,0x41e5,0x4205,0x4a46,0x4a25,0x5285,0x62c7,0x4a05,0x4a26,0x5226,0x5266,0x39e3,0x39c3,0x39c3,0x4204,0x4a05,0x5267,0x41c4,
0x3983,0x49e5,0x41c4,0x3983,0x41a4,0x41a4,0x41e5,0x3183,0x4205,0x39c4,0x2963,0x39c4,0x39e5,0x3183,0x39a4,0x2962,0x31a2,0x4204,0x4a65,0x52a6,0x52a5,0x5ac5,0x5ae6,0x52a5,
0x4a64,0x52a5,0x4203,0x3182,0x3162,0x2942,0x39c4,0x4246,0x4a66,0x3a24,0x4245,0x3a04,0x3a04,0x39e4,0x2983,0x4245,0x4a66,0x39e4,0x39c4,0x3183,0x39c5,0x39e5,0x39e5,0x39c5,
0x31a4,0x39c5,0x39c5,0x39a5,0x3184,0x3163,0x4a45,0x6329,0x6329,0x738a,0x6328,0x6b49,0x6b6a,0x52c7,0x4a85,0x4a85,0x52a5,0x4a64,0x4264,0x4aa6,0x4a85,0x4265,0x4245,0x31e3,
0x2982,0x39e4,0x4225,0x3a05,0x3a05,0x31a4,0x2963,0x31c4,0x4ac6,0x5b28,0x4aa6,0x3a24,0x3a04,0x29c3,0x2963,0x39a5,0x2943,0x3183,0x52a7,0x4265,0x3a44,0x3a45,0x4224,0x41e3,
0x49e4,0x6a87,0x51e5,0x20a1,0x18c3,0x2124,0x18c3,0x0841,0x1082,0x1082,0x0862,0x18c3,0x0862,0x0841,0x10c3,0x10a3,0x0862,0x0862,0x0021,0x0020,0x0861,0x0861,0x08a2,0x1904,
0x4267,0x4267,0x2143,0x1922,0x10c1,0x10e1,0x31a4,0x4224,0x31c3,0x29a4,0x2143,0x10a1,0x3164,0x4185,0x3103,0x49c6,0x5207,0x5a68,0x3943,0x3123,0x3102,0x3984,0x5267,0x4205,
0x4225,0x4245,0x3a25,0x3a24,0x3a24,0x4265,0x4a85,0x4244,0x4aa6,0x5ae7,0x5285,0x4a65,0x5ae6,0x7ba9,0x6b48,0x6b47,0x5284,0x39e2,0x4a44,0x4a65,0x4a44,0x5285,0x52a5,0x39e2,
0x39a2,0x39e3,0x39c3,0x31a2,0x39c3,0x4203,0x4202,0x5264,0x6b67,0x8409,0x7be9,0x7ba8,0x7347,0x6b27,0x6b27,0x6ae7,0x5a65,0x4a04,0x4a04,0x41e3,0x41e3,0x41e3,0x39c2,0x4a24,
0x5ac6,0x6307,0x5ac6,0x62e6,0x6b27,0x7389,0x840b,0x9cad,0xad30,0xa50f,0x9cae,0x948d,0x840b,0x83eb,0x946d,0x948d,0x9cae,0xa4ef,0xa4ce,0x948d,0x83eb,0x9cad,0xa4ce,0x9c8d,
0x9c8d,0x9c6c,0x7ba9,0x7368,0x7b88,0x944b,0xa4cd,0xad0e,0xb56f,0xb54e,0xb56e,0xad2d,0xad2e,0xad2f,0xa4ee,0xad0e,0xc5d1,0xc611,0xb5d0,0xad6f,0xad4e,0xad4f,0x8c6b,0x4a63,
0x5ae4,0x9d0c,0x94cb,0x8c8b,0x8c6a,0x8429,0x5b06,0x52c6,0x6b88,0x6b89,0x6b68,0x9cee,0xb5b1,0xbe12,0xc633,0xad90,0xbdd1,0xad4f,0xad6f,0xad8f,0xad6e,0xb58e,0xb56e,0xb58e,
0xb5af,0xa50c,0x9ccc,0x8c6b,0x840a,0x842b,0x73a9,0x4a65,0x4a65,0x52a5,0x52c6,0x52c6,0x4a85,0x52e6,0x7c0b,0x8c8d,0x8c6c,0x94ad,0x948c,0x946c,0x8c2b,0x83eb,0x842b,0x8c4c,
0x842c,0x73aa,0x6b49,0x7369,0x6b28,0x5aa6,0x5285,0x5ac6,0x6327,0x6327,0x6b68,0x5ae6,0x4a44,0x4a44,0x52c6,0x52a6,0x5ac6,0x6327,0x6328,0x6328,0x52c7,0x4a65,0x4245,0x4224,
0x3a03,0x3a04,0x4245,0x4aa6,0x4a86,0x4a86,0x4266,0x6329,0x52e6,0x4244,0x4265,0x31e3,0x3203,0x3a44,0x3204,0x2a04,0x3a45,0x3a25,0x3a45,0x4a86,0x4244,0x3a03,0x39e3,0x5204,
0x6a67,0x59e6,0x2081,0x18c2,0x2945,0x10a2,0x2104,0x0841,0x1082,0x0861,0x0020,0x0841,0x18e4,0x18c3,0x0862,0x0862,0x0862,0x0841,0x0041,0x0861,0x0861,0x0041,0x08a2,0x1904,
0x4287,0x21a3,0x29a4,0x29c4,0x31c4,0x29a4,0x2162,0x4224,0x3a04,0x29a3,0x2163,0x1902,0x2943,0x3964,0x3123,0x49c6,0x5227,0x5a27,0x49c5,0x28a1,0x28e2,0x20c1,0x41a4,0x5ac8,
0x4225,0x4245,0x4a65,0x4a45,0x3a04,0x4a65,0x73aa,0x73aa,0x5ac6,0x5ae6,0x6b47,0x6b26,0x946b,0x7ba8,0x6b26,0x7388,0x7bc9,0x7368,0x7388,0x6b68,0x7368,0x7368,0x7be9,0x8c6a,
0x8c4a,0x8c4b,0x8c4b,0x8c4b,0x8c4b,0x8c2a,0x942a,0x9c6c,0xaccd,0xaced,0xaccd,0xa4ac,0x9c8c,0xa4ad,0x9c6c,0x9c6c,0x8beb,0x8c0b,0xacee,0xad0e,0xad0e,0xad0e,0xa50d,0xa4ec,
0x9cac,0x948b,0xad2e,0x944b,0x8c4a,0xad2e,0xb54e,0xad2e,0xbdb0,0xbdb0,0xb56f,0x946b,0x8c2a,0xad4e,0xb58f,0xad0d,0x9ccb,0xa4ec,0xad2d,0xbd8f,0x9cab,0xb54e,0xbd4d,0xbd4e,
0xbd4d,0xc58f,0xacec,0xaccb,0x9c69,0xaceb,0xcdce,0xd60f,0xde50,0xde50,0xd60f,0xbdae,0xad0c,0x7366,0x6b25,0x9c8a,0xad2c,0xad4c,0x94a9,0x7c06,0x7c27,0x7be6,0x8468,0x94ea,
0x9529,0x84c7,0x9529,0x7c87,0x952b,0x7406,0x6be7,0x7408,0x6ba7,0x5b25,0x6ba7,0x6366,0x52e4,0x6ba7,0x94ab,0x94ab,0x8409,0x7be7,0x8448,0x9cca,0xbdad,0xe6f2,0xded2,0xe713,
0xe713,0xe6f2,0xe713,0xef35,0xdeb2,0xded3,0xbdef,0x73a8,0x7388,0x73a8,0x6306,0x5ae5,0x6b67,0x8409,0x8c6b,0x94ac,0xa50c,0xad4d,0xad4d,0x8c49,0x946a,0x948b,0x948b,0x9ccc,
0x8c6a,0x946a,0xa4ed,0xa4ed,0x948c,0x83ea,0x7bca,0x8c2b,0x8c2b,0x8c4c,0x840b,0x7389,0x7baa,0x7369,0x7369,0x6b4a,0x5ac6,0x39e2,0x4a44,0x4224,0x4a44,0x4a44,0x4224,0x6b48,
0x6b48,0x4a84,0x4a85,0x52e6,0x52e6,0x52a5,0x5ae7,0x5b07,0x4a85,0x4265,0x4265,0x3a24,0x4245,0x39e3,0x3a24,0x3285,0x3264,0x3224,0x3a24,0x4204,0x5a87,0x4a66,0x41e4,0x6287,
0x59c5,0x3923,0x18a2,0x2145,0x10c3,0x10a2,0x18e3,0x10a2,0x0861,0x0841,0x0841,0x0862,0x10a3,0x18e4,0x0041,0x0862,0x0862,0x0862,0x0041,0x0041,0x0861,0x0041,0x0881,0x1924,
0x4286,0x3a66,0x42a7,0x42a7,0x3205,0x29e4,0x29a3,0x3182,0x3a04,0x29a3,0x29a3,0x3a05,0x2943,0x1902,0x4227,0x4a27,0x3123,0x49c5,0x5a07,0x4164,0x3964,0x49c6,0x28c1,0x3984,
0x5266,0x5266,0x5aa7,0x4a25,0x4205,0x5266,0x5aa7,0x738a,0x738a,0x7369,0x8c2c,0x8c4c,0x7ba9,0x6b27,0x62c5,0x4202,0x5285,0x5aa6,0x4203,0x5285,0x6b48,0x7369,0x6b28,0x6308,
0x6b49,0x6b29,0x62e8,0x6b28,0x73a9,0x83e9,0xad0d,0x944b,0xa4ac,0xacee,0xad0e,0xb52f,0xad0f,0xad0f,0xad2f,0xa4ce,0x946c,0x944b,0x9c8d,0xa48e,0x940b,0x942b,0x940b,0xad0e,
0xd632,0xce31,0xd651,0xc5ef,0xce10,0xd651,0xd651,0xad2d,0x8c09,0xb54e,0xb54e,0xb56e,0xce11,0xcdf1,0xc5f0,0xbdae,0xb54d,0xb54d,0xbd8e,0xc5cf,0xd651,0xc610,0xc5ef,0xa50c,
0x9449,0xb56e,0xd692,0xd692,0xce31,0xce10,0xbdaf,0xd631,0xcdf0,0xce10,0xce30,0xbd8f,0xb56e,0xbd8f,0xbdaf,0xce30,0xbd8d,0xa50a,0x94a9,0xad8c,0xbdee,0xb5cd,0xbe2e,0xa56b,
0x84a8,0x6384,0x7407,0x6386,0x5b46,0x52e5,0x52e5,0x52c5,0x4263,0x4a84,0x4263,0x52e5,0x52e5,0x4242,0x4aa3,0x52c4,0x842a,0xbdd0,0xa52c,0x94aa,0xad6d,0xb58e,0xbdcf,0xbdae,
0xb56d,0xb5ae,0xbdaf,0xc5af,0xbd8e,0xb52c,0xc5ef,0xef14,0xdeb3,0xdeb3,0xce32,0xce31,0xd672,0xdeb2,0xce31,0xdeb2,0xd671,0xd671,0xdeb2,0xd672,0xdeb3,0xb58e,0xbdaf,0xad4c,
0x9cab,0xad2d,0x9cac,0x83e9,0x8c2b,0x8c2a,0x8c2a,0x8c0b,0x8c2c,0xa4ae,0x942d,0x8c0d,0x8c2c,0x7b8a,0x7b8a,0x7b8a,0x83ab,0x7bab,0x738a,0x7389,0x6b28,0x62e7,0x5ae6,0x6307,
0x62e6,0x4a64,0x4a65,0x4245,0x3a04,0x4a86,0x4224,0x31a3,0x2982,0x2162,0x2983,0x2943,0x2922,0x3142,0x3982,0x41e2,0x41e3,0x41c3,0x4a05,0x4a06,0x3143,0x41a5,0x5226,0x4184,
0x3943,0x20c2,0x2965,0x10a3,0x0841,0x10a2,0x0861,0x10a2,0x1082,0x0841,0x0841,0x0841,0x0841,0x0841,0x18e4,0x10a3,0x0021,0x0882,0x0041,0x0041,0x0861,0x0020,0x10c2,0x2145,
0x5308,0x4286,0x3205,0x1921,0x2162,0x2182,0x31c3,0x2942,0x2982,0x4265,0x31e4,0x31e4,0x3a05,0x31c4,0x3a26,0x39e5,0x39a4,0x28e2,0x3964,0x5207,0x3964,0x5227,0x49c6,0x3943,
0x3963,0x41e4,0x41c4,0x3984,0x41e5,0x39a3,0x41c4,0x5245,0x5a86,0x5265,0x41c3,0x5266,0x5aa6,0x7389,0xa4ce,0xa4ce,0x9c8d,0x9cad,0x6b28,0x5264,0x5aa5,0x5aa6,0x62c6,0x5aa5,
0x5aa5,0x6307,0x5244,0x4a64,0x5284,0x5aa4,0x83e8,0x7bc8,0x8c2b,0x944b,0x6b06,0x5244,0x5a45,0x5a86,0x62c6,0x6ae7,0x7327,0x7347,0x6ae6,0x6286,0x6ac7,0x62a5,0x62a5,0x8388,
0xbd4e,0xb52e,0xad0e,0xbd6f,0xb54f,0xad2e,0xad2e,0xad0e,0x8c0a,0x8bca,0xad0f,0xbd91,0xa4cf,0x7348,0x6b26,0x9c8a,0x9c8b,0xa4ec,0x9cab,0x9caa,0x9caa,0xa50c,0x948b,0xa50c,
0x9ccb,0x948a,0x9ccb,0x8c49,0x7ba8,0x7ba9,0x7ba8,0x7bc9,0x7367,0x7ba8,0x83e9,0x8be9,0x9409,0x9c6b,0xaccc,0x9c8a,0xb52c,0xbd8e,0xc610,0xc60f,0x9cca,0x7385,0x52c2,0x6b85,
0x7be9,0x73a8,0x7bea,0x7ba9,0x7369,0x738a,0x7baa,0x7ba9,0x73a9,0x6b68,0x6b27,0x62e6,0x6327,0x6b67,0x7367,0x7bc9,0x8c0a,0xb56f,0xc5f0,0xd651,0xce31,0xc5f0,0xc5f0,0xce31,
0xce10,0xbd8f,0xb52d,0xcdcf,0xc5cf,0x9c6a,0xacec,0xb550,0xb550,0xbdb0,0xd671,0xd671,0xd671,0xce30,0xd650,0xce50,0xce11,0xc5b0,0xbd70,0xb550,0xad30,0xad0f,0xad30,0xad0e,
0xc5d1,0xa4cd,0x62c5,0x5243,0x7b68,0x8c0a,0x83ea,0x7ba9,0x62c7,0x41c4,0x41a4,0x41a5,0x3983,0x41c4,0x3963,0x3143,0x3143,0x3143,0x3163,0x5a87,0x62e8,0x6b48,0x6307,0x5ae6,
0x62e6,0x5ae7,0x5ac7,0x5286,0x5286,0x6308,0x5aa7,0x4a46,0x4245,0x3a05,0x3183,0x3184,0x3143,0x5206,0x72a8,0x6205,0x6205,0x6247,0x49c5,0x28e2,0x20c2,0x1881,0x3103,0x20c2,
0x1060,0x2944,0x1082,0x0041,0x0841,0x0841,0x0841,0x0861,0x0861,0x0841,0x0861,0x0861,0x0862,0x0862,0x10a3,0x18c4,0x1083,0x0862,0x0041,0x0862,0x0041,0x08a2,0x1904,0x10c3,
0x4a87,0x29a4,0x2984,0x31c4,0x2983,0x31e4,0x3a45,0x3a25,0x3a04,0x39e4,0x31a3,0x1921,0x52c8,0x4245,0x4244,0x31c3,0x3a04,0x39e5,0x2963,0x31a4,0x3164,0x2902,0x5a27,0x5a27,
0x3944,0x3984,0x39a5,0x2944,0x3184,0x3984,0x5266,0x8c0b,0x9c6b,0x944b,0x4a65,0x4a65,0x6b69,0x6308,0x62c6,0x83c9,0x9c4b,0x83c9,0x946c,0xa50e,0xa4ed,0xa4ed,0xb52e,0xb54e,
0xb54e,0xbd6f,0xbd8f,0xa4ed,0x8c2b,0x83eb,0x8c0b,0x7b69,0x62c7,0x6286,0x7b48,0x8388,0x838a,0x940b,0xa48d,0xb4ee,0xaccd,0xa4ac,0xacec,0xb54d,0xa4cb,0x9cea,0xa52b,0xa52b,
0xad6b,0x8409,0x8c6c,0x83ea,0x7bea,0x7bc9,0x7bc9,0x842b,0x7368,0x4a24,0x5246,0x5245,0x83ec,0x7b89,0x6b46,0x946a,0x8c4a,0x8c4a,0xb58e,0x9ccb,0xad4d,0xce51,0xa50c,0xa4cb,
0x9c8a,0x83a6,0xacea,0xad2b,0xacec,0xacec,0xc5af,0xd631,0xe6d3,0xf714,0xf734,0xf754,0xf734,0xde92,0xc5af,0xd610,0xde51,0xc58f,0xcdcf,0xc58f,0xbd6e,0xc5f0,0xbd6f,0xd632,
0xb52e,0xe694,0xcdf1,0xb50d,0xbd6f,0xc5af,0xb50d,0xc54e,0xc56e,0xcdcf,0xde52,0xd611,0xcdd0,0xc58e,0xcdcf,0xd610,0xc5cf,0xb50c,0xaccb,0xb52c,0xb56e,0xbd6d,0xc56d,0xb50b,
0xc56d,0xbd6d,0xde50,0xe6d1,0xc5ef,0xc610,0xad2e,0x840c,0x83ec,0x9ccd,0xbdf0,0xbdd0,0xbdb0,0xbdd0,0xbdd0,0x946b,0x62a6,0x62a6,0x62a7,0x7b8b,0x83cd,0x7bad,0x6b0b,0x6b09,
0x946d,0xa4ad,0xa4ac,0xad2d,0xb56d,0xbd8f,0xb550,0x7b8b,0x20e2,0x1882,0x1882,0x20e3,0x2924,0x3145,0x3965,0x2924,0x20c3,0x1861,0x1041,0x0820,0x39a5,0x6309,0x6b69,0x7bea,
0x7bc9,0x7368,0x6b27,0x7b88,0x8c0a,0x7b68,0x6ac7,0x6ac7,0x6306,0x7368,0x7ba9,0x83cb,0x49e5,0x28e3,0x3124,0x3944,0x3944,0x2903,0x20e2,0x2923,0x2923,0x3164,0x2923,0x2924,
0x3165,0x10a2,0x1081,0x0861,0x0821,0x0841,0x10a2,0x1082,0x0841,0x0021,0x0861,0x0061,0x0882,0x0882,0x0041,0x0842,0x2105,0x0862,0x0041,0x0862,0x10a3,0x10e4,0x08a2,0x1104,
0x3a04,0x4aa7,0x3a26,0x3a05,0x29a3,0x3a04,0x31e4,0x29a3,0x29a3,0x2162,0x1901,0x31c4,0x31c4,0x39e4,0x4224,0x31c3,0x31c4,0x4a46,0x31a4,0x18e2,0x2102,0x2102,0x28e2,0x4a07,
0x49e6,0x2102,0x2123,0x2123,0x20e2,0x2102,0x2901,0x4a04,0x7348,0x6b07,0x5ac7,0x2122,0x2101,0x2100,0x2100,0x39a3,0x6ae7,0x7327,0x6b28,0x8c2c,0x8c2b,0x942b,0x8c0a,0x944b,
0x9c6c,0x9cad,0x9cad,0x948d,0x8c2c,0x7b8a,0x6b29,0x732a,0x6ac9,0x5a46,0x6ac7,0x7348,0x7368,0x83ea,0x83e9,0x8409,0x8429,0x7bc7,0x8c48,0xad8d,0xa54b,0x952a,0xadec,0xadec,
0xbe6e,0xd750,0xdf70,0xd730,0xd730,0xcf0f,0xc6ce,0xa5ca,0x9d4b,0x8488,0xa58d,0x9d4c,0xaded,0x9d4a,0x8ca8,0x94a8,0xb5ac,0x9cc9,0x7be6,0x8427,0x8c48,0x7be7,0x7bc7,0x8c08,
0xbd6e,0xbd6e,0xce10,0xd671,0xe691,0xeeb1,0xeeb1,0xe691,0xde10,0xcdae,0xcdaf,0xbd6e,0x9c6a,0xa48b,0xcdd0,0xeef4,0xe6b3,0xd652,0xd612,0xd633,0xde94,0xdeb5,0xdeb5,0xad2f,
0x7b88,0x7327,0xa4ac,0xc5d0,0xd671,0xde91,0xc5ae,0xad0c,0xa4ab,0xbd6e,0xb50d,0xc5af,0xd610,0xcdd0,0xd632,0xce11,0xce11,0xce11,0xc5b0,0xbd6f,0xc5b0,0xbd6e,0xcdcf,0xd5f0,
0xc58f,0xbd6e,0xcdf0,0xbd8d,0xc5cf,0xa4ac,0xce32,0xdeb4,0xdeb4,0xad10,0x7b6b,0x734b,0x7b6c,0x83ad,0x734b,0x62c8,0x5223,0xb52f,0xbd70,0x9c6c,0x83eb,0x736a,0x7baa,0x7b69,
0x7328,0x6ae7,0x8389,0x83c9,0x83a9,0x8bea,0x6b08,0x2902,0x2924,0x2904,0x1882,0x1082,0x18a2,0x1082,0x1082,0x20e3,0x1081,0x1082,0x18a2,0x10a2,0x0860,0x0860,0x18e1,0x4225,
0x9cef,0x9cce,0xa4ee,0xa4ce,0x8c0a,0x8bea,0x7b68,0x7b68,0x7348,0x5aa5,0x7b89,0x62c7,0x20e2,0x20c2,0x1882,0x18a2,0x20c2,0x20e2,0x20c2,0x20c2,0x3124,0x3164,0x20e2,0x3165,
0x3166,0x18c3,0x10a2,0x0861,0x1062,0x10a3,0x1082,0x1082,0x0841,0x0041,0x0061,0x0061,0x0882,0x0861,0x0021,0x0882,0x1083,0x1904,0x0862,0x10c3,0x1904,0x0041,0x08a2,0x1924,
0x4266,0x3a26,0x4aa7,0x3a25,0x29a3,0x2162,0x1921,0x29a4,0x2142,0x1902,0x31c5,0x31c4,0x2143,0x31c4,0x39e4,0x31c3,0x4225,0x31a4,0x31c5,0x2963,0x18e2,0x2102,0x18e2,0x2122,
0x2123,0x2122,0x2102,0x2142,0x2943,0x2943,0x2943,0x39a4,0x39c4,0x41a4,0x41c4,0x5267,0x2963,0x1901,0x2101,0x4a67,0x7b8a,0x5266,0x3183,0x4204,0x39c3,0x3161,0x3961,0x3962,
0x39a3,0x41c4,0x41e4,0x5266,0x5a86,0x20e0,0x20a0,0x20c0,0x28e1,0x28e1,0x3963,0x41c3,0x39e2,0x4a84,0x6326,0x6b66,0x6325,0x7c08,0x7c08,0x8469,0x8cca,0x952b,0x952b,0x84a8,
0x84c9,0x84a8,0x84a8,0x7446,0x6c05,0x7c47,0x8cc9,0x7c87,0x7425,0x6bc4,0x7c67,0x6bc4,0x84a7,0x9d6a,0x9d6a,0x9d29,0x9d09,0x94e9,0x94c9,0x8c89,0x6b85,0x6345,0x4a62,0x6305,
0x7ba8,0x944b,0x6b26,0x83e9,0xb54c,0xacca,0xc5ce,0xc58e,0xbd6e,0xc58f,0xbd4e,0x942b,0xcdd2,0xeef6,0xeef5,0xeef5,0xb52e,0x7b68,0x7349,0x7baa,0x83ec,0x8c2c,0x9caf,0xa510,
0xc5d3,0xd634,0xad2f,0xd673,0xf776,0xef35,0xf776,0xff78,0xef16,0xad0e,0x8c0a,0xb52f,0xc5d1,0xbd70,0xa4ef,0x9c8d,0x9c6d,0x8c2b,0x8beb,0x8beb,0x8c0a,0xa48c,0xc590,0xa48c,
0x940a,0x8bea,0x942b,0xbd70,0xe6b5,0xde73,0xc5d0,0xb52e,0xdeb3,0xce12,0xbd91,0xce13,0xcdd2,0xcdf3,0x9c8e,0x62c6,0x7307,0xcdd1,0xe6b5,0xc5b0,0xbd6f,0xb54e,0xa4cd,0xa48c,
0xb4ee,0xb4ee,0xa48d,0xa48e,0x940d,0x5247,0x28e2,0x20c2,0x1062,0x0821,0x1082,0x18c2,0x10a2,0x10a2,0x1082,0x10c2,0x2104,0x0861,0x0841,0x0862,0x10a2,0x10c2,0x0881,0x0880,
0x2143,0x5267,0x62c7,0x5a85,0x6ae6,0x7b88,0x940a,0x8bea,0x7b69,0x7baa,0x4a25,0x2922,0x2103,0x1082,0x1082,0x18e2,0x18c2,0x18a2,0x2903,0x3124,0x2903,0x2903,0x2944,0x2124,
0x1082,0x2104,0x18c3,0x0841,0x1082,0x18c3,0x0862,0x0862,0x0041,0x0861,0x08a2,0x0882,0x0882,0x0041,0x0862,0x1083,0x0842,0x0882,0x2966,0x2125,0x0062,0x0041,0x08a3,0x1924,
0x31c4,0x3a26,0x4a87,0x4aa7,0x4266,0x3a45,0x31e5,0x3a26,0x2163,0x3a06,0x2163,0x1902,0x31c5,0x1901,0x29a3,0x2983,0x31c4,0x29a4,0x29a4,0x31a4,0x2163,0x1902,0x1902,0x1902,
0x1902,0x1922,0x1901,0x2962,0x2984,0x2964,0x39c5,0x2963,0x2963,0x2922,0x3143,0x2942,0x5aa8,0x5288,0x2984,0x18e1,0x2122,0x0880,0x10c1,0x2123,0x3183,0x736a,0x6b29,0x6ae9,
0x3184,0x2943,0x4226,0x4a26,0x41c4,0x62c7,0x6b08,0x7349,0x734a,0x6b29,0x6b29,0x6b08,0x6b07,0x7328,0x6b27,0x7347,0x7347,0x7b88,0x7b88,0x7389,0x39e2,0x2961,0x3a23,0x4222,
0x52c5,0x6b68,0x73a9,0x73a9,0x7bca,0x7389,0x840b,0x5ae6,0x4a63,0x7be9,0x8429,0x8c4a,0xa50c,0xad6e,0xbdcf,0xb5cf,0xad6e,0xad6e,0xad8f,0xa52e,0x94cd,0xa54f,0xa52e,0x9ccd,
0xa4ce,0xa4ce,0x9c8e,0x4223,0x62e5,0x7387,0x83e9,0x8c4b,0x9cad,0xad50,0xb530,0xbd51,0xc5d3,0xc5b2,0xc5d2,0xcdf2,0xd633,0xe6b7,0xd656,0x944e,0x948f,0x8c4f,0x8c4f,0x9cb0,
0xa4f1,0xa4d1,0x9c8f,0x944d,0x83cb,0x7368,0x7baa,0x83cd,0x83ab,0x41e5,0xcdf4,0xc5d4,0xa4af,0xa4d0,0xa4af,0x9c8f,0xa4d0,0xa4d0,0x9c8f,0x9c8f,0xa48e,0xa4ce,0x940c,0x8369,
0x9c6e,0x9caf,0x9caf,0x9c4e,0x944d,0x944c,0x9c6c,0xacee,0xaced,0xc5b0,0xd652,0xde73,0xde73,0xd632,0xe6d5,0xcdf2,0xacf0,0xa48f,0x83cb,0x944d,0x942c,0x9c6c,0x944b,0x93ea,
0xa48d,0xa46d,0x72c7,0x6287,0x5227,0x28e3,0x20e3,0x18a3,0x1062,0x18a3,0x0882,0x0882,0x0861,0x0882,0x10a2,0x10a2,0x18e3,0x2124,0x1082,0x0862,0x0041,0x0861,0x0881,0x0861,
0x10c2,0x20e2,0x1020,0x3142,0x6b08,0x6b07,0x7b89,0x7348,0x62c7,0x7bab,0x5aa9,0x18a2,0x0861,0x10a3,0x10c3,0x18e3,0x10a2,0x2124,0x2944,0x20c3,0x28e3,0x2944,0x18e3,0x1082,
0x18a3,0x0862,0x10a3,0x10c3,0x1082,0x1082,0x0861,0x0862,0x0041,0x0861,0x08a2,0x0081,0x0882,0x0041,0x0882,0x1083,0x0021,0x10c3,0x1904,0x10c3,0x08a3,0x0882,0x10e4,0x10e3,
0x10e2,0x1902,0x2163,0x3a05,0x4a87,0x3a05,0x3a26,0x31e5,0x3a46,0x3a26,0x2984,0x31e5,0x31e5,0x31e5,0x3a05,0x31c4,0x2163,0x2983,0x29a4,0x2163,0x31c5,0x2163,0x10e1,0x1102,
0x1902,0x18e1,0x18e1,0x1901,0x1922,0x2964,0x1902,0x1922,0x1922,0x2121,0x2121,0x3182,0x4a25,0x5ac8,0x39e5,0x0040,0x1922,0x1922,0x08a1,0x0880,0x18e2,0x4a67,0x5aa7,0x736a,
0x2943,0x1902,0x31a4,0x5287,0x7349,0x8c0b,0x944d,0x83cb,0x7bab,0x7b8a,0x738a,0x7bcb,0x83ab,0x83ab,0x83ab,0x83ab,0x838a,0x83aa,0x942d,0x942e,0x736b,0x630a,0x62e9,0x5267,
0x7b8c,0x944d,0x9c8d,0xa4ae,0xa4ce,0xacef,0xacef,0x944d,0x7b6b,0x940e,0x944e,0x944e,0x8c2d,0x8bed,0x7bab,0x7beb,0x8c2c,0x7bcb,0x738a,0x738b,0x7bac,0x7bcb,0x7beb,0x83eb,
0x83eb,0x83cb,0x7bab,0x4204,0x6328,0xa510,0x5ac7,0x4204,0x4a25,0x41e5,0x41e5,0x49e4,0x5225,0x6ae8,0x62c8,0x6ae8,0x6ae7,0x6ae9,0x5a68,0x3143,0x39a4,0x39a4,0x2942,0x3142,
0x3985,0x3985,0x2902,0x3143,0x3983,0x41a4,0x41a4,0x3963,0x3984,0x4a06,0x8bed,0x5a68,0x4a06,0x49e5,0x5206,0x4a06,0x4a06,0x5a67,0x5a67,0x49e5,0x41a4,0x5205,0x49e4,0x5226,
0x5226,0x2923,0x3164,0x20c1,0x2902,0x3163,0x4a05,0x4a05,0x5204,0x5246,0x62c8,0x62a8,0x5a88,0x62a9,0x5a68,0x5a88,0x62a9,0x3164,0x3123,0x41c5,0x4a06,0x5206,0x5a66,0x5a45,
0x5a04,0x6a86,0x5206,0x5206,0x39a5,0x2904,0x18c3,0x18c3,0x18a3,0x10a3,0x0882,0x0882,0x10a3,0x0861,0x1082,0x10a2,0x10a2,0x10a3,0x2124,0x0882,0x0041,0x0862,0x0041,0x18e4,
0x1904,0x0861,0x0841,0x18a1,0x41e5,0x39a3,0x39c4,0x39a3,0x3184,0x18a1,0x1081,0x20e3,0x1082,0x10a2,0x10c3,0x0861,0x18e3,0x2124,0x18e3,0x1061,0x2944,0x20e3,0x1082,0x10a2,
0x0842,0x0021,0x0862,0x1904,0x1904,0x0861,0x0862,0x0882,0x0882,0x0882,0x10c3,0x0882,0x0882,0x0882,0x10a3,0x0862,0x10a3,0x2946,0x0862,0x0021,0x1904,0x10c3,0x1104,0x0882,
0x1904,0x10e2,0x10a1,0x10e1,0x2163,0x2985,0x10c2,0x3205,0x3a46,0x31e5,0x3205,0x3205,0x29a4,0x31e5,0x31c5,0x29a4,0x2142,0x1921,0x1922,0x1921,0x2102,0x2984,0x29c4,0x1963,
0x1922,0x18e1,0x18e1,0x1921,0x2183,0x1902,0x1101,0x08c0,0x1100,0x1941,0x1940,0x2960,0x52a6,0x6b29,0x5267,0x10a1,0x1942,0x08c1,0x0080,0x08e1,0x08a0,0x0860,0x4205,0x31a3,
0x1922,0x2163,0x18e1,0x4204,0x62a6,0x5a45,0x49e4,0x3984,0x3123,0x3143,0x2922,0x3143,0x3143,0x3163,0x3163,0x3163,0x3122,0x3143,0x3143,0x3143,0x41e6,0x4226,0x2984,0x39a5,
0x4206,0x3983,0x41a3,0x41c4,0x41c4,0x41c4,0x41c4,0x41a4,0x3144,0x3144,0x3984,0x3983,0x3983,0x39a4,0x3144,0x3984,0x4a06,0x3984,0x2922,0x3964,0x2902,0x2922,0x2922,0x1880,
0x3102,0x3121,0x3122,0x41c4,0x41c4,0x5206,0x41a4,0x2901,0x3983,0x49e5,0x3983,0x3983,0x41e5,0x3122,0x28e1,0x28e2,0x2902,0x28e2,0x28c1,0x3123,0x49c5,0x49e5,0x39a3,0x39a3,
0x3983,0x3983,0x41c4,0x3943,0x3963,0x3963,0x41a4,0x49e4,0x41a3,0x6b09,0x41c4,0x41c3,0x5225,0x49e5,0x4164,0x4163,0x49c5,0x5206,0x5a67,0x5206,0x41a5,0x41a5,0x49c5,0x49c6,
0x3985,0x18c3,0x2103,0x2123,0x20c2,0x3144,0x3124,0x2082,0x20a2,0x1881,0x1881,0x20c2,0x1882,0x1041,0x1041,0x1041,0x0820,0x0860,0x20e3,0x18a1,0x1881,0x20a2,0x20a1,0x3923,
0x3943,0x4163,0x5206,0x3164,0x18c2,0x18c3,0x1882,0x10a2,0x0861,0x0861,0x0041,0x0041,0x0821,0x0821,0x0821,0x0841,0x0841,0x0841,0x1062,0x1903,0x10a2,0x0841,0x18c3,0x18c3,
0x0841,0x0842,0x0883,0x0861,0x0840,0x18e2,0x2103,0x2124,0x10a1,0x0861,0x0841,0x2105,0x2925,0x1081,0x0841,0x0861,0x10a2,0x10a3,0x18c3,0x2965,0x10e3,0x10a2,0x1082,0x0862,
0x0862,0x0862,0x10a3,0x0882,0x1904,0x10a2,0x0882,0x0061,0x0061,0x08c3,0x08a2,0x0882,0x10a3,0x10c3,0x0862,0x10a3,0x2125,0x10a3,0x0041,0x0842,0x0882,0x2145,0x10c3,0x0041,
0x1923,0x1923,0x2143,0x2163,0x2163,0x2143,0x3206,0x2183,0x2183,0x29a4,0x29c4,0x2183,0x10e1,0x08c1,0x08a0,0x08a0,0x08a0,0x08a0,0x08c0,0x10e1,0x1902,0x10e2,0x2143,0x2184,
0x1922,0x10e1,0x1902,0x2983,0x29a3,0x2163,0x1901,0x1921,0x08e0,0x1100,0x1920,0x29a2,0x52a6,0x3a04,0x31a3,0x2963,0x08a1,0x08c1,0x08c1,0x08a1,0x0880,0x10c1,0x2963,0x52c8,
0x4246,0x08c0,0x2142,0x39e4,0x2941,0x4a05,0x4206,0x39a4,0x39c5,0x3164,0x3163,0x3143,0x3143,0x3143,0x3163,0x3163,0x3163,0x39a3,0x39a4,0x39c4,0x39e5,0x2162,0x1921,0x2121,
0x2983,0x2942,0x20e1,0x2922,0x3143,0x3163,0x2901,0x3162,0x2102,0x20c1,0x2921,0x3182,0x3162,0x3162,0x39a4,0x4a05,0x3963,0x41e4,0x41c4,0x3983,0x3983,0x41e3,0x6b07,0x6b07,
0x7b48,0x7b48,0x7b68,0x7b68,0x6ae7,0x72e8,0x6286,0x5204,0x6266,0x6266,0x62a7,0x5a86,0x5a66,0x83ab,0x7349,0x7329,0x83cb,0x8bcb,0x83ab,0x83cb,0x83aa,0x7ba9,0x7ba9,0x7bc9,
0x7bc8,0x8408,0x8c29,0x8c29,0x7367,0x6b26,0x7388,0x842a,0x8c6b,0x8c2a,0x7347,0x7b88,0x4a22,0x5244,0x62c7,0x5a66,0x4183,0x3942,0x3122,0x62a7,0x7309,0x6ae9,0x41a4,0x20a0,
0x1880,0x1061,0x18a1,0x20c2,0x3964,0x5227,0x41c5,0x5248,0x5a48,0x5a67,0x6ac7,0x6ae8,0x7b49,0x6ae8,0x6ae8,0x6ae8,0x5aa7,0x5a87,0x5a66,0x5a86,0x5a66,0x5225,0x5205,0x3964,
0x3944,0x49e6,0x3985,0x39a5,0x2103,0x10a2,0x10a2,0x1082,0x0882,0x0882,0x0882,0x08a3,0x1062,0x0862,0x0861,0x0861,0x1082,0x0861,0x0020,0x18e2,0x1903,0x10c2,0x18e3,0x0861,
0x0021,0x0862,0x18e4,0x10a2,0x0861,0x0861,0x0861,0x0841,0x0021,0x0841,0x18a3,0x0862,0x18c3,0x18e3,0x0861,0x10a3,0x0862,0x10a3,0x2125,0x10a3,0x1082,0x0882,0x0861,0x0882,
0x0882,0x0862,0x0862,0x0882,0x0862,0x1904,0x18e3,0x0020,0x0061,0x10a2,0x0882,0x0861,0x0882,0x0861,0x18c4,0x2105,0x1083,0x10a3,0x0041,0x0061,0x0882,0x1904,0x1104,0x08a3,
0x2163,0x1942,0x29c4,0x29c4,0x29c4,0x3a26,0x3205,0x3a46,0x29e5,0x29a4,0x2183,0x1942,0x08e1,0x08c1,0x08c1,0x08c1,0x08c1,0x08c1,0x1922,0x08c1,0x10e2,0x1923,0x08a1,0x1923,
0x2163,0x1102,0x2183,0x2142,0x52c8,0x39e5,0x18c1,0x1901,0x1102,0x1101,0x1901,0x2142,0x2182,0x10e0,0x1901,0x10c0,0x10c1,0x2984,0x10a1,0x0880,0x10e2,0x2964,0x10c1,0x2943,
0x4a67,0x39e5,0x2983,0x2983,0x2122,0x1921,0x2161,0x29a3,0x6309,0x6b6a,0x6309,0x736a,0x738b,0x738b,0x83cc,0x83ec,0x83ec,0x7bcb,0x7bab,0x6b49,0x4a65,0x4a86,0x4a86,0x4265,
0x4a65,0x4224,0x5ae7,0x52a7,0x5ae8,0x736a,0x7bcb,0x7bcb,0x8c4e,0x9cd0,0x9cd0,0x9caf,0x9ccf,0xa4f0,0xa510,0x9cae,0x9ccf,0x9ccf,0xa4f0,0xa4ef,0x9ccf,0xad0e,0xbd6f,0xbd90,
0xcdf1,0xc5d1,0xc5d1,0xc5d1,0xbd91,0xc5b1,0xb52f,0xad0f,0xaccf,0xa4ae,0xbd51,0xacf0,0x62c7,0x7b69,0x946c,0x9c6c,0x8c2a,0x83c9,0x944b,0x9c8c,0x9cac,0x948b,0x7be9,0xb58f,
0xb5ad,0xbe0f,0xb5ae,0xbdce,0xad6d,0x8c69,0x94cb,0x950d,0x7c49,0x7c09,0x8429,0x8c6a,0x7be8,0x8c4a,0x948c,0x8c2c,0x8bec,0x942e,0xa48f,0xb531,0xc5d2,0xc5b2,0xacef,0x9c8e,
0x946e,0x944f,0x942e,0xa48f,0x9c4e,0x7b6b,0x5a46,0x5a46,0x5a46,0x7308,0xacae,0xb510,0xacce,0xb50f,0xb4ef,0xacce,0xacee,0xb50f,0xacef,0xa4ae,0x9c4c,0x9c2c,0x5a66,0x20e2,
0x3984,0x2923,0x2103,0x20e3,0x2945,0x18e4,0x0862,0x10a2,0x0882,0x0882,0x0861,0x0862,0x0862,0x0882,0x1082,0x1082,0x10c2,0x1082,0x0881,0x10a1,0x2964,0x31a6,0x0861,0x0882,
0x0862,0x0841,0x0862,0x0861,0x0861,0x10a2,0x0840,0x0040,0x0821,0x0841,0x1062,0x0021,0x0020,0x10c3,0x1904,0x10c3,0x10a2,0x2945,0x10a2,0x0841,0x1082,0x0841,0x0061,0x0861,
0x0861,0x0041,0x0041,0x10a2,0x0861,0x0882,0x18e3,0x10a2,0x0041,0x0862,0x10a2,0x10c3,0x0041,0x10a3,0x2145,0x0862,0x0883,0x0061,0x0041,0x0061,0x0882,0x0882,0x0882,0x1904,
0x2183,0x29a4,0x31e5,0x29c4,0x3a26,0x3206,0x29a4,0x31e5,0x3205,0x1943,0x10e1,0x08c1,0x10e1,0x08a1,0x08c1,0x08c1,0x10e1,0x08a1,0x08c1,0x10e1,0x08a1,0x10e2,0x1102,0x08a1,
0x2143,0x29c5,0x1922,0x1901,0x39e5,0x2963,0x1080,0x0880,0x08c1,0x10e1,0x2122,0x1901,0x10c0,0x1921,0x1901,0x0880,0x10e2,0x31c5,0x10c1,0x0880,0x10c1,0x2143,0x2123,0x0060,
0x10a1,0x3a26,0x29a4,0x08a0,0x18e1,0x1920,0x1900,0x2141,0x2962,0x4225,0x4a66,0x41e5,0x31a4,0x39c5,0x31a4,0x39c4,0x39c4,0x2963,0x39e4,0x2962,0x2982,0x4245,0x2161,0x2141,
0x2141,0x2981,0x4245,0x4a66,0x3183,0x3164,0x3163,0x3183,0x3184,0x2944,0x3164,0x39a4,0x5267,0x5267,0x4205,0x4a26,0x4a26,0x4a06,0x4a05,0x5247,0x4a46,0x4a26,0x4a06,0x4a06,
0x4a06,0x4205,0x41e5,0x4a05,0x4a05,0x41c4,0x41c4,0x49e5,0x39a4,0x4a06,0x39a4,0x4a06,0x4a05,0x3142,0x4a26,0x6308,0x7bcb,0x7b8a,0x7b6a,0x5aa7,0x62e8,0x6309,0x2101,0x3163,
0x2943,0x2122,0x2963,0x2963,0x3183,0x4a45,0x39e3,0x3203,0x29a1,0x2981,0x3a03,0x2981,0x31c2,0x39c2,0x3182,0x3162,0x3163,0x2943,0x3984,0x3984,0x3163,0x4a05,0x4a46,0x39c5,
0x39c5,0x39c5,0x4a47,0x5a68,0x49e6,0x41e5,0x4a26,0x4a06,0x3984,0x2902,0x3124,0x3144,0x2903,0x20e3,0x3164,0x3144,0x3124,0x3124,0x3124,0x3144,0x2903,0x2903,0x20c2,0x3164,
0x2923,0x20e2,0x2123,0x18c3,0x0861,0x2104,0x10c3,0x0861,0x0882,0x0861,0x0861,0x0041,0x0861,0x10a3,0x10a2,0x10a2,0x10c2,0x10a2,0x08a1,0x2143,0x29a5,0x2124,0x2985,0x10c3,
0x08a2,0x0861,0x0041,0x0861,0x0861,0x10a2,0x10c3,0x0041,0x1082,0x0021,0x0841,0x0882,0x10a2,0x10c2,0x2145,0x29a6,0x29a6,0x10c3,0x1082,0x0882,0x0841,0x0841,0x0861,0x0861,
0x0861,0x0841,0x0882,0x0882,0x0861,0x10a2,0x0021,0x10a2,0x10c3,0x10a3,0x10a2,0x0041,0x10c3,0x2145,0x0862,0x0862,0x0882,0x0061,0x0041,0x0041,0x0041,0x0061,0x0882,0x08a2,
0x1102,0x2163,0x1102,0x3206,0x29c5,0x2184,0x29a5,0x1943,0x2164,0x2163,0x08a0,0x08a1,0x08c1,0x0880,0x0880,0x08a1,0x08a1,0x08c1,0x08c1,0x08a1,0x0881,0x0060,0x08a1,0x1102,
0x1923,0x2163,0x2163,0x1922,0x2142,0x2102,0x18e2,0x10e2,0x08a1,0x0880,0x18e2,0x10a0,0x10c1,0x10e1,0x1902,0x10c1,0x2123,0x2985,0x2164,0x0880,0x2144,0x1903,0x0881,0x0880,
0x0880,0x1902,0x2163,0x10e1,0x08a0,0x1900,0x2140,0x31e2,0x39e3,0x3a04,0x39e4,0x4225,0x2143,0x2122,0x2122,0x2122,0x1901,0x2983,0x2101,0x18e0,0x4224,0x2161,0x1920,0x2141,
0x2141,0x1920,0x1900,0x2142,0x2964,0x18c2,0x2103,0x2102,0x2923,0x18c2,0x1080,0x3164,0x3184,0x20e1,0x2102,0x2103,0x2102,0x2102,0x2102,0x2102,0x3164,0x2944,0x20e3,0x2123,
0x2103,0x2103,0x2103,0x2123,0x2103,0x2103,0x18c2,0x1081,0x2944,0x3986,0x2104,0x18e2,0x2964,0x39c5,0x2943,0x2122,0x2122,0x3143,0x3143,0x2923,0x2923,0x2923,0x2924,0x2924,
0x2124,0x2124,0x2124,0x18c2,0x2143,0x4227,0x31c5,0x2983,0x2163,0x2983,0x2983,0x2162,0x2983,0x2962,0x2142,0x2142,0x2102,0x10a1,0x10a1,0x20e3,0x18c2,0x18c2,0x2944,0x2964,
0x18c2,0x2964,0x2944,0x18c2,0x20e2,0x18c1,0x18a1,0x20e2,0x20e2,0x2103,0x2964,0x2144,0x2944,0x10c2,0x18e3,0x2965,0x3145,0x20e4,0x2925,0x2904,0x20e4,0x20e4,0x39a6,0x2944,
0x2924,0x2124,0x18c2,0x10a2,0x10a2,0x10a2,0x1904,0x18e3,0x0882,0x10a2,0x10a2,0x0882,0x10a2,0x2124,0x1903,0x0861,0x0881,0x0881,0x1923,0x1943,0x10e2,0x1903,0x2144,0x2985,
0x10c2,0x0881,0x0881,0x0881,0x0881,0x0881,0x10a2,0x0861,0x0861,0x0861,0x0861,0x10c2,0x1903,0x1924,0x10e3,0x29c6,0x2985,0x0061,0x0861,0x0861,0x0861,0x0861,0x0861,0x0841,
0x0841,0x0841,0x1082,0x0861,0x0882,0x10a2,0x0041,0x0861,0x2124,0x18e3,0x0041,0x10e3,0x2145,0x0882,0x0882,0x0882,0x0862,0x0041,0x0040,0x0041,0x0061,0x0061,0x08a2,0x08a2,
0x1944,0x0881,0x1102,0x1923,0x1923,0x1944,0x2164,0x10e1,0x08a1,0x10e2,0x2143,0x0080,0x0080,0x08a1,0x08a1,0x08c1,0x08c2,0x08a1,0x08a1,0x10c2,0x10e2,0x0881,0x08a1,0x1943,
0x1902,0x2164,0x3206,0x31e5,0x2964,0x2943,0x2923,0x31a5,0x2164,0x2144,0x10a1,0x0860,0x0880,0x0880,0x10a1,0x18e2,0x10c2,0x10c2,0x1903,0x2985,0x1923,0x0040,0x0881,0x0880,
0x08a0,0x1102,0x0880,0x10e1,0x1922,0x2141,0x39e3,0x3a03,0x2981,0x2961,0x2141,0x2162,0x31c4,0x2142,0x2142,0x1901,0x31e4,0x2162,0x1900,0x4a65,0x39e3,0x1920,0x1920,0x2161,
0x2181,0x1920,0x2121,0x2102,0x2964,0x3165,0x20e2,0x2103,0x2944,0x20e2,0x3164,0x39c6,0x2943,0x3164,0x2943,0x2923,0x2123,0x2123,0x2123,0x2943,0x2103,0x3184,0x2963,0x2123,
0x2143,0x2123,0x2143,0x2123,0x2123,0x2103,0x18c2,0x2924,0x2104,0x20e4,0x2965,0x2964,0x2964,0x3185,0x39c5,0x3184,0x2944,0x3164,0x3144,0x3164,0x2944,0x2944,0x2944,0x2124,
0x2944,0x2964,0x2144,0x2143,0x39c5,0x2143,0x31a4,0x31c5,0x2163,0x2984,0x2963,0x2984,0x29a4,0x2984,0x2983,0x2984,0x2122,0x18e2,0x2103,0x2123,0x2124,0x2144,0x2144,0x3185,
0x4206,0x31a5,0x2943,0x2943,0x2103,0x2103,0x2103,0x2123,0x2103,0x1902,0x2163,0x1902,0x1902,0x1923,0x10e2,0x2144,0x31a6,0x2965,0x2104,0x2104,0x2965,0x31a6,0x2124,0x10a2,
0x1082,0x10a2,0x0882,0x0861,0x0861,0x0041,0x0041,0x10c3,0x0882,0x0020,0x0041,0x0882,0x0881,0x10c2,0x2124,0x18e3,0x1903,0x2985,0x2985,0x10e2,0x10e2,0x10e2,0x1103,0x1923,
0x2985,0x10c2,0x0861,0x0881,0x0881,0x0061,0x0041,0x0061,0x0040,0x0861,0x0882,0x10a2,0x10e3,0x08c2,0x1944,0x10e3,0x1903,0x1904,0x0881,0x0881,0x0861,0x0881,0x0861,0x0040,
0x0861,0x0861,0x0882,0x0881,0x0882,0x0041,0x0882,0x10a2,0x0861,0x10c3,0x1904,0x1924,0x0882,0x0882,0x0062,0x0882,0x0062,0x0062,0x0061,0x0041,0x0041,0x0882,0x0081,0x0882,
0x08c2,0x1103,0x10c2,0x10e2,0x10e2,0x0060,0x08a1,0x08a1,0x08a1,0x0080,0x10e2,0x1943,0x0881,0x0080,0x08a1,0x10c2,0x0881,0x08a1,0x10e2,0x10e2,0x10e3,0x10e3,0x1923,0x10e2,
0x2985,0x2184,0x1943,0x29a4,0x31c5,0x31a5,0x3184,0x2944,0x10a1,0x0881,0x0881,0x0880,0x0880,0x0881,0x0861,0x10a2,0x10a2,0x0861,0x18e2,0x18e3,0x10e2,0x10a1,0x0860,0x08a0,
0x08a1,0x10c1,0x0080,0x10c1,0x2183,0x31a3,0x2101,0x2982,0x2161,0x2141,0x2161,0x1941,0x4ac8,0x73cc,0x31c4,0x2983,0x2982,0x1900,0x31e4,0x52a6,0x2161,0x1920,0x1940,0x2181,
0x1941,0x1900,0x2142,0x4247,0x39e6,0x4227,0x52a8,0x4a47,0x4a68,0x5aea,0x62ea,0x4a67,0x5288,0x5288,0x4a67,0x4206,0x39e5,0x3a06,0x4227,0x4a47,0x4247,0x4246,0x52c8,0x4a87,
0x4266,0x4266,0x4266,0x4a66,0x4a67,0x4247,0x4a68,0x31a4,0x18e2,0x3185,0x5288,0x52a8,0x630a,0x6b4b,0x6b6c,0x7bcd,0x6b6c,0x6b4b,0x6b4b,0x630a,0x630a,0x5b0a,0x5ae9,0x632a,
0x5ac8,0x5b09,0x632a,0x6b8b,0x5b09,0x52a7,0x4a87,0x4a67,0x5288,0x4226,0x4226,0x39e5,0x31e5,0x31c4,0x3a05,0x4a66,0x4a66,0x4a87,0x5ac9,0x632b,0x632a,0x5b2a,0x632a,0x6b6b,
0x7bcc,0x73ac,0x6b4b,0x6b8c,0x6b8c,0x6b8c,0x6b6b,0x6b6b,0x6b6b,0x6b8b,0x636a,0x634a,0x632a,0x4a68,0x31c5,0x2144,0x2103,0x2965,0x2144,0x2944,0x31a6,0x18e3,0x1082,0x10a3,
0x18e3,0x10a3,0x10c3,0x08a2,0x08a2,0x10c3,0x0882,0x0882,0x1904,0x10c3,0x0882,0x0882,0x0881,0x08a2,0x2165,0x2164,0x2985,0x3a06,0x1923,0x1123,0x08c1,0x1102,0x10e2,0x1102,
0x1923,0x2985,0x10c2,0x0881,0x0861,0x0882,0x08a3,0x0062,0x0881,0x08a2,0x10c2,0x10c2,0x08c2,0x2165,0x1923,0x08c2,0x08c2,0x10e3,0x10e2,0x0881,0x10a2,0x0861,0x0040,0x0881,
0x08a2,0x08a2,0x1903,0x10c2,0x10c3,0x0882,0x0862,0x0861,0x0862,0x10c3,0x2165,0x1103,0x10e3,0x1924,0x10e4,0x10e4,0x1904,0x1904,0x10e3,0x10e3,0x10c3,0x0882,0x0061,0x0882,
0x1923,0x10c2,0x0881,0x10e2,0x0060,0x0060,0x0080,0x08a1,0x0080,0x08a1,0x08a1,0x08c1,0x1923,0x08a1,0x08a1,0x10e2,0x10e2,0x10e2,0x10e2,0x08a1,0x10c2,0x1924,0x08a1,0x10c2,
0x1923,0x1923,0x08c1,0x08c1,0x2143,0x2984,0x18c2,0x0040,0x0840,0x10a2,0x0041,0x10a1,0x2164,0x0881,0x08a1,0x10c2,0x0881,0x1903,0x2123,0x0860,0x08a1,0x2124,0x10c2,0x08a1,
0x08c1,0x0080,0x08a0,0x1902,0x2163,0x10a1,0x1080,0x1901,0x2983,0x2141,0x1940,0x1940,0x2162,0x4266,0x4a86,0x2982,0x1900,0x1920,0x4265,0x31e3,0x1900,0x1940,0x1941,0x29c2,
0x2161,0x1921,0x31c4,0x4226,0x3a06,0x4226,0x52a8,0x52a8,0x5ae9,0x5aea,0x5288,0x5288,0x4a47,0x4a47,0x4a67,0x4a87,0x52a7,0x52e8,0x5b09,0x6b6a,0x6b8b,0x6b6b,0x5b09,0x632a,
0x632a,0x5b09,0x636a,0x6bab,0x73ab,0x73cb,0x73ab,0x6329,0x5b09,0x4a67,0x5ae8,0x4a66,0x4226,0x5ac8,0x6309,0x6b4a,0x736b,0x62e9,0x6309,0x6309,0x5b08,0x5b08,0x5b28,0x6348,
0x5b08,0x73cb,0x73ab,0x6b6a,0x6b6b,0x738b,0x736b,0x6b09,0x6309,0x6329,0x5b09,0x6329,0x6329,0x634a,0x634a,0x5b08,0x6349,0x6b49,0x6309,0x5aa8,0x5b28,0x6b69,0x6b8a,0x6349,
0x5aa7,0x5aa8,0x5ac8,0x52a8,0x52a7,0x5287,0x6329,0x632a,0x5ac8,0x4a66,0x4a87,0x5ae9,0x4247,0x2144,0x18e3,0x10c2,0x18c3,0x18c3,0x2945,0x3186,0x1904,0x18c3,0x10a3,0x10c3,
0x10c3,0x10c3,0x10c3,0x10c3,0x08a2,0x0882,0x0882,0x18e3,0x2145,0x2986,0x10a2,0x0861,0x08c2,0x1924,0x1903,0x2185,0x2984,0x10e2,0x10e2,0x1102,0x08c1,0x08c1,0x10e2,0x08a1,
0x10e1,0x1943,0x2184,0x08a1,0x0061,0x0082,0x10c3,0x10e4,0x0881,0x0861,0x10c2,0x10e2,0x2164,0x1923,0x08a1,0x08e2,0x08a1,0x0081,0x1903,0x2144,0x0861,0x0881,0x10e2,0x08c2,
0x0081,0x08c2,0x1103,0x10e2,0x1904,0x10a2,0x0862,0x0041,0x10a2,0x2145,0x0882,0x1945,0x1945,0x10c3,0x10e3,0x10c3,0x10e4,0x1904,0x1924,0x1924,0x1103,0x2145,0x10c3,0x0882,
0x08a2,0x0081,0x08a2,0x0061,0x0061,0x0061,0x0061,0x0060,0x0881,0x08a1,0x08a1,0x08a1,0x08a1,0x1923,0x10e2,0x1923,0x1903,0x10c2,0x10e2,0x1903,0x1923,0x08a1,0x08a1,0x1903,
0x08a1,0x08a1,0x0060,0x0061,0x0040,0x10e3,0x10c2,0x0060,0x0881,0x0881,0x10c2,0x31e6,0x31a5,0x2123,0x10c2,0x08a1,0x1923,0x2164,0x10e2,0x1943,0x2143,0x2144,0x29a5,0x1902,
0x0080,0x0880,0x08a1,0x08a1,0x08a0,0x0880,0x0881,0x0880,0x2163,0x2162,0x1921,0x1921,0x1921,0x29a3,0x1942,0x2982,0x1100,0x1941,0x3a04,0x1941,0x1921,0x1920,0x29a2,0x29c3,
0x1920,0x1922,0x4247,0x4aa8,0x4aa8,0x4aa8,0x31e5,0x4246,0x4287,0x2984,0x29a4,0x2184,0x31c5,0x31e6,0x3a27,0x4268,0x4247,0x4247,0x4248,0x4268,0x4248,0x4a88,0x4247,0x3a27,
0x52a9,0x52a9,0x4a88,0x52a9,0x5b0a,0x5aea,0x4a88,0x52a9,0x52c9,0x5ae9,0x6b6b,0x6b8c,0x634b,0x6b6c,0x3a06,0x2964,0x2984,0x3a06,0x39e6,0x4227,0x52c9,0x52c9,0x52c9,0x52a8,
0x5b09,0x632a,0x5ac8,0x5ae9,0x5ae9,0x5ae9,0x632a,0x6329,0x6329,0x6b8b,0x73cc,0x73cb,0x73cb,0x6bab,0x73cb,0x73cb,0x73cb,0x6bab,0x6b8a,0x73ab,0x4246,0x52c8,0x73cc,0x6b6b,
0x636b,0x632a,0x634b,0x5b0a,0x52a9,0x52a9,0x4a47,0x4227,0x31a5,0x4a68,0x4a89,0x2985,0x10a2,0x10c3,0x10a3,0x1082,0x10a3,0x10a3,0x2104,0x2125,0x18e3,0x10a3,0x10a3,0x10a3,
0x0882,0x10a3,0x10a3,0x10a3,0x10a3,0x10c3,0x08a2,0x10c3,0x10e3,0x1924,0x2165,0x10e3,0x1924,0x2164,0x29a5,0x1923,0x0040,0x08a1,0x0081,0x08a1,0x08c1,0x0080,0x08c1,0x08c1,
0x08c1,0x1102,0x1103,0x1944,0x0881,0x0081,0x08c2,0x10e3,0x10e3,0x08c2,0x1103,0x2164,0x1123,0x08e2,0x10e2,0x08c2,0x08c2,0x10e2,0x0081,0x10e3,0x1924,0x1123,0x08c1,0x08a1,
0x10e2,0x1102,0x10e2,0x08a2,0x08a3,0x0882,0x0021,0x10a3,0x1924,0x0862,0x08a3,0x0082,0x10e3,0x1104,0x10e3,0x08a3,0x10e4,0x636d,0x634d,0x6b8e,0x8cb2,0x7c30,0x530b,0x0061,
};
const uint16_t art_tavern[28800] = {
0x20a4,0x3104,0x51a6,0x59a6,0x4965,0x5186,0x59a6,0x51a6,0x59a6,0x5165,0x5165,0x4944,0x30e3,0x28c3,0x3904,0x4124,0x4124,0x4104,0x4124,0x4125,0x3904,0x30e4,0x20a4,0x20a4,
0x20a4,0x20a4,0x20a4,0x20a4,0x20a4,0x20a4,0x20a4,0x20a4,0x20a4,0x20a4,0x20a4,0x20a4,0x20a4,0x20a4,0x20a4,0x20a4,0x1883,0x18a3,0x18a3,0x18a3,0x18a3,0x1883,0x1883,0x20a3,
0x10a3,0x1083,0x20a4,0x38e4,0x30e4,0x30e4,0x30e4,0x30e4,0x30e4,0x30e4,0x30e4,0x30e4,0x30e4,0x38e4,0x30e4,0x7a47,0xb369,0x9a88,0x9267,0x9288,0x9267,0xa2a8,0xb308,0x8246,
0x6185,0x69a5,0x69a6,0x5945,0x5124,0x5124,0x38e4,0x38e4,0x30e4,0x30e4,0x30e4,0x30e4,0x30c4,0x3905,0x4146,0x3905,0x4125,0x4125,0x4125,0x30e4,0x30c4,0x30e4,0x30e4,0x30e4,
0x30e4,0x30e4,0x30e4,0x30e4,0x30e4,0x30e4,0x30e4,0x38e4,0x38e4,0x38e4,0x38e4,0x30e4,0x30e4,0x38e4,0x30e4,0x38e4,0x28c3,0x28c3,0x38e4,0x30c4,0x30c4,0x30e4,0x30e4,0x20c3,
0x10a3,0x20c4,0x28c4,0x20c4,0x20c4,0x20c4,0x28c4,0x18a3,0x28c4,0x38e4,0x38e4,0x38e4,0x30e4,0x38e4,0x38e4,0x38e4,0x38e4,0x30e4,0x30e4,0x30e4,0x30e4,0x30e4,0x30e4,0x38e4,
0x28c4,0x28c4,0x28c4,0x28c4,0x28c4,0x28c4,0x18a3,0x30e4,0x38e4,0x38e4,0x38e4,0x38e4,0x38e4,0x38e4,0x38e4,0x38e4,0x38e4,0x38e4,0x38e4,0x38e4,0x30c4,0x4104,0x6984,0x69c6,
0x69e7,0x61e7,0x5186,0x7207,0x9a87,0x9a46,0x9226,0x9a46,0x9226,0x9a46,0x9226,0x71a5,0x4104,0x30e4,0x38e4,0x38e4,0x38e4,0x38e4,0x38e4,0x38e4,0x30e4,0x30e4,0x30e4,0x30e4,
0x30e4,0x30e4,0x30e4,0x30e4,0x30e4,0x30e4,0x30e4,0x30c4,0x30c4,0x30c4,0x30e4,0x30e4,0x30c4,0x30c4,0x30e4,0x30e4,0x38e4,0x30e4,0x30c4,0x3905,0x4166,0x38e4,0x30e4,0x30e4,
0x38e4,0x30e4,0x30c3,0x30e3,0x4124,0x5165,0x5165,0x4965,0x5165,0x5165,0x5165,0x4124,0x30e3,0x38e4,0x4125,0x4125,0x4124,0x4124,0x4124,0x4124,0x4124,0x4125,0x4124,0x4945,
0x18a3,0x18a4,0x2925,0x4145,0x59c6,0x59a6,0x59a6,0x51a6,0x4965,0x4965,0x4965,0x5165,0x5165,0x4124,0x3904,0x4124,0x4124,0x4124,0x4124,0x4124,0x4124,0x4925,0x4925,0x28c4,
0x30e4,0x3925,0x3925,0x3904,0x3904,0x3904,0x3904,0x3904,0x3904,0x3904,0x3904,0x3904,0x3904,0x3904,0x3904,0x3904,0x3904,0x3904,0x3904,0x3904,0x3104,0x3904,0x3924,0x3904,
0x3925,0x3904,0x4124,0x4124,0x4124,0x4124,0x4125,0x4125,0x4124,0x4104,0x3904,0x38e4,0x38e4,0x38e4,0x38e4,0x28a4,0x59a5,0xa2e8,0x9aa8,0x9267,0x9a88,0x9268,0xa287,0xbb28,
0x9287,0x6185,0x69a5,0x69a6,0x5965,0x5124,0x4924,0x38e4,0x3904,0x38e4,0x3904,0x3904,0x3925,0x4166,0x4145,0x4986,0x4145,0x4145,0x4125,0x3925,0x4125,0x4125,0x3925,0x3925,
0x4125,0x4125,0x3925,0x3925,0x3905,0x4105,0x3905,0x3905,0x38e4,0x30c4,0x30c4,0x30c4,0x30c4,0x30c4,0x28c4,0x30c4,0x28c3,0x38e4,0x4925,0x4124,0x4124,0x4124,0x4925,0x28e4,
0x20c3,0x4124,0x4124,0x4124,0x4124,0x4124,0x4124,0x20c4,0x28c4,0x30e4,0x30c4,0x30e4,0x30c4,0x30c4,0x30c4,0x30c4,0x38e4,0x38e4,0x38e4,0x38e4,0x38e4,0x3904,0x3904,0x3904,
0x28c4,0x28c4,0x28c4,0x28c4,0x28c4,0x28c4,0x18a3,0x30c4,0x30e4,0x30e4,0x30e4,0x30e4,0x30e4,0x30e4,0x30e4,0x30e4,0x30e4,0x30c4,0x30e4,0x30c4,0x3905,0x69e6,0x69a5,0x6207,
0x59c6,0x5185,0x7a27,0x9a46,0x9246,0x9226,0x9226,0x9226,0x9a66,0x8205,0x4924,0x30c4,0x30e4,0x38e4,0x38e4,0x38e4,0x38e4,0x38e4,0x38e4,0x38e4,0x38e4,0x38e4,0x38e4,0x38e4,
0x38e4,0x38e4,0x38e4,0x38e4,0x38e4,0x4104,0x4125,0x4124,0x4124,0x4124,0x4124,0x4924,0x4904,0x4924,0x4924,0x3904,0x38e4,0x38e4,0x3904,0x3904,0x4145,0x3904,0x40e4,0x38e4,
0x30e4,0x4104,0x4924,0x5165,0x5165,0x4965,0x5165,0x5165,0x4965,0x4124,0x30e3,0x38e4,0x4104,0x4125,0x4104,0x4124,0x4124,0x4104,0x4124,0x4124,0x4925,0x4104,0x20a3,0x2104,
0x20c4,0x20c3,0x28e4,0x2905,0x3945,0x4986,0x5186,0x5165,0x5165,0x5165,0x4965,0x5165,0x4965,0x5165,0x5165,0x4965,0x4945,0x4124,0x4104,0x4124,0x4124,0x4124,0x4125,0x4924,
0x4104,0x4124,0x4945,0x5165,0x5165,0x5165,0x5165,0x5165,0x5165,0x5165,0x5165,0x5165,0x5165,0x5165,0x5165,0x5165,0x5165,0x5165,0x5165,0x5165,0x5165,0x5165,0x5165,0x5165,
0x5165,0x5165,0x5165,0x4965,0x5165,0x5165,0x4965,0x5165,0x5165,0x5165,0x4965,0x4965,0x4965,0x4945,0x4945,0x4945,0x4124,0x4945,0x8267,0xa2a8,0x9267,0x9268,0x9267,0x9a47,
0xb2e7,0x9aa7,0x6185,0x69a5,0x69a6,0x5965,0x5124,0x5124,0x5186,0x69e6,0x7207,0x71e6,0x71e6,0x7a47,0x7a07,0x7a27,0x8247,0x71e6,0x7a06,0x7a06,0x7a06,0x7a06,0x7a06,0x7a06,
0x71e6,0x71e6,0x71e6,0x71e6,0x71e6,0x71e7,0x69e7,0x69e6,0x61c6,0x5165,0x61a6,0x61a6,0x4925,0x6165,0x6185,0x6185,0x69a5,0x5164,0x6985,0x6185,0x6185,0x6185,0x6185,0x28e4,
0x20c3,0x4924,0x5144,0x5144,0x5144,0x5144,0x4924,0x28e3,0x4124,0x4924,0x4924,0x4104,0x5124,0x6165,0x6165,0x5144,0x9a46,0xaa66,0x81e5,0x79c5,0x71a5,0x71c5,0x79c5,0x81e5,
0x5964,0x20c4,0x28c4,0x28c4,0x28c4,0x28c4,0x20c3,0x4924,0x5944,0x5944,0x5944,0x5944,0x5964,0x5944,0x5944,0x5944,0x5964,0x6164,0x5124,0x28c3,0x61a5,0x7228,0x6a07,0x61c6,
0x61e7,0x8226,0xa2a7,0x9246,0x9a46,0x9a46,0x9a46,0x9a46,0x6184,0x5964,0x6184,0x6985,0x6984,0x69a5,0x69a5,0x69a5,0x69a5,0x69a5,0x69a5,0x69a5,0x69a5,0x69a5,0x69a5,0x69a5,
0x69a5,0x69a5,0x69a5,0x6985,0x6184,0x4924,0x4124,0x4924,0x4924,0x4924,0x4944,0x5144,0x5144,0x5144,0x5144,0x4945,0x4125,0x4145,0x4965,0x4965,0x4145,0x4924,0x40e4,0x4904,
0x5145,0x5165,0x5165,0x4965,0x4965,0x5165,0x4965,0x4124,0x4103,0x4103,0x3904,0x4925,0x4945,0x4924,0x4924,0x4124,0x4124,0x4924,0x4924,0x3904,0x30e4,0x28c4,0x20a3,0x20c4,
0x18a3,0x18a3,0x18a3,0x2905,0x18c4,0x1083,0x18a3,0x28c4,0x4124,0x5165,0x5165,0x5165,0x4965,0x4965,0x4965,0x5165,0x5165,0x4945,0x4944,0x4124,0x4104,0x4124,0x4124,0x4124,
0x4925,0x4904,0x28c3,0x28c3,0x30e3,0x30e4,0x30e4,0x30e4,0x30e4,0x30e4,0x30e4,0x30e4,0x30e4,0x30e4,0x30e4,0x30e4,0x30e4,0x30e4,0x30e4,0x30e4,0x30e4,0x30e4,0x30c3,0x30c3,
0x28c3,0x28c3,0x28c3,0x30e4,0x20c3,0x28c2,0x3904,0x3904,0x3904,0x3904,0x3904,0x3904,0x3904,0x4104,0x4104,0x4104,0x4124,0x3904,0x38e4,0x7a26,0xa2a8,0x9268,0x9268,0x9268,
0x9247,0xb2c7,0xa2e7,0x69a5,0x6185,0x69a6,0x5965,0x5124,0x4924,0x4945,0x5186,0x5166,0x4945,0x4945,0x4966,0x4965,0x4104,0x4104,0x4104,0x4104,0x4104,0x4104,0x4104,0x4104,
0x4104,0x4104,0x4104,0x4104,0x4104,0x3904,0x3904,0x3904,0x38e4,0x69e6,0xa329,0x9309,0x7a06,0xaa66,0xaa86,0xb2a6,0xaa66,0x38e3,0x3904,0x3904,0x3904,0x4104,0x30e3,0x1083,
0x1083,0x20c3,0x30e4,0x30e4,0x30e4,0x28e4,0x28c4,0x20c3,0x81c5,0x9a05,0x9a05,0x79a5,0x81c5,0xa225,0xa225,0x71a5,0x6185,0x71c5,0x71c5,0x6185,0x4124,0x4124,0x4944,0x5145,
0x4124,0x20a3,0x28a3,0x20a3,0x2083,0x28a3,0x28c3,0x3904,0x4124,0x4124,0x4124,0x4124,0x4124,0x4124,0x4104,0x4124,0x4924,0x4924,0x4124,0x61c6,0x71e6,0x6a07,0x6a07,0x61e7,
0x8a46,0xa2a7,0x9a66,0x9a66,0x9a66,0xa266,0x9a66,0x6185,0x30e4,0x3904,0x3904,0x3904,0x3904,0x4104,0x4104,0x4124,0x4104,0x4104,0x4104,0x4104,0x4104,0x4104,0x3904,0x1882,
0x30e4,0x38e4,0x38e4,0x30e4,0x30e4,0x30c4,0x30c4,0x30c4,0x30c4,0x30c4,0x30c4,0x30c4,0x30c4,0x30c4,0x30c4,0x30e4,0x30e4,0x30e4,0x30e4,0x30e4,0x30c4,0x30c3,0x30e3,0x5145,
0x5165,0x4965,0x5165,0x5165,0x5165,0x4124,0x3903,0x4923,0x4924,0x4125,0x5144,0x6984,0x71a4,0x6984,0x71a4,0x71a4,0x6984,0x4944,0x28c4,0x18a3,0x10a3,0x18a3,0x18a3,0x18a3,
0x18a3,0x18a3,0x1883,0x20e4,0x20c4,0x18a3,0x18a3,0x1083,0x18a3,0x28c4,0x4125,0x5165,0x5165,0x5165,0x5165,0x5165,0x5165,0x5165,0x5165,0x4965,0x4945,0x4124,0x4104,0x4124,
0x4124,0x4125,0x4925,0x5124,0x4104,0x30e4,0x30e4,0x38e4,0x38e4,0x38e4,0x38e4,0x38e4,0x38e4,0x38e4,0x38e4,0x38e4,0x38e4,0x38e4,0x38e4,0x38e4,0x38e4,0x38e4,0x38e4,0x38e4,
0x38e4,0x38e4,0x38e4,0x38e4,0x20a3,0x30e3,0x4925,0x4124,0x4124,0x4124,0x4124,0x4124,0x4124,0x4124,0x4124,0x4124,0x4124,0x4124,0x4125,0x3904,0x61c6,0x9ac8,0x9a88,0x9267,
0x9288,0x9247,0xaac7,0xab27,0x69c6,0x6185,0x69a5,0x5944,0x5124,0x4104,0x3925,0x3905,0x4146,0x4146,0x3905,0x30e4,0x30e4,0x30e4,0x30e4,0x30e4,0x30e4,0x30e4,0x30e4,0x30e4,
0x30e4,0x30e4,0x30e4,0x30e4,0x30e4,0x30e4,0x30e4,0x38e4,0x30c4,0x4945,0x92e9,0x92e9,0x8288,0xa246,0xa246,0xa246,0xa246,0x4103,0x4105,0x4125,0x4125,0x4125,0x4925,0x20c3,
0x18a3,0x4925,0x4125,0x4925,0x4925,0x4925,0x4925,0x3104,0x81c5,0x9a05,0x9a05,0x71a5,0x81c5,0x9205,0x9205,0x5145,0x38e4,0x3904,0x3904,0x3904,0x4104,0x4104,0x4104,0x4104,
0x4104,0x3904,0x38e4,0x38e4,0x30e4,0x3904,0x3904,0x4124,0x4125,0x4125,0x4125,0x4125,0x4125,0x4125,0x4125,0x4125,0x4125,0x3904,0x5985,0x71e6,0x69e7,0x6a07,0x59a5,0x9287,
0xa2a7,0x9a66,0x9a66,0xa266,0xa286,0x9a46,0x5965,0x3904,0x4925,0x4125,0x4125,0x4125,0x4125,0x4125,0x4125,0x4125,0x4125,0x4125,0x4125,0x4125,0x4125,0x4125,0x4104,0x18a2,
0x30e4,0x38e4,0x38e4,0x38e4,0x38e4,0x38e4,0x38e4,0x38e4,0x38e4,0x38e4,0x38e4,0x38e4,0x38e4,0x38e4,0x38e4,0x38e4,0x38e4,0x38e4,0x30e4,0x38e4,0x5144,0x5965,0x5165,0x5165,
0x4965,0x5165,0x5165,0x4144,0x3903,0x4123,0x5144,0x4925,0x4104,0x5144,0x71a4,0x69a4,0x71a4,0x71a4,0x6984,0x4924,0x28c4,0x1083,0x1083,0x18a3,0x18a3,0x18a3,0x18a3,0x18a3,
0x18a3,0x1083,0x1083,0x1883,0x1883,0x1083,0x1083,0x1883,0x1883,0x1083,0x1083,0x20c4,0x3904,0x4945,0x5165,0x4965,0x4965,0x4965,0x5165,0x5165,0x5165,0x4965,0x4925,0x4124,
0x4124,0x4124,0x4104,0x4924,0x5125,0x4924,0x38e4,0x30e4,0x30e4,0x30c4,0x30c4,0x30e4,0x30e4,0x30e4,0x30c4,0x30c4,0x30e4,0x30e4,0x30c4,0x30c4,0x30c4,0x30c4,0x30c4,0x30c4,
0x30c4,0x30c4,0x30c4,0x38e4,0x2082,0x30e3,0x4125,0x4104,0x4104,0x4104,0x4104,0x4124,0x4104,0x4104,0x4104,0x4104,0x4104,0x4104,0x4124,0x4124,0x38e4,0x5185,0x92a8,0x9a88,
0x9267,0x9288,0x9247,0xaac7,0xb327,0x71c6,0x6185,0x69a5,0x5965,0x5124,0x4945,0x4146,0x3904,0x30e4,0x38e4,0x30e4,0x30e4,0x30e4,0x30e4,0x30e4,0x30e4,0x30e4,0x30e4,0x30e4,
0x30e4,0x30e4,0x30e4,0x30e4,0x30e4,0x30e4,0x30e4,0x30e4,0x30e4,0x38e4,0x8288,0x9b09,0x92e9,0xa266,0xa246,0xa266,0xa266,0x4124,0x38e4,0x3904,0x3904,0x3904,0x4104,0x28c3,
0x20c3,0x4124,0x3904,0x3904,0x3904,0x3904,0x3904,0x4104,0x91e5,0x9205,0x9a05,0x79a5,0x89e5,0x9a05,0x81c5,0x4104,0x4124,0x4124,0x4124,0x4124,0x4124,0x4124,0x4124,0x4124,
0x4104,0x4124,0x4125,0x4124,0x4124,0x4124,0x4124,0x4124,0x4124,0x4124,0x4124,0x4104,0x4104,0x4104,0x4104,0x4124,0x3904,0x59a6,0x7a48,0x7207,0x61c6,0x6a07,0x9aa7,0xaac7,
0xa286,0xa286,0xa286,0xa286,0x8206,0x4125,0x3904,0x4104,0x4104,0x4104,0x4104,0x4104,0x4104,0x4104,0x4104,0x4104,0x4104,0x4104,0x4104,0x4124,0x4124,0x4125,0x3904,0x20a3,
0x30e4,0x30c4,0x30c4,0x30c4,0x30c4,0x30c4,0x30c4,0x30c4,0x30c4,0x30c4,0x30c4,0x30c4,0x30c4,0x30e4,0x30e4,0x38e4,0x30e4,0x30e4,0x5124,0x6185,0x5985,0x4965,0x5165,0x5165,
0x4965,0x5165,0x5965,0x4924,0x4924,0x4925,0x3905,0x4124,0x6164,0x71a4,0x71a4,0x71a4,0x5964,0x3904,0x20a3,0x1083,0x1083,0x18a3,0x18a3,0x18a3,0x1883,0x1083,0x1083,0x18a3,
0x3125,0x3946,0x3946,0x3946,0x3946,0x3946,0x3946,0x3946,0x3966,0x3966,0x3966,0x3946,0x3146,0x3946,0x4966,0x5165,0x5165,0x5165,0x5165,0x4965,0x5165,0x5165,0x5165,0x4945,
0x4125,0x4124,0x4124,0x4125,0x4124,0x4925,0x5125,0x4104,0x3925,0x4965,0x4945,0x4945,0x4145,0x4145,0x4145,0x4145,0x4145,0x4145,0x4145,0x4145,0x4145,0x4145,0x4145,0x4145,
0x4145,0x4145,0x4145,0x4145,0x3924,0x4145,0x5165,0x5144,0x5144,0x5144,0x5144,0x5144,0x5144,0x5144,0x5144,0x5144,0x5144,0x5144,0x5144,0x5144,0x5144,0x5124,0x5985,0x92a7,
0x9aa8,0x9267,0x9288,0x9267,0xaaa7,0xb307,0x71e6,0x6185,0x69a6,0x6165,0x5124,0x4966,0x4125,0x4925,0x4925,0x4925,0x4925,0x4925,0x4925,0x4925,0x4925,0x4925,0x4925,0x4125,
0x4125,0x4125,0x4104,0x4104,0x4104,0x4104,0x4104,0x4104,0x4104,0x38e4,0x69e6,0x9b09,0x92e9,0xa286,0xa246,0xa266,0xaa66,0x5144,0x5165,0x61a6,0x61a6,0x61a6,0x69a6,0x3924,
0x20a3,0x5965,0x61a6,0x61a6,0x61a6,0x61a6,0x61a6,0x4944,0x89e5,0x9205,0x9205,0x89e5,0x91e5,0x9a05,0x6985,0x4104,0x4124,0x4124,0x4925,0x4925,0x4925,0x4125,0x4925,0x4925,
0x4925,0x4925,0x4925,0x4925,0x4124,0x4924,0x4925,0x4924,0x4924,0x4924,0x4924,0x4924,0x4924,0x4925,0x4925,0x4104,0x5165,0x7207,0x7a27,0x6a07,0x7227,0x9aa7,0xaac6,0xa286,
0xa286,0xa2a6,0xb2c6,0x8a05,0x5144,0x5944,0x6164,0x5944,0x5944,0x5144,0x4924,0x4924,0x4925,0x4924,0x5144,0x4925,0x4924,0x4925,0x4925,0x4925,0x4124,0x4925,0x4104,0x1882,
0x4104,0x4105,0x4125,0x4125,0x4125,0x4925,0x4925,0x4925,0x4125,0x4125,0x4925,0x4125,0x4105,0x4104,0x38e4,0x30c4,0x4924,0x6185,0x5985,0x4965,0x4965,0x5165,0x4965,0x4965,
0x5965,0x5965,0x5144,0x4925,0x4105,0x4104,0x4944,0x6984,0x71a4,0x71a5,0x6184,0x5145,0x3925,0x3905,0x3925,0x4125,0x4125,0x3925,0x3905,0x3905,0x3905,0x3105,0x28e4,0x3125,
0x28e3,0x3125,0x3945,0x3945,0x3945,0x4145,0x4145,0x4145,0x3945,0x3945,0x3925,0x3104,0x3104,0x2904,0x28e4,0x30e4,0x3104,0x4145,0x5165,0x5165,0x5165,0x4965,0x5165,0x5165,
0x5165,0x4945,0x4924,0x4924,0x4104,0x4104,0x5145,0x6965,0x5965,0x59a6,0x7a06,0x8246,0x8246,0x8a47,0x8a46,0x8a46,0x8a46,0x8246,0x8246,0x8246,0x8246,0x8246,0x8246,0x8246,
0x8246,0x8246,0x8246,0x8246,0x8a46,0x8247,0x8a26,0x9225,0x9225,0x9225,0x9225,0x9225,0x9245,0x9225,0x9225,0x8a05,0x8a05,0x8a25,0x9225,0x9225,0x9225,0x9225,0x8a05,0x71c5,
0x8a87,0xa2c8,0x9267,0x9268,0x9267,0xa2a7,0xaac7,0x79e6,0x6185,0x69a6,0x5965,0x5145,0x5145,0x8206,0x8a26,0x8a26,0x8a26,0x8a26,0x8a26,0x8a26,0x8a26,0x8a26,0x8a26,0x8a26,
0x8a26,0x8a26,0x8a26,0x9226,0x9246,0x9246,0x9a46,0x9a66,0x9246,0x9226,0x71e6,0x92c9,0x92e9,0xa287,0xa246,0xa266,0xaa66,0x5164,0x71e5,0x9266,0x9a67,0x9a67,0x8a46,0x3104,
0x28e4,0x71c5,0x71c5,0x79e5,0x81e5,0x8205,0x71c5,0x30e3,0x89e5,0x9205,0x9205,0x9205,0x9205,0x89e5,0x5964,0x8226,0x8a46,0x8a46,0x7a05,0x61a4,0x69a5,0x69a5,0x71a5,0x71c5,
0x71c5,0x71c5,0x71a5,0x69a5,0x6185,0x5964,0x5944,0x6164,0x6185,0x6985,0x6985,0x6164,0x5964,0x5944,0x38e3,0x4964,0x8227,0x69a6,0x7227,0x7207,0x9287,0xbae7,0xb2c6,0xb2c6,
0xb2c6,0xaaa6,0x8225,0x79c5,0x81e5,0x89e5,0x81e5,0x81e5,0x81c5,0x81e5,0x81e5,0x79c5,0x71a5,0x71a5,0x71a5,0x71a5,0x71c5,0x71e6,0x71e6,0x69c6,0x69c6,0x69c6,0x69c6,0x69c6,
0x71e6,0x7206,0x7a06,0x7a06,0x7a06,0x7206,0x7206,0x7206,0x7206,0x71e6,0x69e6,0x69c6,0x69c6,0x61a6,0x6185,0x6165,0x6185,0x5165,0x4965,0x5165,0x4965,0x4965,0x5165,0x5965,
0x5144,0x4124,0x3904,0x4104,0x4944,0x6164,0x71a4,0x71a4,0x5964,0x3903,0x3925,0x4165,0x4165,0x4145,0x3925,0x3904,0x3904,0x3904,0x3904,0x3924,0x3924,0x3104,0x3104,0x3125,
0x20a3,0x18a3,0x20a3,0x20a3,0x20a3,0x20a3,0x20a3,0x20a3,0x20a3,0x20a3,0x20a3,0x20a3,0x18a3,0x20a3,0x20a3,0x20a3,0x20a4,0x20a4,0x30e4,0x4945,0x5165,0x5165,0x5165,0x4965,
0x5165,0x5165,0x5165,0x5165,0x4945,0x5945,0x6965,0x6165,0x6165,0x6145,0x5965,0x61c6,0x5985,0x61c6,0x61a5,0x5985,0x5985,0x5985,0x5985,0x5985,0x5965,0x5965,0x5985,0x5985,
0x5985,0x5985,0x5985,0x5985,0x5985,0x5985,0x5985,0x5985,0x5985,0x5985,0x5985,0x5985,0x5985,0x5985,0x5985,0x5985,0x5985,0x5985,0x5985,0x5985,0x5985,0x5985,0x5985,0x5165,
0x4945,0x7a46,0xa2c8,0x9a88,0x9267,0x9268,0xa287,0xb2e7,0x8a46,0x6185,0x69a5,0x5945,0x5124,0x4924,0x4924,0x4924,0x4944,0x4944,0x4944,0x4944,0x4925,0x4925,0x4925,0x4925,
0x4924,0x4924,0x4924,0x4925,0x4945,0x4944,0x4945,0x4945,0x4945,0x4944,0x4124,0x8288,0x9b09,0x9aa8,0xa246,0xa246,0xaa66,0x5144,0x30e4,0x4124,0x4124,0x4124,0x4104,0x18a3,
0x18a3,0x30e4,0x30c4,0x30e4,0x30e4,0x38e4,0x28c4,0x20a2,0x91e5,0x9205,0x9205,0x9205,0x9a05,0x81c4,0x30e3,0x4124,0x4924,0x4944,0x4124,0x3904,0x4104,0x4104,0x4104,0x4104,
0x4104,0x4104,0x4104,0x4104,0x4104,0x4104,0x4104,0x4104,0x4124,0x4124,0x4104,0x4104,0x4104,0x3904,0x4124,0x8227,0x71c6,0x6185,0x7207,0xa2a7,0xb2a6,0xb2a6,0xb2a6,0xb2a6,
0xb2a6,0x69c5,0x4945,0x5165,0x4965,0x5165,0x5165,0x5165,0x5165,0x5165,0x5165,0x4965,0x4965,0x4965,0x4965,0x4965,0x4965,0x4965,0x4965,0x4965,0x4965,0x4965,0x4965,0x5165,
0x4965,0x4965,0x4945,0x4945,0x4945,0x4945,0x4945,0x4945,0x4945,0x4945,0x4945,0x4965,0x4945,0x6185,0x6985,0x5165,0x4945,0x4965,0x4965,0x4965,0x5165,0x6185,0x5964,0x4124,
0x4104,0x4924,0x5964,0x6984,0x71a4,0x71a4,0x5964,0x4124,0x28c4,0x20a3,0x28c4,0x28c4,0x28c4,0x28c4,0x28c4,0x28c4,0x28c4,0x28c4,0x28c4,0x28c4,0x28c4,0x28c4,0x20a3,0x28e4,
0x20c4,0x20a4,0x20a4,0x20a4,0x20a4,0x20a4,0x20a4,0x20a4,0x20a4,0x20a4,0x20a4,0x20a4,0x20a4,0x20c4,0x20a4,0x20a4,0x20a4,0x20a4,0x20a4,0x20a4,0x28c4,0x3924,0x4945,0x5165,
0x5165,0x4965,0x5165,0x4965,0x5165,0x5965,0x6165,0x6165,0x6165,0x6165,0x6145,0x6186,0x4966,0x4145,0x4145,0x4145,0x4945,0x4945,0x4124,0x4945,0x4945,0x4945,0x4945,0x4945,
0x4145,0x4145,0x4124,0x4145,0x4124,0x4144,0x4144,0x4124,0x4125,0x4125,0x4125,0x4125,0x4125,0x4125,0x4125,0x4145,0x4144,0x4124,0x4145,0x4125,0x4125,0x4145,0x4945,0x4945,
0x4944,0x4124,0x59a5,0x92a7,0x9a88,0x9267,0x9268,0x9a87,0xb307,0x9267,0x6185,0x69a5,0x5965,0x5124,0x4124,0x4104,0x4104,0x4124,0x4105,0x4104,0x4104,0x4104,0x4104,0x4104,
0x4104,0x4104,0x4104,0x4104,0x4104,0x4104,0x4104,0x4104,0x4104,0x4124,0x3904,0x69e6,0x9b09,0x92c8,0xa266,0xa246,0xaa66,0x6984,0x3904,0x4104,0x3904,0x4104,0x4105,0x20c4,
0x20a3,0x38e4,0x38e4,0x38e4,0x38e4,0x38e4,0x28c4,0x28c3,0x9205,0x9205,0x9205,0x91e5,0x9a05,0x6164,0x3904,0x4125,0x4104,0x4104,0x4104,0x4125,0x4124,0x4104,0x4124,0x4124,
0x4124,0x4125,0x4125,0x4125,0x4124,0x4124,0x4124,0x4104,0x4104,0x4104,0x4104,0x4125,0x4104,0x5165,0x7a06,0x71c6,0x61a6,0x6985,0x9a26,0xaa87,0xa246,0x9a46,0xa246,0xa246,
0x6185,0x4945,0x5165,0x4965,0x4965,0x5165,0x5165,0x5165,0x5165,0x4965,0x5165,0x5165,0x5165,0x5165,0x5165,0x5165,0x5165,0x5165,0x4965,0x4965,0x5165,0x4965,0x4965,0x4965,
0x5165,0x5165,0x5165,0x5165,0x4965,0x4965,0x4965,0x4965,0x5165,0x5165,0x5165,0x4104,0x5144,0x71a5,0x5985,0x6185,0x5985,0x5985,0x6185,0x6185,0x5964,0x4924,0x4924,0x5144,
0x6984,0x71a4,0x71a4,0x6984,0x5144,0x3904,0x28c4,0x20c4,0x28c4,0x28c4,0x28c4,0x28c4,0x28c4,0x28c4,0x28c4,0x28c4,0x28c4,0x28c4,0x28c4,0x28c4,0x28c4,0x28c4,0x28c4,0x28c4,
0x28e4,0x30e4,0x30e4,0x30e4,0x30e4,0x30e4,0x3104,0x3104,0x3104,0x3104,0x30e4,0x30e4,0x30e4,0x30e4,0x3104,0x3104,0x30e4,0x30e4,0x30e4,0x30e4,0x28e4,0x28e4,0x28e3,0x30e3,
0x4945,0x5165,0x5165,0x5165,0x4965,0x5165,0x5965,0x6165,0x6145,0x6145,0x6165,0x6986,0x4145,0x4146,0x4946,0x5165,0x3924,0x6185,0x69a5,0x69a5,0x69a5,0x69a5,0x69a5,0x69a5,
0x69a5,0x69c5,0x69a5,0x71a5,0x71a5,0x71a5,0x69a5,0x69a5,0x69a5,0x69a5,0x69a5,0x69a5,0x69a5,0x69a5,0x69a5,0x69a5,0x69a5,0x69a5,0x69a5,0x69a5,0x69a5,0x69a5,0x61a5,0x61a5,
0x61a5,0x61a6,0x6185,0x69c6,0x9aa8,0x9aa8,0x9268,0x9267,0x9a87,0xb308,0x9aa7,0x69a5,0x69a5,0x5945,0x5124,0x4124,0x4104,0x4104,0x4124,0x4124,0x4104,0x4104,0x4124,0x4124,
0x4124,0x4124,0x4124,0x4124,0x4124,0x4124,0x4124,0x4124,0x4104,0x4124,0x4104,0x4125,0x8ac8,0x92e9,0xa286,0xa246,0xaa86,0x71a4,0x4124,0x6185,0x5965,0x6185,0x5965,0x3904,
0x18c3,0x30e4,0x30e4,0x30e4,0x30e4,0x38e4,0x28c4,0x38e3,0x9a05,0x9205,0x9205,0x9205,0x9a05,0x5124,0x4125,0x4925,0x4945,0x4945,0x4925,0x4925,0x4925,0x4924,0x4925,0x4924,
0x4125,0x4125,0x4124,0x4124,0x4925,0x4925,0x4945,0x4925,0x4925,0x4925,0x4945,0x3904,0x4944,0x7a07,0x71e6,0x69a6,0x71c6,0x9a46,0xaa66,0xaa66,0xa266,0xb286,0xa266,0x6185,
0x4965,0x5165,0x5165,0x5165,0x5165,0x5165,0x5165,0x5165,0x5165,0x5165,0x5165,0x5165,0x5165,0x5165,0x5165,0x5165,0x5165,0x5165,0x5165,0x5165,0x5165,0x5165,0x5165,0x5165,
0x5165,0x5165,0x5165,0x5165,0x5165,0x5165,0x5965,0x5165,0x4965,0x5945,0x30e4,0x28c4,0x6985,0x9a05,0x9a05,0x9205,0x81c5,0x71a5,0x5964,0x5144,0x5144,0x6164,0x69a4,0x71a4,
0x71a4,0x6164,0x5144,0x3904,0x28e4,0x28c4,0x30e4,0x30e4,0x30e4,0x30e4,0x30e4,0x30e4,0x30e4,0x3104,0x3104,0x3104,0x3104,0x30e4,0x30e4,0x30e4,0x30e4,0x30e4,0x30e4,0x3925,
0x28c3,0x28c3,0x30e3,0x30e3,0x30e3,0x30e4,0x30e4,0x30e4,0x30e4,0x30e3,0x30e3,0x30e3,0x30e3,0x30e3,0x30e3,0x30e3,0x30e3,0x30e3,0x30e3,0x30e3,0x30e3,0x30c3,0x28c3,0x1882,
0x20a3,0x3104,0x4945,0x5165,0x5165,0x5165,0x4965,0x5145,0x6185,0x79c5,0x69a6,0x6186,0x38e4,0x3925,0x5166,0x6965,0x5944,0x4924,0x4924,0x5985,0x5165,0x5165,0x5165,0x5965,
0x5985,0x5985,0x5985,0x5985,0x5985,0x5985,0x5985,0x5985,0x5985,0x5985,0x5985,0x5985,0x5985,0x5985,0x5985,0x5985,0x5985,0x5985,0x5985,0x5985,0x5985,0x5985,0x5985,0x5985,
0x5985,0x5985,0x5985,0x5165,0x5165,0x9266,0xb2c7,0x9268,0x9267,0x9267,0xaae8,0x9aa7,0x6185,0x61a6,0x6165,0x4904,0x28c4,0x30e4,0x30e4,0x30e4,0x30e4,0x30e4,0x30e4,0x30e4,
0x30e4,0x30e4,0x30e4,0x30e4,0x30e4,0x30e4,0x30e4,0x30e4,0x30e4,0x30e4,0x30e4,0x28c4,0x7a47,0x9b09,0x9aa7,0xa246,0xaa66,0x81e5,0x3104,0x5186,0x4945,0x4965,0x4124,0x20c4,
0x10a3,0x30c4,0x28c4,0x28c4,0x28c4,0x30c4,0x20a3,0x5944,0x9a05,0x91e5,0x9205,0x9205,0x89e5,0x38e3,0x4104,0x4104,0x3904,0x3904,0x3904,0x3904,0x3904,0x3904,0x3904,0x3904,
0x3904,0x38e4,0x38e4,0x30e4,0x4104,0x4104,0x4924,0x4924,0x4945,0x4924,0x30e3,0x4124,0x7a07,0x79e6,0x69c6,0x71c6,0x9a46,0xaaa6,0xa286,0xa286,0xb2c7,0x9a46,0x6164,0x6164,
0x6164,0x6164,0x6164,0x5964,0x5944,0x5944,0x5944,0x5944,0x5944,0x5944,0x5944,0x5964,0x5944,0x5944,0x5944,0x5944,0x5944,0x5944,0x5964,0x5944,0x5944,0x5944,0x5944,0x5944,
0x5944,0x5944,0x5944,0x5144,0x5144,0x5124,0x4924,0x4104,0x6104,0x7925,0x38e4,0x20c4,0x6164,0x9a05,0x79c5,0x71a5,0x71a5,0x6164,0x6164,0x6984,0x71a4,0x71a4,0x71a4,0x5964,
0x30e4,0x20a3,0x20c3,0x20c3,0x28c3,0x28c3,0x28c3,0x28c3,0x28c3,0x28c3,0x28c3,0x28c3,0x28c3,0x28c3,0x28c3,0x28c3,0x28c3,0x28c3,0x28c3,0x28c3,0x20a3,0x20a3,0x20a3,0x2904,
0x38e4,0x30e4,0x30e4,0x30e4,0x38e4,0x30e4,0x30e4,0x30e4,0x30e4,0x30e4,0x30e4,0x30e4,0x30e4,0x30e4,0x30e4,0x30e4,0x30e4,0x38e4,0x38e4,0x38e4,0x38e4,0x38e4,0x38e4,0x38e4,
0x38e4,0x30e4,0x38e4,0x3904,0x4945,0x4965,0x5165,0x5165,0x4965,0x61a5,0x8227,0x71c6,0x3904,0x3925,0x4925,0x6165,0x6165,0x6965,0x40e3,0x4945,0x5165,0x4965,0x4965,0x4965,
0x4965,0x4965,0x4965,0x4965,0x4965,0x4965,0x4965,0x4965,0x4965,0x4965,0x4965,0x4965,0x4965,0x4965,0x4965,0x4965,0x4965,0x4965,0x4965,0x4965,0x4965,0x4965,0x4965,0x4965,
0x4965,0x4965,0x4965,0x5165,0x4965,0x4945,0x7a05,0xb2e7,0x9aa8,0x9268,0x9267,0xa2a8,0xb2c6,0x71c5,0x5945,0x4924,0x28c4,0x28c4,0x38e4,0x38e4,0x38e4,0x38e4,0x38e4,0x38e4,
0x38e4,0x38e4,0x38e4,0x38e4,0x38e4,0x38e4,0x38e4,0x38e4,0x38e4,0x38e4,0x38e4,0x30c4,0x61c6,0x9b09,0x92c8,0xa246,0xaa66,0x8a05,0x28c3,0x3905,0x4146,0x4146,0x3945,0x2905,
0x4124,0x30c3,0x38e4,0x38e4,0x38e4,0x38e4,0x30c4,0x6984,0x9a05,0x91e5,0x91e5,0x9a05,0x7184,0x28c4,0x38e4,0x30e4,0x30e4,0x30e4,0x30e4,0x30e4,0x30e4,0x30e4,0x30e4,0x30e4,
0x30e4,0x30e4,0x30e4,0x30e4,0x30e4,0x30e4,0x30e4,0x30e4,0x28c4,0x30c4,0x20a3,0x71e6,0x8227,0x71c6,0x8226,0xb2e7,0xb2e7,0xaac7,0xaae7,0xb2c7,0x71c5,0x4104,0x5124,0x5124,
0x5124,0x5124,0x5124,0x5124,0x5124,0x5124,0x5124,0x5124,0x5124,0x5124,0x5124,0x5124,0x5124,0x5124,0x5124,0x5124,0x5124,0x5124,0x5124,0x5124,0x5124,0x5124,0x5124,0x5124,
0x5124,0x5124,0x5124,0x5124,0x5124,0x5145,0x5144,0x6944,0x7104,0x7124,0x4104,0x20c4,0x5144,0x79c5,0x71a5,0x71a4,0x6984,0x6984,0x71a4,0x71a4,0x71a4,0x5144,0x3904,0x28c4,
0x28c4,0x28e4,0x28e4,0x28e4,0x28e4,0x28e4,0x28e4,0x28e4,0x28e4,0x28c4,0x28c4,0x28c4,0x28c4,0x28c4,0x28c4,0x28c4,0x28c4,0x28c4,0x28c4,0x28e4,0x28c4,0x28c4,0x28c4,0x28c4,
0x38e4,0x38c4,0x38c4,0x38c4,0x38c4,0x38e4,0x38e4,0x38e4,0x38c4,0x38c4,0x38c4,0x38c4,0x38c4,0x38c4,0x38c4,0x38c4,0x38c4,0x38c4,0x38c4,0x38c4,0x38c4,0x38c4,0x38c4,0x38c4,
0x38c4,0x38e4,0x38e4,0x30c4,0x30c4,0x38e4,0x4124,0x4965,0x59a6,0x51a6,0x51a6,0x7a47,0x4966,0x3905,0x4104,0x6965,0x6165,0x6965,0x5104,0x4944,0x4945,0x4945,0x4945,0x4965,
0x4965,0x4965,0x4945,0x4945,0x4945,0x4945,0x4945,0x4945,0x4945,0x4945,0x4945,0x4945,0x4945,0x4945,0x4945,0x4945,0x4945,0x4945,0x4945,0x4945,0x4945,0x4945,0x4965,0x4965,
0x4945,0x4965,0x4965,0x4945,0x4945,0x4945,0x4125,0x61a5,0xb2e6,0xb2e7,0x9a88,0x9a88,0xaac8,0xbb07,0x71c5,0x4904,0x28c4,0x20a4,0x28c4,0x30c4,0x30c4,0x30c4,0x30c4,0x30c4,
0x30c4,0x30c4,0x30c4,0x30c4,0x30c4,0x30c4,0x30c4,0x30c4,0x30c4,0x30c4,0x30c4,0x38c4,0x30e3,0x82a8,0xa2e8,0xaa66,0xaa66,0x9a25,0x3104,0x3905,0x30e4,0x4145,0x3905,0x28c4,
0x20c3,0x28c3,0x30c4,0x30c4,0x30c4,0x30c4,0x28c4,0x79a5,0x9a25,0x9205,0x9a05,0x9a05,0x40e3,0x30c4,0x30c4,0x30c4,0x30c4,0x30c4,0x30c4,0x30c4,0x30c4,0x30c4,0x30c4,0x38c4,
0x38c4,0x38c4,0x38c4,0x38c4,0x38c4,0x38c4,0x38c4,0x30c4,0x30e4,0x30e4,0x4925,0x8227,0x79e6,0x79e6,0xb2a6,0xbac6,0xb2a6,0xb2a6,0xbac6,0x71a5,0x40e4,0x5124,0x5124,0x5104,
0x5104,0x5104,0x5124,0x5124,0x5104,0x5124,0x5124,0x5124,0x5124,0x5124,0x5124,0x5104,0x5124,0x5124,0x5124,0x5124,0x5124,0x5124,0x5124,0x5124,0x5124,0x5104,0x5104,0x5104,
0x5104,0x5104,0x5965,0x5965,0x5124,0x5985,0x8185,0x7104,0x7104,0x7124,0x4104,0x20c4,0x4924,0x79c5,0x71a4,0x71a4,0x71a4,0x71a4,0x6984,0x6164,0x38e4,0x20a4,0x28a4,0x28c4,
0x28c4,0x28c4,0x28c4,0x28a3,0x28a3,0x28a3,0x28a3,0x28a3,0x28a3,0x28c4,0x28c4,0x28c4,0x28c4,0x28c4,0x28c4,0x28c4,0x28c4,0x28c4,0x28c4,0x28c4,0x28c4,0x28c4,0x28c4,0x28e4,
0x2946,0x2946,0x2966,0x2966,0x2966,0x2125,0x18e4,0x18e5,0x2946,0x3166,0x3146,0x3146,0x3146,0x3146,0x3146,0x3146,0x3946,0x3146,0x3146,0x3146,0x3146,0x3146,0x3166,0x3166,
0x3166,0x3125,0x3104,0x3105,0x3125,0x38e4,0x30c4,0x4125,0x4145,0x4125,0x4966,0x3904,0x38e4,0x30c4,0x4104,0x6965,0x6165,0x6965,0x5104,0x4145,0x4945,0x4965,0x4965,0x4965,
0x4965,0x4965,0x61c7,0x59c6,0x59c6,0x59c6,0x59c6,0x59c6,0x59a6,0x59c6,0x59c6,0x59e6,0x59e6,0x59e6,0x61e6,0x61e6,0x61e6,0x61e6,0x59e6,0x59c6,0x61e6,0x61e6,0x5165,0x59a6,
0x59c6,0x59c6,0x59c6,0x59a6,0x51a6,0x51a6,0x59c6,0x51a6,0x3923,0x71e4,0x61a5,0x5165,0x5165,0x5185,0x5164,0x3904,0x20c4,0x20c4,0x20a3,0x2104,0x3186,0x3186,0x3186,0x3186,
0x3166,0x3186,0x3186,0x3186,0x3186,0x3186,0x3186,0x3186,0x3186,0x3186,0x3166,0x2945,0x18c3,0x4985,0x7a26,0x81e5,0x8a05,0x71c5,0x4165,0x4165,0x4145,0x4185,0x4985,0x18a3,
0x0083,0x3945,0x4965,0x4165,0x4165,0x4965,0x3924,0x6164,0x81c5,0x81c5,0x89e5,0x6984,0x3104,0x4165,0x4965,0x4965,0x4165,0x4165,0x4165,0x4965,0x4965,0x4985,0x4165,0x3145,
0x3145,0x3145,0x3145,0x3145,0x3145,0x3125,0x2925,0x28c3,0x38e4,0x30c4,0x4925,0x8227,0x71c5,0x79a5,0x79a5,0x79a5,0x7184,0x71a4,0x7207,0x61e7,0x69e7,0x69e7,0x69e7,0x69e7,
0x69e7,0x69e7,0x61a6,0x5165,0x61e6,0x61e6,0x61e6,0x61e6,0x61e6,0x61e6,0x61e6,0x61e6,0x61e6,0x61c6,0x59a6,0x61e6,0x61e6,0x61e6,0x61e6,0x61e6,0x61e6,0x61e6,0x61e6,0x61e6,
0x61e6,0x61c6,0x5985,0x6a08,0x6a08,0x6a07,0x89c6,0x7145,0x7124,0x7104,0x4104,0x28c4,0x3904,0x5144,0x5144,0x5144,0x5144,0x4924,0x38e4,0x2925,0x2946,0x3166,0x3166,0x3166,
0x2945,0x2925,0x2966,0x3186,0x3187,0x3187,0x3187,0x3187,0x2966,0x2105,0x2105,0x2945,0x2945,0x2945,0x2945,0x2945,0x2945,0x2945,0x2945,0x2945,0x2946,0x2945,0x18c3,0x18e4,
0x3209,0x3209,0x3209,0x2a09,0x3209,0x29c8,0x1105,0x1966,0x3209,0x3209,0x3209,0x3209,0x3229,0x3229,0x3229,0x3229,0x3229,0x3229,0x3229,0x3229,0x3209,0x2a09,0x2a09,0x2a09,
0x3209,0x29e8,0x21a7,0x29c8,0x3208,0x4166,0x4125,0x3925,0x4145,0x3904,0x4145,0x38e4,0x38e4,0x30e4,0x4104,0x6965,0x6165,0x6945,0x5945,0x59e7,0x61c7,0x61c7,0x61c7,0x61e7,
0x59a6,0x59c6,0x7a89,0x7a69,0x7a89,0x7a89,0x7a89,0x7a69,0x7248,0x7a88,0x7a88,0x7a88,0x7a88,0x7a88,0x7a88,0x7a88,0x7a88,0x7a88,0x7a88,0x7a88,0x7a88,0x7aa8,0x61e6,0x6a47,
0x7a88,0x7268,0x7268,0x7268,0x7268,0x7268,0x7268,0x7a88,0x6207,0x3904,0x4925,0x3904,0x3904,0x3904,0x4104,0x3904,0x20c4,0x20c4,0x20a3,0x39e8,0x4aab,0x428a,0x428a,0x42ab,
0x3a08,0x3a29,0x3a49,0x3a49,0x3a49,0x3a49,0x3a49,0x3a49,0x3a49,0x3a49,0x3a4a,0x21a7,0x2104,0x6207,0x59e6,0x59e7,0x6227,0x6227,0x6a48,0x7268,0x6a68,0x6a48,0x6207,0x18c3,
0x0883,0x49c6,0x82a9,0x7a88,0x7a88,0x7aa8,0x7a88,0x6a27,0x6a27,0x6a47,0x7247,0x7268,0x7a88,0x7a88,0x7a88,0x7a88,0x7a88,0x7a88,0x7a88,0x7a88,0x7a88,0x7aa8,0x7268,0x39a7,
0x4209,0x4208,0x4208,0x4208,0x4208,0x4208,0x4229,0x3125,0x38c4,0x38e4,0x30e3,0x6164,0x6164,0x6184,0x6164,0x6184,0x6184,0x7227,0x7a89,0x7a89,0x7a69,0x7a89,0x7a89,0x7a89,
0x7a89,0x7a89,0x7248,0x59c6,0x7aa8,0x7a88,0x7a88,0x7a88,0x7a88,0x7a88,0x7a88,0x7a88,0x7aa8,0x7268,0x6a48,0x7aa8,0x7a88,0x7a88,0x7a88,0x7a88,0x7a88,0x7a88,0x7a88,0x7a88,
0x7a88,0x7a88,0x6207,0x7269,0x82ca,0x82a9,0x81c6,0x7125,0x7124,0x7124,0x38e4,0x28c4,0x38e4,0x30c4,0x30c4,0x30c4,0x30c4,0x30e4,0x30c4,0x31a7,0x426a,0x3a49,0x3a49,0x3a49,
0x3a49,0x3209,0x3a4a,0x4aab,0x42ab,0x4aab,0x4aab,0x4aab,0x428b,0x3209,0x3209,0x3a49,0x3a49,0x3a49,0x3a49,0x3a49,0x3a49,0x3a49,0x3a49,0x3a49,0x3a49,0x4249,0x1946,0x1125,
0x3208,0x31e8,0x31e8,0x31e8,0x31e8,0x31e8,0x31e8,0x31e8,0x31e8,0x31e8,0x31e8,0x31e8,0x31e8,0x3208,0x3208,0x3208,0x3208,0x3208,0x3209,0x3209,0x3208,0x3208,0x3208,0x3208,
0x31e8,0x3208,0x31e8,0x3a29,0x3229,0x3946,0x4146,0x3904,0x3925,0x4146,0x3905,0x38e4,0x38e4,0x30e4,0x4104,0x6965,0x6165,0x6945,0x5945,0x51c6,0x61c6,0x61c6,0x61c6,0x61c7,
0x59a6,0x59c6,0x7a69,0x7a69,0x7a69,0x7a69,0x7a69,0x7a69,0x6a48,0x7a88,0x7a88,0x7a88,0x7a88,0x7a88,0x7a88,0x7a88,0x7a88,0x7a88,0x7a88,0x7a88,0x7288,0x7a88,0x6a07,0x6a47,
0x7a88,0x7a88,0x7a88,0x7a88,0x7a88,0x7a88,0x7a88,0x7a88,0x7247,0x5145,0x4945,0x4125,0x4124,0x4125,0x4124,0x4124,0x28c4,0x20c4,0x20a3,0x39e8,0x4aab,0x428a,0x428a,0x4aab,
0x3a08,0x3a09,0x3a29,0x3a29,0x3a29,0x3a29,0x3a29,0x3a29,0x3a29,0x3a29,0x4249,0x2186,0x2945,0x6a27,0x6207,0x6a48,0x6a48,0x7268,0x6a48,0x6a28,0x6a28,0x6a27,0x3104,0x1083,
0x0883,0x18a3,0x6a48,0x7a88,0x7a88,0x7a88,0x7a88,0x7a88,0x7a88,0x7aa8,0x7aa8,0x7a88,0x7a88,0x7a88,0x7a88,0x7a88,0x7a88,0x7a88,0x7a88,0x7a88,0x7a88,0x7a88,0x7a88,0x4186,
0x4208,0x4208,0x4208,0x4208,0x4208,0x4208,0x4209,0x3125,0x30c4,0x38e4,0x30c4,0x28c3,0x30c4,0x30e4,0x30e4,0x30c4,0x5166,0x7a89,0x7a69,0x7a69,0x7a69,0x7a69,0x7a69,0x7a69,
0x7a69,0x7a69,0x7228,0x61e6,0x7a88,0x7268,0x7a88,0x7a88,0x7a88,0x7a88,0x7a88,0x7a88,0x7a88,0x7268,0x6a27,0x7a88,0x7a88,0x7a88,0x7a88,0x7a88,0x7a88,0x7a88,0x7a88,0x7a68,
0x7268,0x7a88,0x6a28,0x7228,0x7a69,0x7a89,0x81a5,0x70e4,0x7104,0x7104,0x38e4,0x28c4,0x38e4,0x38e4,0x38e4,0x38e4,0x38e4,0x38e4,0x38c4,0x31a7,0x3a49,0x3a29,0x3a29,0x3a29,
0x3a29,0x3a29,0x3a49,0x4a8a,0x428a,0x428a,0x428a,0x4a8a,0x428a,0x3209,0x3a29,0x3a29,0x3a29,0x3a29,0x3a29,0x3a29,0x3a29,0x3a29,0x3a29,0x3a29,0x3a29,0x4249,0x1946,0x1105,
0x31e8,0x29e8,0x29e8,0x29e8,0x31e8,0x31e8,0x31e8,0x31e8,0x31e8,0x31e8,0x31e8,0x31e8,0x31e8,0x31e8,0x31e8,0x31e8,0x3208,0x3208,0x3208,0x3208,0x29e8,0x29c8,0x29c8,0x29c8,
0x29c8,0x29c8,0x31e8,0x3229,0x29e8,0x3925,0x3905,0x4146,0x4145,0x38e4,0x38e4,0x38e4,0x38e4,0x30e4,0x4104,0x6965,0x6165,0x6945,0x5125,0x51c6,0x59a6,0x59a6,0x59a6,0x59c6,
0x51a6,0x59a6,0x7269,0x7248,0x7249,0x7249,0x7269,0x7249,0x6a28,0x7268,0x7268,0x7268,0x7268,0x7268,0x7288,0x7268,0x7268,0x7268,0x7268,0x7268,0x7268,0x7a88,0x61e6,0x6a27,
0x7268,0x7268,0x7248,0x7248,0x7248,0x7248,0x7248,0x7268,0x7227,0x5165,0x4945,0x4124,0x4125,0x4125,0x4124,0x4124,0x28c4,0x20c4,0x20a3,0x31c8,0x426a,0x426a,0x426a,0x426a,
0x31e8,0x31e8,0x3a09,0x3a08,0x3a09,0x3a29,0x3a09,0x3a09,0x3a09,0x3a09,0x3a29,0x1966,0x3186,0x6227,0x59e7,0x6228,0x5a07,0x51c6,0x6228,0x51c6,0x51c6,0x3945,0x1063,0x10a3,
0x3965,0x20e4,0x2904,0x7268,0x6a48,0x6a48,0x6a48,0x6a48,0x6a48,0x6227,0x6227,0x6227,0x6227,0x6227,0x6a27,0x6a27,0x6a27,0x6a27,0x6a47,0x6a47,0x6a47,0x6a48,0x6207,0x3966,
0x39e8,0x39e8,0x39c7,0x39c7,0x39e8,0x39e8,0x39e7,0x2904,0x38e4,0x38e4,0x38e4,0x38e4,0x38e4,0x38e4,0x38e4,0x30e4,0x5186,0x7248,0x7228,0x7228,0x6a28,0x6a28,0x7249,0x7249,
0x7249,0x7269,0x6a28,0x59e6,0x7268,0x7268,0x7268,0x7268,0x7268,0x7268,0x7268,0x7268,0x7268,0x6a48,0x6a27,0x7268,0x7268,0x7268,0x7268,0x7268,0x7268,0x7268,0x7268,0x7268,
0x7288,0x7288,0x6a28,0x7269,0x7aaa,0x7228,0x89c5,0x8145,0x7945,0x7925,0x38e4,0x28c3,0x30c4,0x30c4,0x30c4,0x30c4,0x30c3,0x30c4,0x28a3,0x2124,0x3a29,0x3a08,0x3a08,0x3a09,
0x3a09,0x3208,0x3a29,0x426a,0x426a,0x3a4a,0x3a4a,0x3a4a,0x3a49,0x3208,0x3a29,0x3a29,0x3a29,0x3a29,0x3a29,0x3a29,0x3a29,0x3a29,0x3a29,0x3a29,0x3a29,0x3a29,0x21a7,0x21a7,
0x31c8,0x29c8,0x31c8,0x31c8,0x31c8,0x31c8,0x31c8,0x31c8,0x31e8,0x3a29,0x3a49,0x3a49,0x3a49,0x3a49,0x3a49,0x3208,0x31e8,0x31e8,0x31e8,0x3208,0x3a29,0x3209,0x3229,0x3a29,
0x3a29,0x31e8,0x29c8,0x2a09,0x29e8,0x3946,0x3905,0x38e4,0x3904,0x30c4,0x30c4,0x30c4,0x30c4,0x28a4,0x4104,0x6965,0x6165,0x6965,0x5124,0x5185,0x69c6,0x7227,0x7227,0x7227,
0x7227,0x7227,0x7a47,0x7a47,0x7a47,0x6a07,0x7248,0x7a68,0x7a68,0x7a68,0x7248,0x7a68,0x7a68,0x7a68,0x7a68,0x8288,0x7247,0x7a88,0x8268,0x7a47,0x8268,0x7a27,0x7a27,0x7a27,
0x7a27,0x71e6,0x7a27,0x7a27,0x7a27,0x7a27,0x7a27,0x8247,0x61c6,0x38e4,0x4104,0x38e4,0x38e4,0x38e4,0x38e4,0x4104,0x20a3,0x20a4,0x20a3,0x39c8,0x4a8a,0x31c8,0x4249,0x426a,
0x426a,0x426a,0x426a,0x428a,0x3a29,0x31e8,0x3a08,0x31e8,0x31e8,0x3208,0x3a08,0x2187,0x51e8,0x7aca,0x6a48,0x59c6,0x5a27,0x5a27,0x5a07,0x51a6,0x4985,0x0842,0x7a87,0x6226,
0x82a8,0xb3a9,0x3965,0x3966,0x6a48,0x6227,0x6a48,0x6227,0x59e7,0x61c6,0x59c6,0x59c6,0x61c6,0x59c6,0x59c6,0x69e6,0x61e6,0x69e6,0x59a6,0x59a6,0x6a07,0x6a07,0x6a07,0x7227,
0x7247,0x7a68,0x51c6,0x29a7,0x39e8,0x39e8,0x31c7,0x28e4,0x38e4,0x4965,0x4965,0x4965,0x4965,0x4965,0x59a6,0x7268,0x6a27,0x7207,0x7227,0x7227,0x7207,0x6a06,0x69e7,0x8288,
0x8288,0x8288,0x7a88,0x7a88,0x8288,0x8288,0x8288,0x8288,0x8288,0x8288,0x7a88,0x7a88,0x7a88,0x7a68,0x7a88,0x8288,0x8288,0x8288,0x8288,0x8288,0x8288,0x8288,0x7a88,0x82c9,
0x8ae9,0x7aa9,0x6a48,0x82a9,0x8289,0x7a48,0x7a06,0x89c5,0x7184,0x5124,0x4104,0x28e3,0x28e3,0x30e3,0x30e3,0x30e3,0x18a3,0x0863,0x0842,0x2145,0x3a29,0x31e8,0x3208,0x29e8,
0x3208,0x42aa,0x4aab,0x4aab,0x4aab,0x4aaa,0x428a,0x428a,0x428a,0x428a,0x3a49,0x29e8,0x3208,0x3208,0x31e8,0x31e8,0x31e8,0x31e8,0x3208,0x3208,0x3208,0x31e8,0x3208,0x3209,
0x31c7,0x29a7,0x29a7,0x29c7,0x29c7,0x29c7,0x31c8,0x29c7,0x31e8,0x4aab,0x4a8a,0x4a8a,0x4a8a,0x4a8a,0x4aab,0x3a49,0x31e8,0x31e8,0x31e8,0x31e8,0x428a,0x4aab,0x4aab,0x4aab,
0x4aab,0x3a4a,0x29e8,0x49e8,0x4a08,0x49a6,0x51e8,0x4986,0x4986,0x4986,0x4986,0x4166,0x6227,0x7246,0x4905,0x6125,0x6165,0x6945,0x5144,0x6207,0x8247,0x92c8,0x92a8,0x92a8,
0x92a8,0x92a8,0x92a8,0x8aa8,0x92a8,0x7a47,0x7a47,0x92a8,0x92a8,0x8a88,0x7247,0x9b09,0xab69,0xb369,0xab49,0x8a88,0x6207,0x8288,0x9aea,0x92c9,0x92c9,0x8aa8,0x92a8,0x8aa8,
0x92a8,0x7a07,0x8a88,0x92a8,0x8aa8,0x8aa8,0x92a8,0x8a88,0x7ac7,0x82c7,0x7a86,0x6a26,0x59c5,0x59e6,0x59e7,0x51a7,0x3966,0x3945,0x20c4,0x4249,0x5b2c,0x3a08,0x4aab,0x530c,
0x530c,0x530c,0x52ec,0x530c,0x4a8a,0x3a08,0x4249,0x3a29,0x3a49,0x3a29,0x426a,0x29c8,0x51e7,0x8b0b,0x7aaa,0x7268,0x7268,0x6207,0x51c6,0x7a88,0x2904,0x4164,0xc3e9,0x6206,
0x7289,0xab8b,0xa349,0x3124,0x8287,0x8288,0x6a48,0x6227,0x7227,0x92a8,0x92a8,0x92c8,0x92a8,0x8288,0x8268,0x92a8,0x92a8,0x92c8,0x8268,0x7227,0x9ac9,0x92a8,0x92a8,0x92a8,
0x8aa8,0x92a8,0x7268,0x3a29,0x3a49,0x3a49,0x3a49,0x2904,0x30c4,0x41a6,0x49c7,0x41a6,0x41a6,0x4186,0x7289,0x7aaa,0x69c7,0x92a8,0x92a8,0x92a8,0x92a8,0x92a8,0x7a27,0x9ae9,
0x9b09,0x9ae9,0x9ae9,0x9ae9,0x9ae9,0x9ae9,0x9ae9,0x9ae9,0x92e9,0x9b09,0xa349,0xab69,0xab69,0xa349,0x9b09,0x92e9,0x9b09,0x9b09,0x9b09,0x9ae9,0x9b09,0x9ae9,0x9ae9,0x9b2a,
0x92e9,0x8ac9,0x7268,0x8a88,0x8a88,0x92a8,0x6a07,0x5165,0x61e5,0x8267,0xa328,0x7247,0x59e7,0x6207,0x6207,0x6207,0x6207,0x59e7,0x51c6,0x3a08,0x3a49,0x4229,0x4249,0x3208,
0x426a,0x5b2c,0x530c,0x530c,0x530c,0x530c,0x530c,0x530c,0x530c,0x5b0c,0x4acb,0x29e8,0x31e8,0x31e8,0x31e8,0x31e8,0x31e8,0x31e8,0x31e8,0x31e8,0x31e8,0x31e8,0x31e8,0x31e8,
0x29a7,0x29a7,0x29a7,0x29a7,0x29a7,0x29a7,0x29a7,0x29a7,0x31e8,0x424a,0x426a,0x426a,0x424a,0x3a49,0x4249,0x3208,0x29c7,0x31c8,0x31e8,0x31e8,0x3a49,0x426a,0x426a,0x426a,
0x3a49,0x3209,0x29c8,0x5a08,0x6269,0x6aaa,0x6289,0x6249,0x6269,0x6269,0x6269,0x5a49,0x934a,0xf54c,0xe52b,0x82a7,0x4905,0x5924,0x5965,0x6206,0x7a27,0x8a88,0x8a88,0x8a88,
0x8a88,0x8a88,0x8a88,0x8a88,0x8a88,0x7227,0x7a47,0x8a88,0x8a68,0x92a8,0xa369,0xc3ea,0xcc0a,0xc40a,0xc3ea,0xb3a9,0x8ac8,0x8288,0x8a88,0x92c9,0x8aa9,0x8aa9,0x8a89,0x8268,
0x8267,0x71e6,0x8268,0x8a68,0x8268,0x8a68,0x8227,0xabea,0xc4ac,0xbc2b,0xb42b,0xabeb,0xa38a,0x832a,0x72ea,0x6aca,0x5248,0x49a8,0x28e5,0x3a08,0x530c,0x31e8,0x4a8a,0x52eb,
0x52eb,0x52eb,0x52cb,0x52eb,0x426a,0x31e8,0x3a29,0x3a09,0x3a09,0x3a09,0x426a,0x29a7,0x5a28,0x82ca,0x6228,0x6248,0x49a6,0x4165,0x9308,0x7a87,0x3124,0xbc27,0xd465,0x59e4,
0x8aa6,0xd408,0xdc08,0x61e4,0x69c3,0xebe6,0x8aa7,0x82c8,0x8ac8,0x82a8,0x7247,0x7247,0x8a88,0x8288,0x7248,0x8a88,0x8268,0x8a88,0x7227,0x69e6,0x8a88,0x8268,0x8a68,0x8a88,
0x8288,0x8aa8,0x6a27,0x3a08,0x4249,0x3a29,0x31a6,0x3965,0x4186,0x49c7,0x49e7,0x49a6,0x49c6,0x6247,0x9329,0xc48b,0xd52a,0x9308,0x8268,0x8a88,0x8a88,0x8a88,0x7206,0x8ac8,
0x92c9,0x92e9,0x92e9,0x92e9,0x92e9,0x9b09,0x92c9,0x92e8,0xab69,0xbbca,0xc3ea,0xc40a,0xc40a,0xc3ea,0xbbaa,0xa329,0x92c8,0x92c8,0x8ac8,0x8ac8,0x92e9,0x9b2a,0x9309,0x9309,
0x9b2a,0x82c9,0x7268,0x8a88,0x8a88,0x8a88,0x8248,0xa3ca,0xd46b,0xc3ca,0xcc2a,0x9308,0x6a48,0x7aa8,0x7a88,0x7a88,0x7a88,0x7aa8,0x7aa8,0x4228,0x3209,0x3a08,0x3a29,0x31e8,
0x3209,0x426a,0x426a,0x426a,0x426a,0x428a,0x428a,0x428a,0x426a,0x426a,0x3a29,0x31e8,0x31e8,0x31e8,0x31e8,0x31e8,0x31e8,0x31e8,0x31e8,0x31e8,0x31e8,0x31e8,0x31e8,0x31e8,
0x31e8,0x31e8,0x31e8,0x31e8,0x31e8,0x31c8,0x3208,0x3a08,0x3a08,0x3a08,0x3a08,0x3a08,0x3a09,0x3a29,0x3a29,0x3a49,0x3a49,0x3a49,0x3208,0x3a08,0x3a09,0x3a09,0x3a09,0x3a29,
0x424a,0x426a,0x4229,0x5a08,0x6269,0x6249,0x6248,0x6249,0x6249,0x6248,0x6249,0x5a28,0x9349,0xed0b,0xfe4c,0xbca9,0x6207,0x61e6,0x59c6,0x59c6,0x61e6,0x6a07,0x6a27,0x7248,
0x7268,0x7247,0x8288,0x8288,0x8288,0x7a68,0x7a68,0x7247,0xa329,0xbbca,0xcc0a,0xbbca,0xab49,0xb369,0xc3ea,0xc3ea,0xc3ea,0xbbca,0x7a27,0x7207,0x8268,0x7207,0x8267,0x8267,
0x8267,0x8247,0x8267,0x8267,0x8267,0x8267,0x71c6,0x9308,0xac0c,0x9bab,0x9bcb,0xa3cb,0x936b,0x72ca,0x62aa,0x6aca,0x5228,0x4167,0x3146,0x31c7,0x3a29,0x31c8,0x39e8,0x3a09,
0x39e8,0x3a29,0x4249,0x4249,0x3a29,0x3a29,0x3a29,0x3a29,0x3a29,0x31e8,0x39e8,0x2166,0x41c7,0x7268,0x9b29,0xa308,0x51a5,0x7a87,0x7a87,0x0043,0x18a3,0x1063,0x1063,0x20a4,
0x1084,0x10a4,0x1084,0x18a4,0x0043,0x69a3,0x9aa6,0x9a88,0xaae8,0xb369,0xab89,0x82e8,0x6227,0x6a27,0x8288,0x8ac8,0x8aa8,0x82a8,0x7227,0x7227,0x8267,0x8268,0x8268,0x7247,
0x7227,0x8288,0x6248,0x3a08,0x4249,0x31e8,0x3145,0x6a69,0x6269,0x6269,0x6269,0x6269,0x6a89,0x8b2b,0xa38b,0xfdab,0xfead,0xbc2a,0x71c6,0x7a27,0x8247,0x8227,0x7206,0x7227,
0x7a27,0x7a67,0x8a87,0x9287,0x8a88,0x7a26,0x92a7,0xb3a9,0xc40b,0xc3ea,0xb369,0xaae8,0xb348,0xc3ea,0xc3ea,0xc3ea,0x9b09,0x7227,0x7a68,0x82a9,0x7a68,0x82a9,0x82a9,0x8288,
0x82a8,0x7a68,0x7a67,0x8268,0x7a68,0x8268,0x7247,0xb3ea,0xc3ea,0xc3ea,0xcc0a,0x92e8,0x6a48,0x7aa8,0x7a88,0x7a88,0x7a88,0x7a88,0x7a68,0x3a08,0x31e8,0x3208,0x29e8,0x3a6a,
0x428a,0x428a,0x428a,0x428a,0x3a29,0x29c8,0x29e8,0x29e8,0x29e8,0x29e8,0x29e8,0x31e8,0x31e8,0x31e8,0x31e8,0x31e8,0x31e8,0x3209,0x2a08,0x29e8,0x2a09,0x3209,0x2a09,0x2a09,
0x3a49,0x3a29,0x3a29,0x3a29,0x3a29,0x31e8,0x3a29,0x3a29,0x3a29,0x3a29,0x3a29,0x3a29,0x428a,0x4a8a,0x428a,0x4a8a,0x4a8a,0x4aab,0x3a09,0x3a29,0x3a29,0x3a29,0x3a29,0x3a49,
0x4a8a,0x426a,0x4229,0x5208,0x5a28,0x5a28,0x5a28,0x5a28,0x5a28,0x5a28,0x5a48,0x5a28,0x7ac9,0xdc8b,0xfe4c,0xc4ca,0x6a28,0x7aa8,0x7a88,0x7a88,0x7a88,0x7a88,0x7a88,0x7a88,
0x7288,0x7268,0x9ae9,0x9ae9,0x92e9,0x92e9,0xa349,0xb3a9,0xc3ea,0xc3ea,0xab49,0x8a47,0x71c6,0x71c6,0x8a67,0xab48,0xc3ea,0xcc2b,0xbba9,0xab69,0x8268,0x7207,0x9b09,0x9b09,
0x9ae9,0x9ae9,0x9ae9,0x92e9,0x92e9,0x9b09,0x8267,0x7a47,0x8b29,0x7ac9,0x72a8,0x7aa8,0x6228,0x5228,0x5208,0x5208,0x41c7,0x3946,0x3187,0x3a49,0x3a29,0x3a29,0x3a29,0x3a29,
0x31e8,0x426a,0x428a,0x428a,0x428a,0x428a,0x428a,0x428a,0x4a8a,0x3a49,0x31e8,0x4a08,0x82a7,0xab49,0x9aa8,0x9a88,0x8a47,0x6a26,0x59e6,0x48a4,0x4104,0x61e4,0x6a04,0x30e4,
0x79a4,0xa204,0xaa25,0x6964,0x4184,0x7305,0x4165,0x9288,0x9267,0x9267,0xa2a8,0xab29,0xab29,0x8287,0x61e6,0x92c8,0xa328,0xb349,0x8aa8,0x9b09,0x9b09,0x9b09,0x9b09,0x8ac8,
0x8288,0x92a8,0x7aca,0x428a,0x4a8a,0x428a,0x39c7,0x5a07,0x5a08,0x5a08,0x5a08,0x5a08,0x5a08,0x7269,0x7aa9,0xcc4a,0xd48a,0x9b28,0x8247,0x8a88,0x8a88,0x9288,0x92a8,0x92a8,
0x9aa8,0x9ac8,0x9ac8,0x9aa8,0x92a7,0xab28,0xc3ea,0xc40b,0xb369,0xa286,0x91e5,0x91c5,0x91e5,0xa2a7,0xbba9,0xc3ea,0xc3ea,0xb389,0xa34a,0x8aa8,0x8a88,0x8aa9,0x8ac9,0x92ea,
0x8aa9,0x8a88,0x8a88,0x8a88,0x8a88,0x8aa8,0x8248,0xabea,0xedcd,0xbc4b,0x9329,0x59e6,0x49a6,0x59e7,0x59e7,0x59e7,0x6207,0x7a68,0x6268,0x3a29,0x3a29,0x4249,0x3208,0x428a,
0x530c,0x52ec,0x52ec,0x530c,0x4aab,0x29e8,0x31e8,0x31e8,0x31e8,0x31e8,0x29e8,0x3208,0x3208,0x31e8,0x31e8,0x31e8,0x29e8,0x29a7,0x31c7,0x39c7,0x31a7,0x2987,0x2986,0x39e8,
0x3a29,0x3a29,0x3a29,0x3a29,0x3a29,0x31e8,0x3a29,0x3a29,0x3a29,0x3a29,0x3a29,0x426a,0x428a,0x428a,0x428a,0x428a,0x426a,0x426a,0x31e8,0x3a29,0x4249,0x3a29,0x426a,0x424a,
0x426a,0x428a,0x426a,0x4229,0x2987,0x3166,0x3166,0x3166,0x3166,0x3966,0x4187,0x41a7,0x3967,0x72a7,0x9369,0x8309,0x7268,0x7288,0x7268,0x7288,0x7288,0x7288,0x7288,0x7268,
0x7268,0x7248,0x92e9,0x92c9,0x9ae9,0xab69,0xc3ea,0xc40a,0xbbc9,0xa2e8,0x8207,0x8a27,0x8a07,0x8207,0x8a27,0x8206,0x9287,0xb3aa,0xcc4b,0xcc2b,0xb389,0x92a8,0x92e8,0x92e9,
0x9b09,0x9ae9,0x92e9,0x92e9,0x92e9,0x9b09,0x8288,0x8a88,0x7a47,0x6225,0x8ac7,0x51c5,0x3985,0x41c6,0x2924,0x2966,0x3166,0x31a7,0x3a29,0x3a29,0x3a49,0x3a29,0x3a29,0x3a49,
0x39e8,0x426a,0x4aaa,0x428a,0x428a,0x428a,0x428a,0x4a8a,0x42ab,0x4a8a,0x4a08,0x82a8,0xab09,0x9288,0x9267,0x9268,0x9a67,0x5185,0x8ae8,0x70e4,0x5924,0xc3a5,0xd3e5,0x71e4,
0xb305,0xd3c6,0xdc06,0x9285,0x6205,0xcd07,0x5186,0x9a87,0x9288,0x9a88,0x9267,0x9247,0x9267,0xa2a8,0x61c6,0x6a26,0x59e6,0x8aa8,0x8aa8,0x92c8,0x92c8,0x92c8,0x92e9,0x8288,
0x7a68,0x92c9,0x6248,0x3a6a,0x426a,0x3a29,0x3a08,0x2945,0x2925,0x3145,0x3145,0x3145,0x3965,0x3145,0x59e6,0x72a6,0x51c5,0x7a27,0x8a67,0x8a67,0x8a68,0x9288,0x9288,0x92a8,
0x92a8,0x92a8,0xa2e8,0xab49,0xbbca,0xc42b,0xbbaa,0xa2a7,0x91e5,0x91e5,0x9206,0x9226,0x9206,0x91c5,0x9205,0xab08,0xbbca,0xc3ea,0xc40b,0xb3cb,0x92e9,0x8ac9,0x8aa9,0x8a88,
0x8a88,0x8a88,0x8a88,0x8a88,0x8a88,0x8a88,0x8a68,0x8aa8,0x9b49,0x7a67,0x9b29,0x7266,0x3104,0x4145,0x4145,0x4145,0x4124,0x3124,0x3a29,0x3a29,0x3a29,0x3a29,0x31e8,0x428a,
0x530c,0x52ec,0x530c,0x5b0c,0x4aab,0x31e8,0x3209,0x3209,0x3209,0x3a6a,0x3209,0x3229,0x3229,0x29e8,0x29e8,0x31e8,0x29e8,0x41a6,0x8246,0x7206,0x59a5,0x28e4,0x6964,0x61a6,
0x31a7,0x29a7,0x29a7,0x31a7,0x31c7,0x31c7,0x31c8,0x31c8,0x31e8,0x31e8,0x31e8,0x3a08,0x3a09,0x3a29,0x3a29,0x4249,0x4249,0x3a29,0x31e8,0x31c8,0x3a29,0x424a,0x3a09,0x3a29,
0x3a09,0x31e8,0x31e8,0x31e8,0x29a7,0x31e8,0x3a08,0x39e8,0x39c7,0x41c7,0x49e7,0x6a48,0x6a48,0xbc47,0x82a7,0x59c7,0x7268,0x7248,0x7a68,0x7a68,0x7a68,0x7248,0x7248,0x7a68,
0x7268,0x7247,0x92c8,0xab69,0xbbca,0xc40a,0xbbca,0xab08,0xa287,0x9a67,0x9a48,0x9a47,0xb327,0xbb67,0xa2a8,0x9227,0x8a06,0x81c5,0x92a7,0xb3a9,0xc40a,0xc40a,0xab69,0x8a87,
0x8247,0x8247,0x8267,0x8267,0x8267,0x8a68,0x7a27,0x8247,0x7a07,0xabe9,0xdcab,0x7267,0x39c6,0x5247,0x4a07,0x4209,0x39e8,0x31c7,0x3a08,0x39e8,0x39e8,0x39e8,0x3a08,0x3a08,
0x31c8,0x3a29,0x4249,0x4249,0x4249,0x4249,0x3a29,0x3a29,0x6aca,0x934a,0xa38a,0x6248,0x8248,0x9a67,0x9268,0x9267,0x9a88,0x69e6,0x82a7,0x9c26,0x6a25,0xbca8,0xcd68,0x8245,
0xa366,0xc427,0xcc87,0x9b66,0x59c4,0xc567,0x59a6,0x9267,0x9268,0x9268,0x9268,0x9a88,0x9a88,0x9267,0x51a6,0xa329,0xa328,0x6206,0x59c6,0x8288,0x92c8,0x8aa8,0x8aa8,0x8288,
0x8aa9,0x8aa8,0x7a47,0x5228,0x4a49,0x4a28,0x4a28,0x3186,0x31c6,0x41e7,0x6248,0x5228,0x5a48,0x7aea,0xcc6a,0xfecb,0xac07,0x8228,0x8a88,0x8a88,0x8a88,0x8a88,0x8a88,0x8a88,
0x8a88,0xa329,0xbbca,0xc40b,0xc3ea,0xab08,0x9205,0x9226,0x9267,0x9a87,0xb327,0xbb87,0xa2e7,0x9206,0x9206,0x91c5,0x9a46,0xab69,0xbbea,0xc40b,0xb3aa,0xa34a,0x8aa8,0x7a68,
0x8288,0x8288,0x8288,0x8288,0x8288,0x8288,0x8a88,0x8a88,0x7a68,0xc44b,0xcc0a,0xbba9,0x5165,0x5145,0x5145,0x5145,0x5144,0x3965,0x3229,0x3a29,0x3a29,0x3a29,0x3208,0x3a49,
0x426a,0x3a6a,0x3a49,0x3a49,0x29e8,0x21e8,0x21a7,0x2187,0x1966,0x21a7,0x31e8,0x41e8,0x31c7,0x29c8,0x3208,0x29e8,0x21c8,0x49a6,0x7a47,0x61e6,0x4965,0x20e4,0x5144,0x5185,
0x3a29,0x3a09,0x3a09,0x3a09,0x3a09,0x3a29,0x3a29,0x3a29,0x3a29,0x3a29,0x4249,0x3a49,0x3a29,0x3a29,0x3a29,0x4269,0x426a,0x4249,0x3a29,0x29c7,0x3a08,0x4a8a,0x4249,0x3a29,
0x426a,0x3a09,0x3a29,0x3a29,0x31e8,0x3a08,0x3a49,0x3a29,0x4207,0x4a07,0x4a07,0x7ac8,0x9328,0xcc88,0x8ae7,0x6207,0x8a88,0x8a88,0x8a88,0x8a88,0x9288,0x7a68,0x8a88,0x8a88,
0x8a88,0xa329,0xbbc9,0xc3ea,0xc3ea,0xb349,0x9a87,0x9a67,0x9a47,0x9a47,0xb306,0xdca9,0xfeaf,0xfef0,0xe52a,0xbb26,0xa287,0x9247,0x79a5,0x71e5,0x9b08,0xc3ea,0xc40a,0xbba9,
0x8247,0x7a07,0x8a88,0x8a88,0x8a88,0x8a68,0x8a88,0x8a88,0x7a27,0xabe9,0xcc6b,0x9b08,0x49c6,0x5207,0x41e7,0x4208,0x39c7,0x31a7,0x3a08,0x3a08,0x39e8,0x31c8,0x3a08,0x3a08,
0x3a08,0x3a08,0x3a08,0x3a09,0x3a08,0x31e8,0x31e8,0x7ac9,0xab8b,0x8b0b,0x932b,0x8b2a,0x6a48,0x9288,0x9a88,0x9a88,0xa2a8,0x7a27,0x51a6,0xc567,0x8b66,0xee69,0xff8a,0x9ae6,
0xd607,0xffa7,0xffc8,0xc526,0x6a25,0xd607,0x59a6,0x9267,0x9a88,0x9a88,0x9268,0x9268,0x9a88,0x8227,0x59c7,0x7a69,0x8289,0xa309,0x8aa7,0x51a5,0x7247,0x9b09,0x92e9,0x9b09,
0x9b09,0x9b2a,0xa32a,0x72c9,0x5a68,0x6268,0x6268,0x49e7,0x39c6,0x41e7,0x6269,0x5a28,0x6268,0x934c,0xc42b,0xe56b,0x9b68,0x8248,0x8aa8,0x8a88,0x8a88,0x8a88,0x8a88,0x92c8,
0xab69,0xc40a,0xc40a,0xb369,0x9a66,0x9205,0x92a7,0xa2c8,0xb2e7,0xd3a7,0xf5ac,0xfeb0,0xf60c,0xcc48,0x92c8,0x9247,0x9205,0x81e6,0x8247,0xab69,0xc42b,0xc40b,0xb389,0x92c8,
0x8288,0x8a88,0x8a88,0x8a88,0x8a88,0x8a88,0x8a88,0x8a68,0x932a,0xcccd,0xc3a9,0xb3a9,0x5185,0x4945,0x4945,0x4945,0x5145,0x4165,0x3a29,0x3a29,0x3a29,0x3a29,0x3a29,0x3a29,
0x3208,0x31a7,0x79a4,0x5144,0x3904,0x59c6,0x3903,0x30e2,0x5144,0x4944,0x69a5,0xa246,0x71a5,0x2986,0x3209,0x31e8,0x29e8,0x41c7,0x7268,0x6a47,0x4145,0x20c3,0x5964,0x5165,
0x3a29,0x3a49,0x3a49,0x3a49,0x3a49,0x3a49,0x3a49,0x3a49,0x3a49,0x3a09,0x1904,0x18e4,0x3a09,0x3a29,0x3a29,0x3a29,0x3a29,0x3a29,0x3a49,0x3a29,0x424a,0x426a,0x4a8a,0x4a8a,
0x4249,0x3a29,0x3a29,0x3a49,0x31e8,0x3a08,0x3a29,0x3a29,0x4207,0x4a27,0x4a07,0x82c8,0xcc88,0xcc87,0x7a87,0x6207,0x8aa8,0x8a88,0x8a88,0x8a88,0x9288,0x7a68,0x8268,0x92c8,
0xb389,0xc3ea,0xc3ea,0xbba9,0xa2c8,0x9247,0x9227,0x9227,0xaaa7,0xd448,0xfe8f,0xffb6,0xfff9,0xf7b8,0xf796,0xff53,0xecc9,0xbae8,0x9a27,0x89e6,0x6985,0x8246,0xb389,0xcc0a,
0xc3ea,0xab69,0x8aa8,0x8a68,0x8a88,0x8a88,0x8a88,0x92a8,0x8a68,0xa3c9,0xcc6a,0xb3aa,0x72c8,0x41e7,0x39c7,0x4209,0x39c7,0x31e8,0x4249,0x3a29,0x3a29,0x39e8,0x3a49,0x3a49,
0x3a29,0x3a29,0x3a29,0x426a,0x426a,0x426a,0x936b,0x9b6c,0x82eb,0x8b2b,0x82eb,0x930a,0x7268,0x7a07,0x9267,0x7a06,0x69a6,0x5965,0x2884,0x9c65,0x8305,0xe608,0xff09,0x9b06,
0xd5e7,0xf747,0xff87,0xb4c6,0x7245,0xd5a7,0x4905,0x59a5,0x7a06,0x8a47,0x9267,0x9a88,0xa288,0x6a07,0x7249,0x7a69,0x7269,0x7249,0x8ac9,0x9b08,0x61e5,0x6206,0xa34a,0x9b0a,
0x9b2a,0x9b09,0xa329,0x6a68,0x5248,0x5a89,0x5a89,0x49e7,0x39c7,0x41e7,0x6249,0x5227,0x5a48,0x936c,0xd46a,0xdceb,0xac0a,0x8248,0x8aa8,0x8a88,0x8a88,0x8aa8,0xab69,0xc3ea,
0xcc0b,0xab8a,0x9aa7,0x91e5,0x9226,0x9ac8,0xaac7,0xd3e9,0xed2c,0xfe92,0xffd8,0xffd8,0xffd7,0xff54,0xe56d,0xb3ca,0x92e9,0x9a87,0x79c5,0x69a5,0x92c8,0xbbca,0xc3ea,0xbbca,
0xab49,0x8aa8,0x8a88,0x8aa8,0x8aa8,0x8aa8,0x8aa8,0x8a68,0x9b4a,0xcccd,0xc3a9,0xb3a9,0x5185,0x4945,0x4945,0x4945,0x5145,0x3965,0x3a29,0x3a29,0x3a29,0x3a29,0x3a29,0x4229,
0x3a29,0x31a7,0x6164,0x5164,0x4924,0x89c4,0x6964,0x5123,0x8206,0x6185,0x5143,0x9a46,0x79e5,0x2145,0x3209,0x31e8,0x29e8,0x39a6,0x6227,0x59e6,0x3924,0x20c4,0x6164,0x5165,
0x2904,0x39a7,0x39c7,0x39c7,0x31c7,0x31c7,0x31a7,0x31a7,0x31a6,0x3145,0x4965,0x4965,0x39a7,0x3a29,0x31e8,0x3a08,0x3a29,0x31c8,0x3a29,0x39e8,0x31e8,0x424a,0x3a09,0x3a09,
0x31e8,0x3208,0x3208,0x3a08,0x29a7,0x3a09,0x3a29,0x3a29,0x4a27,0x4a27,0x41e7,0x7ac8,0xfde8,0xe509,0x6227,0x6a27,0x7248,0x7a68,0x8289,0x8288,0x8288,0x7a68,0x92e9,0xc3e9,
0xc40a,0xc3ea,0xab28,0x9267,0x8a07,0x8a07,0xa2a6,0xd469,0xf5ea,0xfda9,0xf7b7,0xf797,0xf796,0xf7b7,0xf7b8,0xf7d8,0xfdc9,0xf58b,0xd50c,0xaae8,0x89e6,0x69a5,0x69a6,0x9ae8,
0xc3ea,0xc40a,0xbba9,0xa329,0x8268,0x7a68,0x7a68,0x7a68,0x7227,0xa3c9,0xcc6b,0xbba9,0x72e9,0x39e8,0x39a7,0x4209,0x39c7,0x31e8,0x3a29,0x3a29,0x3a29,0x31e8,0x3a29,0x3a29,
0x3a29,0x3a29,0x3a29,0x29e8,0x5269,0xa3ab,0x930a,0x82eb,0x830b,0x82ca,0x82ca,0x8aeb,0x7aaa,0x5144,0x4924,0x4104,0x5124,0x6965,0x6105,0xa486,0x7b05,0xe649,0xff8a,0x9306,
0xce06,0xffa7,0xffc7,0xb506,0x6a25,0xc546,0x4104,0x4945,0x4944,0x4945,0x5985,0x7206,0x7a27,0x59e7,0x7a69,0x7a69,0x7a69,0x7a69,0x7249,0x7a89,0xab4a,0x51c5,0x6248,0x82a8,
0x82ea,0x82c9,0x82a8,0x6268,0x5a68,0x5a27,0x5227,0x3985,0x39c7,0x41e7,0x6249,0x5248,0x6269,0xa3ac,0xe4cb,0xdd2b,0xbc4a,0x8248,0x8a88,0x8a88,0x92e9,0xb3aa,0xcc0b,0xbbaa,
0x8287,0x79e5,0x91c5,0x9246,0x9ac8,0xc347,0xed2b,0xfd8b,0xfe91,0xfff8,0xffb7,0xf797,0xf797,0xf7d8,0xf755,0xfdac,0xdcec,0xa349,0x9288,0x8a06,0x6165,0x7a27,0xb38a,0xc40a,
0xc3ea,0xbbca,0x92a8,0x7a27,0x8247,0x8247,0x8247,0x8227,0x8ae9,0xccad,0xc3c9,0xbba9,0x5185,0x4945,0x4945,0x4945,0x5145,0x3965,0x3a49,0x3a29,0x3a29,0x3a09,0x3a09,0x3a09,
0x3208,0x2166,0x3903,0x3904,0x3124,0x59c6,0x3124,0x3124,0x4985,0x28e3,0x4165,0x8a87,0x5143,0x2146,0x3209,0x31e8,0x29e8,0x39a6,0x7268,0x6a47,0x4145,0x28e3,0x79a5,0x5165,
0x4924,0x5165,0x5165,0x4965,0x4945,0x4945,0x4925,0x4945,0x4965,0x4965,0x5186,0x5185,0x3165,0x3a29,0x3a08,0x3a09,0x424a,0x3a29,0x3a29,0x424a,0x3a09,0x424a,0x3a08,0x3208,
0x3a09,0x3a09,0x3a09,0x3a09,0x31e8,0x3a09,0x3a29,0x4228,0x4a27,0x4a27,0x39c7,0x6a88,0xed28,0xed0b,0x92c8,0x8268,0x8288,0x8288,0x8288,0x8288,0x8a88,0x8aa8,0xbbca,0xbbca,
0xab49,0x9aa8,0x8207,0x81e7,0x9a86,0xd448,0xfe6e,0xffd6,0xf731,0xf5a9,0xf7b6,0xffb8,0xf7b7,0xf797,0xf7b7,0xf7b7,0xf589,0xfe4f,0xfff7,0xf6d1,0xcbe8,0x9a06,0x71a6,0x6985,
0x8a47,0xb389,0xbba9,0xab28,0x92c8,0x8ac9,0x82a8,0x6a28,0x6a28,0xa3c9,0xcc6b,0xbbca,0x7ae9,0x3209,0x2945,0x4208,0x39c7,0x31c7,0x3a29,0x31c8,0x31e8,0x31e8,0x39e8,0x31e8,
0x3a08,0x29c8,0x5227,0x6a89,0x6289,0x9b4b,0x830b,0x8b2b,0x82eb,0x82ca,0x8b0b,0x82ca,0x59a6,0x4104,0x4925,0x6145,0x6165,0x5965,0x40e4,0x9bc5,0x7a85,0xe3a7,0xfc47,0x81e5,
0xbbe6,0xed06,0xf506,0xab45,0x59c5,0xc4e7,0x5905,0x6165,0x5965,0x5145,0x4945,0x4945,0x3104,0x51a6,0x7a89,0x7a69,0x7a69,0x7a69,0x7a69,0x82aa,0x7aaa,0x59e5,0x8ac8,0x930a,
0x930a,0x8ac9,0x8ac9,0x8ae9,0x92e9,0x8aa8,0x8ac8,0x59e6,0x39c7,0x41e7,0x6269,0x6289,0x5248,0xa3aa,0xf52a,0xe58b,0xb40a,0x8268,0x8aa8,0x92c9,0xa36a,0xbbeb,0xa329,0x59a5,
0x6185,0x91e5,0x9246,0xb327,0xe469,0xfe91,0xffb6,0xfdac,0xfe70,0xffd8,0xf797,0xffb7,0xf797,0xf7b7,0xff76,0xf58c,0xfed2,0xf671,0xc40a,0x92a8,0x8a06,0x6985,0x61c6,0x92e8,
0xb3aa,0xc40a,0xa349,0x8247,0x8a88,0x8a88,0x8267,0x69a5,0x8ae9,0xd56f,0xbb89,0xa349,0x4945,0x4944,0x4945,0x4945,0x5165,0x20c3,0x1925,0x3a29,0x31e8,0x31e8,0x31e8,0x31e8,
0x31e8,0x2966,0x6164,0x5964,0x4965,0x7288,0x6248,0x6a48,0x8247,0x6185,0x6207,0x8268,0x5943,0x2966,0x3209,0x31e8,0x29e8,0x4985,0x89c4,0x79c5,0x5185,0x20c3,0x5965,0x4965,
0x28e4,0x4124,0x38a4,0x40c4,0x4924,0x5144,0x5144,0x40e4,0x40c4,0x5145,0x4104,0x4924,0x3145,0x3a49,0x3a29,0x3a29,0x426a,0x4a8a,0x426a,0x426a,0x428a,0x424a,0x3a29,0x3a29,
0x3a29,0x3a29,0x3a29,0x3a49,0x3208,0x3209,0x4228,0x4a27,0x4227,0x4a27,0x5248,0x6a68,0x9b49,0xed0b,0x9ae8,0x8a88,0x92a8,0x8a88,0x8a88,0x8a88,0x8a88,0x92c9,0xbbea,0xbbca,
0x8a67,0x81e6,0x8a47,0xbbc9,0xf64e,0xff94,0xffd8,0xf7d8,0xf6f1,0xf588,0xf7b6,0xf797,0xf7b7,0xf7b7,0xf797,0xf7d7,0xf5a9,0xfe2d,0xffd8,0xfff8,0xff54,0xf52b,0xaaa6,0x81a6,
0x7165,0x7185,0xab29,0xbbaa,0x9b08,0x92c8,0x92c8,0x7248,0x7249,0xa3ca,0xd46b,0xc3ea,0x6ac9,0x3229,0x31a7,0x39c8,0x39c7,0x3a29,0x428a,0x31e8,0x3a29,0x3a29,0x3a29,0x4249,
0x3a29,0x4a28,0x9b29,0x8aea,0x7b0b,0x6aaa,0x8b0b,0x830b,0x82ca,0x82ca,0x6208,0x4945,0x5124,0x6145,0x6965,0x6965,0x6184,0x6184,0x5944,0xab44,0x71e4,0xda25,0xfa86,0x7964,
0xb285,0xe306,0xeb26,0xa1e5,0x51c5,0xd528,0x6145,0x6965,0x6165,0x6145,0x5965,0x5165,0x5165,0x4945,0x5986,0x7248,0x7a69,0x7aaa,0x7a8a,0x7249,0x7269,0x9b2a,0xab49,0xa349,
0x9ae9,0x9ae9,0x9ae9,0x9ae9,0x92e9,0x9ae9,0x9b09,0x6a68,0x31a6,0x4207,0x5a89,0x5a68,0x5a89,0x8b29,0xdc27,0xc429,0x82e8,0x92c9,0x92e9,0x92e9,0x9b4a,0xb40c,0x7207,0x5145,
0x89e5,0xa265,0xd3e7,0xf5ad,0xff76,0xfff8,0xffd7,0xfdcd,0xfe70,0xffd8,0xf797,0xf797,0xffb7,0xf7b7,0xf755,0xfdad,0xf714,0xf7f8,0xff13,0xdd0b,0xab48,0x8a06,0x69a5,0x5186,
0x8288,0xcc0a,0xab69,0x92c8,0x9b09,0x9b09,0x92e8,0x7a07,0x8ac9,0xbc6c,0xb3a9,0xa349,0x59c6,0x5186,0x5185,0x5165,0x3904,0x3903,0x30c3,0x2965,0x426a,0x3a49,0x3a49,0x3a49,
0x426a,0x3a08,0x6227,0x6227,0x49a5,0x82c9,0x59e7,0x4965,0x8ac9,0x59c6,0x4964,0x8226,0x5943,0x2966,0x3209,0x31e8,0x29e9,0x59c6,0x91e5,0x8a06,0x61c6,0x20e3,0x6984,0x5964,
0x4945,0x4904,0x9387,0xcdca,0xde6b,0xde8b,0xe6ac,0xbdab,0x5225,0x40c3,0x6985,0x6945,0x3965,0x3a29,0x3a09,0x3a49,0x426a,0x3a08,0x426a,0x424a,0x3a09,0x3a29,0x3a29,0x3a29,
0x3a29,0x3a29,0x3a29,0x3a29,0x31e8,0x3a08,0x4a28,0x4a27,0x4a27,0x4a27,0x5a68,0x82c8,0xc3ea,0xed0b,0x92c8,0x8288,0x8a88,0x8268,0x8288,0x8a88,0x8268,0x8ac9,0xbbca,0xc3ea,
0x9288,0x8a47,0xdc6a,0xfed0,0xfff9,0xf7b7,0xf797,0xf7d8,0xf6f1,0xf567,0xf796,0xf7b7,0xffb7,0xf797,0xf7b7,0xffd7,0xf5a9,0xfe4d,0xfff8,0xffb7,0xffd8,0xfff8,0xfe2e,0xbb05,
0x7165,0x79c6,0xbbca,0xcc0a,0x9b29,0x82a8,0x82a8,0x6a28,0x6a28,0xa389,0xd46b,0xbbca,0x62a9,0x3a29,0x31c7,0x39e8,0x39e8,0x3a29,0x428a,0x39e8,0x3a49,0x3a29,0x3a29,0x424a,
0x4a69,0x9b08,0x8aca,0x7249,0x82ca,0x832c,0x6269,0x82eb,0x82ea,0x5186,0x40e4,0x5945,0x6965,0x6965,0x6985,0x69a4,0x71a4,0x6984,0x6164,0xa344,0x69e4,0xb185,0xd1e5,0x6924,
0xb984,0xe1c5,0xe1c5,0x9904,0x5205,0xd508,0x6144,0x71a4,0x6985,0x6165,0x6145,0x5965,0x4945,0x4945,0x4944,0x5165,0x6a28,0x82ca,0x7a69,0x6a08,0x7269,0x7a8a,0x7aaa,0x8aa9,
0x9b08,0x92c9,0x92c9,0x92c9,0x92e9,0x92c8,0x9ae9,0x51e6,0x31a6,0x4a28,0x6289,0x5a68,0x6289,0xabea,0x9309,0xdcea,0xac09,0x8aa8,0x9ae9,0x92e9,0xa36a,0xbc2c,0x7a27,0x6185,
0xa266,0xf4c9,0xff13,0xffd8,0xffd7,0xffb7,0xffd7,0xfdcd,0xfe50,0xf7d8,0xf797,0xf797,0xf797,0xffd8,0xf755,0xf5ad,0xf734,0xf7b7,0xf7d8,0xff75,0xfe4f,0xcc29,0x81c5,0x61c6,
0x92e8,0xc40a,0xab69,0x92c9,0x9b09,0x9b09,0x92c8,0x7a27,0x8268,0xab49,0xc40b,0xbbea,0x6a07,0x59c7,0x61e7,0x4125,0x4943,0x6185,0x4105,0x18a2,0x2145,0x31e8,0x3a08,0x39e8,
0x31c7,0x2945,0x6227,0x6a68,0x51e6,0x82a8,0x5a07,0x4185,0x82a9,0x4985,0x3903,0x71a5,0x4903,0x1904,0x29e8,0x29e8,0x21c8,0x3124,0x79a4,0x6985,0x4124,0x18a3,0x4924,0x59a6,
0x4904,0xac48,0xffcd,0xf78d,0xf76d,0xf76c,0xf770,0xff91,0xf78a,0x52a3,0x40c4,0x6965,0x3986,0x426a,0x3a29,0x3a09,0x426a,0x426a,0x426a,0x4249,0x3a09,0x39e8,0x31e8,0x31e8,
0x31e8,0x3a08,0x39e8,0x3a08,0x29a7,0x39e7,0x4a27,0x4a27,0x4a27,0x4a27,0x4a07,0x82c8,0xd48a,0xed0b,0x7a67,0x61e7,0x7247,0x7a68,0x8288,0x82a9,0x8289,0x8ac9,0xbbca,0xc3ea,
0x8a67,0x9288,0xf50b,0xf6b0,0xffd8,0xf797,0xf7b7,0xffd8,0xff32,0xf587,0xf796,0xf7b7,0xf7b7,0xf7b7,0xffb7,0xfff7,0xfdc9,0xfe4e,0xfff8,0xffb7,0xffb7,0xf7d8,0xff53,0xdc88,
0x7984,0x79e6,0xbbca,0xc3ea,0x9b29,0x8aa8,0x92c8,0x8ac8,0x8288,0xabe9,0xd4ab,0xc3ea,0x8ae9,0x3229,0x31c7,0x39a7,0x3166,0x31e8,0x3a29,0x31c8,0x3a08,0x39e8,0x39e8,0x29c8,
0x8b2a,0x930a,0x7269,0x82aa,0x7aaa,0x82ca,0x7aea,0x5a28,0x4145,0x4104,0x6145,0x6965,0x6965,0x69a4,0x71a4,0x69a4,0x69a4,0x6985,0x5964,0x3103,0x38e4,0x4904,0x4904,0x30e4,
0x40e4,0x48e4,0x48e3,0x2883,0x3124,0x7aa5,0x71a4,0x6984,0x69a4,0x69a5,0x6985,0x6965,0x5945,0x5145,0x4945,0x4945,0x4945,0x6207,0x6a48,0x7269,0x82ca,0x7a69,0x7a49,0x7249,
0x8aa9,0x8ac8,0x7268,0x82a8,0x6227,0x6228,0x6248,0x3985,0x39c7,0x4a27,0x6289,0x5a68,0x5a69,0xb40a,0x9b49,0xed8b,0xbc8a,0x8a88,0x92e9,0x8aa8,0xa38b,0xc44c,0x8267,0x7185,
0xa2a7,0xf54b,0xfff8,0xffb7,0xffb7,0xffb7,0xffd7,0xf5cd,0xf650,0xf7d8,0xf7b7,0xffb7,0xf7b7,0xf7b7,0xff96,0xfdac,0xf714,0xf7d8,0xffb7,0xf7b7,0xfff8,0xf5ee,0x9a05,0x6185,
0xa349,0xc40a,0xab69,0x8247,0x8267,0x8267,0x7a47,0x69c6,0x7a07,0xb3aa,0xc3ea,0xbbca,0x6a07,0x59a6,0x61e7,0x3104,0x61a3,0x5985,0x3904,0x4104,0x40e4,0x4924,0x5124,0x5124,
0x4904,0x5145,0x4945,0x4945,0x4165,0x3904,0x3904,0x4145,0x4124,0x38e4,0x38e4,0x4104,0x38e4,0x30e3,0x3904,0x3904,0x3904,0x30e3,0x38e3,0x30e4,0x30e3,0x30e3,0x30e3,0x3925,
0x9b88,0xfecc,0xf6ec,0xf70b,0xf70c,0xef2b,0xef2c,0xef2d,0xff88,0xdea6,0x5184,0x6125,0x41c7,0x4acb,0x4aab,0x4aab,0x4aab,0x4aab,0x426a,0x3a29,0x3a29,0x3a29,0x3a29,0x3a29,
0x3a29,0x3a29,0x426a,0x4aab,0x3a49,0x39e7,0x4a27,0x4a27,0x4a27,0x4a27,0x5a47,0x7aa8,0xd4ea,0xf5eb,0x7227,0x5186,0x7a47,0x9b09,0x92e9,0x9ae9,0x92e9,0x92e9,0xbbca,0xc3ea,
0x8a67,0x9287,0xed0a,0xf6b1,0xf7d8,0xf796,0xf7b7,0xf7d8,0xf711,0xf5a8,0xf7b6,0xf7b7,0xffb7,0xffb7,0xffb7,0xffd7,0xfdc9,0xfe4e,0xfff8,0xffb7,0xffb7,0xffd8,0xff32,0xdcc8,
0x81c5,0x81c6,0xbbca,0xc3ea,0xa329,0xa308,0xab49,0xab49,0xa2e8,0xbc6a,0xd4cb,0xcc09,0x9349,0x3229,0x31c7,0x4207,0x39c6,0x31a7,0x3a29,0x3a29,0x3a09,0x3a09,0x3209,0x6289,
0x92e9,0x7269,0x82aa,0x7a69,0x7a69,0x7a69,0x6a48,0x18a2,0x38e4,0x6145,0x6165,0x59a6,0x71a4,0x69a4,0x69a4,0x69a4,0x69a4,0x6985,0x4923,0x2063,0x30c4,0x3104,0x28e3,0x28e4,
0x4124,0x3104,0x30c3,0x61a4,0x5124,0x8385,0xab66,0x6144,0x71a5,0x69a5,0x71a4,0x6984,0x6965,0x6145,0x5145,0x4945,0x4945,0x4924,0x61c7,0x7aaa,0x7aaa,0x7a69,0x7a69,0x7a69,
0x7249,0x9309,0x7287,0x7ac8,0x6248,0x5a48,0x6269,0x49c7,0x39c7,0x4a27,0x6289,0x5a68,0x5a69,0xabca,0xb3ea,0xe54b,0xc4aa,0x9ac8,0xab29,0x8aa8,0xa3ab,0xcc6c,0x8a87,0x79c5,
0xa2c7,0xf50a,0xffd7,0xffb7,0xffb7,0xffb7,0xf7b7,0xfdee,0xf650,0xf7b7,0xf7b7,0xf776,0xf797,0xf7b7,0xf755,0xf58b,0xf714,0xffd8,0xffb7,0xffb7,0xfff8,0xf62f,0xa225,0x6985,
0xa309,0xcc0b,0xab69,0x8a88,0x8aa8,0x8aa8,0x8aa8,0x92c8,0x8a87,0xb3aa,0xc3ea,0xbbca,0x6a07,0x59c6,0x61c6,0x4144,0x3903,0x4925,0x4104,0x30e4,0x2904,0x3104,0x3104,0x28e4,
0x3125,0x3945,0x3104,0x3124,0x3125,0x3966,0x3945,0x2904,0x28e4,0x2904,0x2904,0x2904,0x2904,0x3104,0x2904,0x2904,0x28e4,0x2904,0x28e4,0x28e3,0x28e3,0x28e3,0x20c3,0x3145,
0xddab,0xfeeb,0xf6a9,0xf6c9,0xfec9,0xf728,0xf74b,0xf76d,0xf728,0xff87,0x7ae5,0x58e4,0x41a6,0x4acb,0x4aab,0x4acb,0x4acb,0x4a8a,0x428a,0x4249,0x3a29,0x3a29,0x3a29,0x3a29,
0x3a29,0x4a8a,0x52ec,0x530c,0x426a,0x41e7,0x4a27,0x4a27,0x4227,0x4a27,0x72a8,0x7288,0xcc6a,0xf5eb,0x7247,0x59a6,0x7a67,0x9b09,0x92e9,0x92e9,0x92e9,0x92c9,0xbbca,0xc3ea,
0x8a67,0x9287,0xf50b,0xf6b0,0xf7d8,0xf797,0xf797,0xffd8,0xf6f0,0xf5e9,0xf7b6,0xffb7,0xffb7,0xffb7,0xffb7,0xffd7,0xfdc9,0xfe4e,0xffd8,0xffb7,0xffb7,0xffd8,0xff32,0xdca8,
0x89e5,0x81e5,0xbbca,0xc3ea,0xa329,0xa308,0xab49,0xab49,0xa2e8,0xbc6a,0xd4eb,0xd409,0x9349,0x3229,0x39e8,0x39c6,0x2965,0x31e8,0x3a49,0x3a29,0x4249,0x3a49,0x4a69,0x9309,
0x7aaa,0x7269,0x82aa,0x7a89,0x7a49,0x7a69,0x3924,0x38e4,0x5945,0x6165,0x6985,0x59a6,0x69a4,0x69a4,0x69a4,0x69a4,0x69a4,0x6985,0x5143,0x1882,0x2082,0x30e3,0x28c3,0x30e4,
0x3924,0x4124,0x38c4,0x5983,0x4924,0x6a85,0x8a85,0x6964,0x69a5,0x69a5,0x69a4,0x71a4,0x69a4,0x6984,0x6985,0x61a6,0x5185,0x4945,0x4965,0x7249,0x7a89,0x7a69,0x7a69,0x7a69,
0x7a69,0x7a89,0x8288,0x6226,0x6a68,0x5a28,0x6249,0x41a6,0x39c7,0x4a07,0x6289,0x5a68,0x5a89,0x9b6a,0xd4ca,0xed6b,0xbc89,0x9ae8,0xab49,0x9b08,0xabcb,0xcc8c,0x9287,0x81e6,
0xaae7,0xf4ea,0xffb7,0xffb7,0xffb7,0xffb7,0xf7b7,0xf5cd,0xfe91,0xf7b8,0xf797,0xf797,0xf797,0xf7b7,0xf755,0xf56b,0xfef3,0xffd8,0xffb7,0xffb7,0xffd8,0xf62f,0xa245,0x7185,
0xa329,0xc40a,0xab69,0x92e9,0x9ae9,0x9ae9,0x9ae9,0x92e9,0x92e8,0xb3aa,0xc3ea,0xbbca,0x6a07,0x59c7,0x61c6,0x4145,0x69c4,0x6185,0x4104,0x2904,0x1986,0x1986,0x1986,0x1986,
0x21a7,0x29e8,0x29c8,0x29c8,0x21c7,0x21a7,0x21a7,0x1986,0x1986,0x1986,0x1986,0x1986,0x1986,0x1986,0x1986,0x1986,0x1986,0x1986,0x1986,0x1986,0x1986,0x1986,0x1986,0x21a7,
0xf66c,0xf74c,0xf70a,0xfee9,0xf708,0xf727,0xf749,0xf74c,0xf72d,0xf78d,0x7b06,0x58e4,0x39a6,0x4acb,0x52cb,0x426a,0x426a,0x426a,0x428a,0x4249,0x3a29,0x3a29,0x3a29,0x3a29,
0x4249,0x52ec,0x52eb,0x52ec,0x426a,0x4207,0x4a27,0x4a27,0x4207,0x5a68,0x6268,0x6a68,0xdcaa,0xd54b,0x59c6,0x59a6,0x7247,0x92e9,0x8ac8,0x92c9,0x92c8,0x8aa8,0xbbca,0xc3ea,
0x8a67,0x9287,0xf52b,0xf6d1,0xf7d9,0xf7b8,0xf7b8,0xf7b9,0xf710,0xf5c9,0xf7b7,0xffd8,0xffd8,0xffd8,0xffb8,0xfff8,0xfdea,0xfe4e,0xfff8,0xffd7,0xffd7,0xfff9,0xff52,0xdc88,
0x9206,0x79e6,0xbbca,0xc40a,0x9b09,0x7a67,0x8aa8,0x8aa8,0x7a27,0xb449,0xdd0b,0xd409,0x9329,0x3229,0x31e8,0x3a08,0x3208,0x31c7,0x4249,0x3a29,0x4a8a,0x426a,0x4a28,0x6a48,
0x7a8a,0x82ca,0x7a89,0x7a49,0x7269,0x51a6,0x3904,0x5145,0x6165,0x6985,0x71a4,0x59a6,0x69a5,0x71a4,0x69a4,0x69a4,0x71a4,0x6184,0x6984,0x5964,0x5143,0x5964,0x5964,0x28e4,
0x28e4,0x3904,0x5944,0x6164,0x5144,0x6144,0x6984,0x69a4,0x69a5,0x69a5,0x69a4,0x69a4,0x69a4,0x69a4,0x71e6,0x69c6,0x61a6,0x4965,0x4944,0x4965,0x7248,0x7a69,0x7a69,0x7a69,
0x7a69,0x7a69,0x8aaa,0x61e6,0x41a6,0x4a07,0x41c6,0x3165,0x41e7,0x4a28,0x5a68,0x5a48,0x5a89,0xa3aa,0xdd0b,0xed8b,0xb449,0x9ae8,0xab49,0xa328,0xb3eb,0xcc6c,0x9aa7,0x8a06,
0xbb07,0xfd2b,0xfff8,0xffd8,0xffd8,0xf7d8,0xf7b8,0xf5cd,0xf6b2,0xfff9,0xf7b8,0xf7d8,0xf7d8,0xf7d8,0xff76,0xfd6b,0xff34,0xfff9,0xffd8,0xffd8,0xfff8,0xf62f,0xa265,0x79a5,
0xab49,0xc40a,0xa349,0x92c9,0x9ae9,0x92e9,0x92e9,0x9ae9,0x92c8,0xbbaa,0xc40a,0xc3ca,0x69e6,0x59a6,0x61c6,0x4945,0x69a4,0x6185,0x4104,0x2904,0x1986,0x21a7,0x1986,0x1966,
0x2186,0x21a7,0x21a7,0x21a7,0x29e8,0x2186,0x2186,0x2186,0x21a6,0x2186,0x1986,0x2186,0x2186,0x2186,0x2186,0x2186,0x2186,0x2187,0x2187,0x2187,0x2187,0x2187,0x21a7,0x2186,
0x8307,0xfecc,0xfecc,0xf70a,0xf72a,0xef2a,0xef2c,0xef2b,0xef2a,0xe74c,0x6205,0x6124,0x3986,0x3a49,0x426a,0x3a49,0x3a29,0x3a29,0x4249,0x4249,0x4249,0x4249,0x4249,0x3a49,
0x3a29,0x4249,0x424a,0x426a,0x3a29,0x4207,0x4a27,0x4a27,0x4227,0x4a27,0x4a27,0x7288,0xdd2a,0xc4ea,0x8aa8,0x7227,0x7a47,0x8268,0x8288,0x8aa8,0x8aa8,0x8aa8,0xbbca,0xc3ea,
0x8a67,0x8a67,0xecea,0xf66f,0xffb5,0xf753,0xff94,0xf794,0xf6ee,0xf5e9,0xffb3,0xff94,0xff93,0xff93,0xff93,0xffd3,0xf5e9,0xfe4d,0xffb5,0xff94,0xff94,0xff95,0xff51,0xdcc9,
0x9a26,0x79e6,0xbbca,0xc3ea,0x9b29,0xa349,0xb389,0xab89,0xab49,0xa3a9,0xcc4a,0xbba9,0x8309,0x3a29,0x39c7,0x428a,0x4249,0x31a7,0x3a08,0x31e8,0x3a29,0x41e7,0x51e6,0x5a28,
0x5208,0x6228,0x7a69,0x7a89,0x6a28,0x4125,0x4124,0x5145,0x6165,0x71a4,0x7184,0x59a6,0x69a5,0x71a4,0x69a4,0x69a4,0x71a4,0x6184,0x6984,0x71a4,0x71a5,0x71a4,0x71a4,0x5144,
0x4924,0x6184,0x71a4,0x71a4,0x6184,0x71a4,0x69a4,0x69a4,0x69a5,0x69a5,0x69a4,0x6984,0x69a4,0x69a5,0x71e6,0x71e7,0x6986,0x61a6,0x4965,0x4944,0x59a6,0x7a69,0x7a69,0x7a69,
0x7a69,0x6208,0x5a07,0x6247,0x5a27,0x6288,0x4207,0x49e7,0x41e7,0x4a07,0x4207,0x4a27,0x62a9,0x9b6a,0x9349,0xd54b,0xabe9,0x9ae8,0xab29,0x9ae8,0xb3cb,0xd4ac,0x9ac7,0x8a26,
0xb368,0xfdac,0xfed1,0xf6d1,0xf6d2,0xf6d2,0xf691,0xfdad,0xf60f,0xf6d2,0xfef3,0xf6d2,0xf6d2,0xfef2,0xfe70,0xfd8b,0xfe6f,0xfef1,0xfef1,0xff11,0xfef1,0xfdcc,0xa286,0x79a5,
0xab49,0xc40a,0xa329,0x8aa8,0x92c8,0x92a8,0x92a8,0x92c8,0x8267,0xa329,0xabaa,0x9b29,0x4965,0x4945,0x4965,0x4125,0x69c4,0x6185,0x3904,0x20e3,0x1986,0x2186,0x3a07,0x4228,
0x21a7,0x1986,0x21a7,0x29e8,0x21a7,0x2186,0x2186,0x2186,0x2186,0x29c7,0x29e8,0x2186,0x2186,0x2186,0x21a7,0x21a7,0x21a7,0x2186,0x2186,0x2186,0x2186,0x2186,0x2186,0x2186,
0x40e4,0xa3c8,0xff0d,0xffac,0xffcd,0xffaa,0xf7ad,0xffad,0xffeb,0x8c47,0x40c4,0x6965,0x41a6,0x428a,0x428a,0x4249,0x426a,0x4acb,0x52cb,0x52eb,0x52eb,0x52eb,0x52eb,0x4acb,
0x3a29,0x3a29,0x3a29,0x3a29,0x3208,0x4207,0x4a27,0x4227,0x4228,0x39c7,0x5228,0x7a88,0xb3c9,0xedac,0xa329,0x9aa8,0xa2e9,0xa2e9,0xa309,0xab09,0xb32a,0x9b09,0xb3aa,0xc3ea,
0x8a67,0x8a88,0xed4d,0xed4a,0xf5a8,0xf5e9,0xf5e9,0xf5a7,0xf588,0xf549,0xf5a8,0xf568,0xf588,0xf5a8,0xf5c8,0xf5c8,0xf507,0xfd49,0xfd49,0xfd28,0xfd08,0xf508,0xfd69,0xdc69,
0x9a46,0x79e6,0xbbca,0xc3ea,0xa349,0xbbc9,0xcc0a,0xcc0a,0xc3ca,0xb429,0xcc4a,0xb349,0x6289,0x5248,0x5269,0x428b,0x4249,0x31e8,0x3a29,0x3a29,0x31e8,0x7aa8,0x932a,0x7aa9,
0x6aaa,0x5a08,0x51e7,0x6228,0x51a6,0x4104,0x4125,0x4124,0x6984,0x71a4,0x7184,0x59a6,0x69a5,0x71a4,0x69a4,0x69a4,0x71a4,0x6184,0x6984,0x69a4,0x69a4,0x69a4,0x69a4,0x6184,
0x71a4,0x71a4,0x6984,0x69a4,0x6164,0x69a4,0x69a4,0x69a4,0x69a5,0x69a6,0x71e6,0x71c5,0x71e6,0x79e6,0x71e6,0x71e7,0x61c6,0x5985,0x5185,0x4945,0x4945,0x6207,0x7a89,0x6208,
0x6a27,0x8ae8,0x9329,0xa3ec,0x72a8,0x39c6,0x4a27,0x41c7,0x41e7,0x31a6,0x4248,0x4a69,0x6289,0x6289,0xb42a,0xc469,0xa388,0x9ae8,0xa329,0x92c8,0xb3ca,0xccac,0x9a87,0x8a47,
0xbb69,0xfd8b,0xfdac,0xf5ac,0xfdcd,0xfdcd,0xf58c,0xf58c,0xfdcd,0xfdcd,0xfdad,0xf5ac,0xfdac,0xfdac,0xfd8c,0xfd8c,0xfdcc,0xfdcc,0xfdcc,0xfdcc,0xfdcc,0xfd8c,0xaa86,0x79a5,
0xab49,0xc40a,0xab69,0x8a88,0x8a88,0x8268,0x8267,0x7a06,0x71e6,0xab88,0xb3c9,0x92e8,0x4965,0x4145,0x4165,0x3945,0x71c4,0x6185,0x3904,0x2904,0x1966,0x29c7,0x836b,0x938b,
0x5aa9,0x1986,0x21a7,0x2186,0x2186,0x2186,0x2186,0x2186,0x2186,0x4acb,0x52ec,0x21a7,0x2186,0x21a7,0x1966,0x1126,0x1966,0x2186,0x2187,0x2186,0x2186,0x2186,0x2186,0x2186,
0x5165,0x4104,0x8327,0xb50a,0xb4e9,0xb4e8,0xb50a,0xb50a,0xa467,0x4144,0x3904,0x5124,0x39a7,0x42ab,0x428a,0x424a,0x4acb,0x52ec,0x52eb,0x52eb,0x52eb,0x52eb,0x52ec,0x4aab,
0x426a,0x3a29,0x3a29,0x3a29,0x3a09,0x39e7,0x4a27,0x4a27,0x41e7,0x3986,0x8ae9,0x6a27,0xb3c9,0xfe0c,0x9ae9,0x9288,0x9ac9,0x9ac9,0xa2e9,0xa309,0xab29,0x9ae9,0xbbca,0xc3ea,
0x8a67,0x92c9,0xeceb,0xf62e,0xf733,0xf733,0xf733,0xf754,0xf6ae,0xf5a8,0xff52,0xff55,0xff54,0xff54,0xff54,0xff75,0xfdaa,0xfe0b,0xff14,0xfef3,0xfef3,0xf714,0xfed0,0xd468,
0xa246,0x8206,0xbbaa,0xc3ea,0xa349,0xab69,0xb389,0xab49,0xab29,0xbc6a,0xcc8a,0xc3ca,0x7ae9,0x4a28,0x528a,0x428a,0x4249,0x31e8,0x3a49,0x3a49,0x39a6,0x82a9,0x628a,0x5a48,
0x6a89,0x7aea,0x6a89,0x49a6,0x4104,0x4124,0x4104,0x5944,0x71a4,0x6984,0x7184,0x59a6,0x69a5,0x71a4,0x69a4,0x69a4,0x71a4,0x6184,0x6984,0x69a4,0x69a4,0x69a4,0x71a4,0x6184,
0x6984,0x69a4,0x69a4,0x69a4,0x6164,0x69a4,0x69a4,0x69a4,0x69a5,0x69a5,0x71a5,0x7a06,0x71c5,0x69a5,0x71e6,0x69a6,0x6185,0x5124,0x5165,0x4945,0x4945,0x4145,0x49a6,0x7288,
0xb3a9,0xa34a,0x7a69,0x8b0a,0x832b,0x39c6,0x4228,0x3186,0x41e7,0x31a6,0x4228,0x4a89,0x4a07,0x7aca,0xe56b,0xf548,0xb3e7,0xa309,0xab49,0xa329,0xb3ca,0xccac,0xa2c7,0x8a67,
0xbb47,0xfdee,0xffb7,0xf776,0xff97,0xf776,0xff96,0xfdcd,0xf6b2,0xf7b7,0xf776,0xff96,0xff96,0xffb7,0xff34,0xfd6b,0xff34,0xffd7,0xffb7,0xffb7,0xffb7,0xfe0e,0xaa86,0x79a5,
0xab69,0xc40a,0xab69,0x92c9,0x9b09,0x9ae9,0x9b09,0x8247,0x8a88,0xd48a,0xbb89,0xb369,0x59a5,0x4945,0x5165,0x4125,0x71c4,0x6185,0x3904,0x30c4,0x5246,0xbd6b,0x8a68,0x7166,
0x7186,0x5986,0x2146,0x21a7,0x2186,0x2186,0x2186,0x21a7,0x1986,0x3208,0x428a,0x1966,0x21a7,0x1946,0x3a68,0x6b69,0x2965,0x2186,0x1986,0x2186,0x2186,0x2186,0x2186,0x2186,
0x4124,0x4945,0x4104,0x40e4,0x40e4,0x4105,0x40e4,0x40e4,0x4105,0x4924,0x4124,0x4924,0x39a7,0x42ab,0x428a,0x426a,0x4acb,0x52ec,0x52ec,0x52ec,0x52ec,0x52ec,0x4aab,0x4249,
0x426a,0x3a49,0x3a29,0x3a29,0x3a29,0x39e8,0x4208,0x4a27,0x4207,0x41e7,0x9b49,0x6a27,0x9328,0xf5ec,0x9ac8,0x9288,0x9ac9,0xa2e9,0xa2e9,0xa309,0xab2a,0x9ae9,0xbbeb,0xc42c,
0x8a88,0x92c9,0xe4eb,0xf691,0xfff9,0xf7b7,0xf7b7,0xfff9,0xff30,0xf608,0xffd6,0xffd8,0xffd8,0xffd8,0xffd8,0xfff8,0xfdca,0xfe6c,0xfff9,0xffd8,0xffd8,0xfff9,0xff72,0xd4a8,
0xa246,0x8206,0xb3aa,0xc40a,0x9b29,0x92c9,0x92c8,0x71e6,0x8248,0xb449,0xcc8a,0xc3ca,0x72c9,0x4227,0x4a69,0x42ab,0x3a49,0x31c7,0x3a29,0x29e8,0x59e5,0x7aa8,0x5a49,0x6249,
0x5a48,0x5a48,0x6269,0x59e7,0x4104,0x4125,0x4124,0x6984,0x71a4,0x69a4,0x7184,0x59a6,0x69a5,0x71a4,0x69a4,0x69a4,0x71a4,0x6184,0x6984,0x69a4,0x69a4,0x69a4,0x71a4,0x6984,
0x6984,0x69a4,0x69a4,0x69a4,0x5964,0x71a4,0x69a4,0x69a4,0x69a5,0x69a6,0x71c5,0x71c5,0x71e6,0x71c5,0x71e6,0x69a6,0x61a5,0x5964,0x4924,0x4965,0x5145,0x3904,0x8b08,0xa36b,
0x7a69,0x7249,0x7269,0x7a89,0x82c9,0x2124,0x3a49,0x31a7,0x41e7,0x31a6,0x4208,0x5289,0x41e7,0x8b4a,0xedcb,0xf568,0xbc07,0xa2e9,0xab49,0xa329,0xb3aa,0xdccc,0xab07,0x9288,
0xc347,0xfdce,0xffd8,0xf7b7,0xf7b7,0xffd8,0xf7b8,0xf5ad,0xf691,0xf7d8,0xffb7,0xffd7,0xffd7,0xffd8,0xff76,0xfd8b,0xff14,0xfff8,0xffb7,0xffb7,0xfff8,0xfe4f,0xaa86,0x79a5,
0xab69,0xc40a,0xab69,0x92c8,0x92e9,0x92e9,0x9b09,0x8247,0x92c8,0xc3e9,0xb368,0xb368,0x59a5,0x4945,0x5165,0x4125,0x71c4,0x61a5,0x4145,0x2083,0x7308,0xd469,0x9126,0x71c6,
0x71a6,0x6165,0x1904,0x1986,0x1986,0x2186,0x21a7,0x1946,0x3228,0x634b,0x426a,0x3208,0x1966,0x3207,0xce10,0x9c6e,0x6b2c,0x630c,0x29c7,0x1986,0x2186,0x1987,0x19a7,0x1986,
0x18a3,0x28c3,0x3104,0x3904,0x3904,0x3924,0x3904,0x3904,0x3904,0x28e3,0x30e3,0x3903,0x3186,0x426a,0x3a49,0x3a29,0x426a,0x426a,0x426a,0x426a,0x426a,0x426a,0x3a29,0x3a29,
0x3a29,0x3a29,0x3a29,0x3a29,0x3a29,0x39e8,0x4208,0x4a27,0x4227,0x5248,0x8ac9,0x92c8,0xc44a,0xf5cc,0x92c9,0x8a88,0x92a8,0x92a8,0x9ac9,0x9ae9,0xa2e9,0x92c8,0xbbca,0xcc2c,
0x92a9,0x92c9,0xed0c,0xf692,0xf7d8,0xf797,0xffb7,0xffd8,0xff10,0xf608,0xffb5,0xffb7,0xffb7,0xffb7,0xffb7,0xffd7,0xfdaa,0xfe6c,0xffd8,0xffb7,0xffb7,0xffb8,0xff31,0xdcc8,
0xa246,0x8206,0xb3aa,0xc40a,0x9b09,0x8288,0x8a88,0x71c6,0x7a07,0xb409,0xd48a,0xc3c9,0x7ae9,0x4a27,0x31a6,0x428b,0x3208,0x2987,0x4229,0x29c8,0x9ac5,0x9308,0x5229,0x6249,
0x6249,0x6249,0x6249,0x5986,0x4104,0x4104,0x5144,0x71a4,0x69a4,0x69a4,0x7184,0x59a6,0x69a5,0x71a4,0x69a4,0x69a4,0x71a4,0x6184,0x69a4,0x71a4,0x69a4,0x69a4,0x71a4,0x6184,
0x6984,0x7184,0x7184,0x6984,0x5944,0x71a4,0x69a5,0x6984,0x69a5,0x71e7,0x71e6,0x71e6,0x71c5,0x79e6,0x69a5,0x69a5,0x69a5,0x61a5,0x4924,0x4924,0x4945,0x4124,0x6a26,0x92c9,
0x7249,0x7a69,0x7a69,0x7249,0x92c9,0x51c5,0x3209,0x39e7,0x41e7,0x31a6,0x4207,0x6aca,0x4207,0x8b6a,0xedab,0xcc67,0xcc48,0x9ae9,0xa328,0xa308,0xb3ca,0xe50c,0xab07,0x9288,
0xcb47,0xf5cd,0xffd7,0xf7b7,0xf797,0xffb7,0xf797,0xf5ac,0xf670,0xf7d8,0xffb7,0xffb7,0xffb7,0xffd7,0xff76,0xfd8b,0xff13,0xffd8,0xffb7,0xffb7,0xffd8,0xfe4f,0xaa86,0x79a5,
0xab69,0xc40a,0xab49,0x8aa8,0x92e9,0x92c8,0x92e9,0x7a07,0x8aa7,0xc409,0xb368,0xb369,0x59a5,0x4945,0x5165,0x4125,0x71c4,0x6185,0x4966,0x3945,0x6986,0xd929,0xa146,0x6185,
0x6965,0x5945,0x4124,0x4924,0x2925,0x21a7,0x1966,0x3a48,0x9d10,0x5b2c,0x530c,0x4acb,0x1126,0x6baa,0xc590,0x6aed,0x7b8d,0x83ae,0x4249,0x1966,0x21a7,0x3186,0x3965,0x31a6,
0x31c7,0x31e8,0x31e8,0x31e8,0x31e8,0x31e8,0x31e8,0x31c8,0x31c8,0x31c8,0x31e8,0x31e8,0x3a09,0x3a29,0x3a29,0x3a29,0x3a29,0x3a29,0x3a29,0x3a29,0x3a29,0x3a29,0x3a29,0x3a29,
0x3a29,0x3a29,0x3a29,0x3a29,0x3a29,0x41e8,0x4a09,0x4a28,0x5228,0x5a49,0x6a48,0xa329,0xfdac,0xf5cc,0x82c9,0x7247,0x8aa8,0xa349,0xa329,0xa349,0xa349,0x9b09,0xbbeb,0xc3eb,
0x8a88,0x92e9,0xecea,0xf672,0xf7d8,0xffb7,0xffb7,0xffd8,0xff0f,0xf628,0xffb5,0xffb8,0xffb7,0xffb7,0xffb7,0xffd7,0xfdaa,0xfe6c,0xfff8,0xffb7,0xffb7,0xffd8,0xff32,0xdcc8,
0xa246,0x81e5,0xbbaa,0xc40a,0x9b29,0x9b08,0xab28,0xa328,0x9ae8,0xbc49,0xcc6a,0xc3ca,0x7b09,0x4a28,0x39c6,0x31c7,0x2165,0x31a7,0x426a,0x29c8,0x9ac5,0x82c9,0x5a29,0x6249,
0x6249,0x6249,0x5a48,0x4945,0x4104,0x4104,0x6164,0x71a4,0x71a4,0x7184,0x7184,0x59a6,0x6984,0x6984,0x6984,0x6984,0x6984,0x6164,0x6984,0x6984,0x6984,0x6984,0x6984,0x5964,
0x6984,0x69c5,0x69a5,0x7184,0x5144,0x7184,0x79e6,0x71a5,0x71a5,0x71e7,0x6964,0x71c5,0x71a5,0x6984,0x6985,0x69a5,0x69c5,0x69a5,0x5124,0x4903,0x5185,0x4944,0x4985,0x8289,
0x7269,0x7a69,0x7a69,0x7249,0x82a9,0x5a27,0x3209,0x39e7,0x41e7,0x31a6,0x39e7,0x6aa9,0x4a28,0x832a,0xed8b,0xd488,0xc428,0x8aa8,0x9ae8,0x8aa8,0xbbca,0xf54c,0xab28,0x92a8,
0xcb47,0xf5ad,0xffd7,0xffb7,0xf7b7,0xf7b7,0xffb7,0xf5cd,0xf670,0xfff8,0xffb7,0xffb7,0xffb7,0xffd8,0xff55,0xfd6b,0xff13,0xfff8,0xffb7,0xffb7,0xffd8,0xfe4f,0xaa86,0x79a5,
0xab69,0xc40a,0xab49,0x92a8,0x92c8,0x92c8,0x92a8,0x8a67,0x92c8,0xcc6a,0xb348,0xb368,0x5985,0x4945,0x5165,0x4125,0x69c4,0x6185,0x4125,0x3104,0x6247,0xf2ac,0xb107,0x5964,
0x6965,0x6145,0x6925,0x7145,0x5965,0x21a7,0x1125,0x6b8c,0x94f0,0x426a,0x530c,0x4acb,0x1126,0x6bca,0xb530,0x730d,0x7b6d,0x838e,0x4249,0x1966,0x21a7,0x4965,0x5124,0x59a6,
0x4249,0x3a49,0x3a49,0x3a49,0x3a49,0x3a49,0x3a49,0x3a49,0x3a49,0x3a49,0x3a49,0x3a49,0x3a29,0x3a29,0x3a29,0x3a29,0x3a29,0x3a29,0x3a29,0x3a29,0x3a29,0x3a29,0x3a29,0x3a29,
0x3a29,0x3a29,0x3a29,0x3a29,0x3a29,0x41e8,0x4a08,0x4a28,0x5248,0x6269,0x82a9,0xa309,0xe4ea,0xed8a,0x82e9,0x7247,0xa329,0xc40a,0xc3ea,0xc40b,0xc40b,0xab49,0xbbca,0xc42b,
0x8aa8,0x92e9,0xecea,0xf692,0xfff8,0xffb7,0xffb7,0xffd8,0xff10,0xf608,0xffb5,0xffb8,0xffb7,0xffb7,0xffb7,0xffd7,0xfdaa,0xfe6c,0xfff8,0xffb7,0xffb7,0xffd8,0xff52,0xdcc8,
0x9a46,0x81e5,0xbbca,0xc3ea,0xa349,0xbbca,0xc40a,0xc3ea,0xc3ca,0xb409,0xc42a,0xc3ea,0x8309,0x4228,0x4207,0x4249,0x4249,0x3208,0x426a,0x1925,0x7a26,0x6269,0x6269,0x6249,
0x6249,0x6249,0x5208,0x3904,0x4124,0x4124,0x5165,0x5165,0x5165,0x5985,0x59c6,0x6227,0x7247,0x7a47,0x7a47,0x7a47,0x7a47,0x7227,0x7a27,0x7a27,0x7a27,0x7a26,0x8247,0x59a5,
0x4124,0x4945,0x4986,0x4944,0x59a6,0x6a27,0x7268,0x72a9,0x6a48,0x6a69,0x7a89,0x7a89,0x7248,0x7248,0x6a27,0x59e7,0x59e7,0x6207,0x59e6,0x4965,0x5144,0x5165,0x4145,0x7248,
0x7a69,0x7a69,0x7a69,0x7a69,0x8289,0x4986,0x29c7,0x41e8,0x41e7,0x31a6,0x41e7,0x6aa9,0x5248,0x7b0a,0xe56b,0xe508,0xc408,0xa309,0xab49,0xa329,0xc3ea,0xf54c,0xab08,0x9aa8,
0xcb47,0xf5ad,0xffd7,0xffb7,0xffb7,0xf7b7,0xf7b7,0xfdac,0xfe70,0xfff8,0xffb7,0xffb7,0xffb7,0xffd8,0xff55,0xfd6b,0xff13,0xffd8,0xffb7,0xffb7,0xffd8,0xfe4f,0xaa86,0x79a5,
0xab69,0xc40a,0xab69,0xa308,0xab49,0xab29,0xab49,0xab29,0xab69,0xcc6a,0xbb89,0xb389,0x5985,0x4945,0x5165,0x4125,0x69c4,0x69e6,0x4966,0x30c4,0x6287,0xf44d,0xb0c7,0x6165,
0x6965,0x5945,0x7965,0x7145,0x5965,0x29a6,0x1146,0x634b,0x638d,0x4acb,0x52ec,0x4acb,0x1126,0x6b8a,0xb510,0x730d,0x7b6d,0x838e,0x4249,0x1966,0x21a7,0x61c6,0x6185,0x4945,
0x3a49,0x3a29,0x3a29,0x3a29,0x3a29,0x3a29,0x3a29,0x3a29,0x3a29,0x3a29,0x3a29,0x3a29,0x3a29,0x3a29,0x3a29,0x3a29,0x3a29,0x3a29,0x3a29,0x3a29,0x3a29,0x3a29,0x3a29,0x3a29,
0x3a29,0x3a29,0x3a29,0x3a29,0x3a29,0x4208,0x4a08,0x5229,0x5a49,0x6269,0x8ac9,0xa309,0xe509,0xedcb,0x82c9,0x7248,0xa329,0xc3ea,0xc3ea,0xc42b,0xc40b,0xb38a,0xbbcb,0xc42b,
0x92a9,0x8aa8,0xecea,0xf692,0xffd8,0xffb7,0xffb7,0xffd8,0xff10,0xf608,0xffb5,0xffb8,0xffb7,0xffb7,0xffb7,0xffd7,0xfdaa,0xfe6c,0xffd8,0xffb7,0xffb7,0xffb8,0xff32,0xdca8,
0x9a46,0x79e5,0xbbaa,0xc3ea,0xa349,0xbbc9,0xc3ea,0xc3ea,0xc3ea,0xab69,0xbba9,0xb3aa,0x6aca,0x4a28,0x4207,0x426a,0x3a29,0x18e4,0x39a6,0x3964,0x5a06,0x6227,0x41a6,0x51e6,
0x5a07,0x7288,0x3965,0x3904,0x4124,0x4125,0x4945,0x3924,0x3924,0x4965,0x5186,0x51c7,0x5a28,0x5a68,0x5a68,0x6289,0x6289,0x6289,0x6aa9,0x6289,0x6289,0x6289,0x6268,0x4145,
0x3904,0x4945,0x4124,0x3904,0x4965,0x6268,0x62a9,0x6289,0x6aa9,0x6a89,0x5249,0x4a28,0x5228,0x5249,0x3a08,0x39e7,0x39e7,0x31c7,0x39c7,0x31c6,0x4924,0x5145,0x3924,0x51a6,
0x7269,0x7269,0x6a48,0x6207,0x7269,0x4165,0x2166,0x39c7,0x41e7,0x31a6,0x39e7,0x62aa,0x628a,0x832a,0xe54b,0xd487,0xb3c7,0xa309,0xab49,0x9b08,0xbbca,0xf54c,0xab28,0x9aa8,
0xcb47,0xf5ad,0xffd7,0xffb7,0xffb7,0xffb7,0xffb7,0xfdac,0xfe91,0xfff8,0xffb7,0xffb7,0xffb7,0xffd8,0xff96,0xfd8b,0xff13,0xfff8,0xffb7,0xffb7,0xffd8,0xfe2f,0xaa86,0x79a5,
0xab69,0xc40a,0xab69,0xa308,0xab29,0xab29,0xab29,0xab49,0xab48,0xbbe9,0x92c8,0x7a46,0x4944,0x4965,0x51a6,0x4124,0x71e5,0x61c5,0x4125,0x3905,0x5a26,0xfc6d,0xb8c7,0x6185,
0x6965,0x5965,0x9985,0x8965,0x5965,0x29a7,0x1146,0x636c,0x844f,0x4a8b,0x530c,0x4acb,0x1126,0x6baa,0xc570,0x730d,0x7b6d,0x838e,0x4229,0x1966,0x21a7,0x59a6,0x5165,0x4145,
0x3208,0x3208,0x3a08,0x3a09,0x3a29,0x3a29,0x3a29,0x3a29,0x3a29,0x3209,0x3209,0x3229,0x3209,0x3209,0x3209,0x3a29,0x3a29,0x3a29,0x3a29,0x3a29,0x3a29,0x3a29,0x3a29,0x3a29,
0x3a29,0x3a29,0x3a29,0x3a29,0x3a29,0x4208,0x4a08,0x5229,0x5a49,0x6269,0x8ae9,0xa2e8,0xd4aa,0xf62e,0x7aa8,0x7247,0x9308,0xab89,0xab69,0xabaa,0xabaa,0xa36a,0xbbeb,0xc42b,
0x8a67,0x8268,0xecca,0xf6b2,0xfff9,0xffd7,0xffd7,0xfff9,0xff30,0xf608,0xffd5,0xfff8,0xffd7,0xffd7,0xffd7,0xfff8,0xfdca,0xfe6c,0xfff9,0xffd8,0xffd7,0xfff9,0xff73,0xdca8,
0x9a26,0x79c5,0xbbaa,0xc40a,0xa329,0x92e8,0x9b09,0x9b09,0x8ac9,0xc428,0xdc48,0xa389,0x6aca,0x4a28,0x4227,0x31c7,0x2166,0x4985,0x9308,0x9b49,0x9309,0x9b28,0x5a26,0x82c9,
0x82a8,0x9b0a,0x61e6,0x38e4,0x4124,0x4145,0x5165,0x4945,0x4924,0x4124,0x4944,0x4945,0x4986,0x49a6,0x5228,0x5a68,0x5a68,0x5a68,0x5a68,0x5a69,0x5a68,0x6289,0x51e7,0x30c4,
0x38e4,0x3904,0x3904,0x4145,0x4124,0x6227,0x72c9,0x6a68,0x6a89,0x6aa9,0x5227,0x5a68,0x5269,0x4229,0x39c7,0x39c6,0x39e7,0x39c6,0x39c6,0x31a6,0x3904,0x5145,0x4124,0x72aa,
0xa3ce,0xa3ae,0xa3ce,0x5207,0x82ec,0xabf0,0x934e,0x49c8,0x39e7,0x39c7,0x4208,0x62a9,0x62aa,0x8b6a,0xa409,0x82e7,0x9b48,0x9ae8,0xab29,0x8aa8,0xb389,0xf54c,0xab08,0x9aa8,
0xd347,0xf5ce,0xfff7,0xffd7,0xffd7,0xffd7,0xffb6,0xfd8c,0xfeb1,0xfff8,0xffb7,0xffb7,0xffd7,0xffd7,0xff75,0xfd8b,0xff34,0xfff7,0xffd7,0xffd7,0xffd7,0xfe0e,0xaa86,0x79a5,
0xab69,0xcc0a,0x9b29,0x8aa8,0x92e8,0x8aa8,0x9b08,0x8287,0x7247,0xb46b,0x9b48,0x8a87,0x59c6,0x5165,0x61e7,0x4986,0x61a4,0x69e6,0x4145,0x3925,0x3104,0xa308,0xa927,0x5124,
0x5944,0x38e3,0x7924,0x7144,0x5145,0x2186,0x1966,0x3208,0x636c,0x4acb,0x530c,0x3a49,0x1146,0x4288,0xb52f,0x7b4e,0x7b8d,0x7b6d,0x29e8,0x1986,0x19a7,0x51a6,0x6185,0x4145,
0x2186,0x31e8,0x3208,0x3a08,0x3a29,0x31e8,0x29c7,0x31c7,0x4207,0x6288,0x5a88,0x6288,0x6288,0x6288,0x6aa8,0x5269,0x426a,0x4aaa,0x4aaa,0x4aab,0x4aab,0x4aab,0x42ab,0x4aab,
0x4aab,0x4a8a,0x4249,0x426a,0x4229,0x41e8,0x4208,0x5229,0x5a49,0x5a49,0x9329,0x9ae8,0xccab,0xf64e,0x8aa8,0x8268,0x8288,0x8288,0x8268,0x7a68,0x8b0a,0x8ae9,0xbbaa,0xc3ea,
0x8a68,0x8227,0xeceb,0xf5ab,0xfe2b,0xfe2b,0xfe0b,0xfe2c,0xf60a,0xf5e9,0xf68c,0xf64d,0xf64d,0xf64d,0xf64d,0xfe6d,0xf58a,0xfd88,0xfe2d,0xf5cc,0xfdec,0xf5ed,0xfe2d,0xdc89,
0x9a26,0x79c5,0xb3aa,0xc40a,0x9b09,0x7a27,0x8268,0x8268,0x7208,0xbbe8,0xf4c8,0xcc4a,0x7b2a,0x4a27,0x4228,0x3a49,0x31e8,0x5207,0x6249,0x5a28,0x5229,0x7288,0x82c9,0x7aca,
0x7249,0x7a69,0x61e7,0x3904,0x4124,0x4944,0x59a6,0x4965,0x4124,0x4925,0x4945,0x5145,0x51e7,0x5248,0x5a68,0x5268,0x5248,0x5a68,0x6268,0x6248,0x4a27,0x5a89,0x49c7,0x30c4,
0x30e4,0x5145,0x4945,0x5186,0x59c7,0x5a47,0x5a48,0x5a68,0x5a48,0x5228,0x5a48,0x5248,0x3a09,0x3a08,0x31c7,0x39c6,0x31a6,0x31a6,0x31c6,0x31a6,0x28e3,0x5145,0x4144,0x7269,
0x82aa,0x7a89,0x82ca,0x6a48,0x69e7,0x9aca,0x92ca,0x5a08,0x39c7,0x39e7,0x428a,0x5269,0x5a89,0x6288,0x8308,0xf5ac,0xbc4a,0x9ac8,0xab49,0x8aa8,0xb3aa,0xfd6c,0xab08,0x9aa8,
0xd347,0xf56b,0xfe2c,0xfe2c,0xfe2d,0xfe2d,0xfdec,0xfd8b,0xfdcc,0xfe0c,0xfe2d,0xfe4d,0xfe0c,0xfe0c,0xfdec,0xfd8c,0xfdcc,0xfe0c,0xfe2c,0xfe2d,0xfe0c,0xfdac,0xaaa6,0x79a5,
0xab69,0xcc0a,0x9b49,0x8ac8,0x9b09,0x92e9,0x6a06,0x4966,0x830a,0xcccc,0xb368,0xbba9,0x7247,0x59c6,0x6a28,0x5a08,0x7205,0x69c5,0x4146,0x28e3,0x3944,0x3944,0x4164,0x4144,
0x3944,0x2923,0x3104,0x3924,0x3944,0x3145,0x3165,0x3144,0x3985,0x49e7,0x49e6,0x41a6,0x4a07,0x49e7,0x5a48,0x6288,0x6268,0x5a48,0x5207,0x5207,0x49e7,0x4985,0x4124,0x3125,
0x3208,0x3a29,0x3a29,0x3a29,0x3a29,0x4208,0x7268,0x8ae8,0xab48,0xbb88,0xe407,0xdbc6,0xe3c6,0xd3a7,0xb389,0xdbc6,0xa368,0x4aec,0x52ec,0x52ec,0x52ec,0x5b0b,0xab68,0x5b0b,
0x52ec,0x4acb,0x4249,0x428a,0x4249,0x41e8,0x4208,0x5229,0x5a49,0x5a49,0x82e9,0xa309,0xcc8b,0xf64e,0x92c8,0x8a88,0x8a88,0x8a88,0x8a88,0x8268,0x9309,0x9309,0xbbaa,0xc3ea,
0x8a68,0x8247,0xeceb,0xf5ac,0xfe6f,0xfe4e,0xfe4e,0xfe8f,0xfe0c,0xf5a8,0xf6b0,0xf6b0,0xf6b0,0xf6b0,0xf6b0,0xf6d0,0xf5ca,0xfdab,0xfe6f,0xfe6f,0xfe2e,0xf62f,0xfe6d,0xd469,
0x9205,0x71c5,0xb3aa,0xc40a,0x9b09,0x8268,0x92a8,0x92a8,0x8268,0xbc08,0xf4c8,0xb389,0x6aca,0x4229,0x3a29,0x3a49,0x31e8,0x49e7,0x6269,0x6249,0x5a49,0x72a8,0x7ac9,0x82ca,
0x7248,0x7a89,0x59c7,0x38e4,0x4125,0x4945,0x4965,0x4945,0x5165,0x4965,0x4945,0x4124,0x3924,0x3945,0x4145,0x3924,0x3904,0x3104,0x4964,0x4123,0x30e3,0x4965,0x5985,0x4104,
0x4104,0x5125,0x4925,0x5186,0x5165,0x5185,0x5185,0x4964,0x4924,0x3904,0x4124,0x3904,0x4124,0x4124,0x4965,0x3104,0x3924,0x4945,0x4144,0x28e3,0x30e3,0x5165,0x4124,0x51c7,
0x7a69,0x7248,0x7a69,0x6a28,0x49a6,0x7a69,0x7248,0x5a08,0x39c7,0x39c7,0x4aaa,0x4aab,0x528a,0x6a89,0xac07,0xe54b,0xc46a,0x9ae8,0xab49,0x9ae8,0xb389,0xf52c,0xa308,0x92a8,
0xd347,0xf5ad,0xfeb2,0xfeb1,0xfeb1,0xfeb1,0xfe91,0xfd8b,0xfe0f,0xfe91,0xf60f,0xf54d,0xfeb1,0xfe91,0xfe50,0xfd8b,0xfe4f,0xfed2,0xfe91,0xfe71,0xfe91,0xfdac,0xaaa6,0x79a5,
0xab69,0xc40a,0xb38a,0x9ae9,0x92c9,0x9b09,0x6a07,0x4966,0x8b2a,0xc48b,0xb348,0xab48,0x5185,0x61e7,0x6a28,0x51a6,0x7a46,0x69c6,0x3904,0x28c3,0x4945,0x4965,0x4945,0x4965,
0x4945,0x4945,0x4945,0x4145,0x4145,0x4145,0x4145,0x4145,0x4124,0x3924,0x3924,0x3924,0x3924,0x3924,0x3924,0x3104,0x3104,0x3104,0x3124,0x3124,0x3104,0x2904,0x2904,0x2904,
0x3a49,0x3a29,0x3a29,0x3a49,0x39c7,0x5985,0x5985,0x8267,0x9309,0xc347,0xfbc5,0xdba7,0xc388,0xd3a7,0xdba7,0xdba7,0xebc6,0x62ea,0x4aec,0x52eb,0x52ec,0x630b,0xdba6,0x5b0b,
0x52ec,0x4acb,0x4249,0x428a,0x4249,0x41e8,0x41e8,0x4a28,0x5a69,0x6269,0x6269,0x9b28,0xe52a,0xf62e,0x92c8,0x8a88,0x8aa8,0x8a88,0x8aa8,0x8268,0x92e9,0x92e9,0xbbca,0xc40a,
0x8a68,0x8247,0xecca,0xf671,0xfff9,0xfff8,0xfff8,0xfffa,0xfeef,0xf5a8,0xfff9,0xfffb,0xd5b2,0xb3cb,0xfffa,0xfffb,0xf66b,0xfeaf,0xfffc,0xbd30,0xe737,0xfffc,0xff92,0xcc48,
0x91e5,0x71a5,0xb3aa,0xc40a,0x9b09,0x8268,0x8a88,0x8a88,0x8268,0xb3c8,0xf4e8,0xa328,0x6aca,0x5289,0x4249,0x3a29,0x3208,0x5208,0x6a69,0x6269,0x6249,0x72a9,0x7aa8,0x82aa,
0x7a69,0x82a9,0x59c7,0x38e4,0x4925,0x3904,0x4124,0x4124,0x3904,0x4124,0x5144,0x4924,0x6145,0x6965,0x6945,0x6965,0x6965,0x5124,0x6984,0x71a4,0x71a4,0x7984,0x81a4,0x7184,
0x6985,0x4904,0x4103,0x71a5,0x8206,0x81c5,0x81a4,0x81a4,0x81a4,0x6164,0x79a4,0x71a4,0x71a4,0x71a4,0x79a4,0x4923,0x5964,0x71c6,0x6185,0x3904,0x4904,0x5145,0x4124,0x6228,
0x82aa,0x8289,0x82a9,0x7248,0x51c6,0x82aa,0x8289,0x5a08,0x39c7,0x31a6,0x4249,0x4aec,0x734c,0x7aea,0xa3c7,0xe54b,0xc48a,0xa2e8,0xab69,0x9ae8,0xab69,0xed0b,0xa308,0x92a8,
0xcb47,0xf5ad,0xfff8,0xfff8,0xfff8,0xfff8,0xffd7,0xfdac,0xfeb2,0xfffa,0xedf2,0xc1c5,0xf6f5,0xfff9,0xff76,0xfd6b,0xf692,0xe6b4,0xf7b7,0xfff8,0xfff8,0xfdee,0xaa86,0x79a5,
0xab49,0xc40b,0xab69,0x92e9,0x9b09,0x9b09,0x6a27,0x4165,0x830a,0xc48b,0xb389,0xab8a,0x51c6,0x61c7,0x6208,0x6208,0x7a46,0x61a5,0x3904,0x28c3,0x20c3,0x28e3,0x20e3,0x20e3,
0x20e3,0x20c3,0x20e3,0x20e3,0x20e3,0x20e3,0x20e3,0x20e3,0x20e3,0x20e3,0x20e3,0x28e3,0x28e4,0x2904,0x2904,0x2904,0x2904,0x2904,0x2904,0x2904,0x2904,0x2904,0x2904,0x3125,
0x3208,0x3a09,0x3a29,0x3a29,0x2904,0x4104,0x4944,0x61c6,0x59c6,0x9246,0x9a86,0x9266,0x9a86,0x9266,0xaac6,0xe3a7,0xf3e6,0x7ac7,0x2a29,0x3a69,0x2a2a,0x5269,0xeba6,0x7b09,
0x3a8b,0x4a8a,0x3a49,0x424a,0x3a29,0x4208,0x4208,0x39e8,0x5228,0x6a89,0x6a49,0xa348,0xed4a,0xedee,0x82a8,0x7248,0x7248,0x7a48,0x7a68,0x7a68,0x7a88,0x8aa8,0xbbca,0xc40a,
0x8a68,0x8247,0xecca,0xf62f,0xfff8,0xffb7,0xffb7,0xffd8,0xfeae,0xf5a8,0xffb8,0xfffa,0xdd70,0xaae8,0xffd9,0xfffa,0xf64b,0xfe8f,0xf799,0x6984,0xcdd2,0xfffb,0xff51,0xcc48,
0x89c5,0x71a5,0xb3aa,0xc40a,0x9b09,0x8268,0x8aa8,0x8288,0x7228,0xaba8,0xf4c8,0xab48,0x72ea,0x6aaa,0x4a49,0x3a29,0x3a08,0x49c7,0x51e8,0x51e8,0x49c8,0x7288,0x5a06,0x51c8,
0x6208,0x6208,0x4186,0x38e4,0x4925,0x30e3,0x5964,0x6984,0x5964,0x6984,0x71a4,0x4924,0x6184,0x71a4,0x69a4,0x69a4,0x71a4,0x5944,0x79a4,0x79a4,0x79a4,0x81a4,0x79a4,0x79a4,
0x9205,0x89e5,0x89e5,0x9205,0x7a06,0x79a4,0x7984,0x7984,0x81a4,0x6164,0x79a5,0x71a4,0x69a4,0x69a4,0x71a4,0x5964,0x6164,0x69a5,0x6185,0x4124,0x4924,0x5145,0x3104,0x3124,
0x49a6,0x4986,0x51a6,0x4165,0x3124,0x59e7,0x59e7,0x3965,0x39e7,0x31c7,0x39e7,0x4228,0x6aea,0x7aea,0xb427,0xed6b,0xcc8a,0x8aa8,0x9b08,0x7a67,0xab69,0xed0b,0xa308,0x9288,
0xcb67,0xf5ac,0xffb7,0xffb7,0xffb7,0xffb7,0xffb7,0xfdcd,0xfe70,0xfff9,0xe54f,0xc164,0xf6f4,0xfff8,0xff55,0xfdcc,0xdd2e,0xa2e8,0xf735,0xffd7,0xffb7,0xfe0e,0xaa86,0x7185,
0xab49,0xc40b,0xa369,0x8288,0x7a67,0x82a8,0x4985,0x3945,0x8b2a,0xc48b,0xb369,0xab89,0x59e6,0x6a28,0x6207,0x59e7,0x7205,0x6184,0x3904,0x2904,0x1986,0x1986,0x1986,0x1986,
0x1986,0x1986,0x1986,0x2186,0x2186,0x2186,0x2186,0x2186,0x2186,0x2186,0x2186,0x2186,0x2186,0x2186,0x2186,0x2186,0x2186,0x2186,0x2186,0x2186,0x2186,0x2186,0x2186,0x2186,
0x29c8,0x29c8,0x29c7,0x2145,0x4924,0x5185,0x6207,0x7268,0x6a06,0xa328,0xb368,0xcbe8,0xe447,0xdc27,0xdc28,0xe468,0xf4c7,0xdc07,0x39e8,0x2229,0x6288,0xcb66,0xf3c6,0xdb86,
0x4a48,0x3a29,0x3a29,0x3a29,0x3a29,0x4208,0x41e8,0x41e7,0x5228,0x6289,0x6a49,0x9b28,0xe4c9,0xed8d,0x7aa9,0x7249,0x6a28,0x8aa8,0x92c9,0x92e9,0x92c9,0x8ac8,0xbbca,0xc40a,
0x8a68,0x8247,0xecca,0xf60f,0xfff8,0xffb7,0xffb7,0xfff8,0xfeae,0xfd88,0xffd8,0xfffa,0xf693,0xbbaa,0xffd9,0xfffa,0xf64c,0xfe90,0xfff9,0x71e5,0xc530,0xfffc,0xff71,0xcc48,
0x89c5,0x71a5,0xb3aa,0xc40a,0x9b09,0x8aa8,0x92e9,0x92e9,0x6a08,0xb3e8,0xf4e8,0xbba9,0x72ea,0x62aa,0x4a49,0x3a29,0x3208,0x4186,0x5a08,0x5a28,0x5a08,0x7289,0x6248,0x49e7,
0x51e7,0x5208,0x3965,0x3904,0x4125,0x30e3,0x6184,0x71a4,0x71a4,0x71a4,0x71a4,0x4924,0x6984,0x71a4,0x69a4,0x69a4,0x71a4,0x5944,0x7984,0x81a4,0x81a4,0x81a4,0x81a4,0x7184,
0x89e5,0xa245,0xbb06,0x91e5,0x79c5,0x79a4,0x81a4,0x79a4,0x81a4,0x6144,0x79a5,0x71a4,0x69a4,0x69a4,0x71a4,0x5964,0x6164,0x69a6,0x6185,0x4124,0x5124,0x4924,0x3124,0x6a69,
0x6a89,0x6269,0x6248,0x6248,0x6a89,0x72ca,0x7aea,0x41a6,0x39c7,0x3a08,0x3a49,0x3a08,0x6289,0x7aea,0xc467,0xed8b,0xbc4a,0x8a87,0x9ae8,0x7a67,0xab69,0xed0b,0xa2e8,0x8a67,
0xcb67,0xfdcd,0xffd7,0xffb7,0xffb7,0xffb7,0xffd7,0xfdcd,0xfe70,0xfff9,0xf6f5,0xd3cb,0xfff8,0xffd7,0xff96,0xfdac,0xf6d4,0xcd0f,0xfff8,0xff97,0xffd8,0xf60e,0xa265,0x7185,
0xab49,0xc40a,0xa349,0x8aa7,0x8aa7,0x92c8,0x92c8,0x7227,0x8b6b,0xcccc,0xb328,0xb3aa,0x6207,0x6207,0x6207,0x59c7,0x71e4,0x6185,0x3904,0x28e3,0x1986,0x2186,0x2187,0x2187,
0x2186,0x2186,0x2186,0x2186,0x2186,0x2186,0x2186,0x2186,0x2186,0x2186,0x2187,0x21a7,0x21a7,0x2186,0x2186,0x2186,0x2186,0x2187,0x2187,0x2187,0x2187,0x2187,0x21a7,0x2186,
0x4249,0x3a29,0x3a29,0x3945,0x5165,0x5165,0x61a5,0x7a27,0x7a47,0xb348,0xc367,0xe3a6,0xec07,0xec88,0xeca9,0xd429,0xdc49,0xec68,0x5248,0x1a0a,0xb347,0xfbe6,0xe3a6,0xf3c6,
0x8ae8,0x3209,0x4229,0x3a29,0x3a29,0x4208,0x39e8,0x4a07,0x5a48,0x6269,0x6a69,0xab89,0xdcaa,0xed4c,0x82a9,0x7a49,0x6a28,0x92c8,0x9ae9,0x92e9,0x92e9,0x92c8,0xbbca,0xc40a,
0x8a68,0x8247,0xecea,0xf60f,0xfff8,0xffb7,0xffb7,0xfff8,0xfead,0xf588,0xffd8,0xfffa,0xf693,0xbbca,0xffd9,0xfffa,0xf64c,0xfe6d,0xcd30,0x71a4,0x7227,0xef58,0xff92,0xcc28,
0x81a5,0x71a5,0xb3aa,0xc40a,0xa34a,0x8ac8,0x9b09,0x9b09,0x6a08,0xbbe7,0xe486,0xbba9,0x7aea,0x62aa,0x4a48,0x3a49,0x2166,0x51e7,0x830b,0x7aca,0x7aea,0x7aca,0x7aca,0x7aea,
0x7aca,0x7aea,0x51e7,0x38e3,0x4125,0x3904,0x6984,0x71a4,0x71a4,0x71a4,0x71a4,0x4944,0x6984,0x71a4,0x71a4,0x69a4,0x71a5,0x5944,0x7984,0x81a4,0x81a4,0x81a4,0x81a4,0x7184,
0x89c5,0xc306,0xec27,0x9205,0x79a5,0x7984,0x81a4,0x79a4,0x81a4,0x5944,0x71a5,0x71a4,0x69a4,0x69a4,0x71a4,0x5944,0x5964,0x69a6,0x6185,0x4124,0x5124,0x4104,0x51c7,0x9b6c,
0x82ca,0x82aa,0x82aa,0x82ca,0x8aea,0x8aea,0x9b6c,0x6269,0x31a6,0x3a08,0x3a49,0x3a08,0x6aa9,0x7aea,0xc467,0xfdcc,0xb40a,0x9ae8,0xb369,0x9ae8,0xb389,0xed0b,0xa2e8,0x8a27,
0xc368,0xfdee,0xffd7,0xfff8,0xffd7,0xffb7,0xffd7,0xfdcd,0xfe50,0xfff8,0xf756,0xdc2c,0xffd7,0xffd7,0xff96,0xfdac,0xbbeb,0x9246,0xd5d1,0xfff8,0xffd7,0xf60e,0xa265,0x6985,
0xab49,0xcc0a,0xa349,0xa329,0xb369,0xab49,0xb369,0x8288,0x8b4a,0xd58e,0xab28,0xab69,0x6207,0x59c6,0x61c6,0x51a6,0x69c4,0x61a5,0x3904,0x28e3,0x1986,0x2186,0x2186,0x2186,
0x2186,0x2186,0x2186,0x2186,0x2186,0x2186,0x2186,0x2186,0x2186,0x2186,0x1986,0x1966,0x1986,0x2186,0x2186,0x21a7,0x21a7,0x21a6,0x2186,0x2186,0x2186,0x2186,0x2186,0x2186,
0x4249,0x3a29,0x3a29,0x3945,0x5165,0x5165,0x5965,0x7a06,0x8246,0xaac8,0xab28,0xd366,0xe386,0xdbc8,0xf469,0xcc09,0xcbe9,0xfce9,0x82e8,0x11ea,0xab47,0xfbe6,0xebc6,0xfbe6,
0x9b07,0x3229,0x4249,0x3a29,0x3a29,0x4208,0x41e8,0x4207,0x5a48,0x6a69,0x6a89,0xb3ca,0xcc4a,0xe52c,0x82c9,0x7a49,0x6a28,0x92c8,0x9ae9,0x9ae9,0x9ae9,0x92c8,0xbbaa,0xc40a,
0x8a68,0x8227,0xecca,0xf630,0xfff8,0xffb7,0xffb7,0xffd8,0xfeae,0xfd88,0xffd8,0xfffa,0xf6b3,0xc3eb,0xffd9,0xfffa,0xf64d,0xfe0a,0xab89,0x8206,0x5124,0xd677,0xffb2,0xcc28,
0x89c5,0x71a5,0xb3aa,0xc3ea,0xa34a,0x92e9,0x9309,0x9309,0x6a28,0x9b47,0xcc67,0xcc2a,0x72ea,0x62aa,0x5248,0x3a49,0x29a7,0x41a6,0x6249,0x5a28,0x5a28,0x5a28,0x5a28,0x5a28,
0x5a28,0x6249,0x49a6,0x38e4,0x4125,0x3904,0x6184,0x6984,0x6164,0x6164,0x6984,0x4103,0x6164,0x6964,0x6964,0x6964,0x6984,0x4903,0x7163,0x7984,0x7984,0x7984,0x7984,0x7164,
0x81a5,0xca85,0xf3e6,0xaa45,0x79a5,0x79a4,0x81a4,0x79a4,0x81a4,0x5944,0x71a5,0x71a4,0x69a4,0x69a4,0x71a4,0x5144,0x5964,0x69a6,0x6185,0x4124,0x5124,0x4104,0x3966,0x7a69,
0x7248,0x7249,0x7249,0x7249,0x7249,0x7228,0x8aeb,0x6269,0x39a6,0x3a08,0x3a49,0x3a08,0x72ca,0x7aea,0x7ae7,0xac09,0x7267,0xa308,0xab49,0x9b08,0xb389,0xed0b,0xa2e8,0x8206,
0xbb88,0xfe0e,0xfff8,0xd5d1,0xf776,0xffd7,0xffb7,0xfdcd,0xfe50,0xfff8,0xf6d4,0xd329,0xffb7,0xffb7,0xff96,0xdc8a,0x99e4,0x8184,0x89e6,0xef36,0xffd8,0xf5ee,0x9a45,0x6965,
0xa329,0xc40a,0xa369,0x8aa8,0x8aa8,0x8aa8,0x8ac8,0x7a48,0x7268,0xc56b,0xa387,0x7a46,0x4986,0x4965,0x4965,0x4145,0x6183,0x69a5,0x3904,0x28e4,0x1986,0x21a7,0x21a6,0x1986,
0x1987,0x2186,0x2186,0x2186,0x2186,0x2186,0x2186,0x2186,0x2187,0x1986,0x3a28,0x52cb,0x31e8,0x1986,0x21a7,0x1966,0x1125,0x1966,0x21a6,0x2186,0x2186,0x2186,0x2186,0x2186,
0x3208,0x3229,0x2186,0x28c3,0x4124,0x4125,0x4145,0x3904,0x69c5,0x9287,0x9266,0x9a86,0xc326,0xcb25,0xb306,0x9b08,0x92c7,0xbb87,0x7267,0x11c9,0x82c8,0xbb67,0xbb47,0xc367,
0x6aa8,0x29e9,0x3208,0x3209,0x3208,0x39e8,0x39a7,0x39c7,0x41e7,0x6249,0x7269,0x9b49,0xd44a,0xe52c,0x7aa9,0x6a28,0x6a27,0x82a8,0x8aa8,0x8aa8,0x8aa8,0x8288,0xbbaa,0xc40a,
0x8a88,0x7a07,0xecea,0xfe92,0xff93,0xff52,0xffd6,0xfff9,0xf68e,0xe4e6,0xffd8,0xfffb,0xf693,0xc40b,0xfff9,0xfff8,0xf64b,0xfd69,0xabca,0x79e6,0x5964,0xde70,0xffaf,0xcc08,
0x89c5,0x71a5,0xb3aa,0xc40a,0x9b29,0x7a88,0x8ac9,0x82a9,0x6a29,0xb448,0xd4c9,0xab8a,0x72ea,0x6aca,0x4a07,0x3a08,0x31e8,0x49c7,0x6269,0x6249,0x6249,0x6249,0x6249,0x6249,
0x6248,0x6269,0x49a6,0x38e4,0x4925,0x28c3,0x30e3,0x4124,0x3904,0x49a5,0x49e6,0x49a6,0x6227,0x7268,0x7268,0x7268,0x7248,0x6a06,0x71e6,0x7a06,0x8206,0x8226,0x8226,0x8a26,
0x8a46,0xb266,0xf386,0xe305,0x81a5,0x7984,0x81a4,0x79a4,0x81a4,0x6144,0x79a5,0x71a4,0x69a4,0x69a4,0x71a4,0x5144,0x5964,0x69a6,0x6185,0x3904,0x4924,0x4904,0x3945,0x7a89,
0x7a69,0x7a69,0x7a69,0x7a69,0x7a69,0x7249,0x8b0b,0x6a89,0x39c6,0x3a08,0x3a29,0x3a28,0x5a89,0x5a49,0xb42b,0x9389,0x51c7,0xa309,0x9b09,0x8287,0xb389,0xdc8b,0x9288,0x79c6,
0xb368,0xfe2f,0xf777,0xbc48,0xeed4,0xfff8,0xffd7,0xfdac,0xfe91,0xfffa,0xe5b1,0xcae8,0xfff8,0xfff8,0xf755,0xec05,0xbb27,0x8226,0x9903,0xddb2,0xfff9,0xf5ad,0x9225,0x6145,
0xa329,0xcc0b,0xa349,0x8268,0x8a88,0x8288,0x8a88,0x8a68,0x8ac8,0xd509,0xbba9,0xb369,0x6a07,0x59c6,0x61c7,0x59a6,0x71e4,0x69a5,0x3904,0x28e4,0x1986,0x2186,0x1966,0x2986,
0x3186,0x2986,0x1987,0x2186,0x2186,0x21a6,0x2186,0x2186,0x21a7,0x1986,0x426a,0x632c,0x3a29,0x2186,0x1966,0x3228,0x6bcc,0x3a48,0x1986,0x2186,0x2186,0x2186,0x2186,0x2186,
0x59c6,0x59c6,0x5985,0x61a5,0x71e6,0x8226,0x8a46,0x8a46,0x8a46,0x9a66,0x9a65,0xa286,0xa286,0xa286,0xaac6,0xbb06,0xc306,0xc306,0xc306,0xcb46,0xc366,0xc367,0xc367,0xc367,
0xbb47,0xbb26,0xbb26,0xbb26,0xc346,0xc346,0xc346,0xc346,0xcb66,0xc346,0x7248,0x9368,0xf549,0xe52c,0x82c8,0x7268,0x7a88,0x7268,0x7268,0x7268,0x7268,0x7247,0xbbaa,0xc40a,
0x8a88,0x71a6,0xb3a9,0xe5cd,0xe5cb,0xe5aa,0xe5cb,0xf6d2,0xee8e,0xab25,0xfe0f,0xfef4,0xed4e,0xb348,0xfdcb,0xf5c8,0xf4e8,0xf468,0xab89,0x79e6,0x59a5,0xd527,0xe4a8,0xbb68,
0x8a05,0x69a5,0xb38a,0xc42b,0xa34a,0x8247,0x92c9,0x9ae9,0x69e7,0xac27,0xe509,0xabaa,0x62aa,0x62a9,0x39c6,0x3a08,0x31e8,0x49c7,0x6269,0x6249,0x6249,0x6249,0x6249,0x6249,
0x6248,0x6269,0x49a6,0x38e4,0x4925,0x20c3,0x4104,0x5985,0x5165,0x4945,0x41e7,0x4a48,0x5248,0x5a89,0x5a89,0x5a89,0x5a89,0x6aa9,0x6a69,0x6269,0x7289,0x7a89,0x7a89,0x8289,
0x7aa9,0x7a48,0xec28,0xf4c8,0xa204,0x7984,0x81a4,0x79a4,0x81a4,0x6144,0x79a5,0x71a4,0x69a4,0x71a4,0x6984,0x28a2,0x5124,0x71c6,0x6185,0x3904,0x4924,0x4904,0x4186,0x7a89,
0x7a69,0x7a69,0x7a69,0x7a69,0x7a69,0x7249,0x932b,0x6a89,0x39a6,0x39e8,0x3a29,0x4229,0x4a69,0x5a89,0xdccc,0xfe2c,0x82e8,0x8289,0xa329,0x8aa7,0xb3a9,0xbb89,0x7a07,0x79c5,
0xaac7,0xf56c,0xab48,0x9225,0xcb68,0xd4ac,0xfe0e,0xf58b,0xf5cd,0xfe2f,0xd349,0xca65,0xf56a,0xf56a,0xece8,0xebe5,0xb307,0x8206,0xb164,0xed8d,0xfef0,0xed0b,0x81e5,0x5925,
0xa308,0xcc0b,0x9b29,0x7a48,0x8a88,0x8a88,0x8a88,0x8a88,0x8ac8,0xcc89,0xb349,0xb368,0x69e6,0x59a6,0x61c6,0x59a6,0x71e5,0x69a5,0x3904,0x2904,0x1966,0x29e7,0x5a47,0x6145,
0x6965,0x6165,0x3966,0x1986,0x2186,0x1986,0x2186,0x2186,0x21a6,0x1966,0x3a29,0x52ca,0x3208,0x1966,0x29c7,0xce53,0x9cd1,0x6b6d,0x4249,0x1986,0x2187,0x1986,0x1986,0x21a7,
0x7185,0x7185,0x71a6,0x71a6,0x79a6,0x79c6,0x79c6,0x79c6,0x79c6,0x79c6,0x79a6,0x79a6,0x79a5,0x79c5,0x8a05,0x9225,0x9226,0x8a05,0x8a05,0x8a05,0x89e5,0x89e5,0x89e5,0x89e5,
0x89e5,0x8a05,0x8a05,0x8a05,0x8a05,0x9225,0x9225,0x9a45,0xa266,0x9225,0x7227,0xb408,0xed29,0xe52c,0x82c9,0x7268,0x7a88,0x7a88,0x7a88,0x7a88,0x7288,0x7247,0xbbaa,0xc40a,
0x8a88,0x6166,0x5944,0x79a4,0x79a4,0x79a4,0x79a4,0x81c4,0xec67,0xcb45,0xb347,0xdc29,0x9a65,0xcac6,0xfb67,0xf347,0xf307,0xf408,0xa389,0x71c6,0x61e5,0xc3e7,0xaa67,0xaac7,
0x9226,0x69a5,0xb38a,0xc42b,0xa349,0x8268,0x92c9,0x92c9,0x69e7,0xa3c7,0xe4c9,0xc40a,0x6289,0x4a27,0x39e7,0x3a08,0x31e8,0x49e7,0x6269,0x6249,0x6249,0x6249,0x6249,0x6249,
0x6249,0x6a69,0x49c7,0x38e4,0x4125,0x30e4,0x5964,0x5165,0x4945,0x4104,0x4924,0x41e7,0x4227,0x4207,0x4207,0x4207,0x4a28,0x5a69,0x6248,0x6a49,0x7269,0x7269,0x7249,0x6a69,
0x8269,0xb206,0xf549,0xfd49,0xba45,0x7984,0x81a4,0x79a4,0x81a4,0x6144,0x79a5,0x71a4,0x6984,0x71a5,0x38e3,0x5205,0x6a46,0x6165,0x69a5,0x3904,0x4924,0x4104,0x4186,0x8289,
0x7a69,0x7a69,0x7a69,0x7a89,0x8289,0x7a48,0x8b0b,0x5a48,0x39a6,0x39e7,0x3a29,0x4208,0x4a48,0x834b,0xd4ac,0xfe2d,0xb42b,0x8aa9,0xb369,0x9b08,0xbbca,0xbba9,0x79e7,0x71a6,
0x9a45,0x9225,0x8184,0x8184,0xa245,0x99c4,0xc9e5,0xca46,0xdb26,0xdb26,0xd285,0xd285,0xdb45,0xdb45,0xdb46,0xeba6,0xbb27,0x79e6,0xa964,0xd9c4,0xba05,0x71c6,0x6965,0x6125,
0x9ae8,0xd42b,0x9b29,0x59e7,0x6a27,0x6a27,0x6a27,0x6a07,0x7267,0xcca9,0xb369,0xb369,0x5985,0x59c6,0x61c6,0x59c7,0x7a05,0x69a5,0x3904,0x3104,0x1126,0x5b28,0xe369,0x68e5,
0x6165,0x6965,0x5945,0x2186,0x1986,0x31e7,0x21a7,0x1986,0x1986,0x29e6,0x9ca9,0x6b6d,0x5b0c,0x1966,0x52e9,0xb570,0x52ab,0x634d,0x730b,0x31c6,0x2986,0x51c7,0x51e7,0x4186,
0x6145,0x6145,0x6145,0x6145,0x6145,0x5945,0x5945,0x5945,0x6145,0x6145,0x6145,0x6145,0x6145,0x5925,0x5925,0x5925,0x5925,0x5945,0x5925,0x5945,0x5945,0x5945,0x5945,0x5925,
0x5925,0x5925,0x5925,0x5925,0x5925,0x5925,0x5105,0x5925,0x5905,0x5925,0x8268,0xb3c9,0xd46a,0xed4c,0x82c9,0x7268,0x7a88,0x7a88,0x7a88,0x7a88,0x6a48,0x6a07,0xb38a,0xbbaa,
0x9ac8,0x8a87,0x5124,0x5144,0x5944,0x5944,0x5944,0x5124,0xdae5,0xfb86,0xc245,0x6924,0xba85,0xfb67,0xf2e7,0xf2e7,0xf2a7,0xf348,0xa309,0x71e7,0x6206,0xbbe7,0xaaa7,0xaac7,
0x8a05,0x69a6,0xb3cb,0xcc2b,0xa36a,0x8289,0x8aa8,0x8268,0x69e7,0x9b88,0xe4ca,0xcc0a,0x62a9,0x4227,0x4207,0x31e8,0x31e8,0x3125,0x4187,0x4187,0x4167,0x4187,0x3967,0x3967,
0x4167,0x4187,0x3145,0x3904,0x4125,0x38e3,0x5964,0x4124,0x30e3,0x3904,0x4145,0x4207,0x4228,0x4228,0x4228,0x4228,0x4248,0x4a48,0x5248,0x6a69,0x7a68,0x8268,0x8aa8,0xaa67,
0xe2c6,0xfc48,0xf66a,0xf427,0xc245,0x7984,0x81a4,0x79a4,0x81a4,0x6144,0x79a5,0x71a4,0x6984,0x71c5,0x38c3,0x9bc9,0x8327,0x5945,0x69a6,0x4124,0x5124,0x4924,0x28e4,0x51c6,
0x6207,0x6207,0x6207,0x49a6,0x4165,0x5a08,0x41a6,0x2104,0x41e7,0x39e7,0x3a29,0x4a49,0x4a68,0x834b,0xd4ac,0xfded,0xb42a,0x8268,0xa329,0x7a47,0xab69,0xc3ea,0xc3ea,0x8a67,
0x89c5,0x81a4,0x79a4,0x81a4,0x7984,0x81a4,0xa164,0xb144,0xdb45,0xebe6,0xebe6,0xebe6,0xebc6,0xebc6,0xe3a6,0xebc6,0xc327,0x81e6,0x9984,0xd144,0xa985,0x5965,0x6965,0x6145,
0x8227,0x9329,0x7a88,0x59e7,0x61e7,0x61e7,0x6207,0x61e7,0x6a67,0xccc9,0xbb69,0xa308,0x7266,0xdda7,0x7267,0x5186,0x7a05,0x69a5,0x3904,0x3124,0x1146,0x5aa6,0xeb07,0x6905,
0x6165,0x6965,0x5965,0x1966,0x3a07,0x9baa,0x5a69,0x29c7,0x1126,0x8c28,0xa4ac,0x5aec,0x738d,0x29c8,0x6349,0xad2f,0x5aec,0x634d,0x7b0b,0x3a07,0x31a7,0x59a6,0x51a6,0x3904,
0x30c3,0x30c3,0x30e3,0x30e3,0x30e3,0x30e3,0x30e3,0x38e3,0x30e3,0x3904,0x4104,0x4104,0x3904,0x4124,0x4964,0x30c3,0x38e4,0x38e4,0x38e4,0x38e3,0x30e4,0x30e3,0x30e3,0x30e3,
0x30c3,0x3904,0x3904,0x3904,0x3903,0x5185,0x59a5,0x3944,0x49a6,0x51e7,0x8ac8,0x9309,0xd48b,0xed4c,0x7aa8,0x7248,0x7268,0x6a48,0x6a27,0x7a88,0x8b09,0x9308,0xc3c9,0xc3c9,
0xdc6a,0xdc4a,0x61a5,0x48e4,0x5124,0x5124,0x4904,0x5924,0xe265,0xf265,0xf285,0x8145,0xd226,0xf226,0xea06,0xea06,0xe9e6,0xe9c6,0x9a48,0x7207,0x59a5,0xabc7,0xa287,0xa2c7,
0xa2c7,0x8a87,0xb369,0xb389,0x92e9,0x7a48,0x8268,0x8268,0x7a28,0xab87,0xe4a9,0xcc2a,0x6ac9,0x4227,0x4207,0x2986,0x2125,0x41a6,0x72aa,0x72aa,0x5a08,0x4166,0x6a69,0x6248,
0x6a48,0x6a69,0x3966,0x38e4,0x4125,0x38e3,0x4924,0x4125,0x5144,0x4124,0x3124,0x3124,0x3944,0x4164,0x4185,0x4985,0x49a5,0x4185,0x51a5,0x59c5,0x71a4,0x81e5,0xaa25,0xf3e7,
0xfe49,0xf70b,0xf488,0xe345,0xa245,0x7984,0x81a4,0x79a4,0x81a4,0x6144,0x79a5,0x71a4,0x6984,0x71a4,0x6184,0x28a2,0x4103,0x69c6,0x69a5,0x4944,0x5124,0x4924,0x3104,0x82ea,
0x934c,0x8b2b,0x936c,0x5207,0x2924,0x8b4c,0x832b,0x41a6,0x39e7,0x39e7,0x3a29,0x4a69,0x4a69,0x834b,0xd4ac,0xfdec,0xcc8a,0xab69,0xbbca,0xa349,0xa348,0xc3ea,0xd44a,0xdc8b,
0xb369,0x81a4,0x7964,0x8184,0x7143,0x9245,0xdc6a,0xdc4a,0xcba8,0xcb46,0xd366,0xd346,0xd346,0xd366,0xe3e7,0xf3e6,0xbb27,0x79c5,0x7124,0xc348,0xd409,0xc3e9,0xc3e9,0xc3c9,
0xcc09,0xc3e9,0xbbc9,0x82a8,0x7a88,0x7267,0x7247,0x6207,0x72a7,0xdd09,0xb369,0xab28,0xed67,0xe5e8,0x7247,0x59a7,0x7a05,0x69a5,0x3904,0x3124,0x1166,0x4a26,0xeae6,0x7126,
0x6165,0x6965,0x6165,0x1146,0x6ae8,0xbc2b,0x6aca,0x4228,0x1146,0xb528,0x83ec,0x5b0c,0x6b6d,0x29c8,0x73eb,0xad4f,0x5aec,0x634d,0x7b0b,0x31c7,0x39c7,0x6227,0x51a7,0x3945,
0x4124,0x4124,0x4124,0x4124,0x4124,0x4124,0x4104,0x4104,0x30e4,0x4944,0x4945,0x4945,0x4124,0x59e6,0x6227,0x28a3,0x30e4,0x30c4,0x30e4,0x30c4,0x30e4,0x30e4,0x30e4,0x30e4,
0x28c3,0x4944,0x5165,0x5165,0x4124,0xa348,0xb3a9,0x41c6,0x49e7,0x5a89,0x82a9,0x9b48,0xed4b,0xed0b,0x7268,0x59e7,0x6a27,0x7a88,0x7268,0x8ae8,0xcc6a,0xcc2a,0xbbe9,0x9b29,
0xcc2a,0xdc6a,0xb389,0x6185,0x5944,0x5965,0x5965,0xab27,0xf469,0xf489,0xfce9,0xdc68,0xf4e9,0xfc29,0xfc09,0xfc69,0xfca9,0xfc28,0x9287,0x6a07,0x61e6,0xbbe8,0xe4ab,0xd46a,
0xc42a,0xcc4a,0xab88,0xc40a,0xc3e9,0xb3a9,0xab69,0xab69,0x9b08,0x9b47,0xcc69,0xd42a,0x72c9,0x4207,0x4a27,0x4249,0x2986,0x4186,0x5a28,0x5a08,0x6269,0x51c7,0x8aca,0x82aa,
0x82aa,0x82ca,0x51c7,0x38e4,0x4125,0x3904,0x4924,0x4125,0x5965,0x3104,0x4944,0x38e2,0x7163,0x8184,0x7984,0x8184,0x8184,0x5923,0x89c5,0x99e5,0x91e5,0x9a05,0xca45,0xfe49,
0xf749,0xf649,0xeb66,0xca05,0x91c5,0x81c4,0x81a4,0x81a4,0x81a4,0x6144,0x79a5,0x71a4,0x69a4,0x69a4,0x71a4,0x5964,0x6984,0x69a6,0x69a5,0x4124,0x5124,0x4104,0x3925,0x7a89,
0x7a89,0x7a89,0x82aa,0x6207,0x3124,0x8289,0x7a89,0x49a6,0x39c7,0x4228,0x426a,0x4a8a,0x52eb,0x9bcc,0xe4cb,0xfdcb,0xcc8a,0xab48,0xb389,0xb3a9,0xb3a9,0xb389,0xb389,0xbba9,
0xc3ea,0x9ae7,0x61c5,0x59c5,0x7a46,0xd46a,0xf54c,0xfd6c,0xd46b,0xdc8b,0xed0b,0xe4cb,0xe4cb,0xe4cb,0xed2c,0xd409,0x9a46,0x81c5,0x9246,0xcc09,0xd44a,0xcc29,0xc409,0xc3e9,
0xbbe9,0xbbc9,0xc3e9,0xbbc9,0xbbc9,0xb3a9,0xb389,0xa349,0x7aa7,0xbc48,0xa308,0xdbe7,0xfd67,0x79c5,0x4986,0x4965,0x61a4,0x69a5,0x3904,0x2904,0x1986,0x29c6,0xca67,0x7126,
0x6165,0x6965,0x6165,0x1146,0x7b29,0xf52b,0x6aca,0x4a28,0x1146,0xb548,0x8c0c,0x5aec,0x6b6d,0x29a8,0x7c0b,0xad2f,0x5acc,0x634d,0x7b0a,0x39e7,0x31a6,0x7268,0x6208,0x4186,
0x4924,0x4924,0x4924,0x4924,0x4924,0x4924,0x4945,0x5145,0x4124,0x5185,0x5186,0x7227,0x7a67,0x8287,0x8aa7,0x3904,0x4945,0x4944,0x4944,0x4944,0x4945,0x4945,0x4945,0x4945,
0x4124,0x59c6,0x6207,0x6a48,0x51a6,0xa369,0xb388,0x41a6,0x5228,0x5248,0x82a9,0xe588,0xfe69,0xed2b,0x61e6,0x4945,0x8206,0x8a67,0x9287,0x9287,0x8a67,0x8a87,0x9287,0x92a7,
0x92a7,0x92a7,0x9ac7,0x9287,0x7a06,0x7a06,0x8a87,0xa328,0xa328,0x9b28,0xa388,0xaba9,0xab88,0xa3a8,0xa388,0xa388,0xa368,0xa368,0x8aa7,0x8246,0x92c8,0xa328,0xa328,0x9b09,
0x8aa7,0x8aa7,0x8ac8,0x92c8,0x9ac7,0x9ac7,0x9ac7,0x92c7,0x7a06,0x9b68,0xac2a,0xaba9,0x72c9,0x4207,0x4228,0x4249,0x31c7,0x3165,0x49c7,0x49a6,0x6248,0x51c7,0x7a69,0x7249,
0x7249,0x7a69,0x49a7,0x3904,0x4925,0x3104,0x5144,0x4104,0x20a3,0x5144,0x71a5,0x30c2,0x7184,0x81a4,0x81a4,0x79a4,0x81a4,0x5144,0x89e5,0x9205,0x9205,0x91e5,0xd366,0xfe89,
0xf708,0xf6e9,0xece8,0xdaa5,0xa205,0xa266,0xa246,0x91e5,0x81a4,0x6164,0x79c5,0x71a4,0x69a4,0x69a4,0x71a4,0x5964,0x6984,0x69a6,0x69a5,0x4104,0x5924,0x4904,0x3904,0x7249,
0x7a69,0x7269,0x7a69,0x6a28,0x3945,0x7a69,0x7a69,0x49a6,0x4207,0x4229,0x426a,0x4aaa,0x530c,0x9b8b,0xd429,0xfdcc,0xbc09,0x69c6,0x7a47,0x8267,0x8aa7,0x92c8,0x9b09,0x9b09,
0x9b09,0xa349,0xa349,0xa349,0xab8a,0xab8a,0xab49,0x9b09,0x7a68,0x9309,0xb369,0xb389,0xb389,0xb389,0x92c8,0x8aa8,0x92c8,0xa309,0x9309,0x8ac8,0x82c8,0x7aa8,0x7a88,0x7288,
0x7288,0x7288,0x7268,0x7288,0x7a88,0x7288,0x7a88,0x82a9,0x59e6,0x5983,0x9244,0xf527,0xfe48,0xb205,0x9944,0x89a4,0x79e4,0x69a5,0x3904,0x2904,0x1987,0x19a7,0x7967,0x7145,
0x6165,0x6965,0x5166,0x1166,0x5268,0x9b8a,0x5228,0x29c7,0x1126,0x8c28,0x9c8c,0x5b0d,0x736d,0x29a8,0x4ac9,0xad2f,0x632d,0x6b6d,0x730b,0x31e8,0x2945,0x59a6,0x6207,0x3145,
0x20e3,0x20e4,0x28e4,0x28e4,0x28e4,0x28e4,0x3124,0x3125,0x3124,0x59c6,0x59c7,0x7227,0x92e9,0x92c7,0x92c7,0x20c3,0x2904,0x2904,0x2904,0x2904,0x2904,0x2904,0x2104,0x20e4,
0x20e4,0x59e7,0x6207,0x6a68,0x5a07,0x9b69,0xaba9,0x41c7,0x62a9,0x5249,0x9368,0xfea7,0xfe49,0xed2b,0x59c6,0x4124,0x6145,0x5925,0x6125,0x6125,0x6125,0x6125,0x6125,0x6125,
0x6125,0x6125,0x5925,0x6125,0x6145,0x6145,0x6125,0x5905,0x5904,0x5904,0x5904,0x5904,0x5904,0x5904,0x5904,0x5904,0x5904,0x5905,0x6125,0x6165,0x6986,0x5925,0x5925,0x6145,
0x6986,0x6966,0x6145,0x6125,0x6125,0x5925,0x5925,0x6145,0x50c4,0x9b47,0xd4eb,0x8308,0x5248,0x4227,0x3a29,0x3a49,0x31c7,0x3966,0x49c7,0x49c7,0x6a89,0x59e7,0x7a69,0x7a69,
0x7a69,0x7a89,0x49a7,0x38e4,0x4925,0x3904,0x6164,0x6984,0x6164,0x71a4,0x6984,0x28c2,0x7184,0x81a4,0x79a4,0x79a4,0x81a4,0x5944,0x89e5,0x9205,0x9205,0x89e5,0xc2a6,0xfc47,
0xf527,0xf6a8,0xfeaa,0xe407,0xaa45,0xe285,0xeaa5,0xa226,0x81a4,0x6164,0x79a5,0x71a4,0x69a4,0x69a4,0x71a4,0x5964,0x6964,0x69a6,0x69a5,0x3904,0x5124,0x4904,0x30e4,0x7248,
0x7a69,0x7a69,0x7a69,0x7248,0x4986,0x7a69,0x82aa,0x51e7,0x4208,0x3a08,0x3a29,0x52aa,0x52cb,0x936b,0xdc6a,0xfdcb,0xb3e9,0x69c6,0x7226,0x7a46,0x7a47,0x8287,0x82a8,0x8aa8,
0x8aa8,0x8288,0x8268,0x7a67,0x7247,0x6a27,0x7247,0x51a6,0x3945,0x7247,0x7a27,0x7206,0x7206,0x7a27,0x59a6,0x7207,0x7247,0x7a88,0x6a07,0x69e6,0x6a06,0x7206,0x7206,0x7206,
0x71e6,0x69e6,0x69c5,0x6a27,0x6a48,0x7248,0x7248,0x7268,0x59e6,0xc2a5,0xeca7,0xf729,0xf6e8,0xf56a,0xc9e5,0xb9e5,0x9a66,0x6185,0x4104,0x28e3,0x2166,0x2186,0x1926,0x3924,
0x4104,0x38e3,0x2925,0x2166,0x1966,0x2986,0x1904,0x1946,0x1966,0x3a27,0x6b4a,0x52ab,0x4a8a,0x21a7,0x1966,0x6b6a,0x5ac9,0x4a6a,0x31c7,0x2166,0x2186,0x3985,0x3145,0x2945,
0x08e5,0x1105,0x0905,0x08e5,0x08e5,0x08e5,0x08e4,0x08e5,0x18e4,0x59c6,0x61c7,0x59c6,0x7a68,0x8ac7,0x92c7,0x5145,0x2125,0x00e5,0x0905,0x08e5,0x08e5,0x08e5,0x08e5,0x08e5,
0x10e4,0x59e6,0x6a28,0x6a48,0x59e7,0xa369,0xaba9,0x39c7,0x6289,0x5228,0x93a8,0xff29,0xfec9,0xcbc7,0x5165,0x4945,0x5165,0x5165,0x5145,0x5145,0x5145,0x5165,0x5165,0x5165,
0x5165,0x5165,0x5165,0x5165,0x4945,0x5165,0x5145,0x5165,0x5965,0x5165,0x5145,0x5145,0x5145,0x4945,0x5145,0x5145,0x5145,0x5145,0x4924,0x5185,0x59a6,0x5186,0x59a6,0x5186,
0x4945,0x5165,0x4924,0x4124,0x4104,0x4124,0x3904,0x3904,0x28a3,0x9b68,0xcccb,0x9b89,0x5a68,0x4207,0x4228,0x3a49,0x31c7,0x3966,0x49c7,0x49c7,0x6a89,0x59e7,0x7a89,0x7a69,
0x7a69,0x7a89,0x49a7,0x38e4,0x4925,0x3904,0x6164,0x71a4,0x71a4,0x6984,0x71c5,0x30e3,0x7184,0x81e5,0x7984,0x81a4,0x81a4,0x5944,0x89e5,0x9205,0x9205,0x9205,0x9a05,0xeb46,
0xfc47,0xf5c8,0xfeeb,0xec88,0xaa25,0xba45,0xd285,0x9a26,0x81a4,0x6164,0x79a5,0x71a4,0x69a4,0x69a4,0x71a4,0x5944,0x6964,0x69a6,0x69a5,0x4124,0x5924,0x4904,0x30e4,0x7248,
0x7a69,0x7269,0x7a89,0x59e7,0x4185,0x7a8a,0x82ca,0x5a28,0x39e7,0x4228,0x4a8a,0x4a89,0x52cb,0x9b8b,0xcc49,0xfdab,0x9328,0x30e4,0x4144,0x3924,0x3924,0x3924,0x3924,0x4124,
0x4124,0x3924,0x3924,0x3924,0x3924,0x3924,0x3924,0x3924,0x4124,0x4145,0x4124,0x3924,0x3924,0x3924,0x4945,0x4965,0x4124,0x4124,0x3924,0x4124,0x4124,0x4124,0x4124,0x4124,
0x4124,0x4124,0x3924,0x3924,0x3924,0x4124,0x4124,0x4124,0x3924,0xb2a6,0xdb87,0xeeeb,0xf789,0xf68a,0xc225,0xb1c5,0x9a65,0x61a5,0x3904,0x28e3,0x3125,0x3945,0x3945,0x3125,
0x2925,0x2925,0x3145,0x3145,0x3145,0x3125,0x2945,0x3145,0x3145,0x2925,0x2905,0x2925,0x2925,0x2945,0x2945,0x2105,0x2946,0x3186,0x3186,0x3186,0x3186,0x2966,0x2125,0x2145,
0x2125,0x08e5,0x1105,0x1105,0x1105,0x1105,0x1105,0x1105,0x1904,0x59c6,0x61c7,0x59c6,0x61e7,0x8ac7,0x92e7,0x5965,0x69a6,0x2125,0x08e5,0x1105,0x1105,0x1105,0x1105,0x1105,
0x1904,0x59e7,0x6a68,0x6a27,0x49a6,0x9b48,0xab89,0x3186,0x6289,0x5228,0x8ba8,0xff49,0xf769,0xed47,0x5965,0x4965,0x5165,0x5165,0x4945,0x4965,0x5165,0x4965,0x4965,0x5165,
0x4965,0x4145,0x4945,0x4945,0x3945,0x4965,0x4965,0x4965,0x5165,0x4945,0x4124,0x4965,0x5165,0x4125,0x4945,0x5165,0x5165,0x4945,0x4124,0x4965,0x5186,0x4965,0x5185,0x51a6,
0x3924,0x4965,0x5165,0x4945,0x4144,0x5165,0x4124,0x3124,0x28e4,0xa389,0xd4eb,0xa389,0x5a68,0x4207,0x3a29,0x3a49,0x31c7,0x3986,0x51e7,0x49c7,0x72a9,0x49a7,0x7269,0x7a69,
0x7a69,0x7a89,0x49a7,0x38e4,0x4925,0x3904,0x6184,0x71a4,0x69a4,0x69a4,0x69a5,0x3924,0x79a5,0x81e5,0x79a4,0x81a4,0x81a4,0x5944,0x89e5,0x9205,0x9205,0x9205,0x91e5,0xe326,
0xfc46,0xf5e8,0xfeab,0xf547,0xaa45,0x91e5,0x9225,0x9205,0x81a4,0x6164,0x79c5,0x71a4,0x69a4,0x69a4,0x71a4,0x5944,0x6164,0x69a6,0x69a5,0x4124,0x4924,0x4904,0x3904,0x7a69,
0x7a89,0x7a69,0x7a89,0x6a28,0x5a08,0x7a89,0x7a89,0x5a28,0x3a08,0x39e7,0x3a29,0x4249,0x52eb,0x9b8b,0xbc0a,0xfd8b,0x6a26,0x30e4,0x3924,0x3924,0x3904,0x30e4,0x3904,0x3104,
0x30e4,0x3904,0x3904,0x30e4,0x30e4,0x3904,0x3904,0x30e4,0x30e4,0x30e4,0x3924,0x3924,0x3924,0x4124,0x4965,0x5165,0x4124,0x3924,0x3924,0x3924,0x3924,0x3924,0x3924,0x3924,
0x3924,0x3924,0x3924,0x3924,0x3924,0x3924,0x3924,0x4144,0x3924,0x9225,0xdba7,0xeeeb,0xf4c7,0xf4e9,0xc9e5,0xb1c5,0x9245,0x6184,0x3904,0x30e4,0x3945,0x3945,0x3945,0x3945,
0x3945,0x3945,0x3945,0x3945,0x3945,0x3945,0x3945,0x3945,0x3945,0x3945,0x3945,0x3145,0x3145,0x3145,0x3145,0x3965,0x41a7,0x3145,0x3966,0x3986,0x3145,0x3145,0x3145,0x2945,
0x7a26,0x51a6,0x00e5,0x1105,0x1105,0x1105,0x1105,0x0905,0x1905,0x59c6,0x61c6,0x61c7,0x51a6,0x7a66,0x92e7,0x5964,0x71c6,0x61a5,0x2925,0x08e5,0x1105,0x1105,0x1105,0x08e5,
0x1905,0x6207,0x6a68,0x6a48,0x59e7,0xa368,0xab68,0x3186,0x6289,0x5229,0x8389,0xff49,0xf76a,0xee28,0x5985,0x4965,0x5165,0x5165,0x4945,0x4965,0x5165,0x4965,0x4965,0x5165,
0x4965,0x4965,0x4945,0x4945,0x4165,0x4965,0x5165,0x4945,0x5165,0x4945,0x4124,0x5165,0x5165,0x4125,0x4945,0x5165,0x5165,0x4945,0x4144,0x5165,0x4965,0x4145,0x59c6,0x5186,
0x3924,0x5165,0x5165,0x4945,0x4144,0x5165,0x4124,0x3924,0x30e4,0x9b68,0xdceb,0xa3a9,0x5a68,0x4227,0x3a29,0x3a49,0x31c7,0x2966,0x39c7,0x39c7,0x41e7,0x3126,0x3967,0x4167,
0x4167,0x4167,0x2905,0x3904,0x4125,0x3904,0x6184,0x71a4,0x69a4,0x69a4,0x69a5,0x30e3,0x79e5,0x8a06,0x81e6,0x81e5,0x81a4,0x5944,0x89e5,0x9205,0x9205,0x91e5,0xa2a6,0xed68,
0xfdc9,0xf6a8,0xf747,0xfdc6,0xaaa5,0x89c5,0x9205,0x91e5,0x81a4,0x6164,0x79c5,0x71a4,0x69a4,0x69a4,0x71a4,0x5944,0x6164,0x69a6,0x69a5,0x4124,0x4924,0x4904,0x3925,0x6a27,
0x6a28,0x6a08,0x6a07,0x6a48,0x51c7,0x6a48,0x7248,0x4186,0x4208,0x39e7,0x39c7,0x4a8a,0x52eb,0x7b0a,0x936a,0xabeb,0x41a6,0x3904,0x61c4,0xbd26,0xde08,0x9be7,0x4984,0xcd27,
0xcd27,0x51a5,0xac26,0x9366,0x9bc6,0xcd47,0xcd27,0xc4e7,0xc4e7,0xac26,0x4144,0x3924,0x3924,0x4124,0x4965,0x5165,0x4945,0x3924,0x4145,0x3924,0x5165,0x5165,0x3924,0x3924,
0x4144,0x3904,0x3904,0x4145,0x4145,0x3945,0x3924,0x3904,0x28e4,0x79e6,0xf689,0xf648,0xea24,0xda25,0xb985,0xb1e5,0x8a25,0x6184,0x4104,0x28e3,0x18e4,0x20e4,0x20e4,0x20e4,
0x20e4,0x20e4,0x20e4,0x20e4,0x20e4,0x20e4,0x20e4,0x2104,0x20e4,0x20e4,0x2104,0x2104,0x20e4,0x2925,0x3166,0x2925,0x2945,0x2945,0x2945,0x2925,0x20e4,0x2104,0x20e4,0x2925,
0x61c6,0x9267,0x61e6,0x08e5,0x1105,0x1105,0x1105,0x08e5,0x1905,0x59c6,0x61c6,0x61e7,0x5186,0x7a46,0x92e7,0x20c3,0x61a6,0x71a5,0x69a6,0x3945,0x08e5,0x1105,0x1105,0x1125,
0x2166,0x6a48,0x6a48,0x6a68,0x5a07,0xa348,0xb388,0x3186,0x5a89,0x5208,0xac08,0xffac,0xf76d,0xf6ea,0x6a05,0x4925,0x5165,0x5165,0x4945,0x4965,0x5165,0x4965,0x4965,0x5165,
0x4965,0x4945,0x4945,0x4945,0x4165,0x4965,0x4965,0x4945,0x5165,0x4945,0x4124,0x5165,0x5165,0x4125,0x4945,0x5165,0x5165,0x5186,0x4986,0x59a6,0x4965,0x4145,0x5185,0x4945,
0x4124,0x5165,0x5165,0x4945,0x4124,0x5165,0x4124,0x3924,0x30e4,0x9368,0xccab,0xaba9,0x5a68,0x4207,0x4228,0x4249,0x29c7,0x4186,0x6268,0x6228,0x5a28,0x6228,0x6228,0x6228,
0x6228,0x6a48,0x4186,0x38e4,0x4125,0x3904,0x6984,0x71a4,0x69a4,0x69a4,0x71e6,0x28e3,0x7184,0x8a06,0x81c5,0x79a4,0x81a4,0x5944,0x89e5,0x9205,0x91e5,0x9a45,0xee2d,0xffd4,
0xf795,0xf791,0xf6c8,0xfd45,0xb2e5,0x89c5,0x9205,0x91e5,0x81a4,0x6164,0x79a5,0x71a4,0x69a4,0x69a4,0x71a4,0x5964,0x6164,0x69a6,0x69a6,0x4124,0x4924,0x4924,0x28c3,0x4a08,
0x72ec,0x628a,0x5a28,0x72aa,0x6a8a,0x5a8a,0x62cb,0x3166,0x39c7,0x39c6,0x39c6,0x428a,0x52ec,0x5249,0x5249,0x72ea,0x4a07,0x4903,0x89c4,0x8a44,0xe608,0xffea,0xbd88,0xc507,
0xff48,0xd587,0xd5a7,0xff28,0xfee8,0xfee8,0xfee8,0xfee8,0xfee8,0xff48,0xb466,0x30e4,0x3944,0x3924,0x4965,0x5165,0x4945,0x3924,0x4185,0x4165,0x8a06,0x7a06,0x3104,0x4124,
0x30e4,0x51c6,0xb4ab,0xc54d,0xc52c,0xbcec,0xbcab,0xc4c9,0xcce8,0xe66d,0xf78e,0xf688,0xf4c7,0xe325,0x6164,0x4125,0x69c4,0x69a5,0x3904,0x20c3,0x08e4,0x1105,0x08e5,0x08e5,
0x08e5,0x0905,0x08e5,0x08e5,0x08e5,0x08e5,0x08e5,0x1105,0x0905,0x1105,0x08e5,0x1105,0x1946,0x1105,0x1946,0x1946,0x1105,0x1946,0x1126,0x10e5,0x10e5,0x1105,0x1105,0x1105,
0x28e3,0x59c6,0x8247,0x61e6,0x08e5,0x08e5,0x1105,0x08e5,0x1925,0x59c6,0x61c6,0x61e7,0x5186,0x7246,0x9b07,0x00c4,0x1905,0x5165,0x71a5,0x69a6,0x4965,0x1905,0x08e4,0x1966,
0x1925,0x6207,0x6a68,0x6207,0x51c6,0xa348,0xb3a8,0x3986,0x5268,0x6228,0xe609,0xffad,0xf74d,0xf76c,0xd627,0x59a5,0x4965,0x5165,0x4965,0x5165,0x5165,0x4965,0x4965,0x5165,
0x4965,0x4965,0x5165,0x4965,0x4165,0x4965,0x4945,0x4945,0x5165,0x4965,0x4145,0x5165,0x5165,0x4124,0x4945,0x4945,0x5165,0x51a6,0x4145,0x5186,0x5185,0x4144,0x5165,0x4945,
0x4124,0x5165,0x5165,0x4945,0x4124,0x5165,0x4124,0x3904,0x30e4,0x6a67,0x93ab,0x7b08,0x5247,0x4227,0x4207,0x2965,0x2145,0x59e7,0x82aa,0x7a89,0x8289,0x7a89,0x7a89,0x8289,
0x7a89,0x82aa,0x51c7,0x3904,0x4125,0x3904,0x6984,0x6984,0x6984,0x71a5,0x79e6,0x30c2,0x79a4,0x81c5,0x79a4,0x7984,0x81a4,0x5964,0x89e5,0x9a05,0x89c5,0xb2c6,0xfe8a,0xf775,
0xff98,0xf792,0xfe09,0xf4e5,0xaaa5,0x91e5,0x9205,0x91e5,0x81a4,0x6964,0x79c5,0x71a4,0x69a4,0x6984,0x6984,0x5943,0x6164,0x69a5,0x69a6,0x4124,0x4124,0x4904,0x3925,0x832d,
0x82eb,0x82eb,0x82ec,0x82ec,0x830c,0x830c,0x8b2d,0x49e7,0x39c7,0x39c7,0x4228,0x4228,0x4249,0x4228,0x4a08,0x8b6a,0x49e6,0x5923,0x81c4,0x7124,0x9265,0xe568,0xe588,0xbb86,
0xdc26,0xe4c7,0xe4a7,0xdc87,0xe4a7,0xdc87,0xe487,0xdc87,0xdc87,0xdc66,0xe5c7,0x49c5,0x3904,0x3924,0x4945,0x5165,0x5165,0x3924,0x3945,0x4186,0x9226,0x9226,0x4186,0x4165,
0x61e4,0x92c4,0x92a5,0x8265,0x8a65,0x8245,0x8225,0xab45,0xdc06,0xed69,0xf76f,0xf6c9,0xf608,0xfd67,0x89c4,0x10a4,0x5984,0x69a5,0x4104,0x28c3,0x10e4,0x1105,0x1105,0x1105,
0x1105,0x1105,0x1105,0x1105,0x1105,0x1105,0x1105,0x1105,0x1105,0x1105,0x08e5,0x1966,0x1125,0x0905,0x1125,0x1946,0x2167,0x1925,0x1105,0x1105,0x1105,0x1105,0x1105,0x1105,
0x08c4,0x2925,0x51a6,0x7a27,0x61e6,0x1905,0x08e5,0x1105,0x2125,0x61c6,0x61c6,0x61e7,0x5186,0x7246,0x8aa7,0x08c4,0x1105,0x1105,0x4145,0x69a5,0x71c6,0x69e7,0x3145,0x1125,
0x2966,0x6228,0x6a48,0x6207,0x49a6,0xa368,0xbbc9,0x3166,0x4208,0x61c7,0xb407,0xffcd,0xffad,0xffed,0xeec8,0x61a5,0x4105,0x4925,0x4105,0x4925,0x4925,0x4105,0x4125,0x4925,
0x4105,0x3905,0x4905,0x4925,0x4145,0x4965,0x4945,0x4945,0x5165,0x4965,0x4145,0x5165,0x5185,0x4965,0x4945,0x51a6,0x5186,0x51a6,0x4985,0x59a6,0x5186,0x4124,0x5165,0x4945,
0x4124,0x5165,0x5165,0x4945,0x4124,0x5165,0x4124,0x3904,0x3904,0x51e6,0x8b4a,0x8b6a,0x5a88,0x4227,0x31a6,0x3a08,0x31c8,0x59c7,0x7a69,0x7249,0x7269,0x7a69,0x7a69,0x7269,
0x7249,0x7a69,0x51c7,0x3904,0x4125,0x3904,0x6184,0x71c5,0x71e6,0x69c5,0x69e6,0x2924,0x79e5,0x81a4,0x7984,0x81a4,0x81a4,0x6164,0x89e5,0x9a05,0x91e5,0xb2c6,0xfdc7,0xf74b,
0xf76c,0xf74c,0xfda6,0xc364,0x81a5,0x9a05,0x9205,0x91e5,0x81a4,0x6964,0x79c5,0x71a4,0x6984,0x69a4,0x8205,0x69c5,0x69c5,0x71e6,0x69c6,0x4124,0x4124,0x4104,0x3966,0x7aec,
0x7228,0x7a69,0x7a89,0x7a69,0x7248,0x7a69,0x7a89,0x51c7,0x39e7,0x39c6,0x4a29,0x5269,0x4a28,0x3a08,0x62a9,0x9bcb,0x51a6,0x8184,0x81a4,0x81a4,0x79a4,0xc265,0xc285,0xcaa6,
0xc286,0xc286,0xc286,0xc286,0xc286,0xc286,0xc286,0xc286,0xc286,0xc245,0xdc66,0x9406,0x30c4,0x4124,0x4945,0x5165,0x5165,0x4165,0x3945,0x3925,0x8a47,0x7a27,0x3925,0x3105,
0x4144,0x9bc8,0xab66,0x8a24,0x9224,0x9a44,0x9a64,0x8a04,0x7144,0xab46,0xffab,0xfe68,0xfdc8,0xfd88,0x69a3,0x6184,0x8a44,0x6185,0x30e4,0x1083,0x08e5,0x1105,0x1105,0x1105,
0x1105,0x1105,0x1105,0x1105,0x1105,0x1105,0x1105,0x1105,0x08e4,0x1105,0x1925,0x2125,0x2965,0x39a6,0x1946,0x1125,0x1105,0x08e5,0x08e4,0x1105,0x00c4,0x00c4,0x1105,0x1105,
0x1105,0x08e5,0x1105,0x3966,0x69e7,0x7206,0x3145,0x00e5,0x1905,0x61c6,0x61c6,0x61c6,0x51a6,0x69c5,0x81e5,0x08c4,0x1105,0x10e5,0x0905,0x2966,0x5986,0x71e7,0x7207,0x3125,
0x10e4,0x6227,0x61e6,0x7226,0x7226,0xab07,0xb348,0x6a06,0x6a07,0x6925,0x70e4,0x9ac6,0xbc47,0xc4a8,0x8245,0x6145,0x72a6,0x6a86,0x6265,0x6a66,0x72a6,0x6aa6,0x6ac6,0x72c6,
0x72c6,0x6ac6,0x6a66,0x6205,0x4985,0x4965,0x4945,0x4945,0x5165,0x4965,0x4145,0x5165,0x5165,0x51a6,0x51a6,0x51a6,0x59a6,0x5186,0x4145,0x5186,0x4965,0x4144,0x5165,0x4945,
0x4124,0x5165,0x5165,0x4945,0x4124,0x5165,0x4124,0x3924,0x3904,0x5a06,0xa3cb,0xa3cb,0x72e9,0x4207,0x31e7,0x424a,0x31c7,0x51c7,0x7a89,0x7269,0x7a69,0x7a69,0x7a69,0x7a69,
0x7269,0x7a89,0x51c7,0x3904,0x4125,0x4124,0x6184,0x6185,0x6143,0x7965,0x8985,0x7123,0x7123,0x7164,0x89c4,0x7984,0x7984,0x5124,0x89c5,0x91e5,0x81a5,0xaac6,0xfdc8,0xf6c8,
0xf748,0xf6e8,0xfd26,0xc345,0x7165,0x91e5,0x89c5,0x91e5,0x81a4,0x6144,0x6984,0x6984,0x6984,0xab48,0x82c7,0x6206,0x61e6,0x6a26,0x71c6,0x4124,0x4944,0x4104,0x3946,0x7b0c,
0x7a69,0x7aaa,0x7aaa,0x7a89,0x7a69,0x7269,0x7a69,0x5a08,0x4208,0x31a6,0x4228,0x528a,0x4a69,0x4208,0x7b4b,0x8b6b,0x4985,0x8184,0x81a4,0x79a4,0x79c5,0xc2c6,0xcae6,0xc2c6,
0xc2c6,0xc2c6,0xc2c6,0xc2e6,0xc2e6,0xc2e6,0xc2e6,0xc2e6,0xc2e6,0xc2c6,0xcb06,0xbcc7,0x3904,0x4124,0x4965,0x5165,0x5165,0x4145,0x8308,0xd509,0xdd0a,0xe508,0xb3a5,0x6204,
0x59a4,0x9b66,0xe446,0xd346,0xd346,0xc306,0xc306,0xc2e6,0xb286,0xaa86,0xdc67,0xcc08,0xc408,0xa366,0x8224,0xfba6,0xeb66,0xcb05,0xa265,0x61a4,0x2125,0x00e5,0x00c5,0x08e5,
0x1105,0x1105,0x1105,0x1105,0x1105,0x1105,0x1105,0x08e5,0x5206,0x92a7,0x7226,0x7246,0x7a67,0x7a68,0x6227,0x2105,0x1105,0x4185,0x2904,0x18c3,0x49c5,0x5a05,0x10c3,0x10c4,
0x1105,0x1105,0x1105,0x08e5,0x2945,0x59c6,0x7a27,0x59c6,0x3124,0x59c6,0x61c6,0x61c6,0x51a6,0x6185,0x79c5,0x08e4,0x10e5,0x1105,0x1946,0x0926,0x1125,0x4186,0x61c6,0x9a87,
0x9266,0xb2c6,0xcb06,0xd2e6,0xd2c6,0xc2a6,0xaa66,0xdaa5,0xda65,0x70e4,0x7104,0x70e4,0x70e4,0x68a4,0x68c4,0x7945,0xc3a7,0xdc67,0xdc47,0xdc47,0xdc67,0xdc67,0xdc67,0xdc47,
0xdc27,0xdc07,0xf427,0xf4a8,0xab27,0x4945,0x4965,0x4945,0x5165,0x4965,0x4145,0x5165,0x4965,0x4965,0x51a6,0x5186,0x5165,0x51a6,0x3904,0x5165,0x4965,0x4144,0x5165,0x4945,
0x4124,0x5165,0x5165,0x4945,0x4124,0x5165,0x4124,0x3924,0x3904,0x5a06,0xa3cb,0xa3cb,0x7b0a,0x4a27,0x4249,0x4249,0x31c7,0x51c6,0x8289,0x7a69,0x7a89,0x7a89,0x7a89,0x7a89,
0x7a69,0x8289,0x51c7,0x38e4,0x4125,0x3125,0x3903,0x6945,0xba46,0xcae6,0xc2c7,0xc245,0xba25,0xa2a5,0x6183,0x9224,0xaa85,0x9225,0xaa85,0xb2a5,0xc2c6,0xaa85,0xe427,0xfce7,
0xf5a7,0xf567,0xfc87,0xcb66,0xaaa6,0xc326,0xbae6,0x89e5,0x79c4,0x71a4,0x79c5,0x79c5,0x5985,0xaaa7,0x5924,0x4125,0x4925,0x4124,0x5965,0x3904,0x4144,0x4104,0x4146,0x830c,
0x7a69,0x82aa,0x7a8a,0x7a8a,0x7a89,0x7269,0x7a69,0x5a08,0x4208,0x31a6,0x4228,0x528a,0x526a,0x4a69,0x7b4b,0x62c9,0x4165,0x81a4,0x79a4,0x79a4,0x79c5,0xc2c6,0xcae6,0xcae6,
0xcae6,0xcae6,0xcae6,0xcae6,0xcae6,0xcae6,0xcae6,0xcac6,0xcac6,0xcae6,0xcac6,0xcc87,0x49c5,0x3904,0x4144,0x4145,0x4965,0x3925,0x72a8,0xd4cb,0xfdea,0xf526,0xdc66,0xfce6,
0xfce7,0xfce6,0xe485,0x7a25,0x9225,0xb2a6,0xb2a6,0x9245,0x69a5,0xa246,0xcae6,0x9ac8,0x8ac9,0x71c6,0x5964,0x8a25,0xbac5,0xeb66,0xeb66,0xeb66,0xd326,0x9a85,0x6a05,0x3965,
0x1105,0x00c5,0x00e5,0x10e5,0x1105,0x1105,0x1105,0x00c5,0x8266,0xdb47,0xaa86,0xa246,0x81c4,0x59c6,0x82c9,0x5a07,0x49a6,0x8ac8,0x7227,0x59c6,0x7a66,0x7246,0x3924,0x4186,
0x1105,0x1105,0x1105,0x1105,0x0905,0x1925,0x49a6,0x7a07,0x61c5,0x59a6,0x61c7,0x61c7,0x51a6,0x59a5,0x71c5,0x0064,0x52a6,0x52c6,0x08c5,0x39a6,0x59c6,0x92a7,0xbb27,0xd347,
0xdb67,0xd327,0xd326,0xb246,0x8165,0x5925,0x5105,0x8184,0xa9e5,0x7945,0x68e4,0x7104,0x7104,0x7104,0x7924,0x8145,0xaa46,0xd306,0xcae6,0xcae6,0xcae6,0xd2e6,0xcac6,0xcae6,
0xdb46,0xdba7,0xd3a7,0xaaa6,0xb2c5,0x59a5,0x4945,0x4945,0x5165,0x4945,0x4145,0x5165,0x59a6,0x51a6,0x4985,0x59a6,0x59c6,0x4985,0x4124,0x5165,0x4965,0x4145,0x5165,0x4945,
0x4124,0x5165,0x5165,0x4945,0x4124,0x5165,0x4124,0x3924,0x3904,0x51c6,0xa3cb,0x9bab,0x7b0a,0x4a48,0x3a29,0x3a29,0x29a7,0x3966,0x59e8,0x51c7,0x59c8,0x51c8,0x51c8,0x51c7,
0x59e8,0x51e8,0x3966,0x3924,0x69e5,0x92c6,0x9ac5,0xa2c5,0x6206,0x59e6,0x4165,0x3904,0x4945,0x5964,0xbb25,0xebc6,0xebc6,0xf3c6,0xebc6,0xebc6,0xaac6,0x61a5,0xc346,0xfca7,
0xfd68,0xfd68,0xfca7,0xec06,0xe3c6,0xf406,0xebe6,0xe3a6,0xe3a6,0xebc6,0xebc6,0xe3a6,0xcb66,0xd388,0x6145,0x4965,0x5165,0x4965,0x61a5,0x5183,0x4965,0x4945,0x3146,0x730d,
0x7aaa,0x7aaa,0x7aaa,0x7aaa,0x7a69,0x7a69,0x7a69,0x51e7,0x39e7,0x3186,0x3a07,0x52aa,0x4229,0x4acb,0x6b0b,0x3a07,0x4965,0x81a4,0x79a4,0x8184,0x79a5,0xb285,0xba85,0xb285,
0xb285,0xb285,0xb285,0xb285,0xb285,0xba85,0xba85,0xba85,0xba85,0xbaa6,0xba65,0xcc27,0x5205,0x4925,0x4965,0x51a6,0x4986,0x4166,0x4145,0x92c9,0xbb89,0xd46a,0x9b09,0xa348,
0xb389,0xdc68,0xf447,0xcb05,0xbac5,0xa265,0xb2a5,0x8205,0x28a4,0x4925,0x4945,0x4945,0x4145,0x4924,0x5944,0x4904,0x5144,0xdb26,0xdb26,0xdb26,0xdb46,0xeb66,0xeb66,0xdb46,
0xb2e6,0x7a25,0x4185,0x1105,0x00c5,0x00e5,0x08e5,0x00c4,0x6a06,0x9246,0x8226,0x89e6,0x79c5,0x59a6,0x7a88,0x6a47,0x6207,0x92c8,0x61e7,0x61c7,0x5186,0x5186,0x61e7,0x61e6,
0x1105,0x1105,0x1105,0x10e4,0x08c4,0x00a3,0x08c4,0x4186,0x4965,0x59c6,0x61c7,0x61c7,0x59a6,0x5164,0x5185,0x10e4,0xcd88,0x41e5,0x20e5,0x81e5,0xa225,0xbac6,0xc307,0xbac6,
0xbaa6,0xcb06,0xd347,0xd347,0xbac6,0xaa86,0xa266,0xaaa6,0xcb06,0xc2e6,0xb266,0xaa46,0xb266,0xba86,0xc2e6,0xd326,0xd347,0xd326,0xd346,0xd346,0xcb06,0xbac6,0xe386,0xec05,
0xcbc6,0xbb28,0xb2c7,0x9226,0x71c4,0x4945,0x5165,0x4945,0x5165,0x5186,0x4144,0x51a6,0x59a6,0x4965,0x51a6,0x5185,0x5186,0x4945,0x4124,0x5165,0x4965,0x4145,0x5165,0x4945,
0x4124,0x5165,0x5165,0x4945,0x4124,0x5165,0x4124,0x3904,0x3924,0x6226,0x8b08,0x72a7,0x5a46,0x5a26,0x49e6,0x49e6,0x5a27,0x51c6,0x3966,0x49a7,0x49c7,0x49e7,0x51e8,0x5208,
0x49a7,0x6a05,0xbb47,0xdba6,0xe3a5,0xeba6,0xe3a7,0xeba7,0xaa86,0x4945,0x4124,0x30c4,0x40e4,0xcb26,0xf3e6,0xe3a6,0xe3a6,0xe3a6,0xe3a6,0xdb46,0x79e5,0x3905,0x92a6,0xd3e6,
0xe527,0xdcc7,0x9aa6,0x7205,0xaaa6,0xdc06,0xd366,0xebc6,0xebc6,0xeba6,0xeba6,0xeba6,0xf406,0xebe8,0x6145,0x5165,0x5165,0x4145,0x9a85,0xfc45,0xdba5,0xd3a6,0xa306,0xab27,
0x82a9,0x7269,0x7248,0x6a28,0x6a28,0x6a28,0x6208,0x6269,0x5a69,0x4a08,0x5269,0x62cb,0x5269,0x5acb,0x730b,0x5269,0x4985,0x8184,0x79a4,0x81a4,0x71a4,0x89e5,0x91e5,0x91e5,
0x91e5,0x91e5,0x91e5,0x91e5,0x91e5,0x91e5,0x91e5,0x91e5,0x91e5,0x9205,0x89a5,0xb3a6,0x8347,0x4105,0x5185,0x5186,0x3924,0x4165,0x4145,0x8aa8,0xa2a7,0xbac6,0xb308,0x92e9,
0x82a8,0xa2c7,0xbb06,0xe366,0xf386,0xe366,0xcb06,0xaa85,0x8a05,0x71c5,0x61a5,0x6184,0x6184,0x6185,0x69a5,0x71c5,0x8205,0xbac5,0xeb66,0xeb66,0xeb66,0xe366,0xe366,0xeb66,
0xf386,0xfb86,0xeb86,0xcb26,0x9285,0x59e5,0x2945,0x00e4,0x7246,0xb2c7,0x71e6,0x71e6,0x61a5,0x59c6,0x7268,0x49a6,0x3965,0x7268,0x4186,0x49a6,0x51a6,0x51a6,0x4986,0x51e7,
0x1105,0x1105,0x10e5,0x1125,0x5b0c,0x73cf,0x2187,0x08c4,0x28e4,0x59c6,0x61c6,0x61c7,0x59c6,0x5144,0x4925,0x6b26,0xfea9,0x5984,0x28e3,0x28e4,0x2904,0x3945,0x3904,0x3904,
0x38e4,0x4944,0x5965,0x5164,0x5985,0x6185,0x5985,0x61a5,0x5985,0x5985,0x5985,0x5985,0x5985,0x5985,0x5985,0x5985,0x5985,0x6185,0x6185,0x5965,0x5165,0xcb46,0xe3a6,0xbb07,
0xaaa7,0x9246,0x5984,0x5165,0x3904,0x4124,0x5165,0x4945,0x5165,0x51a6,0x4986,0x5186,0x59a6,0x4145,0x51a6,0x5165,0x4965,0x4945,0x3924,0x5165,0x5165,0x4124,0x5165,0x4945,
0x4124,0x5165,0x5165,0x4945,0x4124,0x5165,0x4144,0x3904,0x3924,0x82a9,0x92c9,0x8ac9,0x92e9,0x92c9,0x8ac9,0x8ac9,0x92e9,0x7a68,0x6a89,0x830b,0x830b,0x830b,0x830b,0x830b,
0x61e6,0xc305,0xf427,0xe387,0xcb07,0xc2e7,0xbac6,0xaa86,0x6185,0x4125,0x3904,0x28c4,0x4945,0xc306,0xebc6,0xeba6,0xebc6,0xeba6,0xf3e6,0xaaa5,0x9225,0x8165,0x7105,0x7145,
0x79a5,0x7985,0x79e5,0x9a85,0xcb85,0xa306,0xd366,0xebc6,0xe3a6,0xe3a6,0xe3a6,0xeba6,0xdba6,0x9a46,0x4125,0x3945,0x4145,0x3925,0x61c5,0xe325,0xf386,0xf386,0xfbc6,0xf3e7,
0x7205,0x3165,0x6a48,0x5a07,0x6228,0x49c6,0x3986,0x7aec,0x8b2d,0x8b4d,0x8b2d,0x8b2c,0x8b2c,0x8b2c,0x832c,0x832d,0x59c6,0x7984,0x81a4,0x81a4,0x71a4,0x9205,0x9205,0x9205,
0x9205,0x9205,0x9205,0x9205,0x9205,0x9205,0x9205,0x9205,0x9205,0x9205,0x91e5,0x9a66,0x7a86,0x4966,0x4145,0x4965,0x4966,0x4986,0x4125,0x59a5,0xab29,0xbb28,0xaae8,0x92c9,
0x92e9,0xab08,0xbb07,0x7a05,0x6184,0x69a5,0x71c5,0x79e5,0x79e5,0x71c5,0x71c5,0x71c5,0x69c5,0x69c5,0x69a5,0x71c5,0x79e5,0x71c5,0x69c5,0x69c5,0x69a5,0x69a5,0x69a5,0x69a5,
0x69a5,0x61a4,0x61a4,0x6184,0x69c5,0x5985,0x5985,0x9206,0xaa67,0xed4a,0xab29,0x8a47,0x6984,0x6207,0x82a9,0x49c6,0x49c6,0x830a,0x4a08,0x51a6,0x59c6,0x59c6,0x59c6,0x6207,
0x1105,0x1105,0x08c4,0x31e8,0x73af,0x73af,0x6b8e,0x08e4,0x18e4,0x61c6,0x61c6,0x61e6,0x5186,0x6a85,0x59c6,0x93e7,0xff2a,0x51a5,0x10c4,0x18a3,0x18a3,0x10a3,0x10a3,0x18a3,
0x20a4,0x18a4,0x20a4,0x20c4,0x20a4,0x20c4,0x20a3,0x3104,0x3904,0x3104,0x3904,0x3904,0x3904,0x3904,0x3904,0x3924,0x30e4,0x3904,0x3904,0x38e4,0x5145,0xe366,0xb2e7,0x9267,
0x71e6,0x3904,0x3904,0x5165,0x4124,0x4144,0x5165,0x4945,0x5165,0x51a6,0x51c6,0x59a6,0x59a6,0x51a6,0x5186,0x5165,0x5185,0x4965,0x3924,0x5185,0x4965,0x4124,0x5165,0x5145,
0x4124,0x5165,0x5165,0x4945,0x4124,0x5165,0x4144,0x3904,0x3924,0x6a28,0x7269,0x7249,0x7249,0x7249,0x7249,0x7249,0x7249,0x6208,0x5208,0x5a48,0x5a28,0x5a28,0x5a28,0x5a28,
0x3904,0x30c4,0x4965,0x9a86,0xbaa6,0xc307,0xd327,0xba85,0x8a05,0x79e5,0x79e5,0x8205,0x9225,0xbaa6,0xd326,0xd346,0xd346,0xd346,0xdb46,0xd326,0xa286,0x81c5,0x5904,0x50c4,
0x5084,0x58a4,0x89e5,0x71c4,0x5144,0x79e5,0xe3a6,0xebc6,0xe3a6,0xe3a6,0xe3a6,0xe3a6,0xe3a6,0xd366,0x9a85,0x71a4,0x7184,0x81c5,0xd264,0xf2c5,0xeaa6,0xd286,0x91e5,0x4966,
0x30e5,0x59e7,0x8b0b,0x8b2b,0x934b,0x830a,0x41a6,0x5209,0x5209,0x5a29,0x5a29,0x5a29,0x5a4a,0x624a,0x624a,0x626a,0x59a6,0x81a4,0x79a4,0x79a4,0x79a4,0x9205,0x91e5,0x91e5,
0x9a05,0x9205,0x9a05,0x9a05,0x9a05,0x9a05,0x9a25,0x9a25,0x9a25,0x9a05,0x9a46,0xa246,0x6985,0x4165,0x5186,0x4965,0x4965,0x4145,0x4124,0x4104,0x59a6,0x9b08,0xa2c8,0x92a8,
0x92e9,0x8ac9,0xab08,0x4924,0x0863,0x1884,0x1884,0x1084,0x1084,0x1884,0x1884,0x1884,0x1884,0x1884,0x1884,0x1884,0x1084,0x1884,0x1884,0x1884,0x1884,0x1884,0x1884,0x1884,
0x1884,0x1884,0x1884,0x1884,0x18a4,0x2106,0x2905,0xc185,0xf5a8,0xede9,0xba67,0x7a06,0x71c5,0x59c6,0x6a27,0x4165,0x3965,0x82c9,0x51e7,0x51a6,0x59c6,0x59a6,0x51a6,0x59e7,
0x1105,0x1105,0x1105,0x08c4,0x5b0d,0x4249,0x08c4,0x1125,0x2104,0x61c6,0x61c6,0x59c6,0x69a6,0xd546,0x82c6,0x59e6,0xff6a,0x6b06,0x1084,0x20e4,0x10a3,0x18a3,0x18a3,0x20a3,
0x20c4,0x20a4,0x20c4,0x28c3,0x20c3,0x28c3,0x20a3,0x3103,0x30e3,0x3104,0x3924,0x3924,0x3924,0x3924,0x3924,0x3924,0x3904,0x4104,0x4124,0x4104,0x4924,0x9245,0x69c5,0x4944,
0x4924,0x4124,0x4944,0x5165,0x4104,0x4124,0x5165,0x4124,0x4945,0x4965,0x38e4,0x5166,0x4965,0x4104,0x4124,0x4924,0x4924,0x38e4,0x30a3,0x4924,0x5165,0x4124,0x5165,0x4945,
0x3904,0x4945,0x5165,0x4945,0x4124,0x5165,0x4124,0x3904,0x3924,0x7248,0x8289,0x7a89,0x7a89,0x7a89,0x7a89,0x7a69,0x8289,0x6a28,0x5208,0x6269,0x6249,0x6249,0x6249,0x6248,
0x3905,0x30e4,0x30c4,0x30c4,0x4125,0x5986,0x79c5,0x8a05,0xa245,0xcac6,0xd2e6,0xcae6,0xcae6,0xdb46,0xdb47,0xd327,0xd327,0xd346,0xd346,0xdb47,0xe387,0xe386,0xcb46,0xbae6,
0xaaa6,0x9a65,0x9225,0xaa86,0xdb66,0xf3e6,0xebc6,0xeba6,0xeba6,0xeba6,0xeba6,0xe3a6,0xe386,0xe386,0xe366,0xdae6,0xcaa6,0xb2a7,0x99e5,0x81e6,0x5945,0x3904,0x3926,0x30e4,
0x30e4,0x51c6,0x6207,0x61e7,0x6207,0x61e6,0x3965,0x5229,0x5229,0x5a29,0x5a29,0x5a29,0x5a49,0x624a,0x624a,0x626a,0x41a7,0x5944,0x5944,0x81a4,0x71a5,0x71c5,0x7a06,0x71e6,
0x71c6,0x71e6,0x79e6,0x79e5,0x71c5,0x79c5,0x8184,0x7944,0x6924,0x7165,0x79c6,0x79a5,0x5965,0x30e5,0x3905,0x4125,0x30c4,0x38c4,0x38e4,0x4104,0x3904,0x4945,0x61c6,0x7a47,
0x7a88,0x92e9,0xab09,0x61a4,0x1883,0x28c4,0x20a4,0x20c4,0x28c4,0x28c4,0x28c4,0x28c4,0x28c4,0x28c4,0x28c4,0x20a4,0x20c4,0x28c4,0x28c4,0x28c4,0x28a4,0x20a4,0x20a4,0x20a4,
0x20a4,0x20a4,0x20a4,0x20a4,0x20a4,0x28c4,0x3125,0x3084,0xbbc6,0xf7a7,0xeb45,0xaa26,0x8a05,0x7247,0x82e9,0x51e6,0x3165,0x7aa8,0x59c6,0x51a6,0x51a6,0x51a6,0x5186,0x51c7,
0x1105,0x1105,0x08c4,0x2187,0x632d,0x8451,0x4a8a,0x00a4,0x2125,0x61c6,0x61c6,0x59e7,0xa267,0xfea8,0xc447,0x38c5,0xb4e8,0xb549,0x2926,0x3166,0x2945,0x2945,0x3166,0x2925,
0x0862,0x1062,0x1082,0x1082,0x1062,0x0862,0x20c3,0x4985,0x4985,0x18a3,0x1083,0x18a3,0x1082,0x1082,0x1083,0x18a3,0x18a3,0x18a3,0x18a3,0x1882,0x20a3,0x20c3,0x4965,0x4985,
0x5185,0x4145,0x3125,0x4166,0x3145,0x3986,0x41a6,0x3986,0x6247,0x938b,0xac4d,0xb48e,0xbcce,0xbcad,0xbcce,0xbcce,0xbcad,0x93ab,0x62e9,0x6288,0x3945,0x3965,0x3104,0x4144,
0x3944,0x4965,0x4985,0x4965,0x4165,0x4965,0x4144,0x4144,0x3104,0x51c7,0x6208,0x6208,0x5a08,0x59e8,0x59e8,0x59e8,0x6208,0x51c7,0x5208,0x6269,0x6249,0x6249,0x6249,0x6269,
0x51e8,0x4125,0x38e4,0x38e4,0x3905,0x30e4,0x28c4,0x28c4,0x28c4,0x4104,0x4924,0x4124,0x4944,0x71c5,0x8a25,0x9a66,0xa286,0x9225,0x8a05,0xb2c5,0xc326,0xcb46,0xdb66,0xe386,
0xe3a6,0xe3a6,0xeba6,0xdb86,0xaac6,0xa286,0xaa86,0xa286,0xa266,0x9a66,0x9245,0x8a05,0x79e5,0x69a5,0x5145,0x4124,0x30e4,0x3126,0x3126,0x3105,0x3926,0x4145,0x4125,0x3904,
0x28a3,0x4185,0x6a27,0x6207,0x6207,0x6207,0x3945,0x41a8,0x49e9,0x49e9,0x49e9,0x4a09,0x4208,0x4208,0x4a09,0x4208,0x39e8,0x31a7,0x2105,0x38e3,0x4965,0x82a8,0x8aa8,0x8aa8,
0x8aa8,0x8ac8,0x8ac8,0x8ac8,0x8ac9,0x7227,0x51e7,0x6ac9,0x8b8a,0xac8a,0xac69,0xb4aa,0xb4aa,0xbcca,0xb489,0xac49,0xa408,0x6246,0x59c5,0x4945,0x4124,0x4125,0x3904,0x4124,
0x4165,0x61e6,0x9a87,0x69a5,0x1883,0x18a3,0x28e4,0x20c3,0x1883,0x1883,0x18a3,0x18a3,0x18a3,0x1883,0x18a3,0x2904,0x28c3,0x18a3,0x18a3,0x18a3,0x2104,0x2925,0x2925,0x2924,
0x2924,0x2924,0x2924,0x3145,0x3186,0x3166,0x3165,0x2966,0xb185,0xec86,0xed66,0xa1e5,0x69c6,0x6a27,0x7aa8,0x3965,0x41c5,0x9349,0x6a07,0x59c6,0x61c6,0x61c6,0x61c7,0x61c7,
0x18e4,0x1904,0x10e4,0x29a7,0x73af,0x5b0c,0x5aeb,0x1104,0x20e4,0x61c6,0x61c6,0x51a6,0xa288,0xff0a,0xdd06,0x6186,0x6226,0xbd48,0x31a7,0x39c7,0x41e7,0x4a08,0x5a48,0x4a07,
0x3165,0x3986,0x2104,0x10a3,0x18c3,0x10a3,0x2904,0x6a28,0x59e7,0x18a3,0x1883,0x1083,0x10a3,0x20a3,0x18a3,0x10a3,0x10a3,0x10a3,0x18c3,0x1082,0x30c4,0x4165,0x4a27,0x4227,
0x4227,0x4207,0x31c7,0x39e7,0x3a07,0x4228,0x29a7,0x9beb,0xf5af,0xf5ae,0xfdcf,0xfdae,0xf58d,0xfd8d,0xfd8d,0xfd8d,0xfdef,0xfdef,0xfe2f,0xfe0f,0x7a87,0x2985,0x51e6,0x7288,
0x7a88,0x7288,0x7a88,0x7a88,0x7a88,0x7268,0x7a88,0x6a48,0x4185,0x3946,0x3125,0x2925,0x3125,0x3945,0x3966,0x4166,0x2925,0x3125,0x51c6,0x51e7,0x51e7,0x59e7,0x51e6,0x5a28,
0x5a48,0x4185,0x3104,0x30e4,0x38c4,0x4104,0x3904,0x3904,0x3904,0x38e4,0x30c4,0x30c4,0x30c4,0x28c4,0x28c4,0x28c4,0x30c4,0x28c4,0x28c4,0x30c4,0x30e4,0x38e4,0x38e4,0x40e4,
0x4104,0x4104,0x4104,0x38e4,0x28c4,0x30c4,0x30c4,0x30c4,0x30c4,0x30c4,0x28c4,0x28c4,0x28c4,0x28c4,0x30c4,0x30c4,0x3905,0x4145,0x4125,0x4146,0x3925,0x3905,0x30c4,0x28a4,
0x4144,0x6a27,0x7268,0x7247,0x7247,0x7247,0x51c6,0x41a6,0x49c7,0x49c7,0x49e7,0x41e7,0x41a6,0x3966,0x2925,0x3166,0x3965,0x3145,0x3125,0x4165,0x3925,0x4945,0x5985,0x5185,
0x5185,0x5185,0x4965,0x4145,0x3904,0x59e6,0xf6b3,0xff31,0xfeea,0xff2b,0xff4b,0xff4b,0xff4b,0xff6c,0xff4c,0xff2d,0xff2e,0xfe6c,0xddcb,0x9348,0x8268,0x8ac8,0x7247,0x8226,
0xb2e7,0x4964,0x0862,0x4145,0x51c6,0x6207,0x6207,0x6227,0x20e4,0x1083,0x18a3,0x18a3,0x18a3,0x1883,0x31a6,0x5227,0x5165,0x0863,0x18a3,0x1083,0x31a6,0x4228,0x4207,0x3a07,
0x4228,0x4207,0x4207,0x4a68,0x4207,0x4a27,0x4a48,0x39e6,0x90e4,0xe2e5,0xfe27,0xa205,0x51c7,0x61e7,0x6207,0x3966,0x39a6,0x8b09,0x6a27,0x61c6,0x61e7,0x61c7,0x61e6,0x59a6,
0x4207,0x4a27,0x4a27,0x41e6,0x7bce,0x5aeb,0x4a48,0x5248,0x51e7,0x49a6,0x51c6,0x51e7,0x5965,0xde08,0xfe87,0xe3e7,0x82a8,0x7348,0x5a68,0x5a68,0x6289,0x6289,0x6289,0x6289,
0x6289,0x6289,0x2104,0x10a3,0x10a3,0x18a3,0x59e6,0x82a8,0x6206,0x1083,0x18a3,0x1883,0x20c4,0x38e4,0x40e4,0x3965,0x5aaa,0x5a89,0x62ea,0x39a6,0x28a3,0x59c6,0x5a68,0x5247,
0x5247,0x5247,0x5247,0x5247,0x5248,0x5227,0x39e7,0x49e7,0x7aa8,0x7ac9,0xa389,0x9327,0x8b07,0x7ac7,0x82c7,0x82c7,0x8308,0x9b89,0xc347,0xdb27,0x91a4,0x3985,0x82a9,0x7a88,
0x7a88,0x7a88,0x7a88,0x7a88,0x7a88,0x7aa8,0x6a27,0x59e6,0x7a88,0x7a88,0x7267,0x7267,0x7268,0x7268,0x7aa8,0x6a47,0x4185,0x92e8,0x92e8,0x92e9,0x92e8,0x92e9,0x9309,0x9309,
0x9b2a,0x9309,0x9309,0x61c6,0x3104,0x1062,0x28a3,0x28a4,0x20a3,0x28a3,0x30c4,0x38e4,0x38e4,0x38e4,0x38e4,0x38e4,0x38e4,0x38e4,0x3904,0x38e4,0x38e4,0x38e4,0x30e4,0x30c4,
0x30c4,0x30c4,0x30c4,0x30e4,0x38e4,0x38e4,0x38e4,0x38e4,0x38e4,0x38e4,0x38e4,0x38e4,0x38e4,0x3905,0x3925,0x38e4,0x3905,0x4145,0x30e4,0x4125,0x38e4,0x30c4,0x4145,0x7226,
0xab49,0xab49,0xab29,0xab29,0xab29,0xab29,0xa329,0x9b09,0x92e9,0x8aa8,0x8a88,0x8a88,0x8a88,0x8a88,0x61e6,0x7ac8,0x82e8,0x7ac8,0x51a5,0x4165,0x3945,0x4185,0x51c6,0x51a6,
0x51a6,0x51a6,0x49a6,0x4986,0x3965,0x5a06,0xdc8a,0xa328,0x9b88,0xa42a,0x9409,0x93e9,0x9c2a,0x9c0a,0x942a,0x8bca,0x7b2a,0x5227,0x3986,0x49c7,0xa329,0xa309,0x92c8,0xc306,
0xa2a7,0x18c4,0x0883,0x59a5,0x71e6,0x7206,0x6207,0x59c6,0x20c4,0x18a3,0x18a3,0x18a3,0x1883,0x20c4,0x7288,0x7267,0x79e5,0x1083,0x18a3,0x1083,0x3965,0x6227,0x5a27,0x5a07,
0x5a07,0x6248,0x5a07,0x5207,0x4a07,0x4a07,0x4a07,0x4a07,0x49e8,0xd547,0xbca8,0x5a08,0x6248,0x6248,0x6248,0x5a69,0x4a6a,0x5228,0x49e6,0x3965,0x4985,0x4985,0x4165,0x3165,
0x4a27,0x4a27,0x41e7,0x5aea,0x83ef,0x838e,0xa514,0x5a49,0x5a49,0x5a49,0x6269,0x6aaa,0x49e8,0x72e6,0xede7,0xff4b,0xcc68,0x4a08,0x5a69,0x5a68,0x5268,0x5268,0x5248,0x5248,
0x5a68,0x5a68,0x18c3,0x10a3,0x10a3,0x20c4,0xab89,0xd42a,0x9308,0x1063,0x18a3,0x18a3,0x18a3,0x30c4,0x4924,0x7226,0x9b6a,0x932a,0xa36a,0x7aa8,0x28a3,0x5186,0x8309,0x82e8,
0x8309,0x8309,0x82e8,0x82e8,0x82e9,0x7287,0x2945,0x5208,0x49e7,0x41a6,0x51c7,0x41c7,0x7aa8,0x51e6,0x49e8,0x41a7,0x39a6,0x51c6,0x82a9,0xa288,0x9205,0x6a68,0x7a68,0x7268,
0x7268,0x7268,0x7268,0x7268,0x7a88,0x59e7,0x4185,0x7268,0x7268,0x7268,0x7268,0x7268,0x7268,0x7a88,0x7248,0x3944,0x8288,0x92c9,0x8aa8,0x930a,0x9b0a,0x9b0a,0x9b0a,0x930a,
0x92c9,0x9b09,0x8288,0xa348,0x7a66,0x4143,0x59a4,0x61c5,0x61c5,0x69e5,0x5184,0x28c3,0x28c3,0x28c3,0x30c4,0x30e4,0x38e4,0x30c4,0x28a4,0x30c4,0x30c4,0x30a4,0x38e4,0x38e4,
0x38e4,0x38e4,0x38e4,0x38e4,0x30a4,0x28a4,0x28a4,0x28a4,0x38e4,0x38e4,0x38e4,0x38e4,0x38e4,0x3925,0x3925,0x28e4,0x30e4,0x4966,0x4986,0x59c7,0x59e6,0x4965,0xa328,0xb369,
0xab49,0xa329,0xa328,0xa308,0xa308,0xa308,0xa308,0x9ae8,0x92c8,0x92a8,0x8a67,0x8a68,0x8a88,0x8a88,0x8a88,0x82a8,0x82e8,0x82e8,0x82e8,0x7ac8,0x6268,0x5a47,0x5a47,0x5a47,
0x4a07,0x5a27,0x5a27,0x5a47,0x5a27,0x6a88,0xe4cb,0x9ae9,0x8289,0x7269,0x59c7,0x6a29,0x7a8a,0x7a6a,0x6229,0x51e8,0x59e8,0x3146,0x2946,0x49a6,0x7a88,0x7a88,0x8288,0xc327,
0x9266,0x0883,0x0883,0x5144,0x7184,0x6984,0x69e6,0x5164,0x1083,0x18a3,0x1083,0x1883,0x1083,0x20c4,0xbba9,0xa348,0x9245,0x20c3,0x18a3,0x1063,0x49a6,0x8ae9,0x82a8,0x7a88,
0x82a9,0x82c9,0x82c9,0x82a9,0x7aa9,0x6aa9,0x5a68,0x5249,0xabe7,0xf5e9,0x6aa8,0x5a29,0x6249,0x5a49,0x5a49,0x6249,0x6249,0x5a49,0x4a49,0x4249,0x3a49,0x3a49,0x3a4a,0x428a,
0x4207,0x4a28,0x5227,0x72eb,0x7b6d,0x49a6,0x836c,0x72c9,0x72c9,0x7288,0x82ea,0x7a67,0x7a68,0x92c8,0xe586,0xffac,0xcc69,0x7aa8,0x7ae9,0x7ac9,0x82c9,0x82e9,0x8309,0x9349,
0xab8a,0x82c8,0x10a3,0x18c3,0x10a3,0x3144,0xc3ea,0xd44a,0x6a26,0x0863,0x18a3,0x18a3,0x18a3,0x28c4,0x38e4,0x79e6,0x9245,0xb286,0xaa86,0x8a05,0x38e4,0x3904,0x7ac8,0x6a67,
0x5a06,0x6226,0x7287,0x7ac8,0x8ae8,0x7287,0x20e3,0x3144,0x41a6,0x49e7,0x5a07,0x5227,0x8b29,0x7288,0x7aca,0x5207,0x4a07,0x5a07,0x6a48,0x61c6,0x9246,0x82c9,0x8ac8,0x8ac8,
0x8ae8,0x8ae8,0x8ac8,0x92e9,0x82a8,0x7266,0x9b29,0xa349,0xa349,0xa349,0x9b29,0x9b09,0x8ae8,0x7a68,0x6a67,0x82a7,0xb3ea,0xc4ca,0xc46a,0xb3e9,0xb42a,0xabca,0x9b09,0xb40b,
0xabea,0x9b49,0x9ae7,0xe469,0xec8a,0xec8a,0xec8a,0xec8a,0xec8a,0xec8a,0xecaa,0x51a4,0x2083,0x20a3,0x1082,0x1083,0x1083,0x4144,0x61e6,0x51a5,0x4984,0x51a4,0x30e3,0x1883,
0x20a3,0x20a3,0x20a3,0x20a3,0x59c5,0x7226,0x6a26,0x61e5,0x28c3,0x18a3,0x18a3,0x20c3,0x20c3,0x18c3,0x4185,0xab89,0xb3ca,0xc40b,0xbbea,0xbbe9,0xcc2a,0x9b08,0x9ae8,0xa2e8,
0xa2e8,0xa308,0xab6a,0xabab,0xabab,0xabab,0xabab,0xb3cb,0xa38b,0x9b4b,0x934b,0x932a,0x8a88,0x8aa8,0x92a8,0x9ac8,0x82e8,0x7ac8,0x7ac8,0x7ac8,0x82e8,0x82e8,0x82e8,0x82e8,
0x72a8,0x6227,0x7a88,0x7268,0x7248,0x7268,0x9b49,0x8ac9,0x82c9,0x7aa9,0x6a69,0x72a9,0x932b,0x8b2b,0x72aa,0x5207,0x6248,0x3986,0x3146,0x41a6,0x6247,0x6247,0x5a27,0x9ae8,
0x61a4,0x0063,0x59c4,0xa2a5,0x5984,0x6984,0x71a4,0x4924,0x1083,0x20c4,0x20c4,0x20c4,0x20c4,0x1883,0x8ac7,0xd429,0x8205,0x28c4,0x1083,0x1083,0x3945,0xbbca,0xbbaa,0xab69,
0xb3aa,0xab8a,0xab69,0xb3aa,0xab69,0xab69,0x8b09,0xb3a7,0xfda6,0xd52a,0x8248,0x7a68,0x7268,0x7268,0x6a68,0x6a69,0x6a69,0x6a68,0x6a69,0x6a69,0x6289,0x528a,0x5a89,0x5a8a,
0x7aa8,0x9b09,0x9ae8,0xabac,0xb4f2,0xac70,0x938b,0x9b08,0xb3aa,0xab89,0xb3a9,0xbbca,0xbb89,0xed68,0xf76a,0xf5c9,0xcb87,0xb389,0xbb88,0xbb88,0xbb89,0xc3ea,0xc3ea,0xc3ea,
0xd42b,0x6a46,0x0862,0x18c3,0x18a3,0x20e4,0x51c6,0x59e6,0x28e4,0x20c4,0x20c4,0x28c4,0x20c4,0x28c4,0x30c4,0x71c6,0x71e5,0x5965,0x4945,0x4945,0x4104,0x28a4,0x7a87,0xbbca,
0xab69,0xab89,0xb3aa,0xbbaa,0xbbca,0xbbca,0x4a06,0x20e4,0x28e3,0x3124,0x3965,0x3144,0x51e6,0x49c6,0x5207,0x3124,0x2104,0x49c6,0x5185,0x9ae5,0xa386,0xd42a,0xdc6a,0xdc4a,
0xdc6a,0xdc6a,0xdc6a,0xdc6a,0xcc09,0xec8a,0xecaa,0xecaa,0xecaa,0xecaa,0xecaa,0xe489,0xf60d,0xc58f,0xe60d,0xe58a,0xe56a,0xfe0c,0xfe6f,0xee2f,0xedcd,0xed6c,0xed8d,0xeded,
0xfeb0,0xf62f,0xf52b,0xecca,0xe489,0xe48a,0xe48a,0xe48a,0xe48a,0xe48a,0xe469,0x4144,0x30c4,0x18a3,0x1083,0x1083,0x0862,0xa388,0xe4aa,0xd449,0xd449,0xe48a,0x51c4,0x0862,
0x10a3,0x10a3,0x1083,0x20e3,0xcc29,0xdc8a,0xdc6a,0xd44a,0x2903,0x0862,0x1082,0x10a3,0x18a3,0x18a3,0x2105,0xc40a,0xe48b,0xdc6a,0xdc6a,0xdc6a,0xe48a,0xd409,0x82a8,0xcd2d,
0xd56d,0xddae,0xedcf,0xf5ee,0xf5ee,0xf5ee,0xf5ef,0xf60f,0xf5ef,0xf5ee,0xf5ef,0xedce,0xe50b,0xed0b,0xe48a,0xec8a,0xd429,0x9329,0xab89,0xaba9,0xab89,0xa389,0xa369,0xa369,
0xab89,0xab89,0x8b09,0xabeb,0xabca,0x9b4a,0x9ac8,0x7a67,0x51e7,0x4186,0x2905,0x3965,0x4986,0x4986,0x3965,0x2904,0x3125,0x2924,0x2945,0x5a07,0xec68,0xe469,0x9329,0x92e8,
0x4124,0x0843,0x28c4,0x4144,0x5964,0x71a4,0x69a4,0x20c3,0x20c3,0x6184,0x6184,0x6184,0x6184,0x4103,0x3102,0x7a85,0x69c5,0x30e4,0x1083,0x1883,0x18c4,0xb3aa,0xc42b,0xbbea,
0xc3ea,0xc42b,0xc40b,0xc40b,0xc3ea,0xc3ea,0xcc29,0xf506,0xfe89,0xd4a9,0xb348,0xa328,0xa308,0xab29,0xa328,0xa328,0xa328,0xa329,0xa329,0xa328,0xa328,0x9b09,0x92c8,0x82c9,
0xab29,0xab29,0xa308,0xabab,0x934a,0x92c7,0xabec,0xa349,0xb3aa,0xbbaa,0xb3a9,0xab69,0xcc08,0xf6aa,0xef4c,0xf466,0xc367,0xab89,0xbba9,0xbbaa,0xbbca,0xbbca,0xbbca,0xbbca,
0xcc0b,0x49a5,0x0882,0x18c3,0x18a3,0x18a3,0x1083,0x1883,0x28c4,0x28c4,0x30e4,0x3104,0x3104,0x28e4,0x30c4,0x4945,0x7a06,0x3924,0x4145,0x4965,0x4925,0x5145,0x8206,0xbb89,
0xc40a,0xc3ea,0xc3ea,0xc3ea,0xbbca,0xcc0a,0x6a68,0x3146,0x49c7,0x41a6,0x5a07,0x41c6,0x7288,0x6a68,0x7a68,0x7288,0x7289,0x7288,0x92c9,0xbb47,0x9b06,0xdc4a,0xdc4a,0xdc4a,
0xdc4a,0xdc4a,0xdc4a,0xdc6a,0xec8a,0xe48a,0xe48a,0xe48a,0xe48a,0xe48a,0xe469,0x7b09,0xad2e,0xde2f,0xf64d,0xfe4f,0xfe4f,0xfe0f,0xffd7,0xfff8,0xfed2,0xfdcd,0xfdad,0xf58c,
0xc5b1,0xdef5,0xa4cf,0x7b29,0xec89,0xe48a,0xe48a,0xe48a,0xe46a,0xecaa,0xbba8,0x1063,0x0882,0x0882,0x1083,0x1083,0x0862,0xabc8,0xe48a,0xd44a,0xd44a,0xe48a,0x59e5,0x0883,
0x18c3,0x18a3,0x10a3,0x20e3,0xc409,0xdc6a,0xd44a,0xdc6a,0x4185,0x0862,0x1083,0x10a3,0x18a3,0x18a3,0x10a4,0x9329,0xe46a,0xd44a,0xdc4a,0xdc4a,0xdc4a,0xdc4a,0x9348,0xee0d,
0xfdec,0xfdcc,0xfdec,0xfe2e,0xfe0d,0xfdec,0xfdcc,0xfdcc,0xfdcc,0xfdcc,0xfdcc,0xfdec,0xfdec,0xfd8c,0xed6b,0xc409,0xf4aa,0xd429,0xd429,0xf4aa,0xecaa,0xecaa,0xecaa,0xecaa,
0xecaa,0xf4aa,0xd429,0xdc8b,0xfdcd,0xdc8b,0xc2e6,0xa2e8,0x8288,0x7227,0x6227,0x6a69,0x6227,0x59e6,0x51a6,0x4165,0x3104,0x3986,0x3966,0x3966,0xdc48,0xe428,0xc2e6,0x9266,
0xa2c5,0xaac5,0x3904,0x18a3,0x6984,0x71a4,0x6184,0x18a3,0x1883,0x1083,0x1083,0x1083,0x1083,0x1083,0x1083,0x0863,0x18a4,0x18a3,0x18a3,0x18a3,0x18a3,0xa36a,0xc40b,0xc40b,
0xc40b,0xc3ea,0xbbea,0xbbca,0xbbca,0xbbca,0xd428,0xfe08,0xff09,0xe468,0xb349,0xb389,0xb369,0xab49,0xab49,0xa328,0xa328,0xab29,0xab29,0xab29,0xab29,0xab28,0xab29,0xa349,
0xa329,0xa329,0xa328,0xab8a,0xb4b1,0xac4f,0xac0d,0xab69,0xb3a9,0xab48,0xbbca,0xab69,0xcbe7,0xf6c8,0xf769,0xf547,0xcb47,0xbbca,0xc3ea,0xc3ea,0xbbca,0xbbca,0xbbca,0xbbca,
0xcc0b,0x51c5,0x0882,0x18a3,0x18a3,0x20c3,0x28a4,0x28c4,0x28a4,0x28c4,0x3104,0x3104,0x3104,0x3104,0x28c3,0x38e4,0x79e5,0x79c5,0x9205,0x9a05,0x8205,0x6985,0x6985,0xaae8,
0xc3ea,0xbbca,0xbbca,0xbbca,0xbbca,0xcc0a,0x6a67,0x3166,0x49c7,0x49e7,0x6227,0x49e7,0x82e8,0x72a8,0x92e9,0x8ae9,0x82ca,0x7aa8,0x92e9,0xa2a6,0x82a6,0xe48a,0xdc4a,0xdc4a,
0xdc4a,0xdc4a,0xdc6a,0xe48a,0xe48a,0xe48a,0xe48a,0xe48a,0xe48a,0xec8a,0xdc69,0x4a28,0x31a7,0x39c7,0x4228,0x52cb,0x636d,0x6b8c,0x73ee,0x6bad,0x6b8c,0x630b,0x5268,0x5a68,
0x39c7,0x31c7,0x1926,0x41c7,0xe48a,0xe48a,0xe48a,0xe48a,0xe469,0xf4ca,0x8286,0x1863,0x28e4,0x3904,0x3904,0x3904,0x20a3,0xa3a8,0xc409,0xab88,0xb3a8,0xc3e9,0x51c5,0x0883,
0x18c3,0x18a3,0x10a3,0x20e3,0xa348,0xb3a8,0xbba8,0xcc29,0x8ac7,0x2083,0x30e4,0x28c4,0x18a3,0x18c3,0x0883,0x7aa7,0xec8a,0xdc4a,0xdc4a,0xdc4a,0xdc4a,0xe46a,0xb388,0x8a05,
0x7165,0x79e6,0x82a9,0x834b,0x93cc,0xac6d,0xbcce,0xb4cd,0xb50f,0xbd50,0x940c,0x7b49,0x6aa8,0x49e6,0x41e6,0x82a6,0xf4ca,0xe469,0xdc49,0xe48a,0xe48a,0xe48a,0xe48a,0xe489,
0xe48a,0xe469,0xe48a,0xe48a,0xc42a,0xdc8b,0xcb27,0x7247,0x7a68,0xa349,0x9b4a,0x8b2b,0xac0d,0xa3cb,0x6a48,0x4124,0x4145,0x3986,0x3166,0x49c6,0xe488,0xe407,0xcac6,0x9a45,
0x18a3,0x7a04,0xdb65,0x61a4,0x6984,0x71a4,0x5944,0x18a3,0x18a3,0x18a3,0x18a3,0x18a3,0x18a3,0x18a3,0x1883,0x18a3,0x1083,0x1083,0x18a3,0x18a3,0x0863,0x7267,0xcc4c,0xbbeb,
0xbbeb,0xbbeb,0xbbca,0xbbca,0xc3ea,0xbbca,0xdc67,0xfe4c,0xf74b,0xf4e6,0xc388,0xb369,0xb369,0xb369,0xb369,0xab69,0xab49,0xa329,0xa329,0xa329,0xa329,0xa329,0xa329,0xa328,
0xa329,0xab29,0xab48,0xb389,0xb44e,0xa3cc,0xa3ab,0xa328,0xb3aa,0xb3aa,0xb3aa,0xab69,0xcbe7,0xf687,0xf769,0xf729,0xf4c7,0xd3c8,0xbbea,0xc3ca,0xbbca,0xbbca,0xbbca,0xbbca,
0xc3ea,0x4184,0x0882,0x18a3,0x18a3,0x10a3,0x18c3,0x18a3,0x10a3,0x10a3,0x10a3,0x10a3,0x1083,0x1083,0x20c3,0x30c4,0x6164,0x9205,0x81c5,0x6145,0x4125,0x3904,0x4104,0x9a66,
0xc3ea,0xbbca,0xbbca,0xbbca,0xbbca,0xcc0a,0x7287,0x20e5,0x4186,0x49e7,0x6a28,0x49e7,0x8309,0x7ac8,0x92e9,0x82c9,0x7aca,0x7aa9,0x8267,0x6164,0x92e6,0xec8a,0xdc4a,0xdc4a,
0xdc4a,0xdc6a,0xe48a,0xe48a,0xe48a,0xe48a,0xe48a,0xe48a,0xe48a,0xec8a,0xd449,0x4a29,0x4208,0x4a07,0x2966,0x2966,0x39e8,0x4229,0x39e8,0x4209,0x3a08,0x31a6,0x3186,0x31a6,
0x39a6,0x3187,0x2987,0x5a47,0xec8a,0xe48a,0xe48a,0xe48a,0xe48a,0xec8a,0x4164,0x20a3,0x4124,0x4104,0x4104,0x4104,0x5944,0x71a4,0x6984,0x6164,0x6164,0x6984,0x3103,0x10a3,
0x18a3,0x18a3,0x10a3,0x18c3,0x7184,0x79c4,0x81c5,0x8a05,0x79c5,0x4904,0x30e4,0x30e4,0x18a3,0x18c3,0x0863,0x5a05,0xec8a,0xdc4a,0xdc4a,0xdc4a,0xdc4a,0xdc6a,0xd44a,0xca85,
0xa984,0x6145,0x5145,0x4924,0x4945,0x51c7,0x4166,0x3946,0x3986,0x39e8,0x41e8,0x2967,0x3186,0x3166,0x2925,0x8286,0xf4ca,0xe469,0xec8a,0xe48a,0xe48a,0xe48a,0xe48a,0xe48a,
0xe469,0xe48a,0xe4ab,0xeccb,0xd42a,0x9b28,0x8267,0x5165,0x59a6,0x7227,0x7268,0x6a89,0x7ae9,0x72c8,0x4985,0x28e3,0x3104,0x2924,0x18e4,0x51c5,0xf4a8,0xd3a7,0xd2e6,0x8205,
0x0862,0x0063,0x5207,0x7a67,0x6984,0x71a4,0x3904,0x1083,0x18a3,0x18a3,0x18a3,0x18a3,0x18a3,0x18a4,0x18c4,0x10a3,0x3904,0x4124,0x18a3,0x18a3,0x1083,0x3965,0xc42b,0xbbeb,
0xbbaa,0xbbca,0xbbca,0xbbea,0xc3ea,0xbbca,0xf4c5,0xfe0b,0xef91,0xfe29,0xe3e7,0xb369,0xb389,0xb369,0xb369,0xb389,0xb369,0xb369,0xab49,0xa329,0xa329,0xa329,0xa329,0xa329,
0xab48,0xb369,0xb368,0xb3aa,0xb4f1,0xacb1,0xac90,0xa38a,0xb389,0xb389,0xb369,0xc368,0xe426,0xf5c8,0xf628,0xf76a,0xf6e9,0xf4c7,0xc3ca,0xbbea,0xbbca,0xbbca,0xbbca,0xc3ea,
0xab69,0x18a2,0x1082,0x1083,0x3944,0xb389,0x9308,0x10a3,0x20c3,0x20c4,0x20c4,0x28c4,0x28c4,0x18a3,0x18a3,0x28c4,0x5124,0x6185,0x3104,0x38e4,0x30c4,0x20a3,0x20c3,0x81e5,
0xc3a9,0xbbea,0xbbca,0xbbca,0xbbca,0xc3ea,0x9b29,0x20e4,0x20e4,0x3165,0x41c7,0x3986,0x41a6,0x41a6,0x41a6,0x49c6,0x41a6,0x3965,0x2904,0x5183,0xab68,0xe48a,0xdc4a,0xdc4a,
0xdc6a,0xe48a,0xe48a,0xe48a,0xe48a,0xe48a,0xe48a,0xe48a,0xe48a,0xe48a,0xecaa,0x5a26,0x31c8,0x4a07,0x2986,0x39c8,0x39e8,0x4a49,0x4a6a,0x4229,0x4208,0x39c7,0x39e7,0x39c6,
0x3185,0x2145,0x10c3,0xa348,0xf4ca,0xe489,0xe48a,0xe489,0xecaa,0xc3e8,0x1083,0x1083,0x10a3,0x10a3,0x1083,0x5944,0x81a4,0x81a4,0x81a4,0x81a4,0x81a4,0x89a4,0x3903,0x10a3,
0x18a3,0x18a3,0x10a3,0x18c3,0x89e5,0x9a05,0x91e5,0x89e5,0x91e5,0x81c5,0x20a3,0x1083,0x1083,0x18a3,0x20a4,0x3924,0xd42a,0xdc6a,0xdc4a,0xdc4a,0xdc4a,0xe46a,0xcc2a,0x79c5,
0xc265,0xa245,0x71c5,0x4944,0x5a48,0x7b8d,0x41e7,0x3966,0x6aa9,0xabec,0x8b4a,0x39c7,0x62ca,0x4207,0x2145,0x7265,0xf4ca,0xe469,0xe48a,0xe48a,0xe48a,0xe48a,0xe48a,0xe4ab,
0xe48a,0xe48a,0xe4ab,0xdc49,0xf4eb,0xb3a9,0x7267,0x59c6,0x3904,0x28c4,0x30e4,0x20a3,0x20a3,0x20a3,0x20a3,0x20a3,0x1083,0x18c3,0x20e5,0x51c5,0xfcc8,0xd346,0xba85,0x3923,
0x0862,0x2945,0x3a4a,0x51c6,0x7184,0x71a4,0x3904,0x1083,0x1083,0x1083,0x1083,0x1083,0x1083,0x1062,0x2945,0x31e7,0x4985,0x9225,0x18c3,0x18c3,0x18a3,0x20e4,0xbbca,0xcc2b,
0xc3ea,0xc3ea,0xc3ea,0xc3ca,0xc3ca,0xc3ca,0xd428,0xece9,0xf732,0xff2b,0xf547,0xb348,0xb369,0xb369,0xb369,0xb369,0xb369,0xb389,0xb369,0xb369,0xab49,0xa329,0xa329,0xa328,
0xb368,0xb369,0xb368,0xb3aa,0xbcb0,0xb4b0,0xac6f,0xab69,0xb3a9,0xc388,0xdba7,0xeb86,0xf445,0xf6ab,0xf4a7,0xf6e9,0xf76a,0xfee9,0xdc48,0xbbca,0xbbca,0xc3ea,0xcc0a,0xc3c9,
0x9ae7,0x10a2,0x18c3,0x0883,0x6206,0xc40a,0x49a5,0x1083,0x18a3,0x18c4,0x18c4,0x18c4,0x18c4,0x18c4,0x18c3,0x20c3,0x38e4,0x79a5,0x3904,0x4984,0x82a7,0x8ae7,0x1082,0x6165,
0xbb69,0xbbea,0xbbca,0xc3ea,0xc3ea,0xcc0a,0xab69,0x3186,0x39e7,0x2987,0x39c7,0x49a6,0x59e7,0x49a6,0x41a6,0x4a07,0x51c6,0x4965,0x69c5,0xc345,0xc3e9,0xe46a,0xdc4a,0xdc6a,
0xe48a,0xe48a,0xe48a,0xe48a,0xe48a,0xe48a,0xe48a,0xe48a,0xe48a,0xe469,0xf4ca,0x7286,0x2125,0x2924,0x10a2,0x2945,0x31a6,0x2945,0x3186,0x2945,0x18c3,0x10c3,0x18e3,0x10c3,
0x0861,0x2124,0x2144,0xbbc8,0xecaa,0xe489,0xe48a,0xe469,0xf4ca,0x7266,0x0022,0x1083,0x1082,0x0862,0x1062,0x4104,0x4104,0x4104,0x4104,0x3904,0x28e3,0x28e3,0x18c3,0x10a3,
0x18a3,0x18a3,0x18a3,0x18a3,0x20e3,0x28e3,0x20c3,0x3104,0x4924,0x4924,0x1883,0x0862,0x1083,0x1083,0x20c3,0x1083,0x9307,0xecaa,0xdc4a,0xdc4a,0xdc4a,0xdc4a,0xdc6a,0x6a06,
0x4945,0x4944,0x3924,0x3165,0x2966,0x31a6,0x3166,0x2945,0x3165,0x41c6,0x3165,0x2925,0x2125,0x2966,0x2925,0x7a66,0xf4ca,0xe469,0xe48a,0xe48a,0xe48a,0xe48a,0xe469,0xe48a,
0xeccb,0xe48a,0xe4aa,0xe4ab,0xecab,0xcc29,0xa369,0x82a8,0x7268,0x6a48,0x6a27,0x4165,0x59c7,0x59e7,0x49c6,0x4187,0x41a7,0x4187,0x4988,0x3165,0x9b27,0xec68,0x7a65,0x0043,
0x0883,0x1925,0x3a08,0x61a5,0x7184,0x71a4,0x30e4,0x0862,0x2103,0x18e3,0x2125,0x2945,0x2125,0x2104,0x2965,0x3a07,0x39a6,0x9225,0x20e4,0x10a3,0x18c3,0x18a3,0x6a47,0x8b29,
0x8b29,0x9b6a,0xabcb,0xb3eb,0xb3eb,0xabcb,0xd44a,0xf406,0xf692,0xff4f,0xfec8,0xd4e9,0xb369,0xb369,0xb369,0xb369,0xb369,0xb369,0xb369,0xb369,0xb369,0xb369,0xab48,0xab49,
0xb368,0xb369,0xb368,0xb389,0xa3ab,0xac2e,0xa42e,0xa348,0xd3a8,0xe3a6,0xeb66,0xec66,0xf6a8,0xf6eb,0xf507,0xf6e9,0xf749,0xf769,0xed29,0xc3ca,0xcc0a,0xbbca,0x9b69,0x72c8,
0x41e6,0x18a3,0x20c4,0x10a3,0x49e6,0x5207,0x0882,0x18a3,0x2945,0x4207,0x3a08,0x3a08,0x3a08,0x3a08,0x3a09,0x2925,0x30c4,0x6164,0x61c5,0xa389,0xb3a9,0xb3aa,0x2904,0x1063,
0xa2e8,0xc40b,0xc3ea,0xbbca,0x9329,0x6a88,0x5a47,0x2965,0x39c7,0x31e8,0x4249,0x51e7,0x7a88,0x7288,0x62ca,0x6289,0x7268,0x59a7,0x7a25,0xaae5,0xcc2a,0xdc6a,0xdc6a,0xe48a,
0xe48a,0xe48a,0xe48a,0xe48a,0xe48a,0xe48a,0xe48a,0xe48a,0xe48a,0xe48a,0xec89,0x6a87,0x31e7,0x5a89,0x5269,0x4a48,0x5268,0x5268,0x4249,0x4269,0x39e7,0x41e7,0x39e8,0x41e7,
0x2965,0x39e7,0x31c7,0xb3c9,0xecaa,0xe46a,0xe48a,0xe46a,0xecaa,0x5227,0x08a3,0x18c3,0x10c3,0x2145,0x2925,0x30c4,0x30e4,0x30e4,0x30e4,0x28c4,0x10a3,0x10a3,0x10a3,0x18a3,
0x18a3,0x18a3,0x18a3,0x18a3,0x10a3,0x10a3,0x10a3,0x20c3,0x4124,0x4104,0x3103,0x18a3,0x1083,0x1082,0x0862,0x0002,0x3944,0xdc6a,0xdc4a,0xdc4a,0xdc4a,0xdc4a,0xec8a,0x92c7,
0x7a67,0x6289,0x49c7,0x41a6,0x5208,0x5228,0x3986,0x20e4,0x3166,0x4228,0x39e8,0x3166,0x51e7,0x4124,0x4145,0x8ac7,0xf4aa,0xe48a,0xe48a,0xe48a,0xe489,0xe489,0xe469,0xe4aa,
0xe48a,0xe4ab,0xe48a,0xe48a,0xe48a,0xec89,0xab89,0x5a28,0x7288,0x7aa8,0x6a47,0x5a07,0x6227,0x6a27,0x5a07,0x49c7,0x49c7,0x3146,0x3125,0x3165,0x41e7,0x6aa8,0x9349,0x7ac8,
0x72a8,0x6a87,0x6267,0x7a05,0x7184,0x5964,0x1883,0x18a3,0x4a27,0x4a28,0x4228,0x4228,0x4228,0x4228,0x4228,0x3a07,0x5a07,0xa246,0x3104,0x10a3,0x18c3,0x18a3,0x2125,0x39e7,
0x4207,0x4207,0x5268,0x72e9,0x7b2a,0x6ac9,0xcbe7,0xfcc8,0xf711,0xff0c,0xf6a9,0xff29,0xdd69,0xb349,0xb389,0xb369,0xb369,0xb369,0xb369,0xb369,0xb369,0xb369,0xb369,0xb389,
0xb368,0xb389,0xb368,0xb3ca,0xc553,0xb533,0xbcd0,0xbba9,0xc3ca,0xc409,0xed86,0xf607,0xf749,0xf729,0xf74a,0xf74a,0xf729,0xf78a,0xe5aa,0xa329,0x8309,0x5248,0x3a07,0x4227,
0x39e6,0x18a3,0x18a3,0x18c3,0x4227,0x31a6,0x1062,0x3145,0x4248,0x4249,0x3a49,0x3a49,0x3a49,0x3a29,0x424a,0x29a6,0x20a3,0x4924,0x71e5,0x7ac8,0x7aa8,0x82e8,0x7247,0x6a27,
0xbba9,0xbbca,0x8b09,0x5a47,0x49e7,0x49e7,0x4a07,0x3985,0x18e3,0x2104,0x2945,0x2924,0x3944,0x3965,0x3165,0x3144,0x3103,0x18a2,0x2082,0x8aa6,0xe4aa,0xdc2a,0xe449,0xe449,
0xe469,0xe48a,0xe48a,0xe48a,0xe48a,0xe48a,0xe48a,0xe48a,0xe48a,0xe48a,0xec8a,0x7286,0x31e7,0x62ca,0x62ca,0x4a69,0x6288,0x62a9,0x4aec,0x530c,0x52aa,0x72c9,0x4a69,0x5a68,
0x31c6,0x39c6,0x2165,0x7266,0xf4ca,0xe48a,0xecaa,0xf4ca,0xe469,0x52aa,0x428a,0x4269,0x4249,0x4a89,0x39e7,0x20a3,0x38e4,0x38e4,0x38e4,0x30e4,0x18c3,0x18a3,0x18a3,0x18a3,
0x18a3,0x18a3,0x18a3,0x18a3,0x18a3,0x18a3,0x10a3,0x20c3,0x4945,0x38c4,0x6a66,0xbc8a,0x9368,0x6246,0x9308,0x6205,0x59e5,0xdc4a,0xe48a,0xe46a,0xdc4a,0xdc4a,0xe48a,0x8287,
0x8287,0x7aea,0x6269,0x49e7,0x8b2b,0x9bad,0x5a69,0x49e7,0x6aeb,0x83ae,0x530c,0x4a49,0x830b,0x5186,0x3925,0x92e7,0xf4aa,0xe489,0xe48a,0xe48a,0xe48a,0xe469,0xe469,0xe4ab,
0xe48a,0xe48a,0xecab,0xe469,0xe48a,0xec8a,0xdc49,0x72c8,0x39e7,0x4a07,0x2904,0x3165,0x41c6,0x41a6,0x2924,0x2104,0x39a6,0x3144,0x3985,0x4a07,0x5227,0x49e7,0x4a07,0x9328,
0xdc6a,0xe48a,0xbbe9,0x7a05,0x71a4,0x5144,0x1083,0x2104,0x4a27,0x4a27,0x4a27,0x4227,0x4227,0x4227,0x4a27,0x4227,0x4a27,0xaa66,0x4124,0x10a3,0x18c3,0x18a3,0x3186,0x4a48,
0x4a27,0x4a27,0x4207,0x4207,0x4207,0x4a27,0xe509,0xf6f1,0xf72e,0xf6e8,0xf6e9,0xfec9,0xf6a9,0xbba8,0xb369,0xb369,0xb369,0xb369,0xb369,0xb369,0xb369,0xb369,0xb369,0xb368,
0xb368,0xb368,0xb389,0xbb89,0xb368,0xbc8f,0xa36a,0xbba9,0xbbca,0xc449,0xf767,0xf646,0xf749,0xf749,0xf74a,0xf74a,0xf769,0xf629,0xd4c9,0x4207,0x3a07,0x4227,0x4a27,0x4a27,
0x4a28,0x31a6,0x2104,0x39a6,0x4a48,0x41e7,0x2966,0x3a29,0x3a29,0x3a29,0x3a29,0x3a29,0x3a29,0x3a29,0x3a29,0x29c7,0x1062,0x4104,0x6164,0x6246,0xab8a,0xbbca,0xc3ea,0xc3ea,
0x8b09,0x5a27,0x41e7,0x4a07,0x5227,0x5207,0x5207,0x5248,0x49c6,0x4124,0x4924,0x4124,0x3904,0x38e3,0x30e3,0x30c3,0x4124,0x69e5,0xbc4a,0xf60d,0xe52b,0xe54b,0xedab,0xed8b,
0xed0a,0xe489,0xe46a,0xe46a,0xe46a,0xe46a,0xe48a,0xe48a,0xe48a,0xe48a,0xf4ca,0x7ac7,0x31a6,0x6b0a,0x5289,0x4207,0x5a47,0x6288,0x4acb,0x52ec,0x528a,0x72c8,0x4a49,0x5248,
0x31a6,0x39e7,0x2166,0x8ac6,0xf4ca,0xd429,0xcc09,0xb3c9,0x6a87,0x31a6,0x39c6,0x39c6,0x39a6,0x31a6,0x31a6,0x2985,0x3186,0x3904,0x38e4,0x30e4,0x18a3,0x18a3,0x18a3,0x18a3,
0x18a3,0x18a3,0x18a3,0x18a3,0x18a3,0x18a3,0x18a3,0x18c3,0x28c3,0x20c3,0x39c6,0x5a88,0x5248,0x41e6,0x5a88,0x72c8,0x7ae8,0x7ae8,0xaba9,0xcc2a,0xe48a,0xe46a,0xe48a,0x7226,
0x8287,0x7aea,0x5a48,0x41c7,0x82ea,0x9b6c,0x5a69,0x4a07,0x62aa,0x7b6d,0x4aeb,0x5aaa,0x830b,0x51a6,0x4145,0x9b07,0xf4aa,0xe489,0xe489,0xe48a,0xe4ab,0xecab,0xe48a,0xe48a,
0xe4ab,0xe4ab,0xe48a,0xe48a,0xe48a,0xe48a,0xec8a,0xe48a,0xb3c9,0x5247,0x39e7,0x4a27,0x5207,0x4a07,0x4a07,0x5207,0x5227,0x5227,0x5227,0x5207,0x5207,0x5227,0x5207,0x41e7,
0x6247,0xb3c9,0xd449,0x79e5,0x6964,0x4104,0x0043,0x3186,0x4227,0x4207,0x4207,0x4a27,0x4a27,0x4a27,0x4a27,0x4227,0x4228,0x8267,0x4944,0x0883,0x18a3,0x1083,0x20e4,0x4a48,
0x4a27,0x4a27,0x4a27,0x4a27,0x41e7,0x6ae7,0xfeca,0xf78d,0xf729,0xf5e6,0xf6a7,0xf6e9,0xfe68,0xc3e7,0xb349,0xb389,0xb369,0xb369,0xb369,0xb369,0xb369,0xb369,0xb369,0xb369,
0xb389,0xbbc9,0xbbc9,0xc42c,0xb4d1,0xac90,0xb4b0,0xb389,0xc3ca,0xc3ea,0xe628,0xf4e6,0xf506,0xf709,0xf72a,0xf76c,0xf6a8,0xfc26,0xc346,0x4207,0x4a27,0x4a27,0x4227,0x4227,
0x4227,0x4a28,0x4a48,0x4a27,0x4207,0x5248,0x72c9,0x6aa9,0x62a8,0x6289,0x6289,0x5a89,0x5a89,0x5a69,0x5a89,0x62a9,0x49a5,0x18a3,0x4964,0x92e8,0xcc0b,0xbbca,0xc3ea,0x9b49,
0x5207,0x4a07,0x4a07,0x49e7,0x49e7,0x4a07,0x49e7,0x41a6,0x4125,0x4925,0x4124,0x4945,0x5165,0x59a5,0x7206,0x9ac7,0xc3c8,0xe449,0xecaa,0xdc8a,0xd44a,0xe58b,0xe5cb,0xe5cb,
0xdd6b,0xe589,0xed89,0xed49,0xed4a,0xece9,0xeca9,0xe48a,0xe48a,0xe48a,0xecaa,0x4163,0x18e4,0x4a48,0x5268,0x4227,0x5a68,0x6288,0x4aaa,0x52cb,0x5289,0x72e9,0x426a,0x4a48,
0x31a6,0x31a6,0x2125,0x6246,0x6267,0x39c6,0x39c6,0x29a6,0x29a6,0x39c6,0x39c6,0x39c6,0x39c6,0x39c6,0x39c6,0x39c7,0x39a6,0x38e4,0x38e4,0x28c3,0x1082,0x18a3,0x10a3,0x10a3,
0x10a3,0x10a3,0x10a3,0x10a3,0x10a3,0x10a3,0x10a3,0x18a3,0x1882,0x39c6,0x4a48,0x4207,0x4a28,0x2944,0x31a6,0x4207,0x3a07,0x3a07,0x4207,0x4a27,0x9b69,0xb3c9,0xdc6a,0x92e7,
0x59c6,0x6268,0x5208,0x41a6,0x830b,0x936c,0x6289,0x4a07,0x6aeb,0x736d,0x4aec,0x528a,0x6a69,0x4145,0x28e4,0x92e7,0xf4ca,0xe469,0xe489,0xe46a,0xe4ab,0xc3c9,0xb38a,0xdc8b,
0xe48a,0xe469,0xe489,0xe48a,0xe48a,0xe48a,0xe48a,0xe48a,0xf4aa,0xdc49,0x7ae8,0x4207,0x41e7,0x41e7,0x49e7,0x4a07,0x4a07,0x49e7,0x49e7,0x49e7,0x49e7,0x41e7,0x41e7,0x41e7,
0x72a8,0xa369,0xbbe9,0xcc09,0x7a26,0x4965,0x49a5,0x5a68,0x5a68,0x8308,0xa369,0xab89,0xab89,0xab89,0xa369,0x72c8,0x5247,0x4a47,0x3965,0x2104,0x2924,0x2925,0x3185,0x5247,
0x5248,0x5248,0x5248,0x5268,0x39e7,0x6266,0xf607,0xf747,0xf727,0xfe27,0xfe47,0xfea7,0xed04,0x8aa6,0xb389,0xb368,0xb369,0xb369,0xb369,0xb369,0xb369,0xb369,0xb369,0xb369,
0xbbca,0xbbca,0xbbca,0xbbea,0xccf0,0xbd33,0xac0c,0xbba9,0xc3ea,0xab49,0xa349,0xd3e8,0xf3a5,0xf426,0xf466,0xf487,0xf426,0xe3a5,0xd386,0x6267,0x4207,0x4a27,0x4a27,0x4a27,
0x4a27,0x4227,0x4207,0x4a27,0x6288,0x7ac8,0x82e8,0x82e8,0x8ae8,0x8b08,0x9329,0x9b49,0xa369,0xb389,0xb3a9,0xc3ea,0x9308,0x82c7,0xc40a,0xc3ea,0xbbca,0xbbca,0xbbca,0xc3ea,
0xbbca,0xab8a,0x9b49,0x9309,0x9b49,0x82a8,0x7246,0x8246,0x8266,0x8a87,0x9ae7,0xab28,0xbb88,0xcbe9,0xdc29,0xdc49,0xdc29,0xd409,0xd3e9,0xd409,0xd429,0xd409,0xd409,0xd409,
0xd409,0xd449,0xdce9,0xe569,0xe5e9,0xe5a9,0xeda8,0xf608,0xecc9,0xe46a,0xf4aa,0x7ac7,0x00a3,0x1082,0x2124,0x2944,0x2944,0x2944,0x2965,0x2965,0x3185,0x39c6,0x2125,0x10c3,
0x18c3,0x2104,0x2125,0x2966,0x31a6,0x31a6,0x39c6,0x39c7,0x39c6,0x39c6,0x39c6,0x39c6,0x39c6,0x39c6,0x39c6,0x39c6,0x3966,0x30c4,0x38e4,0x28c3,0x0882,0x1082,0x1082,0x1082,
0x1082,0x1082,0x1082,0x10a2,0x10a2,0x0862,0x1082,0x20a3,0x1883,0x39a6,0x4a28,0x4227,0x4a48,0x31a6,0x31a6,0x4a48,0x4a27,0x4a27,0x4a27,0x4227,0x4207,0x4207,0x5a88,0x8b08,
0x3924,0x3904,0x3104,0x20e4,0x2904,0x3165,0x41c6,0x39a6,0x2966,0x2146,0x2987,0x2966,0x1904,0x1904,0x0862,0xa347,0xf4ca,0xe489,0xec8a,0xe489,0xecaa,0xd44a,0xc3ca,0xe48a,
0xe48a,0xe489,0xdc4a,0xe48a,0xec8a,0xec8a,0xec8a,0xec8a,0xe48a,0xecaa,0xecaa,0xbbe9,0x9348,0x8b08,0x82e8,0x5a48,0x5a48,0x6a88,0x6a88,0x6a68,0x6a68,0x7ac8,0x9329,0xb3a9,
0xdc4a,0xe46a,0xcc0a,0xc40a,0xc40a,0xc3ea,0xcc0a,0xc3ea,0xc3ea,0xcc0a,0xc3ea,0xc3ea,0xc3ea,0xc3ea,0xc3ea,0xc40a,0x9369,0x5a68,0x5a68,0x5268,0x5a68,0x5a88,0x5268,0x4a68,
0x5268,0x5a68,0x5268,0x5a67,0x62a8,0x59e6,0xc1c4,0xe346,0xec66,0xec26,0xeac6,0xf325,0xcaa4,0x8246,0xc3c9,0xab68,0xb368,0xb368,0xb368,0xb368,0xb368,0xb368,0xb368,0xb389,
0xcc0a,0xcc0a,0xcc0a,0xc40a,0xab48,0xbcaf,0xa3ec,0xbb89,0xd44b,0xa367,0x30e4,0x4164,0xe3c5,0xf405,0xf3e5,0xf3e5,0xfc26,0xa264,0x38e3,0x7246,0xb3ca,0xb3aa,0xb3aa,0xbbca,
0xbbca,0xabaa,0x9b49,0xab89,0xbbca,0xb3a9,0xb3a9,0xb3a9,0xbbca,0xbbca,0xc3ea,0xc3ea,0xc3ea,0xcc2b,0xc40b,0x9b28,0x9b49,0xc3ea,0xbbca,0xbbca,0xbbca,0xbbca,0xbbca,0xbbca,
0xc3ea,0xc3ea,0xc3ea,0xcc0a,0xab69,0xb368,0xd409,0xd409,0xd409,0xd409,0xdc09,0xd409,0xd409,0xd409,0xd409,0xd409,0xd409,0xd409,0xd429,0xd44a,0xd449,0xd449,0xd449,0xd449,
0xd449,0xd449,0xd429,0xd409,0xd409,0xd40a,0xd44a,0xdca9,0xd46a,0xd44a,0xe48a,0x6a86,0x1146,0x1105,0x31a6,0x39c6,0x39e6,0x3165,0x3185,0x3185,0x3186,0x31a7,0x39a7,0x3186,
0x2125,0x31a7,0x2966,0x3185,0x39c7,0x39c6,0x39c6,0x49e7,0x39c6,0x39c6,0x39c6,0x39c6,0x39c6,0x39c6,0x39c6,0x39c6,0x3925,0x38c4,0x38e4,0x28e4,0x31a6,0x39c6,0x4207,0x4207,
0x4207,0x4207,0x4207,0x4207,0x4227,0x3185,0x1883,0x28c4,0x2083,0x2924,0x4a48,0x4227,0x4a27,0x4207,0x3165,0x4a27,0x4a27,0x4a27,0x4a27,0x4a27,0x4a27,0x4a27,0x4227,0x39e7,
0x5165,0x69a5,0x4945,0x28e3,0x3966,0x52aa,0x3186,0x20e4,0x41a6,0x72a8,0x5269,0x2125,0x1082,0x2125,0x39e7,0xc3e9,0xdc4a,0xd42a,0xd44a,0xd42a,0xd42a,0xd46b,0xd44a,0xcc09,
0xcc0a,0xcc0a,0xbbca,0xd42a,0xdc49,0xd42a,0xd42a,0xd42a,0xd44a,0xd42a,0xd42a,0xdc4a,0xdc6a,0xdc4a,0xcc0a,0xb3aa,0xbbca,0xc3ea,0xc3ea,0xc3ea,0xc3ea,0xcc0a,0xcc0a,0xcc0a,
0xc3ea,0xbbca,0xc3ea,0xbbca,0xc3c9,0xc3e9,0xc3ca,0xc40a,0xab49,0xb328,0xdbc8,0xd3a8,0xd3a8,0xd3a8,0xd3a8,0xd388,0xc388,0xb327,0xcb26,0xcb46,0xcb46,0xd346,0xc326,0x9ae7,
0xbb27,0xd346,0xd346,0xd326,0x8245,0x38c3,0xc904,0xd124,0xd124,0xd124,0xd144,0xd945,0xc104,0x4984,0xa348,0xc3a9,0xbb89,0xbb89,0xbb89,0xbb89,0xbb89,0xbba9,0xbb89,0xc3ea,
0x8ae8,0x9308,0x8ae7,0xa3cb,0xa4b1,0x9c4f,0xa490,0x8b08,0xa348,0x9b86,0x3083,0xa184,0xf2e5,0xf305,0xf305,0xf305,0xf2e5,0xca25,0x5105,0x61e5,0xc3ea,0xab89,0xb3aa,0x9328,
0x8ae8,0xab89,0xb389,0xb389,0xab89,0xb389,0xb3a9,0xb3a9,0xb3a9,0xb3a9,0xab89,0xab89,0xab89,0xab69,0xbbeb,0xbbeb,0xc40b,0xbbeb,0xbbeb,0xbbca,0xbbca,0xbbca,0xbbca,0xbbca,
0xbbca,0xc3ea,0xbbca,0x9b08,0xb368,0xcbe9,0xcbc9,0xcbc9,0xcbc9,0xcbe9,0xcbe9,0xcbe9,0xcbe9,0xcbe9,0xcbe9,0xd3e9,0xd3e9,0xd409,0xd449,0xd449,0xd449,0xd449,0xd449,0xd449,
0xd449,0xd449,0xd449,0xd449,0xd449,0xd449,0xd449,0xd42a,0xd429,0xd429,0x6aa8,0x2145,0x10c3,0x10e4,0x39e7,0x4228,0x5269,0x4a28,0x5227,0x5228,0x4a07,0x41e8,0x4208,0x31c8,
0x2966,0x2125,0x18e4,0x31a6,0x39c6,0x31a6,0x39c6,0x41e7,0x31a6,0x39c6,0x39c6,0x39c6,0x39c6,0x39c6,0x39c6,0x39a6,0x38e4,0x38e4,0x30c4,0x2104,0x39c7,0x41e7,0x4a27,0x4a27,
0x4a28,0x4a27,0x4a27,0x4a27,0x4a27,0x4a27,0x20e3,0x20a4,0x20a4,0x18c3,0x4207,0x4a27,0x4a27,0x4a27,0x3185,0x4a27,0x4a27,0x4a27,0x4a27,0x4a27,0x4a27,0x4a27,0x4a27,0x4a27,
0x3985,0x4965,0x4124,0x30e4,0x51c6,0x736d,0x4208,0x2945,0x5208,0x938b,0x62ca,0x1905,0x1062,0x18e3,0x39e7,0x7ae8,0xcbea,0xbbca,0xbbca,0xbbca,0xbbc9,0xbbea,0xbbca,0xbbca,
0xbbca,0xbbca,0xbbca,0xc3ea,0xc3ea,0xbbca,0xbbca,0xbbca,0xbbca,0xbbca,0xbbca,0xbbca,0xbbca,0xbbca,0xbbca,0xc3ea,0xc3ea,0xbbca,0xbbca,0xbbca,0xbbca,0xbbca,0xbbca,0xbbca,
0xbbca,0xc3ca,0xc3ca,0xc3ca,0xc3ea,0xbba9,0x9ae7,0xbbc9,0xa328,0x6144,0x9224,0xc2c5,0xc2c5,0xbac5,0xc2c5,0xc2c5,0xbac5,0xbac5,0xbac5,0xb2a5,0xb2a5,0xaaa5,0xaa85,0xaa84,
0xa285,0xa264,0xaa85,0x81e4,0x4a23,0x93a5,0xeac5,0xe9a5,0xe184,0xe184,0xe184,0xe9a5,0xb164,0x58a2,0x58e3,0x6225,0x8aa7,0x92a7,0x92c7,0x8aa7,0x8a86,0x8286,0x7a45,0x82c8,
0x81e4,0x89e4,0x89e4,0x9225,0xb3cc,0x8a87,0x9ac8,0x7a26,0x3924,0x30e3,0x38c4,0x6124,0x99a4,0x99a4,0x91a4,0x9985,0x9985,0x7965,0x5124,0x30e3,0x1882,0x4963,0x9a65,0x9244,
0x9244,0xa285,0xa2a5,0xaaa5,0xb2c5,0xb2c5,0xb2c5,0xb2c5,0xaac5,0xaac5,0xb2e5,0xaaa5,0x59a3,0x4925,0x92c8,0xcc2b,0xc40b,0xbbeb,0xc3eb,0xbbca,0xbbca,0xbbca,0xbbca,0xbbca,
0xc3ea,0xbbca,0x92e8,0xb368,0xcbe9,0xc3c9,0xc3c9,0xc3c9,0xcbc9,0xcbc9,0xcbc9,0xcbe9,0xcbe9,0xcbe9,0xcbe9,0xcbe9,0xcc09,0xd449,0xd449,0xd449,0xd449,0xd449,0xd449,0xd449,
0xd449,0xd449,0xd449,0xd449,0xd449,0xd449,0xd449,0xd449,0xdc6a,0x9348,0x2986,0x39c7,0x3185,0x2104,0x2124,0x1945,0x2986,0x2966,0x2946,0x3186,0x2966,0x2986,0x2966,0x2125,
0x18e3,0x1903,0x31a6,0x39c6,0x39c6,0x31c6,0x41c7,0x39c6,0x31a6,0x39c6,0x39c6,0x39c6,0x39c6,0x39c6,0x39c6,0x3986,0x38e4,0x38e4,0x28c3,0x2965,0x39c7,0x4228,0x4a27,0x4a48,
0x4a48,0x4207,0x4a27,0x4a27,0x4227,0x4a48,0x3185,0x20a3,0x20c4,0x1883,0x39c6,0x4a48,0x4227,0x4a28,0x2965,0x39e7,0x4a27,0x4a27,0x4a27,0x4a27,0x4a27,0x4a27,0x4a27,0x4a27,
0x4a27,0x4227,0x39c6,0x41a6,0x41c6,0x3986,0x39a6,0x3166,0x2945,0x2146,0x39a6,0x3165,0x31a5,0x4207,0x4a27,0x5247,0x9b49,0xc3ea,0xc3ca,0xc3ea,0xc3ea,0xbbca,0xc3ca,0xc3ea,
0xc3ca,0xc3ca,0xc3ca,0xc3ca,0xc3ca,0xc3ca,0xc3ca,0xc3ca,0xc3ca,0xc3ca,0xc3ca,0xc3ca,0xc3ca,0xc3ca,0xc3ca,0xbbca,0xbbca,0xc3ca,0xc3ca,0xc3ca,0xc3ca,0xc3ca,0xc3ca,0xc3ca,
0xc3ca,0xc3ca,0xc3ca,0xc3ca,0xc3ca,0xc3ea,0xb3a9,0xab49,0x9ae8,0x6145,0x38e3,0x7a25,0xc2e6,0xd325,0xcb26,0xcb26,0xd326,0xcb26,0xcb25,0xcb06,0xcb06,0xcb05,0xcb05,0xcb05,
0xcb05,0xcb05,0xd325,0xaaa5,0x10a2,0x18e3,0x4203,0x81e4,0xbaa6,0xbb06,0xbac6,0x8964,0x60c3,0x40a2,0x2062,0x81e4,0xb265,0xaa65,0xaa65,0xaa65,0xaa65,0xaa65,0xaa45,0xaa86,
0xbae7,0xbae7,0xbac7,0xc348,0xb42e,0xac0e,0xa3ed,0x7227,0x4165,0x20a2,0x18a3,0x10c4,0x2904,0x3124,0x2925,0x3125,0x5145,0x4904,0x20a3,0x30c2,0x8a24,0xe346,0xe366,0xeb66,
0xeb66,0xe346,0xe366,0xdb46,0xc2e6,0xbac6,0xbac5,0xdb26,0xeb66,0xf386,0xbac5,0x79a5,0x6185,0x6986,0x8226,0xbbea,0xc40b,0xbbca,0xbbca,0xbbca,0xbbca,0xbbca,0xbbca,0xc3ea,
0xb3aa,0x8aa7,0xb368,0xc3c9,0xc3a9,0xc3a9,0xc3a9,0xc3c9,0xc3c9,0xc3c9,0xc3c9,0xc3c9,0xcbc9,0xcbe9,0xc3c9,0xbba9,0xd44a,0xd449,0xd449,0xd449,0xd449,0xd449,0xd449,0xd449,
0xd449,0xd449,0xd449,0xd449,0xd449,0xd449,0xd449,0xd429,0xdc6a,0x72a8,0x2986,0x39c6,0x39c7,0x39e7,0x39c6,0x39a6,0x31a6,0x2985,0x2124,0x3186,0x3186,0x3186,0x3186,0x31a6,
0x31a6,0x39c7,0x39c6,0x39c6,0x39c6,0x31a6,0x31c6,0x39c6,0x39c6,0x39c6,0x39c6,0x39c6,0x39c6,0x39c6,0x39c6,0x2925,0x38e4,0x38e4,0x20c3,0x31a6,0x39c6,0x4a48,0x5268,0x4a48,
0x4a68,0x4a27,0x4a27,0x4a27,0x4227,0x4a48,0x39c6,0x1883,0x28c4,0x20a4,0x3145,0x4a48,0x4227,0x4a48,0x39c6,0x39c6,0x4a28,0x4a27,0x4a27,0x4a27,0x4a27,0x4a27,0x4a27,0x4a27,
0x4a27,0x4a27,0x4a27,0x4227,0x5a68,0x4a27,0x4207,0x41e7,0x39e7,0x4207,0x4207,0x4207,0x4228,0x4207,0x3a07,0x3a07,0x6288,0xb3a9,0xc3ea,0xc3ca,0xc3ca,0xc3ea,0xc3ea,0xc3ca,
0xc3ca,0xc3ca,0xc3ca,0xc3ca,0xc3ca,0xc3ca,0xc3ca,0xc3ca,0xc3ca,0xc3ca,0xc3ca,0xc3ca,0xc3ca,0xc3ca,0xc3ca,0xc3ca,0xc3ca,0xc3ca,0xc3ca,0xc3ca,0xc3ca,0xc3ca,0xc3ca,0xc3ca,
0xc3ca,0xc3ca,0xc3ca,0xc3ca,0xbbea,0xbbca,0xc3ea,0xc3ea,0xab69,0x6985,0x6165,0x8247,0x7a26,0xbac6,0xeb66,0xeb66,0xe366,0xe366,0xe366,0xe366,0xe366,0xe366,0xe366,0xe366,
0xeb66,0xe366,0xe366,0xeb86,0x8a25,0x5965,0x4905,0x1084,0x10a4,0x18c4,0x10c4,0x0883,0x10a3,0x20c3,0x4945,0x9246,0xcae6,0xd306,0xd2e6,0xd306,0xd306,0xd306,0xdb06,0xd2e6,
0xaac7,0xaac7,0xaaa7,0x9ac8,0x8bef,0x628a,0x5a28,0x6207,0x51a6,0x3104,0x28e4,0x28c4,0x28e4,0x30e4,0x28e4,0x20c4,0x1083,0x3103,0x69a4,0xbaa5,0xe346,0xd326,0xd326,0xd326,
0xd326,0xd326,0xd326,0xd326,0xd326,0xd326,0xd326,0xe366,0xcb05,0x79c4,0x4904,0x5945,0x6986,0x6986,0x8267,0xc42b,0xbbca,0xbbca,0xbbca,0xbbca,0xbbca,0xbbca,0xc40a,0xab69,
0x8a87,0xb368,0xc3a9,0xbb89,0xbba9,0xbba9,0xc3a9,0xc3a9,0xc3a9,0xc3a9,0xc3a9,0xc3c9,0xc3c9,0xc3c9,0xab49,0xc3c9,0xd449,0xd429,0xd449,0xd449,0xd449,0xd449,0xd449,0xd449,
0xd449,0xd449,0xd449,0xd449,0xd449,0xd449,0xd449,0xd429,0xdc4a,0xb3a9,0x4a07,0x39c6,0x31a6,0x31a6,0x31a6,0x31a6,0x39c6,0x39c6,0x31c6,0x31c6,0x39c6,0x39c6,0x39c7,0x39c7,
0x39c6,0x39c6,0x39c6,0x39c6,0x31a6,0x41e7,0x41e7,0x31a6,0x39c6,0x39c6,0x39c6,0x39c6,0x39c6,0x39c6,0x39c6,0x2104,0x20a3,0x28a3,0x2925,0x39c6,0x39c6,0x4a48,0x4a68,0x5289,
0x5268,0x5268,0x4a48,0x4a27,0x4a27,0x4a27,0x4a27,0x3185,0x18a3,0x1883,0x3145,0x4a27,0x4a27,0x4a28,0x39e6,0x3185,0x4a48,0x4227,0x4a27,0x4a27,0x4a27,0x4a27,0x4a27,0x4a27,
0x4a27,0x4a27,0x4a27,0x4207,0x6288,0x62a8,0x4207,0x5268,0x5248,0x5248,0x5a88,0x62a8,0x72c8,0x8308,0x9348,0xab89,0xcc09,0xbbc9,0xc3ea,0xc3ca,0xc3ca,0xc3ca,0xc3ca,0xc3ca,
0xc3ca,0xc3ca,0xc3ca,0xc3ca,0xc3ca,0xc3ca,0xc3ca,0xc3ca,0xc3ca,0xc3ca,0xc3ca,0xc3ca,0xc3ca,0xc3ca,0xc3ca,0xc3ca,0xc3ca,0xc3ca,0xc3ca,0xc3ca,0xc3ca,0xc3ca,0xc3ca,0xc3ca,
0xc3ca,0xc3ca,0xc3ca,0xbbca,0xbbea,0xc3ea,0xbbc9,0xbbea,0xc40a,0x79e6,0x5124,0x7a46,0x7a26,0x61c6,0x8225,0xb2c5,0xc2e6,0xb2c6,0xaaa5,0xaa85,0xa285,0xa285,0xa285,0xa285,
0xa285,0xaa85,0xaaa5,0xaaa6,0xb2c6,0xa285,0x59a5,0x4145,0x4145,0x4125,0x3924,0x3924,0x4125,0x4145,0x3924,0x28e4,0x4944,0x81e4,0x81e4,0x79c4,0x71c4,0x71c4,0x71a3,0x71e5,
0x8247,0x9287,0x8247,0x6a27,0x9c51,0xa4f3,0x732c,0x59c6,0x6a27,0x6207,0x59e6,0x59e6,0x59e6,0x51c7,0x59c6,0x71c4,0x71c4,0xb2a5,0xdb26,0xdb26,0xdb46,0xdb46,0xdb46,0xdb46,
0xdb46,0xdb46,0xdb46,0xdb46,0xdb46,0xeb66,0xe366,0x9244,0x4903,0x5125,0x71a6,0x71a6,0x71c6,0x6165,0x8a88,0xc42b,0xbbca,0xbbca,0xbbca,0xbbca,0xbbca,0xc3ea,0xa349,0x8aa7,
0xbb88,0xbb89,0xbb89,0xbb89,0xbb89,0xbb89,0xbb89,0xbba9,0xbba9,0xc3a9,0xc3a9,0xc3a9,0xc3a9,0xab49,0xb369,0xdc4a,0xd449,0xd449,0xd449,0xd44a,0xd44a,0xd449,0xd449,0xd449,
0xd449,0xd449,0xd449,0xd449,0xd449,0xd449,0xd449,0xd449,0xd449,0xdc4a,0xd42a,0xbbc9,0xaba9,0xaba9,0x9328,0x5227,0x39c6,0x39e7,0x4a07,0x41e7,0x31a6,0x31a6,0x31a6,0x29a6,
0x29a6,0x31a6,0x31a6,0x31a6,0x31a6,0x4a28,0x4a07,0x31a6,0x39c6,0x39c6,0x39c6,0x39c6,0x39c6,0x39c6,0x39c6,0x31c6,0x2965,0x2965,0x39c6,0x31a6,0x4207,0x5268,0x4207,0x4a48,
0x5268,0x4a27,0x4227,0x4a27,0x4a27,0x4a27,0x4a27,0x4a27,0x39e6,0x39e6,0x4227,0x4a27,0x4a27,0x4a27,0x4207,0x2124,0x4a27,0x4a27,0x4a27,0x4a27,0x4a27,0x4a27,0x4a27,0x4227,
0x4207,0x4207,0x3a07,0x4a27,0x5a68,0xaba9,0xbbe9,0xcc29,0xcc09,0xcc09,0xd429,0xd449,0xdc4a,0xdc6a,0xdc6a,0xdc4a,0xd44a,0xd42a,0xbbca,0xc3ca,0xc3ca,0xc3ca,0xc3ca,0xc3ca,
0xc3ca,0xc3ca,0xc3ca,0xc3ca,0xc3ca,0xc3ca,0xc3ca,0xc3ca,0xc3ca,0xc3ca,0xc3ea,0xc3ea,0xc3ea,0xc3ea,0xc3ca,0xc3ca,0xc3ca,0xc3ca,0xc3ea,0xc3ea,0xc3ea,0xc3ea,0xbbca,0xc3ea,
0xc3ca,0xc3ca,0xbbea,0xbbca,0xbbea,0xc40b,0xbbca,0xbbea,0xc40a,0x9aa8,0x30a3,0x7206,0x8247,0x7206,0x59a5,0x5185,0xa2a6,0xcb26,0xc2e6,0xc2e6,0xc306,0xc306,0xc306,0xc306,
0xc306,0xc306,0xc306,0xc306,0xc2e6,0xc306,0x9266,0x59c6,0x59c6,0x59c6,0x59c6,0x59a6,0x51a6,0x51a6,0x51a6,0x51a6,0x4986,0x69e5,0xb2e5,0xd365,0xd365,0xc345,0xc325,0xc346,
0x6207,0x6207,0x6207,0x6207,0x7aeb,0x93ef,0x7b2c,0x61e7,0x6207,0x6207,0x6227,0x6207,0x6207,0x8a67,0xcb26,0xeb86,0xeb86,0xe366,0xdb46,0xe346,0xe346,0xdb46,0xdb46,0xdb46,
0xdb46,0xdb46,0xdb46,0xe366,0xeb66,0xbac5,0x6184,0x4924,0x6165,0x6985,0x69a6,0x6145,0x6166,0x71e6,0xab49,0xc3ea,0xbbca,0xbbca,0xc3ea,0xbbea,0xc3ea,0xb369,0x92a7,0xb348,
0xb368,0xb348,0xbb68,0xbb88,0xbb89,0xbb89,0xbb89,0xbb89,0xbb89,0xbb89,0xbba9,0xc3a9,0xab49,0xa329,0xab49,0xbba9,0xcc09,0xd44a,0xcc29,0xab49,0xbba9,0xd449,0xd449,0xd449,
0xd449,0xd449,0xd449,0xd449,0xd449,0xd449,0xd449,0xd449,0xd449,0xd429,0xd449,0xdc4a,0xdc6a,0xdc6a,0xdc6a,0xd44a,0x82e8,0xabaa,0xbbca,0xbbca,0x7288,0x5a27,0x6267,0x6a88,
0x72a8,0x5a67,0x41e7,0x41e7,0x41e7,0x39e7,0x31a6,0x29a6,0x29a6,0x31a6,0x31a6,0x31c6,0x39c6,0x39c6,0x39c6,0x39c6,0x39c7,0x39c7,0x39c6,0x31a6,0x4228,0x4a68,0x4227,0x4a48,
0x4a48,0x4227,0x4a27,0x4a27,0x4a27,0x4a27,0x4a27,0x4227,0x4a28,0x4a28,0x4a27,0x4a27,0x4a27,0x4a27,0x4a48,0x2944,0x41e7,0x4a47,0x4a27,0x4227,0x4207,0x3a07,0x3a07,0x4a27,
0x5a68,0x6aa8,0x9b49,0xc3e9,0xcc29,0xd44a,0xdc4a,0xd449,0xd449,0xd44a,0xd44a,0xd449,0xd449,0xd429,0xd449,0xd44a,0xd449,0xd449,0xcc09,0xbbca,0xc3ca,0xc3ca,0xc3ca,0xc3ca,
0xc3ca,0xc3ca,0xc3ca,0xc3ca,0xc3ca,0xc3ca,0xc3ca,0xc3ca,0xc3ca,0xbbca,0xbba9,0xb389,0xb389,0xbba9,0xc3ea,0xc3ca,0xbbca,0xbbca,0xbba9,0xbba9,0xbba9,0xb3a9,0xab49,0xb389,
0xc3ea,0xc3ca,0xc3ea,0xbbea,0xbbca,0xbbea,0xc42b,0xc40b,0xc40b,0xcc2b,0x7aa7,0x59c5,0x7a47,0x7206,0x69e6,0x61a5,0x4965,0x8246,0xdb46,0xdb47,0xd326,0xd326,0xd326,0xd326,
0xd326,0xd326,0xd346,0xd326,0xd326,0xd326,0xdb46,0xcb06,0x9266,0x61c6,0x61e7,0x61e7,0x61c7,0x61c7,0x61e7,0x61e7,0x61e7,0x61c7,0x61e7,0x9286,0xcb46,0xf3c6,0xfc06,0xf3e6,
0x6207,0x6207,0x6207,0x59e6,0x5185,0x5185,0x59a5,0x59c6,0x6207,0x5a07,0x6207,0x8247,0xb2a6,0xd306,0xd306,0xcae6,0xcb06,0xd306,0xd306,0xd306,0xcae6,0xcae6,0xcae6,0xcae6,
0xcae6,0xcae6,0xdb06,0xc2e5,0x79e4,0x4924,0x5945,0x71a6,0x71c6,0x6986,0x6186,0x69a6,0x92a8,0xbbca,0xc3ea,0xbbca,0xc3ea,0xbbaa,0xbb89,0xbbaa,0xbbea,0xb3a9,0xbbca,0xbbea,
0xbbea,0xbbea,0xbbc9,0xb369,0xb369,0xb348,0xb348,0xbb89,0xbba9,0xbb89,0xbb89,0xab49,0xa328,0xab29,0xa329,0xa328,0xa329,0xb389,0xb389,0xa309,0xa308,0xb389,0xd44a,0xd449,
0xd449,0xd449,0xd449,0xd449,0xd449,0xd449,0xd449,0xd449,0xd449,0xd449,0xd449,0xd429,0xd429,0xd429,0xdc4a,0xb3c9,0x9b49,0xcc0a,0xbbca,0xc3ea,0xb349,0xbba9,0xcc0a,0xcbea,
0xcbea,0xc3ea,0xb3a9,0xb3a9,0xbbc9,0x72a8,0x82e8,0x9329,0x72a8,0x5227,0x39e7,0x39c6,0x31a6,0x29a6,0x29a6,0x29a6,0x31a6,0x31a6,0x39e7,0x4208,0x4a28,0x5289,0x5289,0x5268,
0x4a27,0x4a27,0x4a27,0x4a27,0x4a27,0x4a27,0x4a27,0x4a27,0x4a27,0x4a27,0x4a27,0x4a27,0x4a27,0x4207,0x4a28,0x2965,0x39a5,0x4228,0x3a07,0x4a27,0x6288,0x8308,0x9b69,0xbbe9,
0xd429,0xd449,0xdc6a,0xd44a,0xd449,0xd429,0xd429,0xd449,0xd449,0xcc29,0xd449,0xd429,0xcc09,0xd44a,0xc3e9,0xcc09,0xd44a,0xd44a,0xd449,0xd429,0xc3ea,0xc3ea,0xc3ea,0xc3ea,
0xc3ea,0xc3ea,0xc3ca,0xc3ea,0xc3ea,0xc3ea,0xc3ea,0xc3ca,0xc3ea,0xbba9,0xa329,0xab69,0xb389,0xb389,0xbbca,0xb369,0xab29,0xab49,0xab69,0xab29,0xa328,0xa329,0xa328,0xa328,
0xb369,0xbbca,0xb3aa,0xbbc9,0xc40a,0xc40a,0xa349,0xb3aa,0xc40b,0xbbaa,0xc3ca,0xab69,0x8287,0x7206,0x69e6,0x61c5,0x5985,0x3924,0x69c5,0x79e4,0x9245,0x9245,0x9245,0x9245,
0x9245,0x8a25,0x8a25,0x8a25,0x9245,0x9245,0x9265,0x9a66,0xa286,0x71e5,0x4165,0x4165,0x4965,0x4145,0x3944,0x3944,0x3944,0x4145,0x4985,0x51a6,0x59a6,0x7226,0xaac6,0xd386,
0x6207,0x6207,0x6207,0x7b2c,0x838d,0x7b6d,0x838d,0x7b2c,0x51e7,0x7a47,0xaaa6,0xcac6,0xcac6,0xc2c6,0xc2c6,0xc2c6,0xc2c6,0xc2c6,0xc2c6,0xc2c6,0xc2c6,0xc2c6,0xc2c6,0xc2c6,
0xcae6,0xcac6,0x81e4,0x4903,0x5125,0x6986,0x69a6,0x6165,0x69a6,0x5965,0x59c5,0xb3aa,0xc40b,0xbbca,0xc3ea,0xbbaa,0xab29,0xcc6b,0xdd4d,0xe58d,0xe58d,0xdceb,0xd48a,0xd48a,
0xdcaa,0xdc8a,0xe54a,0xe4e8,0xdc26,0xd4e8,0xcca9,0xb388,0xb328,0xc3a9,0xab48,0xa329,0xa329,0xa329,0xa329,0xab29,0xa329,0xa329,0xa329,0xa329,0xa329,0xb369,0xd449,0xd449,
0xd44a,0xc3c9,0xc3c9,0xb369,0xbba9,0xd449,0xd449,0xd449,0xd449,0xd44a,0xd429,0xd449,0xd449,0xd449,0xd449,0x8b28,0xbbca,0xc3ea,0xbbca,0xb389,0xa329,0xab69,0xbbca,0xbbca,
0xbbea,0xc3ea,0xc3ea,0xc3ea,0xcc2a,0x8b28,0xc3e9,0xcc0a,0xcc0a,0xc3ea,0xab89,0xa369,0xa369,0x92e7,0x8aa6,0x82a7,0x5227,0x5227,0x5248,0x39c7,0x4a48,0x4228,0x4207,0x3a07,
0x4207,0x4207,0x4207,0x4207,0x4207,0x4207,0x4207,0x4207,0x4207,0x4227,0x4227,0x4207,0x4a27,0x5a68,0x5a68,0x41c6,0x49c5,0x8b49,0x9b69,0xbbe9,0xd44a,0xdc6a,0xdc6a,0xd449,
0xd449,0xd449,0xd449,0xd449,0xd44a,0xcc09,0xbba9,0xd449,0xd42a,0xab49,0xbba9,0xc3e9,0xa308,0xc3e9,0xb369,0xa309,0xab69,0xbba9,0xcc29,0xcc09,0xbba9,0xbba9,0xbbc9,0xb389,
0xb369,0xb389,0xc3ca,0xab69,0xab49,0xb389,0xbba9,0xbbca,0xc3ea,0xc3ea,0xb389,0xab29,0xab49,0xab29,0xab49,0xab29,0xa329,0xa329,0xab49,0xa329,0xa329,0xa329,0xa329,0xa329,
0xa328,0xab49,0x92e9,0x92e8,0xab8a,0xab69,0x92c8,0x92e9,0xa34a,0x92e8,0x92c9,0x9b09,0x9ae9,0x8287,0x69e6,0x61c5,0x5985,0x4144,0x4145,0x3904,0x9245,0xd326,0xd326,0xc306,
0xc306,0xc2e6,0xc2e6,0xc2e6,0xc2e6,0xc306,0xc306,0xc306,0xc306,0xcb06,0xb2c6,0x69e6,0x51a6,0x59a6,0x59a6,0x59a6,0x59a6,0x59c6,0x59c6,0x61c6,0x61c6,0x59a6,0x51a6,0x61e7,
0x6a27,0x6a28,0x6a27,0x72a9,0x72a9,0x7aaa,0x6a69,0x6a27,0xaa86,0xdb06,0xdb06,0xd2e6,0xd2e6,0xd2e6,0xd2e6,0xd2e6,0xd2e6,0xd2e6,0xd2e6,0xd2e6,0xd2e6,0xd2e6,0xd306,0xcae6,
0xaa65,0x6164,0x5124,0x6965,0x6965,0x69a6,0x6985,0x5965,0x38e3,0x7205,0xbbeb,0xc40b,0xbbaa,0xc40b,0xab49,0x8b49,0xa4ac,0xbc8b,0xbc2a,0xa307,0x89c5,0x8124,0x8124,0x8104,
0x7904,0x78e4,0x8984,0x9a44,0xa265,0xab46,0xbc07,0xc4e7,0x9406,0x7a26,0xab49,0xa329,0xa329,0xa329,0xa329,0xa329,0xa329,0xab29,0xa329,0xa329,0xa309,0xb389,0xd42a,0xd44a,
0xc3c9,0xa329,0xa329,0xa329,0xa328,0xab69,0xb389,0xb369,0xc3c9,0xd44a,0xd44a,0xd449,0xd429,0xdc6a,0xaba9,0x9309,0xc3ca,0xab69,0xab49,0xa328,0xa329,0xa329,0xab49,0xab49,
0xb369,0xb389,0xb3a9,0xc3ea,0xc44a,0x8ae8,0xc3e9,0xbbca,0xbbca,0xb389,0xb389,0xbb89,0xc3c9,0xcbc9,0xc388,0xc3c9,0xbba9,0xb389,0xbbca,0x6a67,0x7ae9,0x9329,0x82e8,0x7ac8,
0x72a8,0x6aa8,0x6a88,0x6a88,0x6a88,0x6a88,0x6a88,0x6aa8,0x9308,0x9b28,0x9b28,0x9308,0xab89,0xd42a,0xcc29,0xcc29,0x7ac6,0xdc4a,0xdc6a,0xdc4a,0xd449,0xd449,0xd449,0xd449,
0xd449,0xd429,0xd429,0xd429,0xcc29,0xab69,0xab49,0xbb89,0xab49,0xab29,0xa329,0xab49,0xa329,0xab69,0xb369,0xa328,0xa328,0xa328,0xab29,0xab29,0xab49,0xb369,0xab29,0xa328,
0xa328,0xab49,0xb369,0xa328,0xa329,0xa328,0xa329,0xab49,0xb369,0xbba9,0xbbca,0xb369,0xa328,0xa329,0xa329,0xa329,0xa329,0xa329,0xa329,0xa329,0xa329,0xa329,0xa329,0xa329,
0xa329,0xa328,0xab49,0x9b09,0x930a,0x9b0a,0x9b2a,0x9b09,0x92c8,0x92e9,0x92e9,0x92e9,0x92e9,0x9b09,0x7247,0x4965,0x59a5,0x4944,0x4965,0x5165,0x4124,0x69a4,0xbac6,0xdb47,
0xdb47,0xdb47,0xdb47,0xdb47,0xdb47,0xdb47,0xdb47,0xdb47,0xdb47,0xd347,0xdb47,0xd347,0x9a87,0x69e7,0x61e7,0x61e7,0x61e7,0x61e7,0x61e7,0x61e7,0x61e7,0x61e7,0x61e7,0x61c6,
0x3124,0x3124,0x3144,0x28e3,0x41a6,0x3103,0x41c6,0x5983,0x71a4,0x71c4,0x71c4,0x71c4,0x71c4,0x79e4,0x79c4,0x79c4,0x79c4,0x79c4,0x79c4,0x71c4,0x71c4,0x69a4,0x69a4,0x6984,
0x5124,0x6145,0x6965,0x6165,0x6165,0x71c6,0x69c6,0x3145,0x2924,0xb306,0xbbca,0xbbca,0xc40a,0x9ae8,0x7ae8,0xc4ac,0x8246,0x7964,0x8964,0xb184,0xc205,0xd245,0xca86,0xc2c6,
0xbaa6,0xbac6,0xbac6,0xbaa6,0xba86,0x99c5,0x8185,0xa245,0xac45,0x5a65,0x8ac8,0xab49,0xa328,0xa329,0xa329,0xa329,0xa329,0xa329,0xa329,0xa329,0xab6a,0xa308,0xb3aa,0xcc09,
0xa328,0xa329,0xa329,0xa329,0xab29,0xa329,0xa328,0xa329,0xa329,0xab69,0xbbc9,0xd449,0xd44a,0xd449,0x82c8,0xa329,0xa329,0xa328,0xa328,0xa329,0xa329,0xa329,0xa329,0xa329,
0xa329,0xa328,0xa308,0xbba9,0x9389,0x9b28,0xc3c9,0xbba9,0xb389,0xb368,0xb369,0xb369,0xb368,0xb389,0xab89,0xb389,0xbbca,0xab69,0xbba9,0x8b09,0x9b29,0xc3a9,0xbb89,0xbb89,
0xbb89,0xbb89,0xbb89,0xbb89,0xbb89,0xbb89,0xbb89,0xbb89,0xbb89,0xbb89,0xbb89,0xbb89,0xbba9,0xd44a,0xd429,0xe4aa,0x9bc7,0xbbc9,0xd44a,0xcc29,0xcc29,0xcc09,0xc3c9,0xbba9,
0xb369,0xab49,0xab49,0xab49,0xab49,0xa329,0xa329,0xbba9,0xab49,0xa329,0xa329,0xa329,0xa329,0xa329,0xa329,0xa329,0xa329,0xab29,0xa329,0xa329,0xa329,0xab49,0xa329,0xa329,
0xa329,0xa329,0xa329,0xa329,0xa329,0xa329,0xa329,0xa329,0xa328,0xa329,0xab29,0xab49,0xa329,0xa329,0xa329,0xa329,0xa329,0xa329,0xa329,0xa329,0xa329,0xa329,0xa329,0xa329,
0xa328,0xab49,0xab6a,0xa34a,0x9b2a,0x9309,0x9b09,0x92e9,0x92e9,0x92e9,0x92e9,0x92e9,0x92e9,0x9ae9,0x8288,0x6185,0x1905,0x3125,0x4145,0x5165,0x5165,0x4124,0x30e3,0x71a4,
0x8a05,0x8a05,0x8a05,0x8a05,0x8a05,0x8a05,0x8a05,0x8a05,0x8a05,0x8a05,0x8a05,0x9225,0x9a45,0x6184,0x3924,0x4965,0x4985,0x4985,0x4985,0x4965,0x4965,0x4965,0x4144,0x51c6,
0x08c4,0x08c4,0x08c4,0x10e4,0x3a09,0x8431,0x6b6e,0x00c4,0x00c4,0x00c4,0x00c4,0x00c4,0x00c4,0x00c4,0x00c4,0x00c4,0x00c4,0x00c4,0x00c4,0x00c4,0x00c4,0x00c4,0x00a4,0x5124,
0x6965,0x6165,0x6165,0x6965,0x5924,0x38e3,0x1905,0x0905,0x3186,0xb307,0xbbca,0xbbca,0xc3ea,0x4924,0x49c6,0xa9e5,0xe225,0xe286,0xeaa6,0xf2a6,0xf2a6,0xf285,0xeaa5,0xd2e6,
0xdb06,0xdb06,0xe2e5,0xf2a5,0xf2a5,0xf2a5,0xeac5,0xc245,0x48a3,0xccca,0x9366,0x8a87,0xab49,0xa329,0xa329,0xa329,0xa329,0xa329,0xa329,0xa328,0xab49,0xab6a,0xab6a,0xb38a,
0xa349,0xa329,0xa329,0xa329,0xa329,0xa329,0xab29,0xab29,0xa329,0xa328,0xa308,0xb369,0xcc29,0xaba9,0x82a8,0xab49,0xa329,0xa329,0xa329,0xa329,0xa329,0xa329,0xa329,0xa329,
0xa329,0xab29,0xa329,0xbbe9,0x72c8,0xb368,0xb369,0xb368,0xb369,0xb369,0xb369,0xb368,0xb369,0xb3aa,0xb369,0xab69,0xb389,0xb3aa,0xbbaa,0x6227,0x92e8,0xbb89,0xb369,0xb369,
0xb369,0xb369,0xb369,0xb369,0xb369,0xb369,0xb369,0xb369,0xb369,0xb369,0xb369,0xb369,0xbb89,0xd44a,0xd449,0xdc8a,0x9b87,0xa328,0xb369,0xab49,0xab29,0xa329,0xa329,0xa328,
0xa328,0xa329,0xa329,0xa328,0xa329,0xa329,0xa329,0xab49,0xab49,0xa329,0xa329,0xa329,0xa329,0xa329,0xa329,0xa329,0xa329,0xa329,0xa329,0xa329,0xa329,0xa329,0xa329,0xa329,
0xa329,0xa329,0xa329,0xa329,0xa329,0xa329,0xa329,0xa329,0xa329,0xa329,0xa329,0xa329,0xa329,0xa329,0xa329,0xa329,0xa329,0xa329,0xa329,0xa329,0xa329,0xa329,0xa329,0xab49,
0xa329,0xab6a,0xa349,0xa328,0xab6a,0x9ae9,0x92c9,0x92e9,0x92e9,0x92e9,0x92e9,0x92e9,0x92e9,0x9ae9,0x8a87,0x71c5,0x10e5,0x08e5,0x4985,0x5165,0x4945,0x5165,0x4965,0x3104,
0x20a2,0x0882,0x10a3,0x10a3,0x08c3,0x08c3,0x10a4,0x10c4,0x10c3,0x08a3,0x10c3,0x10c4,0x08c4,0x10c3,0x08a3,0x08c4,0x08c4,0x08c4,0x08c4,0x08c4,0x08c3,0x08c3,0x08a3,0x1925,
0x1105,0x1105,0x08e4,0x4aab,0x636e,0x73cf,0x5b0c,0x1105,0x1105,0x1105,0x1105,0x1105,0x1105,0x1105,0x1105,0x1105,0x1105,0x1105,0x1105,0x1105,0x1105,0x1105,0x1104,0x5945,
0x6165,0x6165,0x6165,0x4924,0x4985,0x59e5,0x10c4,0x1946,0x2965,0xb2e6,0xbbca,0xc40a,0xa329,0x30a3,0x3063,0x48e4,0xaae6,0xe447,0xf4a7,0xf4c8,0xf4c8,0xf4c8,0xf4e8,0xf4a8,
0xf447,0xf447,0xf427,0xf427,0xf447,0xdbc5,0x9a04,0x50e4,0x2063,0x8286,0xed47,0x7a66,0xab49,0xa328,0xa329,0xa329,0xa329,0xa329,0xa329,0xa349,0xab49,0xab49,0xab6a,0xab4a,
0xab6a,0xa329,0xa328,0xa329,0xa329,0xa329,0xa329,0xa329,0xa329,0xa329,0xab29,0xa328,0xa329,0xa329,0xa329,0xa329,0xa329,0xa329,0xa329,0xa329,0xa329,0xa329,0xa329,0xa329,
0xa329,0xa329,0xab49,0xa3a9,0x82c8,0xbb89,0xb369,0xb369,0xb369,0xb369,0xb369,0xb368,0xb389,0xb3aa,0xb3a9,0xb3aa,0xb389,0xb389,0xbba9,0x5a06,0xa348,0xb389,0xb369,0xb369,
0xb369,0xb369,0xb369,0xb369,0xb369,0xb369,0xb369,0xb369,0xb369,0xb369,0xb369,0xb369,0xb389,0xcc09,0xc3e9,0xcbe9,0xac08,0x8ae7,0xb349,0xa328,0xa329,0xa329,0xab29,0xab29,
0xab29,0xa329,0xa329,0xab49,0xa349,0xa328,0xab69,0xa329,0xa328,0xa329,0xa329,0xa329,0xa329,0xa329,0xa329,0xa329,0xa329,0xa329,0xa329,0xa329,0xa329,0xa329,0xa329,0xa329,
0xa329,0xa329,0xa329,0xa329,0xa329,0xa329,0xa329,0xa329,0xa329,0xa329,0xa329,0xa329,0xa329,0xa329,0xa329,0xa329,0xab49,0xab49,0xab49,0xa349,0xa329,0xa329,0xa309,0xa34a,
0xab4a,0xa329,0xab4a,0xab4a,0xab29,0xa308,0x9ae8,0x92e9,0x92e9,0x92e9,0x92e9,0x92e9,0x92e9,0x9ae9,0x8a87,0x71c5,0x1905,0x00c4,0x7aa8,0xa328,0x5185,0x4925,0x5165,0x5165,
0x4964,0x10c3,0x1105,0x1105,0x1105,0x1105,0x1105,0x1105,0x1105,0x1105,0x1105,0x1105,0x1105,0x1105,0x1105,0x1105,0x1105,0x1105,0x1105,0x1105,0x1105,0x1105,0x1105,0x1105,
0x1105,0x1105,0x1105,0x0083,0x4a8b,0x2145,0x4a8a,0x1946,0x08e4,0x1105,0x1105,0x1105,0x1105,0x1105,0x1105,0x1105,0x1105,0x1105,0x1105,0x1105,0x1105,0x1105,0x10e4,0x5945,
0x6965,0x5924,0x4965,0x6a67,0xa34a,0x8aa8,0x10e4,0x08e5,0x2925,0xb2e6,0xb3aa,0xcc0b,0x61c5,0x3083,0x38c4,0x30a4,0x2883,0x5104,0xa205,0xb2e6,0xb366,0xb3e6,0xbc47,0xc487,
0xb346,0xa266,0x9a46,0x91e5,0x89e5,0x5924,0x3084,0x30a3,0x38a3,0x38c4,0x6204,0x3923,0xab29,0xa328,0xa329,0xa329,0xa329,0xa329,0xa328,0xab6a,0xa349,0xa308,0xab69,0xab69,
0xa328,0xa329,0xa329,0xa329,0xa329,0xa329,0xa329,0xa329,0xa329,0xa329,0xa329,0xab29,0xab29,0xab29,0xa329,0xa329,0xa329,0xa329,0xa329,0xa329,0xa329,0xa329,0xa329,0xa329,
0xab29,0xa308,0xbba9,0x93a9,0x92e8,0xbb89,0xb369,0xb369,0xb369,0xb369,0xb369,0xb368,0xb368,0xb389,0xb389,0xb369,0xb3aa,0xb369,0xa328,0x5206,0xb369,0xb369,0xb369,0xb369,
0xb369,0xb369,0xb369,0xb369,0xb369,0xb369,0xb369,0xb369,0xb369,0xb369,0xb369,0xb369,0xb369,0xb369,0xb369,0xb348,0xbc29,0x7b08,0xab49,0xa329,0xa329,0xa329,0xa329,0xa329,
0xa329,0xa329,0xa329,0xa329,0xab6a,0xa349,0xab6a,0xa329,0xa329,0xa329,0xa329,0xa329,0xa329,0xa329,0xa329,0xa329,0xa329,0xa329,0xa329,0xa329,0xa329,0xa329,0xa329,0xa329,
0xa329,0xa329,0xa329,0xa329,0xa329,0xa329,0xa329,0xa329,0xa329,0xa329,0xa329,0xa329,0xa329,0xa329,0xab29,0xa328,0xa2e8,0xa2e8,0xa2e8,0xa2e8,0xa2e8,0xab8a,0xbc0a,0xc40a,
0xbbca,0xab8a,0xab89,0xabaa,0xabaa,0xb3aa,0xab89,0xa329,0x9309,0x92c8,0x92e9,0x92e9,0x92e9,0x92e9,0x8a88,0x79c5,0x1905,0x00c4,0x72a7,0xd42a,0xb389,0x7a47,0x4945,0x4945,
0x5184,0x10a3,0x1105,0x1105,0x1105,0x1105,0x1105,0x1105,0x1105,0x1105,0x1105,0x10e5,0x1105,0x1105,0x10e5,0x1105,0x1105,0x1105,0x1105,0x1105,0x1105,0x1105,0x1105,0x1105,
0x10e5,0x08e5,0x10e5,0x08c4,0x29c8,0x73cf,0x5b0c,0x1105,0x1105,0x1105,0x1105,0x1105,0x1105,0x1105,0x1105,0x1105,0x1105,0x1105,0x1105,0x1105,0x1105,0x1105,0x10e4,0x5124,
0x4904,0x59a5,0x9309,0xa34a,0x9b09,0x82a8,0x10e4,0x08e5,0x2945,0xaaa5,0xb3aa,0xab89,0x20e3,0x30a3,0x38c4,0x38a4,0x38c4,0x30a3,0x3884,0x4064,0x4064,0x4083,0x4883,0x4883,
0x48a4,0x40a4,0x40a4,0x3884,0x3084,0x30a4,0x38c4,0x38a4,0x38c4,0x38a3,0x0001,0x6348,0x9308,0xa329,0xa308,0xa308,0xa308,0xa308,0xa309,0xa34a,0xa329,0xa329,0xa329,0xa308,
0xa308,0xa308,0xa308,0xa308,0xa308,0xa308,0xa308,0xa308,0xa308,0xa308,0xa308,0xa308,0xa308,0xa308,0xa308,0xa308,0xa308,0xa308,0xa308,0xa328,0xa328,0xa328,0xa329,0xa328,
0xa329,0x9ae8,0xc3ea,0x82c6,0xa308,0xb369,0xb368,0xb368,0xb368,0xab48,0xab48,0xab69,0xab48,0xab48,0xab48,0xb38a,0xb389,0xb369,0x9308,0x5227,0xbb89,0xb369,0xb369,0xb369,
0xb369,0xb369,0xb369,0xb369,0xb369,0xb369,0xb369,0xb369,0xb369,0xb369,0xb369,0xb369,0xb369,0xb369,0xb368,0xab48,0xc409,0x8368,0x92c8,0xa329,0xa328,0xa329,0xa329,0xa329,
0xa329,0xa329,0xa328,0xa329,0xa349,0xab6a,0xab6a,0xab6a,0xa34a,0xab49,0xa328,0xa328,0xa329,0xa329,0xa329,0xa329,0xa329,0xa329,0xa329,0xa329,0xa329,0xa329,0xa329,0xa329,
0xa329,0xa328,0xa329,0xa329,0xa329,0xa329,0xa329,0xa329,0xa329,0xa329,0xa328,0xa328,0xa329,0xa308,0xa2e8,0xab69,0xc4ac,0xc4cc,0xde31,0xde12,0xd5f1,0xe6d1,0xf6f0,0xf6b0,
0xed4c,0xee2f,0xf774,0xef32,0xef31,0xef31,0xeef1,0xdd6d,0xdceb,0xb3aa,0x9b09,0x92c9,0x92e9,0x92e9,0x8a87,0x71c5,0x1105,0x00c4,0x7aa8,0xcbea,0xbbca,0xc40a,0x9b08,0x4945,
0x30e3,0x08c3,0x1105,0x1105,0x1105,0x1105,0x1105,0x1105,0x1105,0x1105,0x1105,0x1105,0x1105,0x1105,0x1926,0x1105,0x1105,0x10e5,0x08e5,0x08e5,0x08e4,0x08e5,0x08e5,0x08e5,
0x1925,0x1925,0x1925,0x1925,0x29a7,0x7bcf,0x4a69,0x0083,0x08c4,0x10e4,0x10c4,0x08c4,0x08c3,0x08c3,0x08c3,0x08c3,0x08c3,0x08c4,0x08c3,0x08c4,0x10c4,0x08c4,0x1104,0x4144,
0x7a88,0xa36a,0x9b2a,0x9b2a,0xa34a,0x82c8,0x10e4,0x08e5,0x3165,0x9a85,0xc3ea,0x7b2a,0x32ac,0x1882,0x3083,0x38c4,0x38c4,0x38c4,0x30c4,0x30c4,0x30c4,0x30c4,0x30c4,0x30c4,
0x30a4,0x30a4,0x30c4,0x30c4,0x38c4,0x38c4,0x38c4,0x38a3,0x28a3,0x1082,0x10c4,0xa50f,0x93ea,0xab08,0xbbc9,0xbba9,0xbbc9,0xc3ea,0xc3ea,0xbbaa,0xbbca,0xc40a,0xbbca,0xbbc9,
0xbbc9,0xbba9,0xbba9,0xbba9,0xbba9,0xbba9,0xbba9,0xbba9,0xbba9,0xbba9,0xbba9,0xbba9,0xbba9,0xbba9,0xbba9,0xbb89,0xbb89,0xbb89,0xbb89,0xb389,0xb369,0xb369,0xb369,0xb369,
0xb369,0xb389,0xed0b,0xcbe9,0xc3c9,0xc3c9,0xc3c9,0xc3c9,0xc3c9,0xc3c9,0xc3ea,0xcc0a,0xcc0a,0xc3c9,0xc3e9,0xc3e9,0xc3c9,0xc3a9,0x9b29,0x6a88,0xc3a9,0xbb89,0xbb89,0xbb89,
0xbb89,0xbb89,0xbb89,0xbb89,0xbb89,0xbb89,0xbb89,0xbb89,0xbb89,0xbb89,0xbb89,0xbb89,0xbb89,0xc3a9,0xc3c9,0xbba9,0xd46a,0xa408,0x9ae7,0xc3a9,0xb349,0xb369,0xb369,0xb349,
0xb369,0xb349,0xab49,0xb38a,0xab49,0xab49,0xb38a,0xb369,0xab49,0xc3a9,0xc3a9,0xb349,0xb369,0xb349,0xb349,0xb349,0xb349,0xb349,0xb349,0xb349,0xb349,0xb349,0xb349,0xb349,
0xb349,0xbb89,0xb369,0xb349,0xb349,0xb369,0xb369,0xb369,0xb369,0xb369,0xb369,0xb369,0xb349,0xb3eb,0xe653,0xe6b4,0xddcf,0xee92,0xff96,0xff95,0xff33,0xfe6f,0xf5cc,0xf62e,
0xee0f,0xf6d2,0xf756,0xf735,0xeed2,0xf795,0xffd7,0xf630,0xf50b,0xf54c,0xe4eb,0xbbea,0x92e8,0x9b09,0x8aa8,0x71a5,0x1105,0x00c4,0x7ac8,0xcc0a,0xbbca,0xc3ea,0xcc0a,0x8ac7,
0x28e3,0x10e4,0x10e5,0x10e4,0x10e4,0x10e4,0x10e4,0x10e4,0x10e4,0x10e4,0x10c4,0x1925,0x1925,0x10e4,0x1925,0x08c4,0x08c4,0x1905,0x2145,0x2965,0x2965,0x2145,0x2145,0x2145,
0x9308,0x9308,0x9328,0x92e7,0xac4e,0xac4e,0xa44f,0x51e5,0x3123,0x0841,0x0861,0x0882,0x08a3,0x08a3,0x08a3,0x08a3,0x0882,0x0861,0x0862,0x0841,0x0841,0x0841,0x51c5,0x8b09,
0x8ae9,0x82a8,0x8ac9,0x8288,0x8aa8,0x6a27,0x10e4,0x08e5,0x3165,0x9245,0x8325,0x63ae,0x42cd,0x1925,0x1125,0x20a3,0x30a3,0x30a3,0x38a3,0x38c4,0x38a3,0x38c4,0x38c4,0x38c4,
0x38c4,0x38a4,0x38a4,0x38a4,0x38a3,0x30a3,0x2883,0x18a3,0x1945,0x1966,0x2126,0x736c,0xcd8c,0x72c7,0x8baa,0x8349,0x8bab,0x8b8a,0x836a,0x8b8b,0x836a,0x838a,0x838a,0x838a,
0x838a,0x838a,0x83aa,0x83aa,0x838a,0x838a,0x838a,0x838a,0x838a,0x838a,0x838a,0x83aa,0x8baa,0x838a,0x7329,0x7309,0x7309,0x7b29,0x7b29,0x8349,0x7b29,0x7b29,0x7309,0x7309,
0x7309,0x7309,0x7b49,0x7b29,0x7309,0x7309,0x7309,0x7309,0x7309,0x7309,0x7b4a,0x7b4a,0x7b49,0x7b29,0x7309,0x7309,0x72e9,0x62a8,0x5a68,0x6268,0x6288,0x6288,0x6288,0x6288,
0x6288,0x6288,0x6288,0x6288,0x6288,0x6288,0x6288,0x6288,0x6288,0x6a88,0x6288,0x6a88,0x6a88,0x72e8,0x7b49,0x7b49,0x8369,0x7b29,0x72a8,0x7b09,0x72c9,0x7ae9,0x72c8,0x72c8,
0x72c8,0x6aa8,0x6aa8,0x72ea,0x6aa8,0x6aa9,0x72e9,0x72c9,0x72a8,0x72c8,0x7ae9,0x72c8,0x72c8,0x72a8,0x6aa8,0x6aa8,0x6aa8,0x6aa8,0x6aa8,0x6aa8,0x6aa8,0x6aa8,0x6aa8,0x6aa8,
0x72a8,0x7ae9,0x72c8,0x72c8,0x72c8,0x72c8,0x72c8,0x7ac8,0x7ac8,0x7ac8,0x7ac8,0x72a8,0x7ae8,0xf754,0xf7d8,0xbdd3,0xd612,0xe632,0xddcf,0xedcd,0xf60c,0xf5ee,0xedae,0xee10,
0xddf1,0xde32,0xddf0,0xddd0,0xee51,0xff96,0xfe10,0xed2c,0xed2b,0xed2b,0xf52b,0xf56c,0xcc6b,0x6a47,0x7a47,0x5185,0x0905,0x08c5,0x6a67,0xc3c9,0xb389,0xb3a9,0xb389,0xc3ea,
0x71e6,0x28a3,0x28c3,0x1082,0x0862,0x0862,0x0882,0x0882,0x0882,0x0883,0x0882,0x10a3,0x1904,0x1904,0x1904,0x10a3,0x49c6,0x8309,0x832a,0x8b2a,0x8b2a,0x8b2a,0x8329,0x8b4a,
0x20c3,0x20c3,0x20c3,0x18a2,0x3986,0x6b4d,0x5acb,0x2924,0x20e4,0x18c3,0x1083,0x08c4,0x1105,0x1105,0x1105,0x1105,0x10e4,0x0882,0x0883,0x10a3,0x2945,0x3145,0x3986,0x3986,
0x39a7,0x3166,0x39a6,0x3145,0x3145,0x18e4,0x10e4,0x08e5,0x3165,0x81e4,0x0083,0x5bf1,0x3208,0x21c8,0x1a0a,0x1945,0x1945,0x1904,0x18c3,0x2082,0x28a3,0x28a3,0x28a3,0x28a3,
0x28a3,0x28a3,0x28a3,0x2082,0x20c4,0x10a3,0x1924,0x1986,0x21a7,0x1986,0x2145,0x4a6a,0xe5eb,0x4246,0x1988,0x21a7,0x1987,0x21a8,0x1987,0x21c8,0x1967,0x1966,0x1966,0x1966,
0x1966,0x1966,0x1966,0x1966,0x1966,0x1966,0x1966,0x1966,0x1966,0x1966,0x1966,0x1966,0x1966,0x1966,0x1966,0x1966,0x1966,0x1966,0x1966,0x1966,0x1966,0x1966,0x1967,0x1967,
0x1967,0x1966,0x1166,0x1966,0x1967,0x1987,0x1987,0x1966,0x21a7,0x1987,0x21a8,0x21c8,0x21a8,0x21a7,0x1966,0x1967,0x1966,0x1987,0x1987,0x1987,0x1987,0x1987,0x1987,0x1987,
0x1987,0x1987,0x1987,0x1987,0x1987,0x1987,0x1987,0x1987,0x1987,0x1987,0x1987,0x1987,0x1987,0x1987,0x1967,0x1967,0x1967,0x1987,0x1987,0x1987,0x1987,0x1987,0x1987,0x1987,
0x19a7,0x21c8,0x21c8,0x21c8,0x29e8,0x29e8,0x19a7,0x1987,0x1987,0x1987,0x1987,0x1987,0x1987,0x1987,0x1987,0x1987,0x1987,0x1987,0x1987,0x1987,0x1987,0x1987,0x1987,0x1987,
0x1987,0x1987,0x1987,0x1987,0x1987,0x1986,0x1966,0x1966,0x1966,0x1966,0x1986,0x0926,0x52c7,0xb50a,0x94b1,0xff75,0xff31,0xfeaf,0xe610,0xde11,0xee2e,0xee0f,0xe612,0xee11,
0xed8c,0xe56d,0xedce,0xd58e,0xacee,0xa48e,0xc50f,0xedd0,0xedf0,0xedf0,0xe5cf,0xee30,0xcd8f,0x1905,0x10a3,0x1905,0x1105,0x1105,0x1925,0x3166,0x3145,0x3166,0x3166,0x3166,
0x3145,0x1905,0x18e4,0x28c3,0x28c3,0x0861,0x10a3,0x1105,0x10c4,0x1105,0x1105,0x1966,0x1125,0x1946,0x1946,0x10c4,0x2904,0x20e4,0x20c4,0x20c4,0x20c4,0x20e4,0x20e4,0x2104,
0x1083,0x1083,0x1083,0x10a3,0x8431,0x634d,0x5acc,0x10a3,0x0883,0x1083,0x0882,0x08c4,0x1105,0x1105,0x1105,0x1105,0x10e4,0x08a3,0x0883,0x10a3,0x3166,0x3187,0x31a7,0x3187,
0x3186,0x39a7,0x3186,0x2946,0x3186,0x2104,0x10e4,0x08e5,0x3165,0x7162,0x224b,0x4bb0,0x2166,0x220a,0x19c8,0x2166,0x21a7,0x21a7,0x1986,0x10e3,0x2acd,0x1104,0x1945,0x1966,
0x1965,0x1966,0x1966,0x1124,0x222b,0x21c9,0x1945,0x21a7,0x29c7,0x29e8,0x29a7,0x31e9,0xc54c,0x7b67,0x1167,0x2a08,0x21a7,0x29c7,0x29c7,0x21a7,0x1986,0x1986,0x1986,0x1986,
0x1986,0x1986,0x1986,0x1986,0x1986,0x1986,0x1986,0x1986,0x1986,0x1986,0x21a7,0x21a6,0x1986,0x1986,0x2186,0x2186,0x2186,0x2186,0x2186,0x2186,0x2186,0x2186,0x2186,0x2186,
0x1986,0x1986,0x21a7,0x1986,0x1986,0x2186,0x29e8,0x29e8,0x21c7,0x29e8,0x21c7,0x21a7,0x21c7,0x1986,0x1986,0x1986,0x1986,0x1986,0x2186,0x2187,0x1986,0x1986,0x1986,0x1986,
0x1986,0x1986,0x1986,0x1986,0x1986,0x1986,0x1986,0x1986,0x1986,0x1986,0x1986,0x1986,0x1986,0x1986,0x1986,0x1986,0x1986,0x1986,0x21a7,0x2187,0x1986,0x1986,0x1986,0x1986,
0x29e8,0x21a7,0x21c7,0x21c7,0x2187,0x1986,0x1986,0x1986,0x1986,0x1986,0x2186,0x2186,0x1986,0x1986,0x1986,0x1986,0x1986,0x1986,0x1986,0x1986,0x1986,0x1986,0x1986,0x1986,
0x1986,0x1986,0x1986,0x21a7,0x1986,0x1986,0x1986,0x1986,0x1986,0x1986,0x1986,0x1986,0x2186,0x39a6,0x528a,0x8c0d,0xbd0b,0xa42a,0xdd8d,0xf60e,0xfe0d,0xfe0c,0xfe6f,0xedf0,
0xf56b,0xfdab,0xfdcb,0xe52b,0x844e,0xad92,0xd5b1,0xfe72,0xf651,0xee31,0xcdd1,0x946d,0x4a89,0x10c4,0x0043,0x08c4,0x1105,0x1105,0x1105,0x0906,0x0906,0x0906,0x0906,0x0906,
0x0906,0x0906,0x0906,0x08a4,0x30e3,0x0861,0x08a3,0x1105,0x10c4,0x10e4,0x1925,0x1946,0x10e5,0x08a3,0x0883,0x10a3,0x1083,0x0883,0x1083,0x1083,0x1083,0x1083,0x1083,0x1083,
0x4165,0x4165,0x3944,0x4a07,0x41c6,0x732c,0x62cb,0x3103,0x4165,0x4185,0x20e3,0x08c4,0x1105,0x1105,0x1105,0x1105,0x1105,0x18e4,0x10c4,0x2903,0x5a06,0x6248,0x59e6,0x6248,
0x6227,0x6207,0x49a6,0x49a5,0x3965,0x18e4,0x08c4,0x10e4,0x2904,0x38e2,0x228d,0x32cd,0x2145,0x2a8d,0x21e9,0x21e8,0x21a7,0x21a7,0x2166,0x1966,0x3b70,0x1125,0x2186,0x21a7,
0x21a7,0x21a7,0x21a7,0x2165,0x2a2b,0x2a6c,0x2165,0x3209,0x31e8,0x3209,0x29a7,0x31c8,0x8c2c,0xad29,0x2946,0x41e7,0x4208,0x2986,0x3986,0x39a6,0x41a7,0x41a7,0x41a7,0x41a7,
0x41a7,0x39a6,0x39a6,0x39a6,0x39a6,0x3986,0x39a6,0x39a6,0x39a7,0x49e7,0x1904,0x2965,0x3186,0x3986,0x3186,0x3186,0x3186,0x3165,0x3166,0x3186,0x3186,0x3986,0x3986,0x3986,
0x3986,0x3165,0x1904,0x3186,0x39a6,0x39a6,0x41a6,0x4a08,0x41e7,0x41c6,0x4a08,0x39a6,0x41c6,0x41c6,0x41a6,0x39a6,0x39a6,0x41c6,0x2985,0x2945,0x41c7,0x41c7,0x41c7,0x41c7,
0x41c7,0x41c7,0x41c7,0x41c7,0x41c7,0x41c7,0x41c7,0x41c7,0x41c7,0x41c7,0x41c7,0x41c6,0x41c6,0x41c6,0x39a6,0x39a6,0x39a6,0x41c6,0x2124,0x3165,0x41c6,0x49e7,0x4a07,0x41c7,
0x4207,0x39c7,0x39c7,0x4207,0x39a6,0x39a6,0x41c6,0x39c6,0x39a6,0x39a6,0x3165,0x2945,0x41c6,0x41c6,0x41c6,0x41c6,0x41c6,0x39a6,0x39a6,0x39a6,0x39a6,0x41c6,0x41c6,0x41c7,
0x41c7,0x41c6,0x3186,0x1904,0x3986,0x39a7,0x41a7,0x41a7,0x41a7,0x41a7,0x39a7,0x39a6,0x3166,0x2924,0x4185,0x41c7,0x4209,0x5248,0x8bcc,0x9c0c,0xbccd,0xa40c,0x9ba8,0xac6b,
0x8beb,0xc4cc,0xc4cc,0xa42b,0x8c6e,0xbe13,0x9c8e,0x8c70,0x7c70,0x5bcf,0x3aac,0x10c4,0x10e4,0x0883,0x6a47,0x3186,0x00c5,0x08c4,0x2187,0x49e7,0x51e6,0x51e7,0x51e7,0x51e7,
0x51e7,0x51e7,0x51e7,0x59e6,0x59a5,0x18a2,0x2104,0x0905,0x1105,0x1925,0x1925,0x1966,0x1126,0x2965,0x4185,0x20e3,0x4165,0x4985,0x4165,0x4164,0x4144,0x4164,0x3944,0x49a6,
0x9b09,0x9b09,0x9ac8,0xac0e,0xa491,0xa44f,0xac90,0x9309,0x9b09,0xa349,0x51c6,0x00a4,0x1105,0x10e5,0x10e4,0x0905,0x1905,0x3904,0x0083,0x49c6,0xa34a,0x9b2a,0x9b2a,0xa34a,
0xa329,0x92c8,0x8288,0x4164,0x18c3,0x3986,0x6207,0x8aa8,0xab28,0x6a67,0x2b0f,0x3229,0x2166,0x330f,0x2209,0x2a49,0x2a29,0x2a29,0x21e8,0x21c7,0x4391,0x1946,0x29c7,0x29e8,
0x29e8,0x29e8,0x2a08,0x29a7,0x21e9,0x32ef,0x2166,0x3208,0x29e8,0x3209,0x29a7,0x2145,0x6b8c,0xc5cb,0x7a68,0x930a,0x59c6,0x8287,0x9ae9,0x92c9,0x92c9,0x92c9,0x92c9,0x92c9,
0x92c9,0x92c9,0x92c9,0x92c9,0x92c9,0x92c9,0x92c9,0x92c9,0xa309,0x7a47,0x59c5,0x92c8,0x8aa8,0x8aa8,0x8aa8,0x8aa8,0x8aa8,0x8aa8,0x8aa8,0x8aa8,0x8aa8,0x8aa8,0x8aa8,0x8aa8,
0x92c8,0x6207,0x4185,0x92e9,0x92e8,0x9b09,0x9b2a,0x9309,0x9b2a,0x9b2a,0x9b09,0x92e8,0x92e8,0x9ae8,0x9ae9,0x9b09,0x92c8,0xb3aa,0x5a67,0x6206,0xa329,0x9b08,0x9b08,0x9b08,
0x9b08,0x9b08,0x9b08,0xa328,0xa328,0xa328,0xa328,0xa328,0xa328,0xa328,0xa328,0xa329,0xa308,0x9b08,0xa308,0xa308,0x9b08,0xb3a9,0x72c6,0x7226,0xab8a,0xa329,0xab8a,0xa349,
0x9b09,0xa34a,0xa36a,0xa329,0xa308,0xa328,0xa328,0xa328,0xa328,0xab49,0x92c8,0x59c5,0x9b09,0x92e8,0x9ae8,0x92e8,0x9ae8,0x9ae9,0x9ae9,0x9ae9,0x9ae8,0x9ae8,0x9ae8,0x9ae8,
0x9ae8,0x92e8,0x9b09,0x51a5,0x6a27,0xa309,0x92c9,0x92c9,0x92e9,0x92e9,0x92c9,0x9ae9,0x6a27,0x20e4,0x61c6,0x5185,0x51c6,0x4207,0x49e7,0x4a08,0x5249,0x39c8,0x0863,0x18c3,
0x31c8,0x3a09,0x3a29,0x2987,0x2125,0x39a7,0x18c4,0x2167,0x2988,0x2966,0x2945,0x20c4,0x20a4,0x10a3,0xb389,0xbbca,0x72c9,0x5269,0x39e7,0x82c9,0xab29,0x9b09,0x9b09,0x9b09,
0x9b09,0x9b09,0x9b09,0x9ae8,0x69c5,0x18a3,0x5165,0x3945,0x1146,0x1946,0x1966,0x1946,0x0905,0x5227,0xd42a,0xa369,0x82a7,0x8288,0xa309,0xa329,0x9b09,0x9b09,0x9b09,0x9b09,
0x92e8,0x92e9,0x92c8,0x92e9,0xac0e,0x92c8,0x9b6b,0x92e9,0x92c8,0x9b09,0x59e6,0x00a4,0x1105,0x10e5,0x10e4,0x08e5,0x1925,0x3924,0x08a4,0x49a6,0xa34a,0x92e9,0x9b09,0x92e9,
0x7a68,0x4986,0x18a3,0x0841,0x7247,0xa329,0xab49,0xab49,0xb348,0x5a69,0x2ace,0x29a7,0x21c9,0x330f,0x21e8,0x2a29,0x2a29,0x2a49,0x21e8,0x29e8,0x43b2,0x1967,0x29e8,0x3209,
0x31e8,0x31e8,0x3209,0x29a7,0x21c8,0x3330,0x2167,0x3208,0x31e8,0x31e8,0x29e8,0x1904,0x528a,0xb56b,0x8b08,0x8ae9,0x6a26,0xb369,0xab49,0xab49,0xab49,0xab49,0xab49,0xab49,
0xab49,0xab49,0xab49,0xab49,0xab49,0xab49,0xab49,0xb349,0xab29,0x4984,0xa329,0xb369,0xab49,0xb349,0xb349,0xb349,0xb349,0xb349,0xb349,0xb349,0xb349,0xb349,0xb349,0xab49,
0xb369,0x51e6,0x6248,0xab29,0xab69,0xb36a,0xab49,0xb38a,0xab49,0xab69,0xab49,0xab49,0xab49,0xab49,0xab49,0xab49,0xab29,0xc3e9,0x4a26,0x92c7,0xc3c9,0xbb89,0xbba9,0xbb89,
0xbb89,0xbb89,0xbb89,0xbb89,0xbb89,0xbb89,0xbb89,0xbb89,0xbb89,0xbb89,0xbb89,0xbb89,0xbba9,0xbba9,0xbb89,0xbb89,0xbb89,0xc3c9,0xa3c8,0x59e5,0xc3ea,0xb369,0xb389,0xbbca,
0xbbca,0xbba9,0xbb89,0xbb89,0xbb89,0xbb89,0xbb89,0xbb89,0xbb89,0xbb89,0xc3c9,0x7a66,0x8aa7,0xb369,0xab49,0xab49,0xab49,0xab49,0xab49,0xab49,0xab49,0xab49,0xab49,0xab49,
0xab49,0xab49,0xb349,0xab29,0x51a4,0x9b08,0xb369,0xab49,0xab49,0xab49,0xab49,0xab49,0xab69,0x6a46,0x3924,0x59c7,0x4965,0x49e7,0x5208,0x49a6,0x49c6,0x41a6,0x2904,0x49a7,
0x41a6,0x41a6,0x41a6,0x49a6,0x2925,0x3166,0x3165,0x3145,0x3166,0x3166,0x3186,0x20e4,0x20a3,0x18a3,0xab89,0xc3ea,0xcbea,0xc40a,0xab89,0x8ac8,0x7a67,0x9ae9,0x92e9,0x92e9,
0x92e9,0x92e9,0x92e9,0x9ae9,0x69c5,0x18c3,0x61a5,0x59a5,0x1146,0x10e4,0x1946,0x1946,0x08c4,0x2965,0xbbc9,0xc3ea,0xc3ea,0x9308,0x6a26,0x82a8,0x9b09,0x92e9,0x92e9,0x92e9,
0x92e9,0x9ae9,0x9ae9,0x9ae9,0x92a7,0x9309,0x8288,0x9ae8,0x9b09,0xa329,0x6a27,0x08a4,0x1105,0x10e5,0x10e4,0x1105,0x1905,0x3924,0x08c4,0x4165,0x9b29,0x9b2a,0x8ac9,0x6207,
0x2904,0x0062,0x4104,0x6984,0x9b08,0xb369,0xab29,0xab49,0xa2e7,0x3a09,0x328c,0x2145,0x2a4b,0x32ad,0x21c7,0x2a4a,0x2a29,0x2a4a,0x21c8,0x3229,0x4bd2,0x1967,0x29c8,0x3208,
0x31e8,0x31e8,0x3208,0x29c8,0x21e9,0x3350,0x2166,0x29e8,0x31e8,0x3209,0x3209,0x2145,0x31c8,0xbdad,0x9c0a,0x59a5,0x92e8,0x9ae8,0x92c8,0x92c8,0x92c7,0x92c7,0x92c7,0x92c7,
0x92c7,0x92c7,0x92a7,0x92a7,0x92a7,0x8aa7,0x8aa7,0x92c8,0x7a46,0x6a06,0x92c8,0x8aa7,0x8aa7,0x8aa7,0x8aa7,0x8aa7,0x8aa7,0x8aa7,0x8aa7,0x8aa7,0x8aa7,0x8aa7,0x8aa7,0x8aa7,
0x92c7,0x59c5,0x7a88,0x92e8,0x92c8,0x9309,0x8aa7,0x9309,0x92c8,0x8aa7,0x92c8,0x92c7,0x92c7,0x92c7,0x92c7,0x92c8,0x8aa8,0xab66,0x6225,0x92c7,0x9b08,0x9b07,0x9b07,0x9b07,
0x9b07,0x9b07,0x9b07,0x9b07,0x9b07,0x9b07,0x9b07,0x9b07,0x9b07,0x9b07,0x9b07,0x9b07,0x9b07,0x9b08,0x9b08,0x9b08,0x9b08,0x9ae8,0xabe9,0x8328,0xa328,0xa349,0xa349,0xa328,
0xa349,0xa328,0x9b08,0x9b08,0x9b08,0x9b08,0x9b08,0x9b08,0xa308,0xa328,0xa328,0x92e7,0x8287,0x9ae8,0x92e8,0x9ae8,0x9ae8,0x92e8,0x92e8,0x92c8,0x92c8,0x92c8,0x8aa7,0x8aa7,
0x8aa7,0x8ac7,0x92c8,0x9ae8,0x7a67,0x6205,0x8ac7,0x8aa7,0x92c8,0x92c8,0x92e8,0x8a87,0x9b28,0xcc8a,0x7a87,0x6227,0x41c7,0x4a07,0x51e7,0x49a6,0x49c7,0x49a7,0x20e4,0x49c7,
0x49c7,0x49c7,0x49c7,0x49c7,0x3145,0x3186,0x3166,0x3166,0x3166,0x3166,0x3166,0x20c4,0x20e5,0x41e7,0xc3c9,0xc3ea,0xc3ea,0xc3ea,0xcbea,0xcc0a,0x7286,0x6206,0x92e9,0x9b09,
0x9ae9,0x9ae9,0x9ae9,0x9ac8,0x69e5,0x20e4,0x6a07,0x59a5,0x1126,0x2166,0x1946,0x1125,0x08e5,0x1925,0xb389,0xc3ea,0xbbc9,0xcc0a,0xb3a9,0x7a66,0x8287,0x9ae9,0x92e9,0x92e9,
0x3166,0x3166,0x3186,0x3145,0x62eb,0x8c31,0x736d,0x41c7,0x39a6,0x39a7,0x2104,0x08c4,0x1105,0x10e4,0x10e5,0x1966,0x2966,0x4965,0x2904,0x3145,0x72a9,0x7aca,0x49c7,0x18a3,
0x0862,0x18a3,0x6165,0x79a4,0x3145,0x41a6,0x41a6,0x39a6,0x2903,0x19a8,0x3aac,0x2125,0x2aae,0x2a4b,0x21a7,0x2a4a,0x2a29,0x2a4a,0x21c7,0x324a,0x4bf3,0x1967,0x29c8,0x3209,
0x31e8,0x31e8,0x31e8,0x29e8,0x29c8,0x43b2,0x21a8,0x29c7,0x3209,0x3a29,0x3a6a,0x2986,0x2967,0xbdac,0x62e5,0x0883,0x29a6,0x2166,0x2166,0x2166,0x2165,0x2165,0x2165,0x2166,
0x2166,0x1965,0x1965,0x1965,0x1965,0x1965,0x1965,0x1965,0x2166,0x2166,0x1945,0x1965,0x1965,0x1965,0x1965,0x1965,0x1965,0x1965,0x1965,0x1965,0x1965,0x1965,0x1965,0x1965,
0x1965,0x2166,0x29a6,0x29c7,0x29a6,0x2186,0x29c7,0x2186,0x1965,0x2166,0x2166,0x2166,0x2165,0x2165,0x2165,0x2166,0x2166,0x2166,0x2166,0x2165,0x1965,0x2165,0x2165,0x2165,
0x2165,0x2165,0x2165,0x2165,0x2165,0x2165,0x2165,0x2166,0x2166,0x2166,0x2166,0x2166,0x2166,0x2166,0x2166,0x2166,0x2166,0x2166,0x2186,0x29c7,0x29a7,0x2186,0x29c7,0x29c7,
0x2165,0x2186,0x2186,0x2166,0x2166,0x2166,0x2166,0x2166,0x2186,0x2186,0x2186,0x2186,0x2186,0x2166,0x2186,0x2186,0x2186,0x2186,0x2186,0x2166,0x2166,0x1966,0x1966,0x1966,
0x1966,0x1966,0x2166,0x2166,0x2186,0x2166,0x1946,0x1966,0x2166,0x2186,0x2186,0x1125,0x4a27,0xe4ec,0xdccb,0x734b,0x322a,0x4229,0x4a08,0x41c7,0x41c7,0x3965,0x20c3,0x49a6,
0x49a6,0x49a6,0x49a6,0x49a6,0x2925,0x3145,0x2925,0x2925,0x3166,0x31a7,0x1925,0x2186,0x2a4a,0x29a6,0x51a5,0x59e6,0x5a06,0x5a06,0x5a06,0x6a06,0x7205,0x4943,0x4123,0x4186,
0x49e7,0x49c6,0x39a6,0x51e7,0x69e6,0x18c3,0x69c6,0x61c6,0x0905,0x1926,0x1105,0x10e5,0x1105,0x1105,0x39c6,0x39c6,0x39c6,0x39c6,0x41e6,0x39c6,0x2124,0x3185,0x2924,0x2924,
0x1126,0x1126,0x1126,0x08e5,0x29e9,0x7c31,0x636e,0x0906,0x0906,0x0926,0x08c4,0x08c4,0x1105,0x10e4,0x10e4,0x1946,0x1925,0x51a6,0x3945,0x2904,0x5208,0x3145,0x0861,0x1062,
0x20c4,0x30e5,0x5964,0x71a4,0x2105,0x0906,0x0906,0x0906,0x0905,0x21ea,0x326b,0x2166,0x330f,0x220a,0x21c7,0x2a4a,0x2a29,0x2a4a,0x21a7,0x3a8b,0x4bf3,0x1966,0x29c8,0x3209,
0x31e8,0x31e8,0x31e8,0x29e8,0x2987,0x4c13,0x2a2b,0x29a7,0x3229,0x3a4a,0x3229,0x2986,0x31e8,0x6309,0x2984,0x1125,0x21a7,0x1987,0x21a7,0x21a7,0x21a7,0x21a7,0x21a7,0x21a7,
0x21a7,0x21a7,0x21a7,0x21a7,0x21a7,0x21a7,0x21a7,0x21a7,0x21a7,0x21a7,0x21a7,0x21a7,0x21a7,0x21a7,0x21a7,0x21a7,0x21a7,0x21a7,0x21a7,0x21a7,0x21a7,0x21a7,0x21a7,0x21a7,
0x2186,0x21a7,0x29e8,0x21a7,0x29e8,0x29c7,0x21a7,0x21a7,0x21a7,0x21a7,0x21a7,0x21a7,0x21a7,0x21a7,0x21a7,0x21a7,0x21a7,0x21a7,0x21a7,0x21a7,0x21a7,0x21a7,0x21a7,0x21a7,
0x21a7,0x21a7,0x21a7,0x21a7,0x21a7,0x21a7,0x21a7,0x21a7,0x21a7,0x21a7,0x21a7,0x21a7,0x21a7,0x21a7,0x21a7,0x21a7,0x2187,0x21a7,0x2187,0x1986,0x1986,0x21a7,0x29e8,0x21a7,
0x2187,0x2187,0x2187,0x21a7,0x21a7,0x21a7,0x21a7,0x21a7,0x2187,0x2187,0x1987,0x1987,0x2187,0x21a7,0x2187,0x2187,0x2187,0x2187,0x2187,0x21a7,0x21a7,0x21a7,0x21a7,0x21a7,
0x21a7,0x21a7,0x21a7,0x21a7,0x2187,0x21a7,0x21a7,0x21a7,0x2186,0x21c7,0x29e8,0x1987,0x3a28,0xb3ea,0xcc6a,0x7b8b,0x31e9,0x3a28,0x632c,0x634d,0x632c,0x426a,0x2186,0x4208,
0x4229,0x4228,0x4249,0x31a7,0x31c7,0x4269,0x21a7,0x21c7,0x2a29,0x2a4a,0x21a7,0x21c8,0x2a4a,0x1904,0x1966,0x1986,0x1966,0x1966,0x1966,0x5185,0x6984,0x71a4,0x6984,0x5964,
0x2966,0x2167,0x2987,0x4a08,0x5985,0x20e4,0x61a5,0x59c6,0x1146,0x1105,0x10e5,0x1105,0x1105,0x10e5,0x1125,0x1987,0x1986,0x1986,0x1986,0x1986,0x21a7,0x1986,0x1125,0x08a3,
0x1946,0x1946,0x1946,0x1105,0x1946,0x73d0,0x424a,0x10e5,0x1946,0x1126,0x10e4,0x08c4,0x1105,0x1105,0x08e4,0x1946,0x1926,0x3945,0x3924,0x10a2,0x0861,0x0862,0x1083,0x20c4,
0x30e4,0x3905,0x5965,0x7184,0x2104,0x1146,0x1946,0x1926,0x1946,0x224b,0x2166,0x2166,0x3b30,0x220a,0x21c7,0x2a4a,0x2a29,0x2a4a,0x21a7,0x3aab,0x4bf3,0x1946,0x29c8,0x3208,
0x31e8,0x31e8,0x31e8,0x29e8,0x31a7,0x4c33,0x2a6c,0x31e8,0x3a4a,0x3a49,0x3229,0x2186,0x31e7,0x3209,0x1987,0x1925,0x21a7,0x2186,0x21a6,0x21a6,0x2186,0x2187,0x2187,0x2187,
0x2187,0x2187,0x2187,0x21a6,0x21a6,0x2187,0x2187,0x21a7,0x21a7,0x2186,0x2186,0x21a7,0x2187,0x21a7,0x21a7,0x2186,0x2186,0x2187,0x2187,0x2187,0x21a7,0x2186,0x21a7,0x29e8,
0x21a7,0x2186,0x29e8,0x29c7,0x29e8,0x29c7,0x2186,0x21a7,0x21a7,0x21a7,0x21a7,0x21a7,0x21a7,0x21a7,0x21a7,0x21a7,0x21a7,0x21a7,0x2187,0x21a7,0x21a7,0x21a7,0x21a7,0x21a7,
0x21a7,0x21a7,0x21a7,0x21a7,0x21a7,0x21a7,0x21a7,0x21a7,0x21a7,0x21a7,0x21a7,0x21a7,0x21a7,0x21a7,0x21a7,0x21a7,0x21a7,0x29e8,0x29e8,0x21a7,0x2186,0x21c7,0x21a7,0x2186,
0x21a7,0x21a7,0x21a6,0x21a6,0x21a7,0x21a7,0x21a7,0x21a7,0x21a7,0x21a7,0x2186,0x2187,0x21a7,0x21a7,0x21a7,0x21a7,0x21a7,0x21a7,0x21a7,0x2187,0x2187,0x21a6,0x21a6,0x2186,
0x2186,0x2186,0x2186,0x21a6,0x21a6,0x21a7,0x21a7,0x21a7,0x2187,0x2186,0x29e8,0x29e8,0x41c7,0x7165,0x9bc9,0x734b,0x31e9,0x4229,0x630c,0x632c,0x6b4d,0x5b2c,0x2a09,0x4aab,
0x530c,0x52ec,0x532c,0x3229,0x3a49,0x5b4d,0x2a08,0x21e8,0x2a4a,0x2a29,0x2187,0x2a09,0x2a29,0x18c4,0x2186,0x21a7,0x21a7,0x21a7,0x2186,0x3944,0x71a4,0x71a4,0x6984,0x71a4,
0x69a5,0x4186,0x2987,0x41e8,0x61e6,0x2104,0x61c6,0x5185,0x08e5,0x1105,0x1105,0x1105,0x1105,0x10e5,0x1105,0x2186,0x2186,0x21a6,0x21a7,0x21a7,0x2186,0x2187,0x21a7,0x21a7,
0x1105,0x1105,0x1105,0x1946,0x6baf,0x5b0c,0x6baf,0x1967,0x1106,0x1105,0x10e4,0x08c4,0x1105,0x10e5,0x10e4,0x1105,0x1925,0x2904,0x4124,0x1882,0x0862,0x1083,0x20a4,0x28e4,
0x4124,0x4924,0x28c4,0x5964,0x18c3,0x0906,0x1106,0x1106,0x08e5,0x224b,0x19e9,0x1146,0x32ce,0x21c9,0x1986,0x2a29,0x2a29,0x2a6a,0x21c7,0x3acc,0x4bd2,0x1946,0x31e8,0x3209,
0x3208,0x3208,0x3208,0x31e8,0x31a7,0x5433,0x3aee,0x31c7,0x3a6a,0x29c7,0x1945,0x1904,0x29a7,0x21a7,0x1126,0x1125,0x2187,0x1986,0x1986,0x1986,0x1986,0x1986,0x1966,0x1986,
0x1986,0x1986,0x1986,0x1986,0x1986,0x1966,0x1986,0x1966,0x1986,0x1966,0x1966,0x1966,0x1966,0x1966,0x1966,0x1966,0x1986,0x1966,0x1986,0x1986,0x1986,0x1966,0x21a7,0x29c7,
0x21a7,0x29c7,0x21a7,0x29c7,0x21a7,0x1966,0x1966,0x1966,0x1966,0x1966,0x1966,0x1966,0x1966,0x1966,0x1966,0x1966,0x1966,0x1966,0x2186,0x1966,0x1966,0x1966,0x1966,0x1966,
0x1966,0x1966,0x1966,0x1966,0x1966,0x1966,0x1966,0x1966,0x1966,0x1966,0x1966,0x1966,0x1966,0x1966,0x1966,0x1966,0x21a7,0x29c7,0x21a7,0x2186,0x2186,0x1966,0x1966,0x1966,
0x1966,0x1966,0x1986,0x2186,0x1986,0x1986,0x1986,0x1986,0x1986,0x1986,0x1966,0x1966,0x1966,0x1966,0x1966,0x1966,0x1966,0x1966,0x1966,0x1966,0x1966,0x1966,0x1966,0x1966,
0x1966,0x1986,0x1986,0x1966,0x1966,0x1966,0x1966,0x1966,0x1986,0x2187,0x29c7,0x19a7,0x51c7,0xa984,0x71c4,0x51e7,0x3a29,0x31e8,0x630c,0x6b6d,0x6b4d,0x5b2c,0x21e8,0x426a,
0x52ec,0x52cb,0x52ec,0x3249,0x426a,0x530c,0x2a08,0x21e8,0x2a4a,0x2a4a,0x2187,0x2166,0x2105,0x10a3,0x1986,0x1986,0x1986,0x1986,0x19a7,0x2104,0x5123,0x6984,0x71a4,0x69a4,
0x71a4,0x7184,0x5185,0x39a7,0x5985,0x20c3,0x59c6,0x5185,0x08e5,0x1105,0x1105,0x1105,0x1105,0x1105,0x1105,0x1966,0x21a7,0x1966,0x1986,0x1986,0x1986,0x1986,0x1966,0x21a7,
0x38e3,0x38e3,0x30a3,0x6269,0x7b4d,0x838e,0x6aeb,0x18e4,0x1105,0x1105,0x10e4,0x10c4,0x1105,0x10e5,0x10e4,0x1105,0x1904,0x20e4,0x4944,0x5145,0x30e4,0x18c4,0x28e4,0x4925,
0x4924,0x18a3,0x0083,0x5944,0x4144,0x6ac9,0x72e9,0x72ea,0x62a9,0x21e9,0x1146,0x19e9,0x19c8,0x1105,0x08a3,0x10e4,0x1125,0x1966,0x1105,0x3aac,0x4bf3,0x1946,0x29a7,0x29c8,
0x29c7,0x29c7,0x29c7,0x21c7,0x2145,0x43b1,0x3acd,0x2945,0x29c7,0x1966,0x1167,0x19e9,0x1967,0x1126,0x1126,0x39c7,0x4a08,0x49e8,0x41e8,0x41c7,0x41c7,0x41e7,0x41c7,0x41c7,
0x41c7,0x41c7,0x41c7,0x41c7,0x41c7,0x41c7,0x2945,0x41c7,0x49e7,0x49e7,0x41c7,0x41c7,0x41c7,0x41c7,0x41c7,0x49e7,0x49e7,0x49e7,0x49e7,0x49e7,0x49e7,0x49e7,0x49e7,0x31a7,
0x3186,0x5228,0x5228,0x4a08,0x41c7,0x49c7,0x49c7,0x49c7,0x49c7,0x49c7,0x41c7,0x41c7,0x41c7,0x41c7,0x49c7,0x41a7,0x6268,0x5226,0x18c3,0x49e7,0x49c7,0x49c7,0x49c7,0x49c7,
0x41c7,0x49c7,0x49c7,0x49c7,0x41c7,0x49c7,0x49c7,0x49c7,0x49c7,0x49c7,0x49c7,0x49c7,0x49e7,0x49c7,0x49e7,0x4a08,0x5208,0x5249,0x5228,0x4a08,0x2104,0x41c7,0x49e7,0x49e7,
0x49e7,0x49e7,0x49e7,0x49e7,0x49e7,0x49e7,0x49e7,0x49e7,0x4a07,0x49e7,0x49e7,0x49e7,0x49e7,0x41c7,0x2904,0x41c7,0x49c7,0x49c7,0x49e7,0x49e7,0x49e7,0x49e7,0x49e7,0x49e7,
0x49e7,0x49e7,0x49e7,0x49e7,0x49e7,0x49e7,0x5208,0x3166,0x20c3,0x5a07,0x5a07,0x49a6,0x6a07,0x89a5,0xb9e3,0x6964,0x4945,0x20e3,0x41c7,0x62cb,0x630c,0x52ec,0x21c7,0x4aab,
0x532c,0x530c,0x530c,0x3a6a,0x4aab,0x530c,0x2a08,0x21c8,0x29e8,0x2166,0x18c3,0x1083,0x1883,0x20e4,0x39c7,0x41e7,0x41e7,0x41e7,0x2986,0x5144,0x6963,0x10a2,0x5144,0x7185,
0x69a5,0x71e5,0x71c5,0x61c5,0x5984,0x2104,0x5185,0x4965,0x08e5,0x1105,0x1105,0x1105,0x1105,0x1105,0x1105,0x10e4,0x10e4,0x3104,0x4104,0x3904,0x4124,0x4124,0x38e3,0x4966,
0x5944,0x5944,0x5945,0x50e3,0x6a08,0x7b4d,0x6b0b,0x2904,0x08e4,0x1105,0x10e4,0x10c4,0x1105,0x10e5,0x10e4,0x1105,0x10c4,0x10a3,0x3924,0x5145,0x5124,0x20a3,0x4924,0x40e3,
0x1082,0x0883,0x08a3,0x3904,0x51a5,0xa3cb,0xa3cb,0xa3cb,0xabeb,0x3a08,0x1126,0x1105,0x1967,0x19c9,0x19c9,0x19a8,0x1146,0x1125,0x10c3,0x29e9,0x3aee,0x1905,0x1945,0x2166,
0x2166,0x2166,0x2166,0x2187,0x2987,0x322a,0x29c9,0x29c9,0x2a0a,0x19a8,0x1967,0x1126,0x1946,0x08c4,0x4185,0x82c9,0x7a89,0x7aa9,0x7aa9,0x7aa9,0x7aa9,0x7aa9,0x7aa9,0x7aa9,
0x7aa9,0x7aa9,0x7a89,0x7a89,0x82c9,0x6a27,0x59e6,0x82c9,0x7aa9,0x7aa9,0x7aa9,0x7aa9,0x7aa9,0x7aa9,0x7aa9,0x7aa9,0x7aa9,0x7aa9,0x7aa9,0x7aa9,0x7a89,0x7aa9,0x82a9,0x4a28,
0x628a,0x7aa9,0x7aa9,0x82a9,0x82a9,0x82a9,0x82a9,0x82c9,0x82c9,0x82c9,0x82a9,0x82c9,0x82c9,0x82a9,0x82c9,0x7269,0xa3aa,0x8348,0x20c3,0x8ae9,0x82c9,0x82c9,0x82c9,0x82a9,
0x82a9,0x82a9,0x82a9,0x82a9,0x82a9,0x82a9,0x82a9,0x82a9,0x82a9,0x82a9,0x82a9,0x7aa9,0x82ea,0x82ea,0x82ea,0x82ea,0x82ea,0x82c9,0x8aea,0x7a88,0x3103,0x7aa9,0x82a9,0x82a9,
0x82a9,0x82a9,0x82a9,0x7aa9,0x82a9,0x82a9,0x82a9,0x82a9,0x82a9,0x82a9,0x82a9,0x82a9,0x82a9,0x82c9,0x4185,0x6248,0x82a9,0x7aa9,0x7aa9,0x7aa9,0x7aa9,0x7aa9,0x82a9,0x82a9,
0x82a9,0x82a9,0x82a9,0x82a9,0x82a9,0x7aa9,0x82ea,0x8b0a,0x49a5,0x6227,0x82ca,0x7aca,0x7aca,0x51e6,0x8183,0x6144,0x5124,0x4103,0x4124,0x5165,0x4965,0x4165,0x2904,0x3186,
0x39a7,0x39a6,0x39a7,0x2945,0x3145,0x3966,0x28e4,0x20c3,0x28c4,0x28c4,0x20a3,0x1883,0x1063,0x4165,0xa309,0x9ae9,0x9ae9,0x9b09,0x8aa8,0x6984,0x7184,0x0062,0x0883,0x30e4,
0x71c6,0x71c6,0x71e5,0x71c5,0x5964,0x18a3,0x5145,0x4965,0x08e5,0x1105,0x1105,0x1105,0x1105,0x1105,0x1105,0x08e4,0x1882,0x4924,0x5124,0x5924,0x5924,0x5924,0x5944,0x5124,
0x5124,0x5124,0x5144,0x40a2,0x6a6a,0x62cb,0x630c,0x1904,0x10e5,0x1105,0x10e4,0x10c4,0x1105,0x10e5,0x10e4,0x1105,0x10c3,0x10a3,0x2904,0x4124,0x5124,0x30c3,0x28a2,0x20a3,
0x1083,0x08a3,0x0883,0x28e4,0x3104,0x62a9,0x72ea,0x72ea,0x6289,0x2125,0x1105,0x1946,0x1126,0x1106,0x1126,0x1967,0x1967,0x1987,0x21a7,0x21a7,0x1966,0x2187,0x21a8,0x19c9,
0x220a,0x2a2a,0x19c9,0x2a2a,0x21e9,0x19a8,0x21c9,0x1967,0x1946,0x1126,0x1126,0x1126,0x10c4,0x0841,0x7a87,0x9b09,0x92e9,0x9ae9,0x9ae9,0x9ae9,0x9ae9,0x9ae9,0x9ae9,0x9ae9,
0x9ae9,0x9ae9,0x92e9,0x9ae9,0x92e9,0x51a5,0x92e9,0x9ae9,0x9ae9,0x9ae9,0x9ae9,0x9ae9,0x9ae9,0x9ae9,0x9ae9,0x9ae9,0x9ae9,0x9ae9,0x9ae9,0x9ae9,0x92e9,0x9b09,0x7288,0x39e8,
0x72ca,0x9b09,0x92e9,0x9ae9,0x9ae9,0x9ae9,0x9ae9,0x9ae9,0x9ae9,0x9ae9,0x9ae9,0x9ae9,0x9ae9,0x9ae9,0x9ae9,0x92a8,0xcc8b,0x62a7,0x4965,0xa329,0x92e8,0x9ae9,0x9ae9,0x9ae9,
0x9ae9,0x9ae9,0x9ae9,0x9ae9,0x9ae9,0x9ae9,0x9ae9,0x9ae9,0x9ae9,0x9ae9,0x9ae9,0x92e8,0x92e8,0x9b29,0x9b2a,0x92c8,0x9b2a,0x9b09,0x92c8,0xa309,0x4985,0x6a26,0xa309,0x92e9,
0x9ae9,0x9ae9,0x9ae9,0x9ae9,0x9ae9,0x9ae9,0x9ae9,0x9ae9,0x9ae9,0x9ae9,0x9ae9,0x9ae9,0x92e9,0x9b09,0x7267,0x4985,0xa309,0x92e9,0x9ae9,0x9ae9,0x9ae9,0x9ae9,0x9ae9,0x9ae9,
0x9ae9,0x9ae9,0x9ae9,0x9ae9,0x9ae9,0x92e9,0x9b09,0x9b2a,0x9309,0x3985,0x832c,0x9bad,0x9b8c,0x82eb,0x6a46,0x59e7,0x5145,0x38e3,0x4124,0x5145,0x5165,0x5965,0x4124,0x38e3,
0x4104,0x4104,0x4104,0x4104,0x30e4,0x38c4,0x30c4,0x28c4,0x28c4,0x28c4,0x20c3,0x1904,0x1125,0x6227,0xa309,0x92c8,0x92e9,0x92e9,0x8ac8,0x81e5,0x6964,0x0882,0x08a3,0x0883,
0x30e4,0x6186,0x61a6,0x61e7,0x4124,0x18a3,0x5165,0x4165,0x08e5,0x1105,0x1105,0x1105,0x1105,0x1105,0x1105,0x1105,0x18e4,0x18a3,0x20c4,0x4104,0x5124,0x5124,0x5124,0x5145,
0x28c4,0x28c4,0x20a3,0x41a7,0x41e8,0x738e,0x4a49,0x08a3,0x1105,0x1105,0x10e4,0x10c4,0x1105,0x10e5,0x10e4,0x1105,0x10c3,0x10a3,0x18c3,0x30e3,0x4104,0x30c3,0x1082,0x20e4,
0x10a3,0x0883,0x0883,0x20c4,0x28e3,0x31a7,0x4208,0x39c8,0x08c4,0x0862,0x08a3,0x1105,0x1126,0x1126,0x1126,0x1126,0x1126,0x1126,0x1106,0x1126,0x1146,0x1126,0x1146,0x1126,
0x1146,0x2187,0x1967,0x1967,0x2167,0x1946,0x2187,0x1126,0x1126,0x1126,0x1105,0x10c3,0x0041,0x3103,0x9ae9,0x92e8,0x9ae9,0x9ae9,0x9ae9,0x9ae9,0x9ae9,0x9ae9,0x9ae9,0x9ae9,
0x9ae9,0x9ae9,0x9ae9,0xa309,0x6a26,0x6a26,0x9b09,0x92c9,0x9ae9,0x9ae9,0x9ae9,0x9ae9,0x9ae9,0x9ae9,0x9ae9,0x9ae9,0x9ae9,0x9ae9,0x9ae9,0x9ae9,0x9ae9,0x9ae9,0x7288,0x4a08,
0x82a8,0x9ae9,0x92e9,0x9ae9,0x9ae9,0x9ae9,0x9ae9,0x9ae9,0x9ae9,0x9ae9,0x9ae9,0x9ae9,0x9ae9,0x9ae9,0x9ae9,0x9ae9,0xbc4a,0x41c6,0x6a06,0xa309,0x92e8,0x9ae9,0x92e9,0x92e9,
0x92e9,0x92e9,0x92e9,0x92e9,0x92e9,0x92e9,0x92e9,0x92e9,0x92e8,0x92e9,0x92e9,0x92e9,0x9b2a,0x9b09,0x9b0a,0x9b2a,0x9b0a,0x92e9,0x92c8,0xa309,0x6206,0x6a06,0xa309,0x92c8,
0x92c8,0x92c8,0x92c8,0x92c8,0x92c8,0x92c8,0x92e8,0x92e8,0x92e8,0x92e9,0x92e9,0x9ae9,0x9ae9,0x9ae9,0x9ae9,0x4144,0x82a8,0x9ae9,0x9ae9,0x9ae9,0x9ae9,0x9ae9,0x9ae9,0x9ae9,
0x9ae9,0x9ae9,0x9ae9,0x9ae9,0x9ae9,0x92e9,0x92c8,0x9b29,0xa34a,0x7a67,0x6227,0x9b6c,0x9b6b,0x7289,0x7ae6,0x7b8b,0x3a4a,0x29a6,0x49c7,0x59e7,0x4145,0x4124,0x4104,0x38e3,
0x4104,0x4104,0x4104,0x4104,0x30e4,0x38c4,0x28a3,0x28e4,0x3146,0x29a7,0x21a7,0x2186,0x1987,0x3944,0x92c8,0x9b09,0x9ae9,0x9b09,0x92e8,0x89e5,0x79c5,0x10a3,0x10e5,0x18e4,
0x2924,0x3124,0x4145,0x49a6,0x20a2,0x20c3,0x5165,0x3945,0x08e5,0x1105,0x1105,0x1105,0x1105,0x1105,0x1105,0x1105,0x10e4,0x0862,0x20a4,0x20c4,0x28c4,0x28c4,0x28c4,0x28e4,
0x20c4,0x20c4,0x20a4,0x41c8,0x8c31,0x62ec,0x738e,0x1946,0x08e4,0x1105,0x10e4,0x08c4,0x1105,0x10e5,0x10e4,0x1105,0x10c4,0x18a3,0x18c3,0x10a3,0x30c3,0x28c3,0x0883,0x08a4,
0x08a3,0x0883,0x0883,0x10a3,0x1082,0x08e4,0x08e4,0x10e4,0x10c4,0x0862,0x10c3,0x1105,0x10e5,0x1126,0x10e5,0x1126,0x1126,0x1146,0x1146,0x1126,0x1126,0x1126,0x1126,0x1126,
0x1946,0x2187,0x2187,0x1967,0x1967,0x1966,0x1105,0x10e5,0x10c4,0x10c4,0x08c4,0x1083,0x0862,0x2104,0x39a6,0x3986,0x39a6,0x39a6,0x39a6,0x39a6,0x39a6,0x39a6,0x39a6,0x39a6,
0x39a6,0x39c6,0x41c6,0x41c6,0x2945,0x39a6,0x39a6,0x39a6,0x39a6,0x3986,0x39a6,0x3986,0x3986,0x3986,0x3986,0x3986,0x3986,0x3985,0x3985,0x3985,0x3985,0x3985,0x3185,0x3165,
0x3185,0x3985,0x3985,0x3985,0x3985,0x3985,0x3985,0x3986,0x39a6,0x39a6,0x39a6,0x39a6,0x39a6,0x39a6,0x39a6,0x39a6,0x3186,0x2145,0x2985,0x3986,0x39a6,0x39a6,0x39a6,0x31a6,
0x3186,0x3186,0x3186,0x3186,0x3186,0x3186,0x3186,0x3186,0x39a6,0x3186,0x3185,0x39c7,0x39a6,0x39c7,0x39a6,0x39a6,0x3186,0x2965,0x2965,0x3186,0x41e7,0x39c6,0x3185,0x3165,
0x2945,0x2945,0x2945,0x2965,0x2965,0x3165,0x3165,0x3185,0x3185,0x3185,0x3186,0x3186,0x39a6,0x39a6,0x39a6,0x2124,0x2965,0x39a6,0x39a6,0x39a6,0x3986,0x3986,0x3986,0x3986,
0x3986,0x3986,0x3986,0x3986,0x3986,0x3986,0x3185,0x39a6,0x41c7,0x3186,0x3185,0x3185,0x3185,0x2125,0x8b48,0x7b6b,0x3a6a,0x426a,0x52ab,0x6b6d,0x5aeb,0x3a28,0x2166,0x39c7,
0x41e8,0x39e7,0x4208,0x39c7,0x31a7,0x4229,0x2166,0x3a29,0x42ab,0x2a4a,0x2208,0x21a7,0x1945,0x08e4,0x2904,0x7226,0x82a8,0x8288,0x6206,0x4923,0x6984,0x1904,0x10e5,0x0883,
0x41a6,0x49a6,0x5185,0x3923,0x20c2,0x1082,0x4944,0x3945,0x08e5,0x1105,0x1105,0x1105,0x1105,0x1105,0x1105,0x1105,0x1105,0x10c4,0x20a4,0x28c4,0x20c4,0x20c4,0x20c4,0x20a4,
};
const uint16_t art_mage[5280] = {
0x08c4,0x10e5,0x08e5,0x10e5,0x08e5,0x10e5,0x08e5,0x08e5,0x08e5,0x08e4,0x08e5,0x10e5,0x10e5,0x10e5,0x08e5,0x08e5,0x10e5,0x08e5,0x08e5,0x08c4,0x08c4,0x08e4,0x08e5,0x08e4,
0x08c4,0x08e4,0x08e4,0x08c5,0x08e4,0x08e5,0x08c5,0x10e5,0x08e5,0x08e5,0x08e5,0x08e5,0x08c5,0x08e5,0x08e5,0x08c5,0x08e4,0x08e5,0x08c5,0x08c5,0x10e4,0x08e4,0x08e4,0x08c4,
0x08e5,0x10e5,0x10e5,0x08e4,0x08e5,0x10e5,0x08e5,0x08e5,0x08e5,0x08e5,0x10e5,0x08e5,0x10e5,0x08e5,0x08e5,0x10e5,0x10e5,0x10e5,0x08e5,0x08e5,0x08e5,0x08e5,0x10e5,0x10e5,
0x10e5,0x10e5,0x10e5,0x10e5,0x10e5,0x10e5,0x10e5,0x10e5,0x08c4,0x08e5,0x08c4,0x08e5,0x08e5,0x08e5,0x10e5,0x08e5,0x10e5,0x08c4,0x10e5,0x08e5,0x08e5,0x08e5,0x08e5,0x08e5,
0x08e5,0x10e5,0x08e5,0x08c4,0x08c4,0x08e5,0x08e5,0x08c4,0x08c4,0x08e5,0x08e4,0x08c4,0x08c4,0x08c4,0x08c4,0x08e5,0x08e5,0x10e5,0x10e5,0x08e5,0x08e5,0x08e5,0x08e5,0x08a3,
0x0000,0x0000,0x0000,0x0000,0x0000,0x0000,0x0000,0x0000,0x0000,0x10e5,0x08e5,0x08e4,0x10e5,0x10e5,0x10e5,0x10c5,0x08e4,0x10e5,0x08e5,0x10e5,0x08e5,0x08e5,0x08e5,0x10e5,
0x08e5,0x08e5,0x08e5,0x08e5,0x10e5,0x08e5,0x08e5,0x08e5,0x10e5,0x10e5,0x08e5,0x10e5,0x10e5,0x10e5,0x10e5,0x10e5,0x08c4,0x10e4,0x08e5,0x08c4,0x08e5,0x08e5,0x08c4,0x10e5,
0x08e4,0x08e5,0x10e5,0x10e5,0x10e5,0x08e5,0x08e5,0x08c4,0x08e5,0x10e5,0x08e5,0x08e5,0x08e4,0x08e4,0x08e5,0x10e5,0x08e4,0x08e4,0x08e5,0x08e5,0x08e4,0x08e5,0x08e4,0x08c5,
0x10e5,0x10e5,0x10e5,0x10e5,0x10e5,0x08e5,0x08e5,0x0842,0x0000,0x0000,0x0000,0x0020,0x0000,0x0000,0x0000,0x0000,0x0000,0x1105,0x10e5,0x10e4,0x10e5,0x10e5,0x10e5,0x10c4,
0x08c4,0x10e5,0x10e5,0x08e5,0x08e5,0x10e5,0x08e5,0x10e5,0x08e5,0x08e5,0x10e5,0x08e5,0x08e5,0x08e5,0x10e5,0x10e5,0x08e5,0x10e5,0x10e5,0x10e5,0x10e5,0x10e5,0x10e5,0x10e5,
0x10c4,0x10e4,0x08e4,0x10e4,0x08e4,0x08e5,0x08c5,0x08e4,0x08c5,0x08e5,0x08e5,0x08e4,0x10e5,0x10e5,0x08c4,0x10e5,0x08e5,0x08c4,0x10e5,0x08c4,0x08e5,0x08e5,0x08e5,0x08c4,
0x08e5,0x08e5,0x08c4,0x08e5,0x08e4,0x08e5,0x10e5,0x10e5,0x08e5,0x10e5,0x08e5,0x10e5,0x08a4,0x0000,0x0000,0x20c3,0x6aaa,0x93ee,0xb4f2,0xacf1,0xacd0,0xacb0,0xacd0,0xacf1,
0xacd1,0x0841,0x0000,0x0000,0x0001,0x0862,0x08e5,0x10c4,0x10e5,0x08e4,0x08e5,0x10e5,0x10e5,0x10e5,0x08e5,0x10e5,0x08e5,0x10e5,0x10e5,0x10e5,0x10e5,0x08e5,0x10e5,0x10e5,
0x10e5,0x10e5,0x10e5,0x10e5,0x10e5,0x10e5,0x10e5,0x10e5,0x08e4,0x08c5,0x10e4,0x08e4,0x10e5,0x08e5,0x08c5,0x08e4,0x08e4,0x08e5,0x08c4,0x08e5,0x08e5,0x08e5,0x10e5,0x08e5,
0x08c4,0x08e5,0x08c4,0x08e5,0x08e5,0x08c4,0x08e5,0x08e5,0x08e5,0x08e5,0x10e5,0x08e5,0x08e5,0x08e5,0x08e5,0x10e5,0x08e5,0x08e4,0x08a4,0x0020,0x39a6,0x7b2c,0x8bee,0xacb1,
0xd5d5,0xd5f4,0xde56,0xde55,0xde34,0xde55,0x7b2c,0xbd53,0xc594,0x9c4f,0x8bce,0xa471,0x5a49,0x0000,0x0021,0x10c4,0x08e5,0x08e5,0x08e5,0x08e5,0x10e5,0x10e5,0x08e5,0x08e5,
0x10e5,0x08e5,0x08e5,0x10e5,0x08e5,0x10e5,0x10e5,0x10e5,0x10e5,0x10e5,0x10e5,0x10e5,0x10e5,0x10e5,0x10e5,0x10e5,0x08c4,0x08e5,0x10e5,0x08e4,0x08e5,0x10e5,0x10e4,0x08c4,
0x08c4,0x08e5,0x08e5,0x08c4,0x08e5,0x08e5,0x08e5,0x08e5,0x08c4,0x08e5,0x08c5,0x08c4,0x08e5,0x08e5,0x08e5,0x08e5,0x08e5,0x10e5,0x08e5,0x08e5,0x08e5,0x08e5,0x08e5,0x08e5,
0x08e5,0x08e4,0x0000,0x0000,0x1082,0x62a9,0x9c4f,0xacb0,0xd5f4,0xe6b7,0xe696,0xe675,0xde34,0xe654,0x9c4f,0x8bee,0xa470,0xa490,0x7b2c,0x8bae,0x5208,0x0000,0x0000,0x0041,
0x08e4,0x08e5,0x10e5,0x08e5,0x10e5,0x10e5,0x10e5,0x10e5,0x08e5,0x08e5,0x10e5,0x08e5,0x10e5,0x10e5,0x10e5,0x10e5,0x10e5,0x10e5,0x10e5,0x10e5,0x10e5,0x10e5,0x10e5,0x10e5,
0x08c4,0x08e4,0x10e5,0x08c4,0x08e5,0x10c4,0x08c4,0x08e5,0x08e4,0x08e5,0x08e5,0x08e5,0x08c4,0x08e5,0x08e5,0x08e5,0x08e5,0x08e5,0x08e5,0x08c4,0x08e5,0x08e5,0x08e5,0x08e5,
0x08e5,0x08e5,0x10e5,0x08e5,0x10e5,0x10e5,0x10e5,0x10e5,0x10e5,0x0000,0x5208,0x8bce,0xb511,0xde55,0xde55,0xde55,0xee96,0xde35,0x9c70,0x9c4f,0x9c4f,0x9c6f,0xbd32,0x940f,
0x7b6d,0x9c2f,0x9c70,0xb4f1,0x838d,0xb4d0,0xb4f1,0x1061,0x0000,0x08e5,0x08e5,0x10e5,0x08e5,0x10e5,0x10e5,0x10e5,0x10e5,0x08e5,0x08e5,0x10e5,0x10e5,0x10e5,0x10e5,0x10e5,
0x10e5,0x10e5,0x10e5,0x10e5,0x10e5,0x10e5,0x10e5,0x10e5,0x08e4,0x08e4,0x08e5,0x10e4,0x08e5,0x10e5,0x08e5,0x10e5,0x08e5,0x10e5,0x08c5,0x08e4,0x08e5,0x08c4,0x08e5,0x08c5,
0x08e5,0x08c5,0x08c5,0x08e5,0x10e5,0x08e5,0x08e5,0x10e5,0x08e5,0x10e5,0x08e5,0x10e5,0x10e5,0x08e5,0x10e5,0x1925,0x0000,0x0000,0x3126,0x8bae,0x9c2e,0xde34,0xe675,0xbd31,
0xacd0,0xbd32,0xacf1,0xa490,0x93ee,0xe676,0xb4f1,0x7b4c,0x7b4c,0x8bce,0x9c4f,0xde15,0xcd93,0xde14,0x9c4f,0x0020,0x0000,0x10c4,0x10e5,0x10e5,0x08c5,0x10e5,0x08e5,0x08e5,
0x10e5,0x10e5,0x10e5,0x10e5,0x10e5,0x10e5,0x10e5,0x10e5,0x10e5,0x10e5,0x10e5,0x10e5,0x08e5,0x10e5,0x10e5,0x10e5,0x08e5,0x08c5,0x08e5,0x08c5,0x08c4,0x08e5,0x08e4,0x08c4,
0x08e5,0x08c5,0x08c5,0x08c4,0x08e5,0x08e5,0x08e5,0x08e5,0x08c5,0x08c5,0x08c5,0x08e5,0x08c5,0x08c5,0x08e5,0x08e5,0x10e5,0x10e5,0x08e5,0x10e5,0x08e5,0x10e5,0x10e5,0x0000,
0x0862,0x5a29,0x8bae,0xcdb3,0xde34,0xeeb5,0xc593,0xeeb6,0xeed6,0xde54,0xde55,0xe676,0xd615,0xa490,0xb4f1,0x9c2f,0x83ad,0xb511,0xbd32,0xc572,0xbd11,0xd5f3,0xa4b0,0x944f,
0xacb1,0x0020,0x0841,0x08e4,0x10e5,0x08e5,0x10e5,0x10e5,0x08e5,0x10e5,0x08e5,0x10e5,0x10e5,0x10e5,0x10e5,0x10e5,0x10e5,0x10e5,0x10e5,0x10e5,0x10e5,0x10e5,0x10e5,0x10e5,
0x08c4,0x08e4,0x10e5,0x08e5,0x08c5,0x08e4,0x08e5,0x08e5,0x08e5,0x08e5,0x10c4,0x08e5,0x08e5,0x08e5,0x08e5,0x08e5,0x08e5,0x08e5,0x08e5,0x08e5,0x08c5,0x08c4,0x08e4,0x10e5,
0x08e5,0x08e5,0x10e5,0x08e5,0x08e5,0x10e5,0x0883,0x1062,0x730c,0x940f,0x93ef,0xd5f4,0xcdb2,0xc592,0xc593,0xeed6,0xff79,0xe675,0xe675,0xd615,0xc593,0xb4f2,0xde34,0x9c0f,
0x9c2f,0xbd11,0xb511,0xacb0,0xc572,0xf6d6,0xcdd4,0xcdb4,0xcdd4,0x5a69,0x1061,0x0041,0x08e4,0x08c4,0x08e5,0x10e5,0x10e5,0x10e5,0x10e5,0x10e5,0x10e5,0x10e5,0x10e5,0x10e5,
0x10e5,0x10e5,0x10e5,0x08e5,0x10e5,0x10e5,0x10e5,0x10e5,0x08e5,0x08e5,0x08c4,0x08e4,0x08e5,0x08c5,0x08e5,0x08c4,0x08e5,0x08e5,0x08c4,0x10e5,0x08e5,0x10e5,0x0000,0x0020,
0x0000,0x0000,0x0000,0x0020,0x10e5,0x08c5,0x08e4,0x08e5,0x10e5,0x08e5,0x08e5,0x08e5,0x08e5,0x08e5,0x0042,0x0000,0x730c,0xb4f2,0xde75,0xde55,0xcdb3,0xbd31,0xd5f4,0xeed7,
0xeeb7,0xeeb6,0xe655,0xa490,0xc5b4,0xc593,0xc573,0xb512,0xa490,0xcdd3,0xcdb3,0xde34,0xb4d0,0x9c2e,0xeed8,0xd636,0xbd52,0x5249,0x1061,0x0000,0x08c4,0x08c5,0x08c4,0x08e5,
0x10e5,0x08e5,0x10e5,0x10e5,0x10e5,0x10e5,0x10e5,0x10e5,0x10e5,0x10e5,0x10e5,0x10e5,0x10e5,0x10e5,0x10e5,0x10e5,0x08e5,0x08e5,0x08c4,0x08e5,0x08e5,0x08e4,0x10e5,0x08c4,
0x08c4,0x08e5,0x10c5,0x08e5,0x0883,0x0000,0x3082,0x71e5,0x7a27,0x7226,0x7206,0x69c5,0x30e4,0x0020,0x0062,0x08e4,0x08e5,0x10e5,0x10e5,0x08e5,0x10e5,0x0000,0x5269,0x5249,
0xd5f4,0xd5f3,0xde55,0xcdb3,0xff79,0xf6f6,0xe675,0xffdb,0xff59,0xf737,0xcdb3,0xeed6,0xf718,0xffbb,0xc593,0xa470,0x83ad,0xf6f7,0xf6f7,0xff79,0xf738,0xde34,0xe656,0xd615,
0xeed7,0xb4f1,0x83ad,0x3145,0x0020,0x08e5,0x08e4,0x08e4,0x08e5,0x08e5,0x10e5,0x10e5,0x10e5,0x10e5,0x10e5,0x10e5,0x10e5,0x10e5,0x10e5,0x10e5,0x10e5,0x10e5,0x10e5,0x10e5,
0x08e5,0x08c5,0x08e5,0x08e5,0x08c5,0x08c5,0x08c5,0x10e4,0x10e4,0x08e4,0x08c4,0x0882,0x10a3,0x1062,0x38a2,0xbb27,0xa2c6,0xa2c7,0xa2a7,0x9aa7,0x71e5,0x5143,0x28a2,0x08a3,
0x10e5,0x10e5,0x10e5,0x08e5,0x08e4,0x0000,0x5a8a,0x8bee,0xac90,0xde14,0xc592,0xde35,0xf717,0xf6f7,0xeed6,0xf738,0xff59,0xe6b6,0xf718,0xf737,0xf718,0xf738,0xcdd4,0x9c50,
0x93ee,0xff99,0xf759,0xf738,0xff58,0xf739,0x9c2e,0xf717,0xeeb6,0xacb0,0xbd12,0x3986,0x0020,0x08e5,0x10e4,0x10e5,0x10e5,0x08e5,0x08e5,0x10e5,0x10e5,0x10e5,0x10e5,0x10e5,
0x10e5,0x10e5,0x10e5,0x10e5,0x10e5,0x10e5,0x10e5,0x10e5,0x08e5,0x10e5,0x08c4,0x08c5,0x08e5,0x08e4,0x08e5,0x08e5,0x08e4,0x08c4,0x08c4,0x0020,0x20c2,0x4124,0xaa86,0x2083,
0x2926,0x2907,0x2106,0x0863,0xaae7,0x6964,0x4943,0x0841,0x10e5,0x10e5,0x10e5,0x10e5,0x10e5,0x0000,0x628a,0xacb0,0xa490,0xe675,0xb511,0xcdf4,0xf718,0xf6f7,0xffdc,0xf717,
0xff79,0xacd1,0xff99,0xff78,0xf737,0xff38,0xb4f1,0x628a,0x6aca,0xff5a,0xde34,0xff59,0xff59,0xff59,0xb4d0,0xac8f,0xde34,0x9c4f,0xa44f,0x3986,0x0020,0x10e5,0x08e5,0x08e5,
0x10e5,0x10e5,0x10e5,0x10e5,0x10e5,0x10e5,0x10e5,0x10e5,0x10e5,0x10e5,0x10e5,0x10e5,0x10e5,0x1105,0x1105,0x10e5,0x08c4,0x08c4,0x08e5,0x08c5,0x08e5,0x08e4,0x08c4,0x08e4,
0x08c4,0x10e5,0x0020,0x5964,0xd429,0xd3e8,0x2862,0x0024,0x0027,0x0006,0x0004,0x0001,0x5164,0x8a46,0xcba7,0xa327,0x0000,0x0020,0x1105,0x1105,0x1105,0x0000,0x628a,0xcdb4,
0xc573,0x8bee,0xbd52,0xff58,0xf718,0xff9a,0xff79,0xde34,0xde75,0x8bcd,0xf717,0xff78,0xff58,0xb4f0,0x62aa,0xb3ab,0xe4cd,0x72eb,0x6acb,0xe675,0xe696,0xf759,0xe675,0xb4f1,
0xa44e,0x9c2f,0x9c4f,0x3166,0x0020,0x1105,0x10e5,0x10e5,0x08e5,0x10e5,0x08e5,0x10e5,0x10e5,0x10e5,0x10e5,0x10e5,0x10e5,0x10e5,0x10e5,0x10e5,0x10e5,0x10e5,0x10e5,0x10e5,
0x08c4,0x08e5,0x10e5,0x08e5,0x08e5,0x08c4,0x08e5,0x08e5,0x10e5,0x1905,0x0000,0x5144,0xcb68,0xe3c7,0x0820,0x0215,0x13d9,0x3d3d,0x0bd9,0x1377,0x0843,0x7184,0xcb86,0xa2e6,
0x0000,0x0000,0x1125,0x1126,0x1126,0x0840,0x62aa,0x93ce,0x93ee,0x83ae,0xc5b3,0xf717,0xf738,0xffdb,0xffbb,0xcdb3,0xe655,0x6289,0xff79,0xff59,0xff78,0xc572,0x5a28,0xc40c,
0xed4f,0x6a8a,0x5a49,0xf717,0xc572,0xf718,0xe696,0xb4f1,0x9c2f,0xacd0,0xacd1,0x2104,0x0841,0x10a3,0x10e5,0x10e5,0x08e5,0x10e5,0x08e5,0x10e5,0x10e5,0x10e5,0x10e5,0x10e5,
0x10e5,0x10e5,0x10e5,0x10e5,0x10e5,0x10e5,0x10e5,0x10e5,0x08e5,0x10e5,0x08e5,0x08e5,0x08e5,0x08e5,0x08e5,0x10e5,0x10e5,0x0000,0x71a5,0xaa67,0x2083,0x0842,0x0b36,0xa6dd,
0xffff,0xc77e,0x6f3e,0x04bd,0x041c,0x0002,0x61a5,0xd3a7,0x40a2,0x4903,0x0021,0x0020,0x840f,0x8bef,0xacf1,0xbd32,0x8b8d,0x836c,0xde34,0xe675,0xff38,0xe676,0xeeb7,0x6aeb,
0x5208,0xc592,0xc572,0xf718,0xde14,0x7b0a,0xfe70,0xff15,0xfef4,0x7227,0x5a09,0xee75,0xacd0,0xb4f1,0xeeb7,0xacb1,0x7b2c,0xd5f4,0xacd1,0xbd32,0xac90,0x0862,0x1105,0x1105,
0x10e5,0x08e5,0x10e5,0x10e5,0x10e5,0x10e5,0x10e5,0x10e5,0x10e5,0x10e5,0x10e5,0x10e5,0x10e5,0x10e5,0x10e5,0x10e5,0x08e5,0x10e5,0x08e4,0x08e5,0x08e5,0x08e5,0x08e5,0x10e4,
0x10e5,0x0000,0x79e5,0xaa87,0x3106,0x1842,0x03d9,0x967d,0xf7ff,0xe7ff,0x5f1e,0x0cbb,0x0379,0x08e8,0x69a4,0xb325,0x5102,0x5102,0x1062,0x0020,0x0841,0x83ad,0x9c4f,0xacb0,
0xa44f,0x838c,0xde13,0xde54,0xff38,0xd5f4,0xde76,0x730b,0x8ac9,0xbd52,0xc552,0xde55,0xcd93,0x7aeb,0xfd8e,0xff15,0xfed3,0x7185,0x82a9,0xc593,0xb4d0,0xb4f1,0xe696,0xa490,
0x93ee,0xcdd4,0xb4f2,0x8bee,0x730a,0x0861,0x0882,0x0882,0x10e5,0x10e5,0x08e5,0x10e5,0x10e5,0x10e5,0x10e5,0x10e5,0x10e5,0x10e5,0x10e5,0x10e5,0x10e5,0x10e5,0x10e5,0x10e5,
0x08e5,0x10e5,0x08e5,0x08e5,0x08e5,0x08e5,0x08e5,0x08c4,0x10e5,0x0000,0x8a26,0xb2a6,0x0886,0x1043,0x3e7f,0xc75e,0xf7de,0x571f,0x4eff,0x3edf,0x249a,0x0b7b,0x1064,0x79e3,
0x9265,0x7a04,0x20a3,0x0000,0x0000,0x3986,0xacf2,0xb4f1,0x8bad,0x9bee,0xbd31,0xde34,0xeeb7,0xa490,0x62ca,0x92ea,0x9986,0xc5b4,0xcdb4,0xac90,0xb4d0,0x7249,0xff15,0xfed3,
0xfeb2,0xeba8,0xebe9,0x5a8b,0xa470,0x9c2d,0xeed7,0xa490,0x8bee,0x93ee,0x942f,0x940e,0x0000,0x0000,0x0000,0x0062,0x08e5,0x08e5,0x10e5,0x10e5,0x08e5,0x10e5,0x10e5,0x10e5,
0x10e5,0x10e5,0x10e5,0x10e5,0x1105,0x10e5,0x10e5,0x10e5,0x08e5,0x08e5,0x08e5,0x08e5,0x08e5,0x08e5,0x08c4,0x08e4,0x10e5,0x0000,0x8a46,0xaa87,0x0885,0x1022,0x24bb,0x463e,
0x469f,0x367f,0x46de,0x2e9f,0x2cdc,0x0b9a,0x1044,0x81e3,0x9a64,0x7a05,0x1062,0x0020,0x93ad,0xc573,0xcdb4,0xc594,0x49e8,0x72ca,0xc572,0xb4f1,0xbd32,0x6b0b,0x834c,0x9329,
0xf6b3,0x5a49,0x832c,0xcd72,0x7acb,0xfeb2,0xfed3,0xda86,0xb962,0xff15,0xff77,0xf40a,0x71e7,0x4186,0xc552,0x9c0e,0x93ee,0x20e4,0x628a,0xc594,0xc533,0x5a49,0x0020,0x0062,
0x10e5,0x10e5,0x08e5,0x10e5,0x10e5,0x10e5,0x10e5,0x10e5,0x10e5,0x10e5,0x10e5,0x10e5,0x10e5,0x10e5,0x10e5,0x10e5,0x08e5,0x08e5,0x10e5,0x10e5,0x08e5,0x08c5,0x08e5,0x08c4,
0x08e5,0x0000,0x8a46,0xa2a7,0x0884,0x1021,0x0d1c,0x463e,0x4eff,0x36bf,0x46de,0x0d5e,0x153d,0x13bb,0x1063,0x7a25,0x9a85,0x7a05,0x1061,0x0000,0x6aa9,0x7b4c,0x83ad,0xa490,
0x5a8a,0x730b,0xcd92,0xbd11,0xc573,0x838d,0xabec,0xcc0a,0xf5cf,0x4987,0x8bad,0xc531,0x5a09,0xf631,0xfe71,0xf54e,0xff36,0xffd8,0xffda,0xebea,0x61a7,0x4187,0xcd93,0x9c4f,
0x93ee,0x8bce,0x942f,0x6aca,0x3966,0x18a2,0x0020,0x08a3,0x10e5,0x08e5,0x10e5,0x08e5,0x10e5,0x10e5,0x10e5,0x10e5,0x10e5,0x10e5,0x10e5,0x10e5,0x10e5,0x10e5,0x10e5,0x10e5,
0x10e5,0x10e5,0x10e5,0x08e5,0x08e5,0x08e5,0x08e5,0x08c5,0x10e5,0x0000,0x71c5,0xab07,0x1042,0x2082,0x09d1,0x251e,0x1bbb,0x367f,0x2e9f,0x2eff,0x0a34,0x0000,0x7163,0xdbe6,
0xa2c5,0x8205,0x1062,0x0000,0x0000,0x0000,0x62eb,0x6b0b,0x41c7,0x5227,0xcdb3,0x732b,0x7b4c,0x0000,0x1041,0x0021,0x0862,0xddd3,0xcd51,0x9bcc,0xf651,0xfe71,0xfeb2,0xcb86,
0x0862,0x0821,0x0841,0x1061,0xbc4c,0xf5f1,0xcdd3,0x62eb,0x2905,0x2905,0x83ae,0x8bad,0x0020,0x10c4,0x08c4,0x10e5,0x08e5,0x10e5,0x10e5,0x10e5,0x10e5,0x10e5,0x10e5,0x10e5,
0x10e5,0x10e5,0x10e5,0x10e5,0x1105,0x10e5,0x10e5,0x10e5,0x08e5,0x10e5,0x08e5,0x08e5,0x08e5,0x10e5,0x08e5,0x08c5,0x10e5,0x0000,0x79e6,0x9286,0x69e5,0x6121,0x198b,0x1316,
0x12d8,0x1399,0x13ba,0x0257,0x096f,0x1063,0x9265,0xc386,0x9aa6,0x8205,0x0801,0x08c4,0x08a3,0x18a2,0x6aeb,0x49e8,0x7aaa,0x5a07,0xbd53,0x7b4c,0x7b8d,0x2082,0x28c2,0x0001,
0x0883,0x9b8b,0x6105,0xe56f,0xfe72,0xfe72,0xfe92,0xe4ec,0x0863,0x0041,0x0000,0x2061,0xb3cc,0xbcad,0x93cd,0x730c,0x71e6,0xb3eb,0x51e7,0x8bce,0x0000,0x0041,0x08c4,0x08e5,
0x08e5,0x08e5,0x10e5,0x10e5,0x10e5,0x10e5,0x10e5,0x10e5,0x10e5,0x10e5,0x10e5,0x10e5,0x10e5,0x10e5,0x10e5,0x10e5,0x10e5,0x10e5,0x10e5,0x10e5,0x08e5,0x08e5,0x10e5,0x08e5,
0x10e5,0x0000,0x4924,0x5124,0xd3e9,0xcba8,0x0043,0x198c,0x09d2,0x0a14,0x1257,0x0823,0x0802,0x40e4,0xb307,0xb2e6,0x48e3,0x4904,0x0020,0x1106,0x08c4,0x734c,0x62ca,0x0000,
0xdbab,0x6125,0xb532,0x5a6a,0x1883,0xf5d2,0xedb1,0x008a,0x018c,0xe571,0xedd2,0xfeb3,0xfe92,0xfe72,0xfe92,0xfef2,0x09f2,0x09f1,0x192a,0xed70,0x3103,0x0021,0xacd2,0xa3ae,
0xa9e5,0xfd4d,0x28a2,0x2925,0x4208,0x0020,0x08c4,0x08e4,0x10e5,0x10e5,0x10e5,0x10e5,0x10e5,0x10e5,0x10e5,0x10e5,0x10e5,0x10e5,0x1105,0x10e5,0x10e5,0x10e5,0x10e5,0x10e5,
0x10e5,0x10e5,0x10e5,0x10e5,0x08e5,0x10e5,0x10e5,0x08e5,0x10e5,0x10e5,0x0000,0x2882,0x8a26,0xb327,0xd3e6,0x5143,0x20a4,0x0822,0x0021,0x3106,0xbb26,0xc367,0xbb07,0x40c3,
0x0801,0x0000,0x1126,0x0905,0x08c4,0x0000,0x0000,0x0000,0xe3eb,0x6124,0x7b6d,0x6acb,0x3125,0xf737,0xf717,0x008a,0x016d,0xe674,0xfeb4,0xfe92,0xfe72,0xfe72,0xfe92,0xff33,
0x098f,0x1251,0x1272,0xef5d,0x49c5,0x6aa9,0x938d,0x7a8a,0xe46b,0xfe93,0x1860,0x0000,0x0883,0x10e5,0x08e5,0x08e5,0x10e5,0x10e5,0x10e5,0x10e5,0x10e5,0x10e5,0x10e5,0x10e5,
0x10e5,0x10e5,0x10e5,0x10e5,0x10e5,0x10e5,0x10e5,0x10e5,0x10e5,0x10e5,0x10e5,0x08e5,0x08e5,0x08e5,0x08e5,0x10e5,0x10e5,0x10e5,0x0001,0x2062,0x9a66,0xbb07,0xec47,0xdbe7,
0xc326,0x5145,0x5144,0x3925,0xbae5,0xb2e6,0x9225,0x5103,0x1021,0x0000,0x10e5,0x10e5,0x08c4,0x08e4,0x0062,0x0000,0xf46a,0x71c6,0x8bce,0x6a8a,0xc36a,0xff35,0xff36,0xb73d,
0x008a,0xe654,0xfeb4,0xfe92,0xfe72,0xfe72,0xfe72,0xfed2,0x3cb9,0x1270,0x09d0,0xf75c,0xb3cb,0xc389,0x938d,0x51a8,0xdc2b,0xf6f5,0x1860,0x0041,0x1105,0x08e5,0x10e5,0x10e5,
0x10e5,0x10e5,0x10e5,0x10e5,0x10e5,0x10e5,0x10e5,0x10e5,0x1105,0x1105,0x10e5,0x10e5,0x10e5,0x10e5,0x10e5,0x10e5,0x10e5,0x08e5,0x10e5,0x08e5,0x08e5,0x08e5,0x08e5,0x08e5,
0x08e5,0x10e5,0x08e5,0x10e4,0x0862,0x0841,0x6943,0x5903,0x8a05,0xcb47,0xbb07,0xcb67,0xcbc8,0xcba8,0x40c3,0x0000,0x0862,0x10e5,0x10e5,0x10e5,0x10e5,0x10e5,0x10e5,0x0000,
0x0000,0xed6f,0x39a7,0x1062,0xba66,0xff35,0xf6f5,0x0458,0x14d8,0xd697,0xfeb3,0xfe92,0xfe72,0xfe72,0xfe92,0xfe72,0x0cb9,0x1cf8,0x2d38,0xff5a,0xd4ad,0xf4cc,0x5aa9,0xd40c,
0xe2e5,0x28a2,0x0000,0x0020,0x10e5,0x10e5,0x08e5,0x10e5,0x10e5,0x08e5,0x10e5,0x10e5,0x10e5,0x10e5,0x10e5,0x10e5,0x10e5,0x10e5,0x10e5,0x10e5,0x10e5,0x10e5,0x10e5,0x10e5,
0x08e5,0x08e5,0x08e5,0x08e5,0x10e5,0x08e5,0x08e5,0x10e5,0x10e5,0x08e5,0x08e5,0x08e5,0x0062,0x0021,0x5123,0x48e3,0x5944,0xaac6,0x9246,0xc387,0xaac6,0x5924,0x5144,0x0841,
0x10a3,0x10e4,0x10e4,0x10e5,0x10e5,0x10e5,0x10e4,0x0862,0x0000,0xbc8c,0x8bcd,0x30e4,0xaa46,0xfed4,0xf6f4,0x3456,0x34d6,0xded6,0xfeb3,0xfeb2,0xfe92,0xfe92,0xfe72,0xfe91,
0x3c97,0x2cf7,0x5515,0xff17,0xed2e,0xcc4b,0x6aa9,0xd42b,0xcbca,0x0000,0x0020,0x0021,0x10e5,0x08e5,0x10e5,0x08e5,0x08e5,0x08e5,0x10e5,0x10e5,0x10e5,0x10e5,0x10e5,0x10e5,
0x1105,0x10e5,0x10e5,0x10e5,0x1105,0x10e5,0x10e5,0x10e5,0x10e5,0x10e5,0x10e5,0x10e5,0x08e5,0x08e5,0x08e5,0x08e5,0x08e5,0x08e5,0x10e5,0x08e5,0x08e5,0x08e5,0x0000,0x0000,
0x0001,0x40e3,0x38a3,0xb307,0x9a25,0x6144,0x38c2,0x0000,0x0020,0x08a3,0x08c4,0x10e5,0x10e5,0x10e5,0x10e5,0x08e5,0x0000,0x0000,0x3a09,0x0022,0x0801,0xeb27,0xfed4,0xf6b3,
0xf692,0xfe92,0xfeb2,0xfeb3,0xfeb3,0xfe93,0xfe92,0xfe71,0xf671,0xf651,0xfe71,0xfdd0,0x7206,0x0842,0x3187,0x0841,0x0820,0x08c5,0x08c4,0x08c4,0x08c4,0x08c4,0x08e5,0x10e5,
0x10e5,0x08e5,0x10e5,0x08e5,0x10e5,0x10e5,0x10e5,0x10e5,0x10e5,0x1105,0x10e5,0x10e5,0x10e5,0x10e5,0x1105,0x10e5,0x08e5,0x10e5,0x08e5,0x08e5,0x08e5,0x08e5,0x10e5,0x08e5,
0x08e5,0x08e5,0x08e5,0x08e5,0x08e5,0x08e5,0x08e4,0x08c4,0x0021,0x0001,0x0000,0x5124,0x8205,0x6944,0x79e5,0x9aa5,0x8a24,0x0000,0x08e4,0x10e5,0x10e5,0x10e5,0x10e5,0x1105,
0x10e5,0x0000,0x0000,0x0042,0x0001,0x3862,0xca67,0xfef4,0xfe91,0xfe71,0xfeb2,0xfe92,0xf3eb,0xf3eb,0xfed3,0xfe71,0xfe71,0xfe10,0xfe10,0xd2a7,0x0801,0x0000,0x0822,0x1109,
0x114a,0x0000,0x0000,0x08c4,0x08c4,0x10e5,0x10e5,0x10e5,0x10e5,0x10e5,0x10e5,0x10e5,0x10e5,0x10e5,0x10e5,0x10e5,0x10e5,0x10e5,0x10e5,0x10e5,0x10e5,0x1105,0x10e5,0x29c8,
0x08e5,0x10e5,0x08e5,0x08e5,0x10e5,0x08e5,0x10e5,0x08e5,0x08e5,0x08e5,0x10e5,0x08e5,0x08e5,0x08e5,0x08e4,0x08c4,0x0000,0x0821,0x0841,0x5124,0x8206,0x5103,0x5164,0x8a05,
0xaac5,0x0000,0x08e5,0x10e5,0x08e5,0x10e4,0x10e4,0x1105,0x1147,0x0000,0x1108,0x0022,0x0000,0x0820,0xfbec,0xff36,0xfeb2,0xfe70,0xfeb2,0xfe72,0xf40b,0xf3eb,0xfed3,0xfe71,
0xfe70,0xfe51,0xfdd0,0x5883,0x0044,0x0000,0x0020,0x194a,0x112a,0x0020,0x0021,0x0041,0x10e5,0x08e5,0x08e5,0x08e5,0x10e5,0x10e5,0x10e5,0x10e5,0x10e5,0x10e5,0x10e5,0x10e5,
0x10e5,0x10e5,0x10e5,0x10e5,0x10e5,0x1105,0x10e5,0x31e8,0x08e5,0x10e5,0x08e5,0x10e5,0x10e5,0x08e5,0x08e5,0x08e5,0x08e5,0x08e5,0x08e5,0x08e5,0x08e5,0x08e5,0x08e5,0x0020,
0x4944,0x6984,0xaae8,0x1042,0x5124,0x48e4,0x9286,0x8a25,0x0000,0x0862,0x0905,0x10e5,0x10e5,0x10e5,0x08c4,0x10e5,0x0000,0x0000,0x1109,0x19ac,0x21cd,0x1886,0x0001,0x0000,
0x6000,0xec6a,0xfed2,0xfed3,0xff34,0xff54,0xfe92,0xf56e,0xd244,0x9984,0x0000,0x1044,0x0866,0x10c7,0x220f,0x21cd,0x19ad,0x1129,0x0021,0x0062,0x08e5,0x10e5,0x10e5,0x10e5,
0x08e5,0x10e5,0x10e5,0x10e5,0x10e5,0x10e5,0x10e5,0x10e5,0x10e5,0x10e5,0x10e5,0x10e5,0x10e5,0x1105,0x08c4,0x29c8,0x08e5,0x08e5,0x08e5,0x08e5,0x10e5,0x08e5,0x08e5,0x08e5,
0x08e5,0x08e5,0x08e5,0x08e5,0x08e5,0x08e5,0x08e5,0x0020,0x38c2,0x6144,0xb327,0x1021,0x5144,0x40a3,0xbb88,0x5985,0x0000,0x08c4,0x10e5,0x10e5,0x10e5,0x10e4,0x08c4,0x1105,
0x0000,0x0000,0x196b,0x21ee,0x2a50,0x0822,0x0844,0x0801,0x50e2,0x6a05,0xcd0e,0xf692,0xf651,0xf651,0xedef,0xc3ea,0xba66,0x8183,0x0000,0x0885,0x196a,0x198b,0x2a6f,0x21ac,
0x198c,0x10e8,0x0021,0x0883,0x10e5,0x10e5,0x10e5,0x08e5,0x10e5,0x08e5,0x10e5,0x10e5,0x10e5,0x10e5,0x10e5,0x10e5,0x10e5,0x10e5,0x10e5,0x10e5,0x10e5,0x10e5,0x29a8,0x29c8,
0x10e5,0x08c5,0x08e5,0x08e5,0x10e5,0x08e5,0x10e5,0x10e5,0x10e5,0x08e5,0x08e5,0x08e5,0x08e5,0x08e5,0x08e5,0x0041,0x61c4,0x9aa6,0xe48a,0xb326,0x4104,0xa2a7,0x69a5,0x28a3,
0x0000,0x08e5,0x10e5,0x08e5,0x10e5,0x10e5,0x0883,0x0000,0x1109,0x08e8,0x08c6,0x21cd,0x19ad,0x3291,0x324f,0x0065,0x0044,0x0820,0x6945,0x7965,0x7165,0x7966,0x8946,0x2063,
0x0821,0x222d,0x19ac,0x3af2,0x328f,0x2a4e,0x10e7,0x1108,0x1109,0x08e8,0x08a5,0x0000,0x10e5,0x08e5,0x08e5,0x10e5,0x08e5,0x10e5,0x10e5,0x10e5,0x10e5,0x10e5,0x10e5,0x10e5,
0x10e5,0x10e5,0x10e5,0x10e5,0x10e5,0x08c5,0x29c8,0x29c8,0x08e5,0x08e5,0x10e5,0x08e5,0x10e5,0x08e5,0x10e5,0x10e5,0x10e5,0x08e5,0x08e5,0x10e5,0x10e5,0x08e5,0x08e5,0x08a3,
0x1041,0x3081,0x9a25,0xb2a6,0x8225,0x9a86,0x81e4,0x40c3,0x1042,0x0062,0x10e5,0x10e5,0x08c4,0x0862,0x0042,0x0884,0x114b,0x114b,0x198c,0x114a,0x1129,0x2a0e,0x4a4c,0x190a,
0x08a6,0x10c5,0xc3aa,0xa2a7,0x8206,0x8a26,0x4107,0x1109,0x08a6,0x2a90,0x42f1,0x2a6f,0x1949,0x10e7,0x198a,0x21cc,0x21ed,0x118c,0x0908,0x0022,0x0862,0x08e5,0x10e5,0x10e5,
0x10e5,0x10e5,0x10e5,0x10e5,0x10e5,0x10e5,0x10e5,0x10e5,0x10e5,0x10e5,0x10e5,0x10e5,0x10e5,0x1125,0x29c8,0x3208,0x08e5,0x10e5,0x08e5,0x10e5,0x08e5,0x08e5,0x08e5,0x10e5,
0x08e5,0x10e5,0x08e5,0x08e5,0x10e5,0x08e5,0x08e5,0x08e5,0x08c4,0x0000,0x1861,0x6943,0x9225,0xbb68,0xbb67,0x38a3,0x2082,0x0001,0x10e5,0x10c4,0x08c4,0x0000,0x0064,0x10a5,
0x194b,0x198d,0x2a50,0x112a,0x08a6,0x1928,0x2149,0x3a4d,0x428e,0x1062,0x6a06,0xcbc9,0xcbc9,0xdc49,0x3128,0x08a7,0x0884,0x3b13,0x3b32,0x19ab,0x10e7,0x10e6,0x2a4e,0x2a6f,
0x220e,0x19cd,0x196b,0x0864,0x0000,0x08e5,0x10e5,0x10e5,0x10e5,0x10e5,0x10e5,0x10e5,0x10e5,0x10e5,0x10e5,0x10e5,0x10e5,0x10e5,0x10e5,0x10e5,0x10e5,0x29a7,0x29c8,0x29c8,
0x10e5,0x08e5,0x10e5,0x08e5,0x10e5,0x08e5,0x08e5,0x08e5,0x08e5,0x10e5,0x08e5,0x10e5,0x08e5,0x08e5,0x10e5,0x08e5,0x08c4,0x0063,0x0042,0x0800,0x48c2,0x8225,0xb326,0x8205,
0x2082,0x0000,0x08c4,0x08c4,0x08a4,0x0000,0x2125,0x2906,0x4966,0x49a9,0x19cd,0x220f,0x2a90,0x08e7,0x1129,0x08c8,0x118e,0x3143,0x4966,0x7247,0x7268,0x4986,0x20a4,0x222d,
0x21eb,0x224f,0x220e,0x1129,0x220c,0x2a4d,0x2a4d,0x5b4f,0x320c,0x194b,0x1129,0x18a5,0x0000,0x0883,0x10e5,0x10e5,0x10e5,0x10e5,0x10e5,0x10e5,0x10e5,0x10e5,0x10e5,0x10e5,
0x10e5,0x10e5,0x10e5,0x10e5,0x10e5,0x3209,0x29c8,0x29c8,0x10e5,0x08e5,0x08e5,0x10e5,0x10e5,0x08e5,0x08e5,0x10e5,0x08e5,0x10e5,0x08e5,0x08e5,0x08e5,0x08e5,0x08e5,0x08e5,
0x08e5,0x08c5,0x08e5,0x0000,0x30a3,0x4103,0xa285,0xb2e6,0x2061,0x0820,0x08a4,0x08a4,0x08c4,0x0000,0x4164,0x6a27,0xecc7,0xf508,0x222e,0x1a2f,0x224e,0x220d,0x220f,0x0022,
0x114d,0xd40a,0x92c7,0x18e5,0x10a5,0x10a5,0x1884,0x2ad1,0x3312,0x08ea,0x00ea,0x2a91,0x32b0,0x2a8f,0x2a4e,0xc4ac,0xeca7,0xf507,0xdc87,0xbb65,0x0000,0x0000,0x10e5,0x10e5,
0x10e5,0x10e5,0x10e5,0x10e5,0x10e5,0x10e5,0x10e5,0x10e5,0x10e5,0x10e5,0x10e5,0x10e5,0x10e5,0x3209,0x29c8,0x31e8,0x10e5,0x10e5,0x10e5,0x08e5,0x10e5,0x08e5,0x08e5,0x10e5,
0x10e5,0x10e5,0x10e5,0x08e5,0x08e5,0x08e5,0x08e5,0x08e5,0x08e5,0x08c4,0x08e4,0x08e5,0x0000,0x30a4,0x6964,0xb328,0x5964,0x28a2,0x08c4,0x0882,0x0000,0x0000,0x0021,0x0002,
0x0844,0x0803,0xfd67,0x7225,0x5249,0x1927,0x7ae6,0xffef,0x7a46,0x0822,0x1863,0xfe2a,0xffb0,0xd4e8,0x0863,0xedea,0xfd87,0xfec7,0xfeea,0x5248,0xc4aa,0xf546,0xfd69,0x1043,
0x2925,0x0003,0x0045,0x0822,0x6185,0x20a1,0x0000,0x10e5,0x10e5,0x10e5,0x10e5,0x10e5,0x10e5,0x10e5,0x10e5,0x10e5,0x10e5,0x10e5,0x10e5,0x10e5,0x10e5,0x3209,0x29e8,0x31e8,
0x08e5,0x08e5,0x08e5,0x08e5,0x10e5,0x08e5,0x08e5,0x10e5,0x08e5,0x08e5,0x10e5,0x08e5,0x10e5,0x08e5,0x10e5,0x08e5,0x08e5,0x10e4,0x08c5,0x08c5,0x0000,0x30a3,0x6985,0xb307,
0x5943,0x38c3,0x0000,0x0000,0x0000,0x0000,0x0022,0x0842,0x0843,0x0002,0x49a4,0xec68,0xdbc7,0xe488,0xdc48,0xfeeb,0x82a7,0x0841,0x1022,0xf567,0xfe09,0xcc87,0x0043,0x3146,
0x2905,0xfd67,0xfe6c,0xecc9,0xc3c9,0xc385,0xf4e9,0x0866,0x1085,0x0844,0x0823,0x0002,0x0001,0x0800,0x0000,0x10e5,0x10e5,0x10e5,0x08e5,0x10e5,0x10e5,0x10e5,0x08e5,0x10e5,
0x10e5,0x10e5,0x10e5,0x10e5,0x10e5,0x3209,0x29c8,0x31e8,0x10e5,0x10e5,0x10e5,0x08e5,0x10e5,0x08e5,0x08e5,0x10e5,0x10e5,0x10e5,0x08e5,0x10e5,0x08e5,0x10e5,0x08e5,0x08e5,
0x08e5,0x10e5,0x10e5,0x08e4,0x10e5,0x0822,0x30c3,0x8a46,0x6984,0x30a2,0x0820,0x71e6,0x30e4,0x116b,0x19cd,0x21ee,0x10e8,0x1929,0x0885,0x0043,0x0863,0x10e6,0x10e6,0x1926,
0x1927,0xcd10,0xcccd,0x18c4,0x4185,0x2105,0xdc27,0x08a6,0x29aa,0x18e6,0x18e7,0x10c6,0x0842,0x0020,0x1064,0x216c,0x21ad,0x220e,0x21ed,0x1109,0x0865,0x0000,0x08a4,0x08e5,
0x08e5,0x10e5,0x10e5,0x08e5,0x10e5,0x10e5,0x10e5,0x10e5,0x10e5,0x10e5,0x10e5,0x10e5,0x10e5,0x3209,0x29c8,0x29c8,0x10e5,0x08e5,0x10e5,0x08e5,0x08e5,0x10e5,0x08e5,0x10e5,
0x08e5,0x10e5,0x10e5,0x10e5,0x10e5,0x08e5,0x10e5,0x10e5,0x08e5,0x10e5,0x10e5,0x08e5,0x08e5,0x0842,0x28c3,0x6185,0x3082,0x5184,0x4164,0x4924,0xec28,0x3ace,0x326e,0x21ed,
0x218b,0x10e8,0x1129,0x0086,0x0021,0x08e7,0x08c6,0x1928,0x2169,0xbd0f,0xbc8c,0x18c4,0x18a4,0x2966,0xa388,0x324f,0x3a8e,0x19ab,0x196b,0x08c7,0x0043,0x0001,0x10a7,0x218c,
0x21ac,0x2a4f,0x2a4e,0x196a,0x08a6,0x0062,0x0021,0x08a3,0x10e5,0x08e5,0x10e5,0x08e5,0x10e5,0x10e5,0x10e5,0x10e5,0x10e5,0x10e5,0x10e5,0x10e5,0x10e5,0x31e8,0x29c8,0x29c8,
0x08e5,0x10e5,0x10e5,0x08e5,0x08e5,0x08e5,0x10e5,0x10e5,0x08e5,0x10e5,0x10e5,0x08e5,0x10e5,0x08e5,0x08e5,0x08e5,0x08e5,0x10e5,0x08e5,0x08e5,0x0020,0x0020,0x0020,0x30a2,
0x2862,0xfdef,0xfe90,0x1801,0xf4a8,0x4a8d,0x2a4d,0x2a0e,0x2a0e,0x2a0e,0x192a,0x08a7,0x0000,0x194a,0x21cd,0x2a0d,0x4b11,0x10a4,0x10a4,0x838d,0xeeb5,0x5b90,0x10a3,0x21ac,
0x3a6e,0x220e,0x2a70,0x116b,0x0864,0x0000,0x194a,0x21ce,0x2a2f,0x218b,0x2a4f,0x2a2f,0x198c,0x196b,0x0000,0x0000,0x08e5,0x08e5,0x10e5,0x10e5,0x10e5,0x10e5,0x10e5,0x10e5,
0x10e5,0x10e5,0x10e5,0x10e5,0x10e5,0x1946,0x29c8,0x29c8,0x10e5,0x10e5,0x10e5,0x08e5,0x08e5,0x08e5,0x08e5,0x08e5,0x10e5,0x10e5,0x08e5,0x08e5,0x10e5,0x08e5,0x10e5,0x08e5,
0x10e5,0x08e5,0x10e5,0x1105,0x1842,0x9bab,0xffd8,0xfe71,0xeac9,0x8924,0xf6d2,0x4041,0x3882,0xecc7,0xac08,0x324e,0x21ee,0x21cd,0x1109,0x0022,0x0000,0x1108,0x114a,0x21cd,
0x21ab,0x0842,0x1862,0x32af,0x3a6e,0x1149,0x10a3,0x3105,0x5a4a,0x2a0d,0x19ac,0x194a,0x0044,0x0001,0x0885,0x198b,0x196a,0x2a2f,0x2a70,0x4312,0x324e,0x2a2e,0x1109,0x0884,
0x0000,0x08c5,0x10e5,0x10e5,0x10e5,0x10e5,0x10e5,0x10e5,0x10e5,0x10e5,0x10e5,0x10e5,0x10e5,0x08c4,0x31e8,0x29c8,0x10e5,0x10e5,0x08e5,0x08e5,0x10e5,0x10e5,0x10e5,0x08e5,
0x08e5,0x08e5,0x10e5,0x10e5,0x10e5,0x10e5,0x10e5,0x10e5,0x10e5,0x08e5,0x08e5,0x10e5,0x1041,0x934a,0xf713,0xc307,0xc1c6,0xca48,0xff13,0x5083,0x6903,0xed08,0xac09,0x324e,
0x2a2f,0x2a0e,0x1109,0x0022,0x0000,0x0908,0x196a,0x2a0e,0x21ac,0x0021,0x0022,0x19ce,0x11ad,0x0929,0x18a4,0x3966,0x5aac,0x21ed,0x21cd,0x1949,0x0043,0x0001,0x0885,0x198b,
0x21cb,0x2a2f,0x3270,0x32b1,0x220e,0x2a2e,0x08c9,0x0084,0x0000,0x08c4,0x10e5,0x10e5,0x10e5,0x10e5,0x10e5,0x10e5,0x10e5,0x10e5,0x10e5,0x10e5,0x10e5,0x10e5,0x29c8,0x29c8,
0x10e5,0x10e5,0x10e5,0x10e5,0x08e5,0x08e5,0x08e5,0x10e5,0x10e5,0x08e5,0x10e5,0x10e5,0x10e5,0x08e5,0x10e5,0x08e5,0x10e5,0x08e5,0x10e5,0x10e5,0x1021,0x9ae8,0xfccb,0xfe92,
0xff11,0x5043,0x90e5,0x3063,0x1020,0xecc8,0xbc08,0x2a0d,0x194c,0x194b,0x08a8,0x0043,0x0000,0x0065,0x0085,0x218a,0x0842,0xdb64,0xbbe9,0xf5cc,0xf58b,0xfe4d,0xc387,0x1042,
0x18e6,0x1129,0x114a,0x08a5,0x0022,0x0020,0x08a7,0x194a,0x4aed,0xff0b,0xfe6b,0xf5e9,0xdcc7,0xfe49,0x6186,0x4944,0x0000,0x0905,0x10e5,0x10e5,0x08e5,0x08e5,0x10e5,0x10e5,
0x10e5,0x08e5,0x10e5,0x10e5,0x10e5,0x10e5,0x10e5,0x29c8,0x10e5,0x10e5,0x08e5,0x10e5,0x08e5,0x08e5,0x08e5,0x10e5,0x10e5,0x08e5,0x10e5,0x10e5,0x10e5,0x10e5,0x10e5,0x10e5,
0x10e5,0x10e5,0x08e5,0x10e5,0x0820,0x92a8,0xfd0c,0xfef3,0xfd8f,0x4042,0x8945,0x1862,0x28a1,0xece8,0xc429,0x29ed,0x112a,0x112a,0x08a8,0x0022,0x0821,0x08a5,0x08a5,0x1108,
0x0843,0xf58b,0xb3e9,0x82c6,0x61e4,0x6a25,0xe5af,0x3166,0x1083,0x10e8,0x10e8,0x0885,0x0022,0x0000,0x10a5,0x2129,0x39c7,0xfeed,0xdd4b,0x9387,0x72a7,0x72a8,0x92e9,0x51e6,
0x1061,0x10e5,0x10e5,0x08e5,0x10e5,0x10e5,0x10e5,0x10e5,0x10e5,0x10e5,0x10e5,0x10e5,0x10e5,0x10e5,0x10e5,0x31c8,0x10e5,0x10e5,0x10e5,0x10e5,0x10e5,0x10e5,0x10e5,0x10e5,
0x10e5,0x10e5,0x10e5,0x10e5,0x10e5,0x10e5,0x10e5,0x08e5,0x10e5,0x08e5,0x08c5,0x10e5,0x0000,0x6143,0xc1e4,0xff14,0xfe91,0xf62e,0x9165,0x0000,0x0020,0xec87,0xab87,0x194b,
0x10a8,0x10c8,0x0887,0x0021,0x1841,0x38e5,0x28c4,0x6904,0x3905,0xfed2,0xb3e9,0x4964,0x4943,0x2040,0xeed5,0x1862,0x0863,0x7145,0x5905,0x48a4,0x1043,0x0800,0x9a65,0x69a4,
0xfd69,0x0885,0x18a6,0x0863,0x18e6,0x18e7,0x08c8,0x49e9,0x5184,0x10e5,0x10e4,0x10e5,0x10e5,0x10e5,0x10e5,0x10e5,0x10e5,0x10e5,0x10e5,0x10e5,0x10e5,0x10e5,0x10e5,0x29a7,
0x10e5,0x10e5,0x10e5,0x10e5,0x10e5,0x10e5,0x10e5,0x10e5,0x08e5,0x10e5,0x10e5,0x10e5,0x10e5,0x08e5,0x10e5,0x10e5,0x08e5,0x10e5,0x08e5,0x08e4,0x10e4,0x0000,0x0000,0xff76,
0xfe90,0xfe4e,0x3083,0x0001,0x0021,0xec87,0x9328,0x10e9,0x0886,0x0887,0x0000,0x0001,0x0865,0x00a6,0x0084,0x30a3,0x0000,0xab26,0x8a84,0x30e2,0x30e2,0x0820,0x8a65,0x1062,
0x0063,0x6944,0x18a5,0x0085,0x0885,0x0021,0x5184,0x28c3,0x0842,0x51a7,0x2084,0xbb6a,0x9227,0x9248,0x6186,0x1084,0x0065,0x10e5,0x10e5,0x10e5,0x10e5,0x10e5,0x10e5,0x10e5,
0x10e5,0x10e5,0x10e5,0x10e5,0x10e5,0x10e5,0x10e5,0x10e5,0x08e5,0x08e5,0x10e5,0x10e5,0x10e5,0x10e5,0x10e5,0x10e5,0x10e5,0x10e5,0x10e5,0x10e5,0x10e5,0x10e5,0x10e5,0x10e5,
0x08e5,0x10e5,0x10e5,0x08e4,0x08e5,0x0000,0x0000,0x7000,0x6843,0x4063,0x4105,0x0001,0x0021,0xe468,0x8ae8,0x10c9,0x0886,0x08a7,0x0000,0x0021,0x0865,0x0886,0x0884,0x40c3,
0x0000,0xcc08,0xb387,0xbc6b,0xd4ec,0xc4cd,0xa2c6,0x0000,0x0021,0x28e5,0x0886,0x0886,0x0885,0x0022,0x69e6,0x1862,0xcb89,0x5967,0x2063,0xbb09,0x91c6,0x9247,0x6165,0x1883,
0x0085,0x08c4,0x10e5,0x10e5,0x10e5,0x10e5,0x08e5,0x10e5,0x10e5,0x10e5,0x10e5,0x10e5,0x10e5,0x10e5,0x10e5,0x10e5,0x08e5,0x10e5,0x10e5,0x08e5,0x10e5,0x08e5,0x10e5,0x10e5,
0x10e5,0x10e5,0x10e5,0x10e5,0x10e5,0x10e5,0x10e5,0x10e5,0x10e5,0x08e5,0x08e5,0x08e5,0x08e5,0x0905,0x1106,0x0001,0x1022,0x40c3,0x9aa8,0x0842,0x0841,0xe448,0x7aa8,0x1109,
0x0000,0x0022,0x0000,0x08c6,0x08e8,0x21ec,0x2a0d,0x3a0a,0x72a9,0x0001,0x20c4,0x3103,0x20a3,0x3103,0x20a3,0x4a08,0x5a28,0x21ed,0x21ce,0x21ac,0x10e8,0x10e9,0x0001,0x0020,
0xc287,0x8186,0x3022,0xfed4,0xd46d,0xdc6c,0x79a6,0x28a3,0x0000,0x1105,0x10e5,0x08e5,0x10e5,0x10e5,0x08e5,0x10e5,0x08e5,0x10e5,0x10e5,0x08e5,0x10e5,0x10e5,0x10e5,0x10e5,
0x10e5,0x10e5,0x10e5,0x10e5,0x10e5,0x10e5,0x10e5,0x10e5,0x10e5,0x10e5,0x08e5,0x10e5,0x10e5,0x10e5,0x10e5,0x10e5,0x08e5,0x08e5,0x08e5,0x08e5,0x10e5,0x10e5,0x08e5,0x10e5,
0x1021,0x28a3,0xa2c8,0x1062,0x0821,0xe408,0x8287,0x0020,0x08c6,0x08a5,0x0000,0x0885,0x08a6,0x29ec,0x21ed,0x39c9,0x59e7,0x0021,0x0002,0x0822,0x0823,0x0023,0x0001,0x51e8,
0x4967,0x220f,0x32b1,0x21ac,0x08a7,0x1109,0x0000,0x0000,0xeb07,0x5903,0x3000,0xfe93,0xfed3,0xfdef,0x91a6,0x2881,0x0000,0x1105,0x10e5,0x08e5,0x10e5,0x10e5,0x10e5,0x08e5,
0x10e5,0x10e5,0x10e5,0x10e5,0x10e5,0x10e5,0x10e5,0x10e5,0x10e5,0x10e5,0x10e5,0x08e5,0x10e5,0x10e5,0x10e5,0x10e5,0x10e5,0x10e5,0x10e5,0x10e5,0x10e5,0x10e5,0x10e5,0x10e5,
0x10e5,0x10e5,0x10e5,0x10e5,0x10e5,0x08e5,0x08e5,0x08e5,0x0820,0x2883,0xb328,0x5144,0x38e3,0x40c3,0x1861,0x08c6,0x08c6,0x00a6,0x0043,0x08a7,0x196a,0x2a0e,0x21ed,0x72c8,
0xfd8a,0x0000,0x21ad,0x218c,0x218c,0x21ce,0x10c7,0xf58a,0xf528,0x08c8,0x2a70,0x2a2e,0x19ac,0x198c,0x192a,0x0000,0x0000,0x0801,0xfeb2,0xfef4,0xfeb3,0xaa06,0x0021,0x10c4,
0x0020,0x0905,0x10e5,0x08e5,0x10e5,0x08e5,0x08e5,0x10e5,0x10e5,0x10e5,0x10e5,0x10e5,0x10e5,0x10e5,0x10e5,0x10e5,0x10e5,0x08e5,0x10e5,0x10e5,0x10e5,0x10e5,0x10e5,0x10e5,
0x10e5,0x10e5,0x10e5,0x10e5,0x10e5,0x10e5,0x10e5,0x10e5,0x10e5,0x10e5,0x10e5,0x10e5,0x08e5,0x08e5,0x10e5,0x10e5,0x1020,0x30c3,0xbb48,0x38e4,0x30c3,0x0000,0x0021,0x08a6,
0x08c7,0x08a6,0x0043,0x08c7,0x1129,0x2a0d,0x21ed,0x6aa9,0xfdec,0x0000,0x21cd,0x194a,0x194b,0x21cd,0x1908,0xfdaa,0xfd68,0x00a6,0x2a4f,0x2a6f,0x21cd,0x194b,0x10e8,0x0000,
0x0000,0x0800,0xebe7,0xa943,0x9923,0xa1c5,0x0020,0x18e6,0x0000,0x0882,0x10e5,0x08e5,0x10e5,0x08e5,0x08e5,0x10e5,0x10e5,0x10e5,0x10e5,0x10e5,0x10e5,0x10e5,0x10e5,0x10e5,
0x10e5,0x10e5,0x10e5,0x10e5,0x10e5,0x10e5,0x10e5,0x10e5,0x10e5,0x10e5,0x10e5,0x10e5,0x10e5,0x10e5,0x10e5,0x10e5,0x10e5,0x10e5,0x10e5,0x10e5,0x08e5,0x10e5,0x10e5,0x10e5,
0x0000,0x1841,0x8a26,0xc368,0x5985,0x0000,0x0000,0x00a6,0x0021,0x0001,0x1129,0x21cd,0x21cc,0x21ed,0x198b,0xc46a,0xfe2c,0x0000,0x2a2e,0x320d,0x324e,0x3270,0x198c,0xfdca,
0xfd88,0x422b,0x198b,0x2a6f,0x224f,0x222e,0x196b,0x0886,0x0064,0x0020,0x0841,0x0000,0x0000,0x0024,0x61a7,0x1909,0x08c6,0x0000,0x08e5,0x08e4,0x08e5,0x08e5,0x10e5,0x08e5,
0x10e5,0x10e5,0x10e5,0x10e5,0x10e5,0x10e5,0x10e5,0x10e5,0x08e5,0x10e5,0x10e5,0x10e5,0x10e5,0x10e5,0x10e5,0x10e5,0x10e5,0x10e5,0x10e5,0x10e5,0x10e5,0x10e5,0x10e5,0x10e5,
0x10e5,0x10e5,0x10e5,0x10e5,0x10e5,0x10e5,0x10e5,0x10e5,0x0020,0x1841,0x71e6,0xd368,0x69a5,0x0000,0x0000,0x08a5,0x0000,0x0000,0x198c,0x21cd,0x21ed,0x21cd,0x29ea,0xcc48,
0xfe6c,0x0801,0x322f,0x2a0d,0x322e,0x324f,0x21ac,0xd509,0xdd27,0x7b2b,0x196a,0x2a6f,0x222f,0x220e,0x196b,0x10e8,0x10c7,0x0001,0x0042,0x0084,0x0864,0x0045,0x8a27,0x51e8,
0x10c7,0x0000,0x10e4,0x08e5,0x08e5,0x10e5,0x08e5,0x10e5,0x08e5,0x10e5,0x10e5,0x10e5,0x10e5,0x10e5,0x10e5,0x10e5,0x10e5,0x08e5,0x10e5,0x10e5,0x10e5,0x10e5,0x10e5,0x10e5,
0x10e5,0x10e5,0x10e5,0x10e5,0x10e5,0x10e5,0x10e5,0x10e5,0x08e5,0x10e5,0x10e5,0x10e5,0x10e5,0x10e5,0x10e5,0x10e5,0x0906,0x0820,0x4925,0xd388,0x79e5,0x0000,0x0000,0x0863,
0x0000,0x0000,0x116b,0x21cd,0x2a0e,0x21ed,0x31ea,0xfdaa,0x9a63,0x0842,0x3a6f,0x322e,0x320d,0x320e,0x2a0d,0x0883,0x6246,0xbbc9,0x198c,0x2a6f,0x2a2f,0x224f,0x198c,0x1109,
0x110a,0x0001,0x0022,0x08a6,0x0886,0x0066,0x89e6,0x71a6,0x112a,0x0042,0x0000,0x08c4,0x08c4,0x08e5,0x10e5,0x08e5,0x10e5,0x08e5,0x10e5,0x08e5,0x10e5,0x10e5,0x10e5,0x10e5,
0x10e5,0x10e5,0x10e5,0x10e5,0x10e5,0x10e5,0x10e5,0x10e5,0x10e5,0x10e5,0x10e5,0x10e5,0x10e5,0x10e5,0x10e5,0x10e5,0x10e5,0x10e5,0x10e5,0x10e5,0x08e5,0x10e5,0x08e5,0x10e5,
0x1105,0x0000,0x2083,0xc327,0xbb08,0x2105,0x18c5,0x0000,0x0885,0x08a5,0x198b,0x21cd,0x2a0e,0x21ed,0x422a,0xfdec,0x0000,0x0842,0x3a6f,0x322e,0x320e,0x322e,0x29ed,0x0041,
0x0841,0xdcc9,0xabeb,0x2a4f,0x220e,0x19ac,0x198c,0x194b,0x196c,0x10e8,0x0022,0x0085,0x08a6,0x08a6,0x0843,0x49a7,0xab29,0x08a7,0x0000,0x0000,0x08c4,0x08e4,0x08e5,0x08e5,
0x10e5,0x10e5,0x10e5,0x10e5,0x10e5,0x10e5,0x10e5,0x10e5,0x08e5,0x10e5,0x10e5,0x10e5,0x08e5,0x10e5,0x08e5,0x10e5,0x10e5,0x10e5,0x10e5,0x10e5,0x10e5,0x10e5,0x10e5,0x10e5,
0x10e5,0x10e5,0x10e5,0x10e5,0x10e5,0x10e5,0x10e5,0x10e5,0x10e5,0x0000,0x20a3,0xc348,0xbb08,0x2106,0x18e5,0x0000,0x0885,0x10e7,0x196b,0x21ac,0x21ed,0x2a0d,0x5acb,0xfdcc,
0x0840,0x0862,0x3a6f,0x322e,0x29ed,0x320d,0x29cc,0x0021,0x0841,0xed29,0x92e7,0x222f,0x2a4f,0x21ac,0x196b,0x114b,0x114c,0x08e9,0x0021,0x0886,0x08a6,0x0885,0x08a5,0x51c7,
0xb2e7,0x0067,0x0021,0x0000,0x08e5,0x08e5,0x08e5,0x10e5,0x10e5,0x10e5,0x10e5,0x10e5,0x10e5,0x10e5,0x10e5,0x10e5,0x10e5,0x10e5,0x08e5,0x10e5,0x08e5,0x08e5,0x10e5,0x10e5,
0x10e5,0x10e5,0x10e5,0x10e5,0x10e5,0x10e5,0x10e5,0x10e5,0x10e5,0x10e5,0x10e5,0x10e5,0x10e5,0x10e5,0x10e5,0x10e5,0x10e5,0x0000,0x1862,0x7185,0xc328,0x5104,0x4903,0x0000,
0x10c7,0x0066,0xa307,0xb3c9,0xcc6b,0x21cc,0x72ea,0xf54a,0x0840,0x0862,0x31cb,0x4a6d,0x5ace,0x528d,0x29ab,0x10a3,0x0841,0xed4c,0xf54b,0x19ce,0x21cd,0xab28,0xa329,0x7a69,
0x5a09,0x08c8,0x112a,0x0000,0x0886,0x0885,0x0885,0x08a7,0xaaa5,0x5987,0x18c5,0x0000,0x0082,0x10e5,0x08e5,0x08e5,0x10e5,0x08e5,0x10e5,0x10e5,0x10e5,0x10e5,0x10e5,0x10e5,
0x10e5,0x10e5,0x10e5,0x08e5,0x10e5,0x10e5,0x08e5,0x10e5,0x10e5,0x10e5,0x10e5,0x10e5,0x10e5,0x10e5,0x10e5,0x10e5,0x10e5,0x10e5,0x10e5,0x10e5,0x10e5,0x10e5,0x08e5,0x08e4,
0x10e5,0x0000,0x2883,0x81e6,0xb308,0x4924,0x4923,0x0000,0x10e8,0x1129,0x2988,0xb3e9,0xd469,0x218a,0x8349,0xed0a,0x0840,0x0862,0x3a0c,0x5aae,0x52ae,0x528e,0x3a2d,0x1905,
0x0841,0xed6b,0xe50a,0x1929,0x5aad,0x8b09,0x628a,0x2128,0x196a,0x10e8,0x08c6,0x0001,0x08c7,0x0885,0x08a6,0x10e7,0xcb65,0x6185,0x1862,0x0000,0x0062,0x08e5,0x10e5,0x10e5,
0x10e5,0x10e5,0x10e5,0x10e5,0x10e5,0x10e5,0x10e5,0x10e5,0x10e5,0x10e5,0x10e5,0x10e5,0x10e5,0x10e5,0x10e5,0x08e5,0x08e5,0x10e5,0x10e5,0x10e5,0x10e5,0x10e5,0x10e5,0x10e5,
0x10e5,0x10e5,0x10e5,0x10e5,0x10e5,0x10e5,0x08e5,0x08c4,0x08c4,0x08e5,0x0000,0x4125,0x7a46,0x4904,0x4923,0x0000,0x0001,0x0001,0x0821,0x1063,0x0001,0xaae7,0xecc7,0xa2a4,
0x1083,0x0000,0x0021,0x0020,0x0000,0x0020,0x0021,0x0000,0x0000,0x82c6,0xb325,0x3905,0x0001,0x0000,0x0000,0x0001,0x0021,0x0021,0x0042,0x0086,0x0021,0x08a7,0x1929,0x08e7,
0x0000,0x49c9,0x4969,0x0000,0x0062,0x10e5,0x10e5,0x10e5,0x08e5,0x10e5,0x10e5,0x10e5,0x10e5,0x10e5,0x10e5,0x10e5,0x10e5,0x10e5,0x10e5,0x10e5,0x10e5,0x10e5,0x08e5,0x10e5,
0x10e5,0x10e5,0x10e5,0x10e5,0x08e5,0x10e5,0x10e5,0x10e5,0x08c4,0x10e5,0x10e5,0x10e5,0x10e5,0x08e5,0x08c5,0x08c4,0x08c4,0x08e5,0x0000,0x4126,0x69e6,0x4924,0x30a2,0x0000,
0x0000,0x0001,0x0001,0x0001,0x0821,0x20c5,0x4945,0x7226,0x1884,0x0000,0x0000,0x0000,0x0000,0x0020,0x0000,0x0000,0x0000,0x7a87,0x8aa6,0x1064,0x0821,0x0000,0x0000,0x0000,
0x0000,0x0000,0x0820,0x0864,0x0041,0x0022,0x0000,0x0021,0x0000,0x0001,0x0821,0x0000,0x08a3,0x10e5,0x10e5,0x08e5,0x10e5,0x10e5,0x10e5,0x10e5,0x10e5,0x10e5,0x10e5,0x10e5,
0x10e5,0x10e5,0x10e5,0x10e5,0x10e5,0x08c5,0x08e5,0x10e5,0x10e5,0x10e5,0x10e5,0x10e5,0x10e5,0x10e5,0x10e5,0x10e5,0x08c5,0x10e5,0x08e5,0x10e5,0x08e5,0x08c5,0x08c4,0x08c5,
0x08c4,0x08a4,0x0042,0x0863,0x4125,0x2082,0x0000,0x49a7,0x51c7,0x832a,0x8b4a,0x51e7,0x5208,0x20e6,0x18a4,0x18a4,0x18a4,0x0000,0x0000,0x0042,0x0083,0x0084,0x0063,0x0063,
0x0000,0x0841,0x0862,0x2907,0x49c9,0x4186,0x72a9,0x7b0a,0x5a69,0x28e5,0x28e5,0x0020,0x08a4,0x08a5,0x08a5,0x0884,0x0063,0x0883,0x08a4,0x08e5,0x08e5,0x10e5,0x10e5,0x08e5,
0x08e5,0x08e5,0x10e5,0x10e5,0x10e5,0x10e5,0x10e5,0x10e5,0x08c5,0x10e5,0x10e4,0x10e5,0x08c4,0x08c4,0x10e4,0x10e4,0x10e4,0x10e4,0x10e4,0x10e4,0x10e4,0x10e5,0x10e4,0x08e4,
0x10e4,0x10e4,0x10e5,0x10e5,0x10e5,0x08c4,0x08c4,0x10e5,0x0883,0x0083,0x0021,0x1084,0x38e4,0x1861,0x0000,0x49a7,0x49a7,0x72e9,0x7309,0x72a8,0x5227,0x2105,0x20e4,0x18a4,
0x20c5,0x0001,0x0000,0x0041,0x0062,0x0063,0x0062,0x0042,0x0000,0x0862,0x1063,0x2907,0x41c8,0x41c6,0x6288,0x6aa9,0x49e7,0x2905,0x2905,0x0000,0x08a3,0x08a4,0x08c4,0x0883,
0x0062,0x0883,0x08c4,0x10e5,0x1105,0x10e5,0x10e5,0x08e5,0x10e5,0x10e5,0x10e5,0x10e5,0x10e5,0x10e5,0x10e5,0x10e5,0x08e5,0x08c4,0x0020,0x0020,0x0020,0x0020,0x0020,0x0020,
0x0020,0x0020,0x0000,0x0000,0x0020,0x0020,0x0020,0x0020,0x0020,0x0020,0x0020,0x0020,0x0020,0x0020,0x0000,0x0020,0x0020,0x0000,0x0000,0x0000,0x0020,0x0000,0x0000,0x0020,
0x0020,0x0020,0x0020,0x0020,0x0020,0x0020,0x0000,0x0020,0x0021,0x0020,0x0000,0x0020,0x0000,0x0000,0x0000,0x0000,0x0000,0x0020,0x0020,0x0020,0x0020,0x0020,0x0020,0x0020,
0x0020,0x0020,0x0020,0x0020,0x0020,0x0020,0x0020,0x0020,0x0000,0x0000,0x0041,0x0020,0x0020,0x0020,0x0020,0x0020,0x0020,0x0020,0x0020,0x0020,0x0020,0x0020,0x0020,0x0020,
};
const uint16_t art_warrior[5280] = {
0x20c3,0x18e4,0x18e4,0x18e4,0x18e4,0x18e4,0x18e4,0x18e4,0x18e4,0x18e4,0x1905,0x1905,0x1905,0x1905,0x1905,0x1905,0x1905,0x1905,0x1905,0x1905,0x1905,0x1925,0x1905,0x1905,
0x1905,0x1925,0x1905,0x1905,0x1905,0x1905,0x1905,0x1905,0x1905,0x1905,0x1905,0x1905,0x1905,0x1905,0x1905,0x1905,0x10e5,0x10c4,0x18e4,0x1905,0x1905,0x1905,0x1905,0x1905,
0x1905,0x1905,0x1905,0x1905,0x1905,0x1905,0x1925,0x1905,0x1905,0x1905,0x1905,0x1905,0x1905,0x1905,0x1905,0x1905,0x1925,0x1925,0x1905,0x1905,0x1905,0x1905,0x1905,0x1905,
0x1905,0x1905,0x1905,0x1905,0x1905,0x1905,0x1905,0x1905,0x18e4,0x18e4,0x18e4,0x18e4,0x18e4,0x18e4,0x18e4,0x18e4,0x18e4,0x1905,0x1905,0x1905,0x1905,0x1905,0x1905,0x1905,
0x1905,0x1905,0x1905,0x1905,0x1905,0x1905,0x1925,0x1925,0x1905,0x1905,0x1905,0x1905,0x1905,0x1905,0x1905,0x1905,0x1905,0x1905,0x1905,0x1905,0x1905,0x1905,0x1905,0x0882,
0x0000,0x0020,0x10e4,0x1905,0x1925,0x1905,0x1905,0x1905,0x1905,0x1905,0x1905,0x1905,0x1925,0x1925,0x1925,0x1905,0x1905,0x1905,0x1905,0x1905,0x1905,0x1925,0x1905,0x1905,
0x1905,0x1905,0x1905,0x1905,0x1925,0x1905,0x1905,0x1905,0x1905,0x1905,0x1905,0x1905,0x1905,0x1905,0x1905,0x1905,0x18e4,0x18e4,0x18e4,0x18e4,0x1905,0x1905,0x1905,0x1905,
0x1905,0x1905,0x1905,0x1905,0x1905,0x1905,0x1905,0x1905,0x1905,0x1905,0x1905,0x1905,0x1905,0x1905,0x1905,0x1905,0x1905,0x1905,0x1905,0x1905,0x1905,0x1905,0x1905,0x1905,
0x1905,0x1905,0x1905,0x1925,0x1925,0x1905,0x1905,0x10e4,0x0000,0x4103,0x10e4,0x1905,0x1925,0x1925,0x1905,0x1905,0x1905,0x1905,0x1905,0x1905,0x1925,0x1925,0x1925,0x1905,
0x1905,0x1905,0x1905,0x1905,0x1905,0x1905,0x1925,0x1905,0x1905,0x1905,0x1925,0x1905,0x1925,0x1905,0x1905,0x1905,0x1905,0x1905,0x1905,0x1905,0x1905,0x1905,0x1905,0x1905,
0x18e4,0x18e4,0x18e4,0x18e5,0x1905,0x1905,0x1905,0x1905,0x1905,0x1905,0x1905,0x1905,0x1905,0x1905,0x1905,0x1905,0x1905,0x1905,0x1905,0x1905,0x1905,0x1905,0x1905,0x1905,
0x1905,0x1905,0x1905,0x1905,0x1905,0x1905,0x1905,0x1905,0x1905,0x1905,0x1905,0x2146,0x0000,0x0000,0x0000,0x0000,0x0000,0x81a4,0x30a2,0x0000,0x0000,0x1904,0x1905,0x18e5,
0x18e5,0x1905,0x1905,0x1905,0x1925,0x2146,0x1905,0x1905,0x1905,0x1905,0x1905,0x1905,0x1905,0x1905,0x1905,0x1905,0x1925,0x1925,0x1905,0x1905,0x1925,0x1925,0x1905,0x1905,
0x1905,0x1905,0x1905,0x1905,0x1905,0x1905,0x1905,0x1905,0x18e4,0x18e4,0x18e4,0x1905,0x1905,0x1905,0x1905,0x1905,0x1905,0x1905,0x1905,0x1905,0x1905,0x1905,0x1905,0x1905,
0x1905,0x1905,0x1905,0x1905,0x1905,0x1905,0x1905,0x1905,0x1905,0x1905,0x1905,0x1905,0x1905,0x1905,0x1905,0x1905,0x1925,0x10e4,0x1905,0x0882,0x2082,0x2081,0x2081,0x2061,
0x1040,0x5923,0x6944,0x30e3,0x30c2,0x0000,0x0041,0x10e4,0x1905,0x1905,0x1905,0x1905,0x10e4,0x0000,0x1925,0x1905,0x1905,0x1905,0x1905,0x1905,0x1905,0x1905,0x1905,0x1905,
0x1925,0x1905,0x1905,0x1905,0x1905,0x1905,0x1905,0x1905,0x1905,0x1905,0x1905,0x1905,0x1905,0x1925,0x1905,0x1905,0x18e4,0x1905,0x1905,0x1905,0x1905,0x1905,0x1905,0x1905,
0x1905,0x1905,0x1905,0x1905,0x1905,0x1905,0x1905,0x1905,0x1905,0x1905,0x1905,0x1905,0x1905,0x1905,0x1905,0x1905,0x1905,0x1905,0x1905,0x1905,0x1925,0x1925,0x1925,0x1925,
0x0020,0x0000,0x0000,0x0000,0x5924,0x5944,0x81e4,0x8a25,0x8a45,0x71c5,0x8226,0x4924,0x6964,0x4102,0x0000,0x0000,0x0000,0x0000,0x0000,0x0000,0x0000,0x3061,0x18e4,0x1905,
0x1905,0x1905,0x1905,0x1905,0x1905,0x1905,0x1925,0x1905,0x1905,0x1905,0x1905,0x1905,0x1925,0x1905,0x1905,0x1905,0x1905,0x1905,0x1905,0x1905,0x1905,0x1905,0x1905,0x1925,
0x1905,0x1905,0x1905,0x1905,0x1905,0x1905,0x1905,0x1905,0x1905,0x1905,0x1905,0x1905,0x1905,0x1905,0x1905,0x1905,0x1905,0x1905,0x1905,0x1905,0x1905,0x1905,0x1905,0x1905,
0x1905,0x1925,0x1905,0x1925,0x10a2,0x1905,0x2146,0x0000,0x0000,0x5103,0x5924,0x5944,0x6985,0x71a5,0x8a05,0x8a25,0x9245,0x8a45,0x79e5,0x5124,0x4904,0x5944,0x1021,0x0000,
0x0000,0x0000,0x0000,0x0000,0x0000,0x30a2,0x0000,0x0821,0x1905,0x1905,0x1905,0x1905,0x1905,0x1905,0x1905,0x1905,0x1905,0x1925,0x1905,0x1925,0x1905,0x1905,0x1905,0x1905,
0x1905,0x1905,0x1905,0x1905,0x1905,0x1905,0x1905,0x1905,0x18e5,0x1905,0x1905,0x1905,0x1905,0x1905,0x1905,0x1905,0x1905,0x1905,0x1905,0x1905,0x1905,0x1905,0x1905,0x1905,
0x1905,0x1905,0x1905,0x1905,0x1905,0x1905,0x1905,0x1905,0x1925,0x1925,0x1905,0x1925,0x0000,0x10e3,0x0000,0x0000,0x0000,0x48e3,0x48e3,0x5924,0x9225,0x8a05,0x8a25,0x9225,
0x9245,0x8a45,0x71e5,0x4904,0x40e3,0x4103,0x5104,0x40c3,0x6963,0x7163,0x7183,0x7984,0x6984,0x1041,0x0000,0x0000,0x1926,0x1905,0x1905,0x1905,0x1905,0x1925,0x1905,0x1905,
0x1905,0x1905,0x1925,0x1905,0x1905,0x1905,0x1905,0x1905,0x1905,0x1905,0x1905,0x1905,0x1905,0x1905,0x1905,0x1905,0x1905,0x1905,0x1905,0x1905,0x1905,0x1905,0x1905,0x1905,
0x1905,0x1905,0x1905,0x1905,0x1905,0x1905,0x1905,0x1905,0x1905,0x1905,0x1905,0x1905,0x1905,0x1905,0x1905,0x1905,0x1905,0x1925,0x1925,0x2924,0x0000,0x0000,0x0821,0x71a4,
0x6163,0x9245,0x9245,0x9225,0x8205,0x8a04,0x5944,0x6984,0x6984,0x6184,0x5964,0x71a5,0x5144,0x40e3,0x40e4,0x6964,0x6164,0x6143,0xa285,0x5923,0x7184,0x0000,0x0862,0x18e4,
0x1905,0x1905,0x1905,0x1905,0x1905,0x1905,0x1905,0x1925,0x1905,0x1905,0x1905,0x1905,0x1925,0x1905,0x1925,0x1925,0x1905,0x1905,0x1905,0x1905,0x1905,0x1905,0x1905,0x1905,
0x1905,0x1905,0x1905,0x1905,0x1905,0x1905,0x1905,0x1905,0x1905,0x1905,0x1905,0x1905,0x1905,0x1905,0x1905,0x1925,0x1925,0x1905,0x1905,0x1905,0x1905,0x1905,0x1905,0x1905,
0x1925,0x1925,0x0862,0x0821,0x40e3,0x5923,0x79c4,0xa2a5,0x9245,0x9225,0x8205,0x6164,0x8a25,0x8224,0x8a25,0x9a65,0x9a65,0x8a45,0x71a4,0x71c4,0x6184,0x5124,0x5124,0x6164,
0x8a25,0x8205,0x8a05,0x7a05,0x69a4,0x5123,0x40e2,0x0000,0x1082,0x1905,0x1905,0x1905,0x1905,0x1905,0x1925,0x1905,0x1925,0x1925,0x1925,0x1925,0x1905,0x1905,0x1925,0x1925,
0x1905,0x1905,0x1905,0x1905,0x1905,0x1905,0x1905,0x1905,0x1905,0x1905,0x1905,0x1905,0x1905,0x1905,0x1925,0x1905,0x1905,0x1905,0x1905,0x1905,0x1905,0x1905,0x1905,0x1905,
0x1905,0x1905,0x1905,0x1905,0x1905,0x1905,0x1905,0x1905,0x1905,0x1925,0x18e4,0x0000,0x2882,0x4903,0x7184,0xa2a5,0xa285,0x9a65,0x71c4,0x4923,0x8a25,0x8a04,0x9245,0x79c4,
0x9225,0x8a25,0x81e5,0x79e5,0x5144,0x4903,0x4904,0x5124,0x8a25,0x9245,0x8a05,0x8205,0x79e4,0x5123,0x38c2,0x0000,0x0000,0x0821,0x1905,0x1905,0x1905,0x1905,0x1925,0x1925,
0x1905,0x1925,0x1925,0x1905,0x1925,0x1905,0x1905,0x1925,0x1905,0x1905,0x1905,0x1905,0x1905,0x1905,0x1905,0x1905,0x1905,0x1905,0x1905,0x1905,0x1905,0x1905,0x1905,0x1905,
0x1905,0x1905,0x1905,0x1905,0x1905,0x1905,0x1905,0x1905,0x1905,0x1905,0x1905,0x1905,0x1905,0x1905,0x1905,0x1905,0x0041,0x0000,0x1020,0x48e3,0x5944,0x71a5,0x9225,0x6964,
0x7184,0x6964,0x6164,0x9a45,0x8a25,0x9225,0x9225,0x9245,0x9245,0x81e5,0x8205,0x79e5,0x79c4,0x71c4,0x4924,0x5964,0x8a25,0x6984,0x9a65,0x7184,0x71c5,0x8a45,0x71a4,0x5903,
0x0000,0x0000,0x1905,0x1905,0x1905,0x1905,0x1905,0x1905,0x1905,0x1905,0x1925,0x1905,0x1925,0x1905,0x1925,0x1905,0x1905,0x1905,0x1905,0x1905,0x1905,0x1905,0x1905,0x1905,
0x1905,0x1905,0x1905,0x1905,0x1905,0x1925,0x1925,0x1925,0x1905,0x1905,0x1905,0x1905,0x1905,0x1905,0x1925,0x1905,0x1905,0x1905,0x1905,0x1905,0x1905,0x1905,0x1905,0x0021,
0x1020,0x4102,0x40c2,0x4903,0x5944,0x5944,0x5944,0x79e4,0x81e4,0x9a65,0xa2a6,0x9a45,0xaac5,0xaac5,0xaaa5,0x9225,0x9244,0x79c5,0xa2a5,0x81e5,0x79c4,0x79e4,0x69a5,0x8a25,
0xaac5,0xaae5,0x6984,0xaaa5,0xa285,0x9265,0x8225,0x6984,0x3903,0x2081,0x0841,0x1905,0x1905,0x1905,0x1925,0x1925,0x1905,0x1905,0x1905,0x1905,0x1905,0x1905,0x1905,0x1925,
0x1905,0x1905,0x1905,0x1905,0x1905,0x1905,0x1905,0x1905,0x1905,0x1905,0x1905,0x1905,0x1905,0x1925,0x1925,0x1905,0x1905,0x1905,0x1905,0x1905,0x1905,0x1905,0x1905,0x1905,
0x1905,0x1905,0x1905,0x1905,0x1905,0x1905,0x1905,0x0841,0x0020,0x3081,0x5923,0x7184,0x5123,0x4903,0x4903,0x8a24,0x79a4,0xc346,0xaac6,0x9225,0xbb05,0xb2e5,0xaae5,0x9225,
0x9245,0x9245,0xb2e5,0x8205,0x9245,0x8225,0x8a04,0x8a25,0xb305,0xb2e5,0x9265,0xbb05,0xbb05,0x79e5,0x9245,0x89e4,0x6143,0x38e2,0x0000,0x1905,0x1905,0x1925,0x1905,0x1925,
0x1925,0x1925,0x1905,0x1905,0x1925,0x1905,0x1905,0x1905,0x1905,0x1905,0x1905,0x1905,0x1905,0x1905,0x1905,0x1905,0x1905,0x1905,0x1905,0x1905,0x1925,0x1925,0x1925,0x1905,
0x1905,0x1905,0x1905,0x1905,0x1905,0x1925,0x1905,0x1905,0x1905,0x1905,0x1905,0x1905,0x1905,0x1905,0x1905,0x1905,0x1905,0x0021,0x0021,0x1001,0x6164,0x5944,0x9205,0x6984,
0x79c4,0x9225,0xbb06,0xbae5,0xcb86,0xc345,0xa2c5,0x79c5,0x71a5,0xa285,0xa285,0xa2a5,0xaac5,0xe447,0x6164,0x8205,0x9265,0x9265,0xbb05,0x7184,0x8204,0x8a25,0x6184,0x5124,
0x48c3,0x30c2,0x0000,0x0020,0x0000,0x1925,0x1905,0x1925,0x1925,0x1905,0x1905,0x1905,0x1925,0x1925,0x1925,0x1905,0x1905,0x1905,0x1905,0x1905,0x1905,0x1905,0x1905,0x1905,
0x1905,0x1905,0x1905,0x1905,0x1905,0x1905,0x1925,0x2145,0x1905,0x1905,0x1905,0x1905,0x1905,0x1925,0x1905,0x1905,0x1905,0x1905,0x1905,0x1905,0x1905,0x1905,0x1905,0x1905,
0x18e4,0x0000,0x0800,0x1021,0x71a4,0x71a4,0xa285,0x79c4,0x81e4,0x9a65,0xb2c5,0xb2c5,0xcb66,0xcb86,0x9aa5,0x81e5,0x71a5,0xa285,0xa285,0xa2a5,0xa264,0xd3c7,0x5924,0x79e5,
0x9245,0x9265,0xc366,0x6924,0x7183,0x8205,0x71c4,0x5943,0x50e3,0x40e3,0x30a3,0x0000,0x0000,0x1905,0x1905,0x1925,0x1905,0x1905,0x1905,0x1925,0x1905,0x1925,0x1905,0x1905,
0x1905,0x1905,0x1905,0x1905,0x1905,0x1905,0x1905,0x1905,0x1905,0x1905,0x1905,0x1905,0x1905,0x1925,0x0020,0x0000,0x1905,0x1905,0x1925,0x1905,0x1925,0x1925,0x1905,0x1905,
0x1905,0x1905,0x1905,0x1905,0x1905,0x1905,0x1905,0x1905,0x1905,0x0000,0x2061,0x48e2,0x81e4,0x79e5,0xb2c5,0x9245,0x8a04,0xb306,0xb326,0xd3c6,0xa285,0xa285,0x4903,0x81e4,
0x9a85,0xc325,0x9a85,0xa2a5,0xdc68,0xa225,0x3042,0x3862,0x5923,0x69a4,0x9a85,0xa285,0x9a84,0x6143,0x79c4,0x79c4,0x48e3,0x50e4,0x48e4,0x0000,0x0000,0x1905,0x1905,0x1905,
0x1905,0x1905,0x1925,0x1925,0x1925,0x1925,0x1925,0x1905,0x1905,0x1905,0x1905,0x1905,0x1905,0x1905,0x1905,0x1905,0x1905,0x1905,0x1905,0x1905,0x2125,0x0000,0x630b,0xe73c,
0x0000,0x0000,0x1905,0x1905,0x1925,0x1925,0x1905,0x1905,0x1905,0x1905,0x1905,0x1905,0x1905,0x1905,0x1905,0x2145,0x0000,0x0000,0x5144,0x79c4,0x81e4,0x8205,0x6144,0x9245,
0x8a04,0xab05,0x81e4,0x8a04,0x5924,0x5924,0x2882,0x4903,0x71c5,0x9a65,0xa285,0xaaa5,0x71c5,0x48e3,0xc387,0x9ae6,0x38c2,0x4924,0x7184,0x9265,0xa285,0x4904,0x6185,0x81e5,
0x2062,0x1041,0x0020,0x1904,0x1905,0x1905,0x1905,0x1925,0x1905,0x1905,0x1925,0x1925,0x1925,0x1905,0x1905,0x1905,0x1905,0x1905,0x1905,0x1905,0x1905,0x1905,0x1905,0x1905,
0x1905,0x1905,0x1905,0x1905,0x2125,0x0000,0x2104,0xffdf,0x0000,0x0000,0x0041,0x1905,0x1905,0x1925,0x1925,0x1905,0x1905,0x1905,0x1905,0x1905,0x1905,0x1904,0x18e4,0x2904,
0x0000,0x0000,0x48e2,0x9a25,0x8a25,0x8225,0x5944,0x9225,0x8a04,0xaac5,0x79c4,0x8a04,0x5103,0x5924,0x0801,0x4903,0x71e5,0xaac5,0xa2a5,0xaaa5,0x69a4,0x38c3,0xdb86,0xaae6,
0x1841,0x40e3,0x7a05,0x71a5,0x71a4,0x4924,0x6164,0x8a05,0x48e3,0x2041,0x0000,0x1905,0x1925,0x1905,0x1905,0x1905,0x1905,0x1905,0x1905,0x1905,0x1925,0x1905,0x1905,0x1905,
0x1905,0x1905,0x1905,0x1905,0x1905,0x1905,0x1905,0x1905,0x1905,0x1905,0x1925,0x1905,0x18e4,0x0000,0x18c2,0xe6d9,0xffbc,0xef1a,0x0000,0x0020,0x0000,0x1905,0x1925,0x1925,
0x1905,0x1905,0x1905,0x1905,0x1905,0x0862,0x0000,0x0000,0x1040,0x5943,0x71a5,0x9a65,0x5944,0x5924,0x5944,0x8a25,0x81e4,0x8a05,0x48e4,0x5104,0x4904,0x1001,0xecc9,0x4923,
0x6184,0x8a25,0x9245,0x9265,0x38e3,0x28a2,0xff53,0xfe10,0xfc4b,0x40e4,0x4103,0x79c5,0x81c4,0x5145,0x5945,0x5124,0x5924,0x5965,0x0000,0x0000,0x0000,0x1905,0x1905,0x1905,
0x1905,0x1905,0x1925,0x1925,0x1925,0x1905,0x1905,0x1905,0x1905,0x1905,0x1905,0x1905,0x1905,0x1905,0x1905,0x1905,0x1905,0x1905,0x1905,0x1925,0x0000,0x0020,0xacf2,0xf77b,
0xb594,0xf77c,0xdeda,0xdedb,0x0000,0x18e4,0x1925,0x1905,0x1905,0x1905,0x1905,0x1905,0x1905,0x0862,0x0000,0x5103,0x5944,0x5944,0x5924,0x79e5,0x38e4,0x5144,0x5124,0x8205,
0x79e4,0x71c5,0x4924,0x7923,0x5104,0xabca,0xf58c,0x4923,0x5964,0x8a05,0x71c5,0x5964,0xe42a,0xe3aa,0xfef0,0xfe91,0xd2c8,0xe44a,0x28a2,0x71a4,0x7184,0x4924,0x5145,0x4904,
0x5124,0x5944,0x6984,0x0000,0x0000,0x1905,0x1905,0x1905,0x1905,0x1905,0x1905,0x1905,0x1925,0x1905,0x1925,0x1925,0x1905,0x1905,0x1905,0x1905,0x1925,0x1905,0x1905,0x1905,
0x1925,0x1905,0x1905,0x1905,0x0000,0x0020,0xd656,0xef3a,0xa4f2,0xf79c,0xf75a,0xf77b,0x0000,0x0020,0x2126,0x1925,0x1905,0x1905,0x1905,0x1905,0x1905,0x0882,0x0882,0x0821,
0x0800,0x5123,0x5144,0x6984,0x38c3,0x4924,0x5124,0x7a05,0x81e4,0x5123,0x5924,0xb9e4,0xfe4d,0xfe0d,0xfe2f,0x38e3,0x4924,0x9246,0x5144,0x1822,0xfd0d,0xf5ef,0xff12,0xfef0,
0xfccb,0xfd4b,0x0801,0x79c5,0x71a4,0x40e4,0x5124,0x4104,0x4904,0x4124,0x1020,0x0000,0x0000,0x1905,0x1905,0x1905,0x1925,0x1925,0x1905,0x1925,0x1925,0x1905,0x1925,0x1925,
0x1925,0x1905,0x1925,0x1905,0x1905,0x1905,0x1905,0x1905,0x1905,0x1905,0x1905,0x1905,0x0000,0x0020,0xd657,0xf77b,0xbdb4,0x8c0e,0xf75b,0xcdf5,0xce16,0x0841,0x18e4,0x1905,
0x1905,0x1905,0x1905,0x1905,0x1905,0x1905,0x1905,0x2126,0x0000,0x0000,0x1041,0x38a2,0x1842,0x2082,0x48e3,0x5144,0x4104,0xec89,0x1881,0x0821,0x0000,0x0000,0x0000,0x3042,
0xb348,0x40e3,0xb348,0xfe0f,0xed8d,0x30c3,0x0000,0x0841,0x0861,0x0840,0xfd4b,0x2883,0x6144,0x1041,0x1842,0x38c3,0x0000,0x0000,0x0020,0x1925,0x1905,0x1905,0x1905,0x1905,
0x1925,0x1905,0x1925,0x1905,0x1905,0x1905,0x1905,0x1925,0x1925,0x1925,0x1925,0x1905,0x1905,0x1905,0x1905,0x1905,0x1905,0x1905,0x1905,0x1905,0x0000,0x0000,0xd636,0xef1a,
0xf75b,0xa4d1,0xf77b,0xce36,0xde77,0x0841,0x10a3,0x1905,0x1905,0x1925,0x1905,0x1925,0x1905,0x1905,0x1905,0x1905,0x0000,0x28c3,0x38a3,0x2882,0x6a26,0x4964,0x4103,0x5165,
0x5124,0x92e7,0x3103,0x4123,0x0020,0x0840,0x0841,0xe3e9,0x48a2,0x6144,0xfdcf,0xfe72,0xfdee,0x1082,0x0840,0x1081,0x2123,0x2925,0xbc2a,0x40c3,0x5944,0x30a2,0x71c4,0x1042,
0x40e4,0x0820,0x0000,0x1905,0x1905,0x1905,0x1905,0x1905,0x1905,0x1905,0x1905,0x1905,0x1905,0x1905,0x1925,0x1925,0x1905,0x1905,0x1905,0x1905,0x1905,0x1925,0x1905,0x1905,
0x1905,0x1905,0x1905,0x1905,0x0000,0x0020,0xa4b1,0xe6d9,0xef1a,0xa4b1,0xce57,0xdeb8,0xef19,0x0861,0x0862,0x1905,0x1905,0x1905,0x1905,0x1905,0x1905,0x1905,0x1905,0x1905,
0x0000,0x48e3,0x48e3,0x0820,0xd40a,0xba86,0x0821,0x5165,0x6185,0x20a3,0xcd70,0xee73,0x00cc,0x0a11,0x0173,0x48c4,0x9aa8,0xf5af,0xfe71,0xfe50,0xf630,0x008d,0x0170,0x3a4d,
0xbdd7,0xb554,0x0862,0x5104,0x5144,0xbaa6,0xfcea,0x0000,0x38c3,0x30c3,0x0000,0x1905,0x1905,0x1905,0x1905,0x1905,0x1905,0x1905,0x1905,0x1905,0x1925,0x1905,0x1925,0x1925,
0x1925,0x2125,0x2105,0x2105,0x1905,0x1925,0x1905,0x1905,0x1905,0x1905,0x1905,0x1905,0x2125,0x0000,0x2904,0xf79c,0xe6d9,0xf75a,0x944f,0xf75a,0xf75b,0x9c70,0x4208,0x0000,
0x1905,0x1905,0x1925,0x1905,0x1905,0x1905,0x1905,0x1905,0x2125,0x0000,0x0020,0x0820,0xecab,0xc286,0x8246,0x40e4,0x28a3,0xe409,0xf6b4,0xff56,0x00eb,0x0a32,0x0175,0xf695,
0xfeb2,0xfe71,0xfe71,0xfe51,0xf692,0x0008,0x0170,0x530d,0xffbb,0xe6b6,0x2882,0x40c3,0x38a3,0xdb06,0xfed1,0x0000,0x0000,0x0020,0x0862,0x1905,0x1905,0x1905,0x1905,0x1905,
0x1905,0x1905,0x1925,0x1905,0x1925,0x1905,0x1905,0x1925,0x2125,0x2125,0x1925,0x1905,0x1905,0x1905,0x1925,0x1905,0x1905,0x1905,0x1905,0x1905,0x1905,0x0020,0x2904,0xf77c,
0xeef9,0xf77b,0x9cb1,0xf79c,0xf77b,0x7b8d,0x39c7,0x0000,0x1905,0x1905,0x1905,0x1905,0x1925,0x1905,0x1905,0x1905,0x1905,0x0000,0x10c3,0x0020,0xecaa,0xec09,0x40c3,0x4104,
0x30a3,0xcbc8,0xfed4,0xff35,0x3456,0x014d,0x00f1,0xfe73,0xfe72,0xfe72,0xfe51,0xfe51,0xf672,0x014d,0x09cd,0x424b,0xf739,0xf6f7,0xdb28,0x38c3,0x2883,0xe3c8,0xf6f3,0x0000,
0x0841,0x2125,0x1925,0x1905,0x1905,0x1905,0x1905,0x1905,0x1905,0x1925,0x1905,0x1925,0x1905,0x1925,0x1925,0x1925,0x1905,0x1925,0x1905,0x1905,0x1925,0x1905,0x1925,0x1905,
0x1905,0x1905,0x1905,0x1905,0x1905,0x2146,0x0000,0xef1b,0xa4d2,0xe6d9,0xbd94,0x6b2b,0xf75b,0xdeb9,0x83ef,0x0020,0x1905,0x1905,0x1905,0x1905,0x1905,0x1905,0x1905,0x1905,
0x1905,0x1905,0x1925,0x0020,0x1021,0xb2e6,0xec6b,0x7a26,0x30a3,0xf50b,0xfe71,0xff15,0x1cf9,0x14fa,0x0cdc,0xf672,0xfe71,0xfe72,0xfe72,0xfe71,0xf672,0x0c36,0x0499,0x355a,
0xf716,0xff36,0xebca,0x3082,0x5103,0xe367,0xb2c5,0x0000,0x18c4,0x1925,0x1905,0x1905,0x1905,0x1905,0x1905,0x1905,0x1905,0x1905,0x1905,0x1925,0x1925,0x1925,0x1925,0x1905,
0x1905,0x1925,0x1905,0x1905,0x1905,0x1925,0x1925,0x1905,0x1905,0x1905,0x1905,0x1905,0x1905,0x1905,0x0000,0xe6fa,0xbd94,0xef3b,0xad12,0x83ee,0xe71a,0xe6fa,0x8bef,0x0820,
0x1905,0x1905,0x1905,0x1905,0x1905,0x1905,0x1905,0x1905,0x1905,0x1925,0x1905,0x0020,0x0000,0xb368,0xd40a,0x69a5,0x4103,0xfd4c,0xfe71,0xff36,0x2bf6,0x24b7,0x1476,0xfe51,
0xfe71,0xfe72,0xfe72,0xfe51,0xfe71,0x2bd4,0x34b6,0x5453,0xfed4,0xf714,0xbb49,0x5104,0x5103,0xd3a8,0x0000,0x0861,0x1905,0x1925,0x1905,0x1905,0x1905,0x1905,0x1905,0x1905,
0x1905,0x1905,0x1905,0x1905,0x1905,0x1905,0x1905,0x1925,0x1905,0x1905,0x1905,0x1905,0x1905,0x1905,0x1905,0x1905,0x1905,0x1905,0x1905,0x1905,0x1905,0x1905,0x2126,0x0000,
0x51e7,0xffbd,0xf77b,0x8c4f,0x9470,0xe6fa,0xb574,0x5227,0x0862,0x1905,0x1905,0x1905,0x1905,0x1905,0x1925,0x1925,0x1905,0x1905,0x1905,0x18e5,0x1905,0x0821,0x0841,0x20a2,
0x1861,0xd2c7,0xf48c,0xfe72,0xf672,0xf651,0xf651,0xfe70,0xfe71,0xfe92,0xfe92,0xfe51,0xfe71,0xf652,0xf631,0xfe10,0xfd8e,0xf58f,0x2861,0x0800,0x0000,0x0840,0x10a2,0x18e4,
0x2125,0x1905,0x1905,0x1905,0x1905,0x1905,0x1905,0x1905,0x1905,0x1905,0x1905,0x1905,0x1905,0x1905,0x1905,0x1905,0x1905,0x1905,0x1905,0x1905,0x1925,0x1925,0x1925,0x1905,
0x1905,0x1905,0x1905,0x1905,0x1905,0x1905,0x1905,0x0000,0x4166,0xbdb5,0xc5d5,0xef5b,0x8c2f,0xdeb8,0xd677,0xe6f9,0x0000,0x0021,0x1905,0x1905,0x1905,0x1905,0x1925,0x1925,
0x1905,0x1905,0x1905,0x1905,0x1925,0x2146,0x0821,0x0000,0x0000,0x0000,0xb245,0xebea,0xfe92,0xfe2f,0xfe30,0xfe71,0xeced,0xe369,0xeb89,0xfe92,0xfe51,0xfe71,0xfe71,0xfeb2,
0xd2c6,0x9a25,0x0000,0x0000,0x0000,0x0020,0x0000,0x0821,0x0000,0x0841,0x1905,0x1925,0x1905,0x1905,0x1905,0x1905,0x1905,0x1905,0x1905,0x1905,0x1905,0x2105,0x1905,0x1905,
0x1905,0x1905,0x1905,0x1905,0x1925,0x1925,0x1925,0x1925,0x1905,0x1905,0x1905,0x1905,0x1905,0x1905,0x1905,0x0000,0x4186,0xbd95,0xc5b5,0xffdd,0x8c2f,0xd636,0xce16,0xd636,
0x0841,0x0021,0x1905,0x1905,0x1905,0x1905,0x1925,0x1925,0x1925,0x1905,0x1905,0x1905,0x1926,0x0821,0x0000,0x0000,0x2841,0x0000,0x0800,0xfcec,0xfeb2,0xfe90,0xfe2f,0xfe71,
0xf52e,0xebaa,0xf3aa,0xfed3,0xfe50,0xfe30,0xfe0f,0xf52c,0xaa46,0x1800,0x0000,0x1082,0x0841,0x5a49,0x51e8,0x6acb,0x0020,0x0000,0x10a3,0x1925,0x1905,0x1905,0x1905,0x1905,
0x1925,0x1905,0x1905,0x1905,0x1905,0x1905,0x1905,0x1905,0x1905,0x1905,0x1925,0x1905,0x1925,0x1925,0x1925,0x1905,0x1905,0x1905,0x1905,0x1905,0x1905,0x1905,0x1905,0x1905,
0x0000,0x31a6,0xb554,0xde98,0xe6d9,0x83ce,0xe6b9,0xce36,0x0820,0x0821,0x10a3,0x1905,0x1905,0x1905,0x1925,0x1925,0x1925,0x1905,0x1905,0x0000,0x0020,0x39c7,0x5a8a,0x4a08,
0x0000,0x2021,0x3042,0x1020,0x9184,0xb163,0xc162,0xfe50,0xfe72,0xfe51,0xfe51,0xfe51,0xf4ed,0xcac7,0xaa46,0x0820,0x3820,0x4041,0x30a3,0xd637,0xc594,0xc5b5,0xacb2,0x9c50,
0x6aaa,0x3145,0x0000,0x10a2,0x1905,0x1905,0x1905,0x1925,0x1925,0x1905,0x1925,0x1905,0x1905,0x1905,0x1905,0x2105,0x1905,0x1905,0x1925,0x1905,0x1925,0x1925,0x1925,0x1905,
0x1905,0x1905,0x1905,0x1905,0x1905,0x1905,0x1905,0x1905,0x0000,0x2904,0xce37,0xd678,0xde77,0x83ee,0xf75b,0xd657,0x0000,0x0000,0x10a3,0x1925,0x1925,0x1925,0x1925,0x1925,
0x1925,0x1925,0x1925,0x0000,0x0021,0x2945,0x49e7,0x3144,0x0800,0x1800,0x2821,0x2021,0x2041,0x40a1,0x58e2,0xedef,0xf630,0xf5f0,0xf5f0,0xfdf0,0xd4ac,0x8a66,0x61a4,0x0000,
0x4861,0x3821,0x0800,0xa4b1,0xb512,0xcdf5,0xc595,0xb513,0x628a,0x2904,0x0000,0x0862,0x10c3,0x10c4,0x2125,0x2146,0x2146,0x2146,0x2125,0x1925,0x1905,0x1905,0x1905,0x1905,
0x1905,0x1925,0x1925,0x1925,0x1925,0x1905,0x1925,0x1905,0x1905,0x1905,0x1905,0x1905,0x1905,0x1905,0x1905,0x1925,0x1925,0x0000,0x0020,0xde98,0xd657,0x8c0f,0xad33,0xce17,
0xcdf6,0x736d,0x0020,0x2126,0x1925,0x1925,0x1925,0x1925,0x1905,0x1925,0x0020,0x528a,0x528a,0x8bee,0xd616,0x4a08,0x0821,0x7883,0x7883,0xc965,0x8082,0x0800,0x0800,0x58a1,
0x60a1,0x50a1,0x50a1,0x5881,0x3861,0x1020,0x6082,0x8842,0x0020,0x0041,0xd615,0xf77b,0xffdd,0xacd0,0x0861,0x0841,0x18a2,0x18a2,0x18c3,0x0841,0x0861,0x0841,0x0861,0x0841,
0x0841,0x0841,0x0020,0x1082,0x1905,0x1905,0x1905,0x1905,0x1905,0x1905,0x1925,0x1925,0x1925,0x1925,0x1905,0x1905,0x1905,0x1905,0x1905,0x1905,0x1905,0x1905,0x1905,0x1925,
0x1925,0x2146,0x0020,0xde78,0xd657,0xb554,0x9470,0xce37,0xc5d6,0x9cb1,0x0000,0x10a3,0x1926,0x1925,0x1926,0x1925,0x18e4,0x0021,0x2924,0x83ce,0x83ae,0x940f,0xc5b4,0x6b2b,
0x0841,0x6842,0x6883,0xa0e4,0x90c2,0x98e2,0x98e3,0xb123,0xc184,0xc164,0xb923,0xa0e3,0x90a2,0x98e3,0x6861,0x5041,0x1083,0x1082,0xde57,0xd635,0xf759,0x41e7,0x2945,0x4208,
0xad33,0xa533,0xb574,0xc5f6,0xbdf6,0xb574,0xad53,0x9cb1,0x944f,0x9450,0x3145,0x2904,0x1082,0x1905,0x1905,0x1925,0x1925,0x1905,0x1925,0x1925,0x1925,0x1925,0x1925,0x1905,
0x1905,0x1905,0x1905,0x1905,0x1905,0x1905,0x1905,0x1905,0x1905,0x1925,0x0020,0xd678,0xd657,0xce37,0x7bce,0xce17,0xbd95,0xbd95,0x0841,0x0000,0x2166,0x1925,0x1926,0x2146,
0x0882,0x0000,0x41e7,0xb533,0xde77,0x83ae,0x93ee,0x942f,0x0020,0x88a3,0x90a3,0x3841,0x8082,0xb8e3,0x6841,0xd963,0xe9c4,0xe183,0xd943,0x8062,0x7882,0x5062,0x7862,0x4862,
0x1883,0x0841,0xc593,0xcdf4,0xef18,0x0841,0x2945,0x2925,0xe71a,0xe6d8,0xeef9,0xa4f1,0xb553,0x9cb1,0xa4d2,0x734c,0x734c,0x7b6d,0x3966,0x3986,0x0020,0x0000,0x1905,0x1905,
0x1905,0x1925,0x1925,0x1925,0x1905,0x1905,0x1925,0x1905,0x1905,0x1905,0x1905,0x1905,0x1925,0x1905,0x1905,0x1905,0x1905,0x1904,0x0000,0x3966,0x3125,0xce37,0xbdd5,0x7b8d,
0xbd74,0xb533,0xce37,0x0000,0x2987,0x18e4,0x0020,0x0020,0x0000,0x2945,0x6b0c,0x6b0c,0x732c,0x8bce,0x5a8a,0x41a6,0xb490,0x3821,0x3021,0xb903,0x98c2,0x6082,0xc103,0xc903,
0xc923,0xc923,0x7862,0x88a3,0x78a2,0x5841,0x6042,0x4042,0x5249,0x3145,0x3965,0x0020,0x0861,0xb553,0xfffd,0xffdd,0xacb1,0x7b2b,0x30c3,0x38c3,0x3924,0x4146,0x3925,0x30e4,
0x30c4,0x30c4,0x9410,0x8bcf,0x4a08,0x41c6,0x0020,0x1925,0x1925,0x2125,0x1905,0x1905,0x1925,0x1925,0x1925,0x1925,0x1905,0x1905,0x1905,0x1905,0x1905,0x1925,0x1905,0x1905,
0x1905,0x18e5,0x0000,0x49a8,0x49c8,0xce37,0xad33,0x7bad,0xbd94,0xb554,0xc5f6,0x0020,0x2986,0x18c3,0x0000,0x0000,0x0000,0x3985,0x6b4d,0x6b2c,0x6b2c,0x9c70,0x5a6a,0x3145,
0x9c30,0x1021,0x1021,0xc882,0xb082,0x90a2,0xb902,0xc103,0xb903,0xa0c2,0x78a2,0x90a3,0xa0c3,0xb8e4,0x4802,0x3801,0x5208,0x49e8,0x5248,0x0821,0x0020,0x942f,0xef3a,0xeef9,
0xb4d1,0xa40d,0x59a7,0x51a7,0x51e7,0x51c8,0x49c7,0x4125,0x4125,0x4125,0x8bcf,0x836d,0x4a08,0x4a28,0x0000,0x1925,0x1925,0x1905,0x1905,0x1905,0x1905,0x1925,0x1925,0x1905,
0x1905,0x1905,0x1905,0x1905,0x1905,0x1905,0x1905,0x1905,0x1905,0x1905,0x1925,0x0821,0x28e4,0xcdf6,0xbd95,0x7b6d,0x7b8d,0xc595,0xc594,0x0861,0x0841,0x20a1,0xdca3,0xa323,
0x0000,0x1040,0x1882,0xc594,0xffdc,0x7b6d,0x730c,0x62aa,0x0000,0x41c7,0x5a6a,0x1020,0x58a2,0xb0e3,0xd943,0xe163,0xd943,0xd164,0xe1a4,0x9062,0x78c2,0x40a2,0x0000,0x1882,
0x0821,0x28c3,0x2904,0x4a08,0x3966,0xe677,0x9c0e,0xb46e,0x49e7,0x5208,0x8b29,0x9328,0x9b67,0x9308,0x9b48,0x69e6,0x6144,0x6945,0x4925,0x4125,0x732c,0x7b8d,0x0000,0x1905,
0x1905,0x1905,0x1905,0x1905,0x1905,0x1905,0x1905,0x39e7,0x1905,0x1905,0x1905,0x1905,0x1905,0x1905,0x1905,0x1905,0x1905,0x1905,0x2126,0x0020,0x20e4,0xcdd6,0xc5f6,0x7b8d,
0x734c,0xb573,0xc593,0x1081,0x0000,0x30e2,0xf585,0xb3a4,0x0000,0x0820,0x3144,0x8bce,0xacd2,0xa471,0x7b4d,0x5a6a,0x0000,0x526a,0x62ab,0x0000,0x2841,0xa8c3,0xe923,0xe163,
0xe143,0xd944,0xf1a4,0xc0a3,0x6882,0x0800,0x628a,0x8b8d,0x0000,0x1041,0x28e3,0x5249,0x41c7,0xe698,0x9c4e,0xac4d,0x4186,0x49c7,0x8b4a,0x8b29,0x9368,0x7a47,0x8266,0x61e6,
0x5165,0x5945,0x5165,0x4966,0x7b4d,0x7b8d,0x0000,0x1905,0x1905,0x1905,0x1905,0x1905,0x1905,0x1905,0x1925,0x4208,0x1905,0x1905,0x1905,0x1905,0x1905,0x1905,0x1905,0x1905,
0x1905,0x1925,0x1905,0x1925,0x0000,0x630c,0x83ef,0x9470,0xcc88,0xfda9,0x5a68,0x6224,0xf60c,0xf5eb,0xcba3,0xc3a3,0x0000,0x0000,0x0820,0x1061,0x0000,0x3124,0x4145,0x0021,
0x0821,0x7bae,0x7b6d,0xf79d,0x7bce,0x1061,0x48a2,0x5061,0x4821,0x4841,0x5041,0x2862,0x3145,0x4a07,0x8bee,0x83ce,0x6208,0x30e4,0x0020,0x526a,0x49e8,0xdeb8,0x72ea,0x4964,
0x8b09,0x934a,0x830a,0x6a89,0x41c6,0xfed0,0xffb3,0x3105,0x69e7,0x69e7,0x4104,0x38c4,0x732c,0x736d,0x0000,0x1905,0x1905,0x1905,0x1905,0x1905,0x1905,0x1925,0x1925,0x39e7,
0x1905,0x1905,0x1905,0x1905,0x1905,0x1905,0x1905,0x1905,0x1905,0x1925,0x1925,0x18e4,0x10a3,0x18c3,0x4164,0x61c4,0xff72,0xfed0,0xcca9,0xfdea,0xcbe6,0x7a44,0x4122,0x1020,
0x1061,0x9c70,0x8bee,0x5144,0x79e5,0x2082,0x38e4,0x0021,0x0021,0xa4b2,0xa491,0xb533,0xce16,0xd699,0x6b0a,0xc5d6,0xbd53,0xc594,0x7b0a,0xc554,0xe6da,0x942f,0xacf2,0x6aeb,
0x4146,0x3925,0x0000,0x526a,0x41e8,0xde98,0x6aa9,0x5985,0xfef0,0xfe6f,0x8ae9,0x3986,0xa44c,0xf62d,0xff31,0x3946,0x7226,0xcc26,0x61c5,0x30a3,0x732c,0x734d,0x0000,0x1905,
0x1905,0x1905,0x1905,0x1905,0x1925,0x1925,0x1925,0x3a07,0x1905,0x1905,0x1905,0x1905,0x1905,0x1905,0x1905,0x1905,0x1925,0x1925,0x0000,0x0041,0x1082,0x0000,0x2881,0x6122,
0xffb3,0xff72,0xf507,0xfda8,0xbb45,0x4102,0x0801,0x0000,0x28e3,0x72ea,0x9c0f,0x30a1,0x89e5,0x1841,0x40a3,0x0000,0x0020,0xacb2,0xad12,0xa491,0xc5d5,0xf75b,0x5a48,0xef1b,
0xe6d9,0xe6d9,0x93ee,0x93ee,0xff9c,0x8c0f,0xad32,0x62cb,0x3945,0x28e4,0x0000,0x5249,0x4a29,0xd657,0x6a88,0x61a5,0xfe6d,0xfece,0x7247,0x20c4,0x9beb,0xfe4c,0xff90,0x28c4,
0x6a46,0xdc86,0x5964,0x3083,0x730b,0x736d,0x0000,0x1905,0x1905,0x1905,0x1905,0x1925,0x1925,0x1925,0x1925,0x1905,0x1905,0x1905,0x1905,0x1905,0x1905,0x1905,0x1905,0x1905,
0x0041,0x0020,0xeda8,0x2060,0x0000,0xff4e,0xff2f,0xf589,0xdc05,0xdbe5,0xfe6c,0xa284,0x0820,0x2061,0x1840,0x93cd,0x834d,0xef3b,0x5249,0x7b6c,0x6164,0x81e5,0x2041,0x0000,
0x0000,0x5a6a,0x49e8,0xb554,0xa4d2,0xb533,0x0821,0x5248,0x41e7,0x41e7,0x2924,0x0820,0x83ce,0xde97,0x8c0f,0x83ae,0x3946,0x3966,0x0000,0x4a29,0x4a08,0xd637,0x6a88,0x5984,
0xfe0b,0xf56a,0xfe2d,0xf62d,0xfdec,0xfdaa,0xf528,0xe4a8,0xe4e8,0xe4c6,0x5984,0x3083,0x6aeb,0x736d,0x0000,0x1905,0x1905,0x1905,0x1905,0x1925,0x1925,0x1925,0x1905,0x1905,
0x1905,0x1905,0x1905,0x1905,0x1905,0x1925,0x1905,0x1925,0x0020,0x0000,0x7a01,0xdcc7,0xdcc8,0xc323,0x8a02,0xab05,0x5183,0x5142,0x7a64,0x5122,0x4102,0x5144,0x5984,0x3964,
0x93ee,0x940e,0x9c50,0x62ca,0x5964,0x6124,0x2082,0x0000,0x0000,0x5a6b,0x3968,0x9410,0x524a,0x39c6,0xbd30,0xb531,0xacb0,0x9c4f,0x83ce,0x51e6,0x41c6,0x6aaa,0x7b6d,0x5a4a,
0x41a8,0x3945,0x0000,0x41e8,0x49e8,0xce37,0x6a68,0x5164,0xbc08,0xaba8,0xfe6f,0x5a08,0x6267,0xfeee,0xfeee,0x49a5,0x82c5,0xbba5,0x5164,0x3083,0x6aeb,0x736d,0x0000,0x1905,
0x1905,0x1905,0x1925,0x1905,0x1925,0x1905,0x1905,0x1905,0x1905,0x1905,0x1905,0x1905,0x1905,0x1905,0x1905,0x1905,0x0041,0x0000,0x8222,0xe4e8,0xed08,0xb325,0x6162,0x48e1,
0x0800,0x0820,0x1861,0x1860,0xd366,0xfdd0,0xed6e,0x3123,0x8b6c,0x8bad,0x940e,0x62ca,0x4924,0x40a3,0x0000,0x0000,0x0000,0x49c9,0x3947,0x6a8c,0x5209,0x28e2,0xac0a,0xff58,
0xff17,0xff37,0xffdb,0xb46c,0x1041,0x6248,0x5a49,0x41c8,0x41a7,0x3986,0x0000,0x41e8,0x41e8,0xd657,0x72c9,0x5165,0x8b4b,0x8b09,0xfe90,0x2127,0x2987,0xfeee,0xfeee,0x10a4,
0x59c4,0xbba5,0x4924,0x30a3,0x730c,0x734d,0x0000,0x1905,0x1905,0x1905,0x1905,0x1905,0x1905,0x1905,0x1925,0x1925,0x1905,0x1905,0x1905,0x1905,0x1905,0x1905,0x1905,0x1905,
0x1925,0x2125,0x0000,0xbae3,0xbac2,0x0822,0x0000,0x0000,0x7163,0xbc2b,0xf652,0xfe10,0x0820,0xc3c9,0xeccb,0x2881,0x20a3,0x9c91,0x3125,0x3966,0x1883,0x0800,0x2042,0x0000,
0x0800,0x48e3,0x1821,0x1841,0x0821,0x0000,0xeed7,0x5943,0x8224,0x8a64,0x5922,0xf77a,0x2060,0x38e2,0x0000,0x1021,0x1041,0x1041,0x0000,0x4a08,0x4a09,0xce16,0x72ca,0x5185,
0x832a,0x7ac8,0xf5ab,0x2948,0x2967,0xff0f,0xfecd,0x18c5,0x3945,0xb325,0x5965,0x38c4,0x732c,0x734c,0x0000,0x1905,0x1905,0x1905,0x1905,0x1905,0x1905,0x1905,0x1905,0x1925,
0x1905,0x1905,0x1905,0x1905,0x1905,0x1905,0x1905,0x1925,0x1905,0x1905,0x0000,0x0000,0x0000,0x0021,0x0000,0x0000,0x7984,0xc42c,0xff14,0xc2a5,0x0000,0x9205,0xe387,0x1001,
0x28e4,0xa4d3,0x41c7,0x3986,0x1862,0x0000,0x1841,0x0000,0x0820,0x5143,0x4903,0x9205,0x28a2,0x0000,0xf716,0x50c1,0x9a64,0x9a83,0x60e1,0xffba,0x1840,0x2061,0x8204,0x79a4,
0x6123,0x40e2,0x0000,0x4a29,0x4a08,0xc616,0x6aa9,0x5185,0x832a,0x7ac8,0xf5ca,0x20e6,0x18e5,0xff2d,0xff0d,0x2105,0x3145,0xb345,0x5965,0x38e4,0x730c,0x734c,0x0000,0x18e5,
0x1905,0x1905,0x1925,0x1905,0x1905,0x1905,0x1905,0x1925,0x1905,0x1905,0x1905,0x1905,0x1905,0x1905,0x1905,0x1905,0x1905,0x1905,0x1905,0x1925,0x1925,0x1925,0x1926,0x10a3,
0x7143,0xbc0b,0xfccc,0xff36,0xa143,0x60e3,0x40c3,0x38e4,0x3946,0x28e5,0x20c3,0x0000,0x1862,0x2042,0x0000,0x0000,0x0000,0x28a3,0x1861,0x7184,0x2081,0x0820,0xddcf,0x2840,
0x3881,0x40c2,0x1020,0xedf0,0x1841,0x3081,0x9266,0x7a05,0x38c2,0x1040,0x0000,0x41e8,0x4a09,0xc5d5,0x6289,0x4964,0x7b0a,0x9328,0xd3c5,0xc46a,0xdcea,0xdcc8,0xdcc7,0x8287,
0x8a65,0xa2e5,0x5145,0x38e4,0x732c,0x6b2c,0x0000,0x18e5,0x1905,0x1905,0x1905,0x1905,0x1905,0x1905,0x1905,0x1905,0x1905,0x1905,0x1905,0x1905,0x1905,0x1905,0x1905,0x1905,
0x1905,0x1905,0x1905,0x1905,0x1905,0x1925,0x1925,0x08a3,0x48e2,0xa369,0xf4ed,0xfef5,0xb206,0x5923,0x1841,0x2061,0x4166,0x0821,0x0000,0x0801,0x2062,0x2863,0x0000,0x0841,
0x1042,0x0020,0x0020,0x0000,0x1062,0x0000,0xcd6f,0xf75b,0xeef9,0xeed8,0xf6f8,0xac4e,0x1020,0x1041,0x0820,0x0020,0x0841,0x1061,0x0000,0x4a09,0x4a09,0xc5d5,0x6268,0x4144,
0x72ea,0x8b08,0xab05,0xbbc7,0xc447,0xc447,0xe507,0x92a6,0x81e4,0x9244,0x4945,0x30e4,0x730c,0x732c,0x0000,0x1905,0x1905,0x1905,0x1905,0x1905,0x1905,0x1905,0x1905,0x1905,
0x1905,0x1905,0x1905,0x1905,0x1905,0x1905,0x1905,0x1905,0x1905,0x1905,0x1905,0x1905,0x1905,0x1925,0x1925,0x1925,0x0000,0x1861,0xa224,0xe44b,0xfd2f,0x7a67,0x0820,0x0000,
0x0800,0x0800,0x0821,0x2062,0x2883,0x3083,0x0800,0x30e4,0x38e4,0x6208,0x6a69,0x1882,0xac90,0x0000,0x0840,0x1061,0x1881,0x1061,0x1041,0x1041,0x0000,0x0020,0xa470,0x5a69,
0x3145,0x2925,0x0000,0x4a09,0x4a09,0xb553,0x6288,0x4144,0x72ca,0x7aea,0x7ac9,0x5207,0x41a6,0xf62a,0xfe49,0x79e5,0x71a4,0x6185,0x3105,0x30e4,0x730c,0x734c,0x0000,0x1905,
0x1905,0x1925,0x1905,0x1905,0x1905,0x1925,0x1905,0x1925,0x1905,0x1905,0x1905,0x1905,0x1905,0x1905,0x1905,0x1905,0x1925,0x1905,0x1905,0x1905,0x1905,0x1905,0x1925,0x1925,
0x2146,0x18e5,0x0000,0x0000,0x1000,0x38c1,0x7204,0x1840,0x30a3,0x2883,0x2862,0x2883,0x1041,0x0820,0x0000,0x0000,0x0000,0x51c6,0x28a2,0xfe72,0x1841,0x0000,0xbd74,0x9450,
0xa491,0xa4b1,0x7b8d,0x8bef,0x6268,0x0841,0x8b8a,0xbd53,0x8bcf,0x62cb,0x0000,0x3146,0x2905,0x8bef,0x5a27,0x4944,0x5207,0x5208,0x72ca,0x6a68,0xc3a4,0xa304,0xbb84,0x5166,
0x5987,0x4966,0x30e5,0x30e4,0x730c,0x734c,0x0000,0x1905,0x1905,0x1905,0x1905,0x1905,0x1905,0x1905,0x1905,0x1905,0x1905,0x1905,0x1905,0x1905,0x1905,0x1905,0x1905,0x1905,
0x1905,0x1905,0x1905,0x1905,0x1905,0x1905,0x1925,0x1925,0x1925,0x1905,0x0000,0x0000,0x2060,0x3902,0x7a44,0x0820,0x2882,0x2862,0x2883,0x3083,0x0821,0x0020,0x0020,0x0000,
0x0841,0x1041,0x0820,0xe5b0,0x0000,0x0000,0xb512,0x8c0f,0x9471,0x9c91,0x6b2c,0x8bce,0x59e7,0x30a2,0x7b8b,0xcdb4,0x7b0d,0x6aec,0x0020,0x3146,0x2925,0x8bef,0x6268,0x5945,
0x5a08,0x5208,0x6289,0x7267,0xcb43,0xbb23,0xc363,0x5147,0x5987,0x5187,0x28c4,0x28c4,0x6acb,0x732c,0x0000,0x1905,0x1905,0x1905,0x1905,0x1905,0x1905,0x1905,0x1905,0x1925,
0x1905,0x1905,0x1905,0x1905,0x1905,0x1905,0x1905,0x1905,0x1905,0x1905,0x1905,0x1905,0x1905,0x1905,0x1905,0x1905,0x1925,0x1925,0x1905,0x0000,0x9a03,0xd486,0xf6ee,0x79c0,
0x0000,0x2883,0x3083,0x0820,0x18a2,0x2904,0xe6d8,0xf77a,0xf77b,0x8bec,0x9450,0x18c3,0x0821,0x0000,0x4985,0xc593,0xb573,0xd656,0xbd72,0x5a89,0x4186,0x5184,0x1041,0x1061,
0x0821,0x1862,0x1883,0x0821,0x0000,0x4a29,0x8c0f,0xbdb5,0x4145,0x49c7,0x5208,0x5a28,0x5a49,0x4186,0x4166,0x5167,0x4146,0x28c4,0x8bef,0x83ae,0x4187,0x3146,0x0020,0x1905,
0x1905,0x1905,0x1905,0x1905,0x1905,0x1905,0x1905,0x1905,0x1905,0x1905,0x1905,0x1905,0x1905,0x1905,0x1905,0x1905,0x1905,0x1905,0x1905,0x1905,0x1905,0x1905,0x1905,0x1905,
0x1905,0x1905,0x1905,0x0000,0x9a23,0xbba4,0xf72d,0x6161,0x0000,0x28a3,0x30a4,0x0000,0x1882,0x20c3,0xf77a,0xff9b,0xff9c,0x83cd,0xa4d1,0x0820,0x0820,0x0000,0x3123,0xce15,
0xd656,0xdeb7,0xc5b3,0x6aca,0x3145,0x0820,0x1861,0x0000,0xff9c,0xf77b,0x3146,0x0000,0x0000,0x5249,0x8c0f,0xcdf7,0x28c3,0x3945,0x5208,0x5a28,0x5a49,0x4987,0x4186,0x4967,
0x3925,0x20a3,0x9410,0x83ae,0x4187,0x3966,0x0020,0x1925,0x1905,0x1925,0x1905,0x1905,0x1905,0x1905,0x1905,0x1925,0x1905,0x1905,0x1905,0x1905,0x1905,0x1905,0x1905,0x1905,
0x1905,0x1905,0x1905,0x1905,0x1905,0x1905,0x1905,0x1905,0x1905,0x1905,0x1905,0x1905,0x0000,0x0840,0x28a1,0x0000,0x18e4,0x20e5,0x2905,0x0000,0x83ae,0x8bae,0x9c90,0xf759,
0xef18,0xef18,0xcdf5,0xacb1,0x1882,0x18e3,0x0020,0x0820,0x0840,0x0840,0x0820,0x0020,0x3968,0x28c5,0xcdd4,0xcdf4,0xf77a,0xef39,0xcdf5,0x0841,0x18a2,0x0020,0x62aa,0x732c,
0xbd53,0xbd12,0x49a6,0x5a08,0x5a28,0x4966,0x4986,0x28a3,0x62ab,0x83cf,0x5a89,0x5228,0x0020,0x0000,0x1905,0x1905,0x1905,0x1905,0x1905,0x1905,0x1905,0x1905,0x1905,0x1905,
0x1905,0x1905,0x1905,0x1905,0x1905,0x1905,0x1905,0x1905,0x1905,0x1905,0x1905,0x1905,0x1905,0x1905,0x1905,0x1905,0x1905,0x1905,0x1905,0x1905,0x0041,0x0020,0x0000,0x1083,
0x1905,0x18e5,0x18e5,0x0000,0x7b6d,0x838e,0xa491,0xf779,0xf739,0xc592,0xc573,0xacd2,0x2062,0x28c3,0x1041,0x0000,0x0000,0x0000,0x0000,0x0000,0x3967,0x28c5,0xc593,0xd5f5,
0xef39,0xf79a,0xce15,0x0821,0x20c3,0x0000,0x5aaa,0x5aab,0xa470,0xacd1,0x6269,0x51c7,0x6208,0x4966,0x4166,0x30e4,0x5a6a,0x83ae,0x49e8,0x3165,0x0001,0x0041,0x1905,0x1905,
0x1905,0x1905,0x1905,0x1905,0x1905,0x1905,0x1905,0x1905,0x1905,0x1905,0x1905,0x1905,0x1905,0x1905,0x1905,0x1905,0x1905,0x1905,0x1905,0x1905,0x1905,0x1905,0x1905,0x1905,
0x1905,0x1905,0x1905,0x1905,0x1905,0x18e5,0x18e4,0x18e5,0x18e5,0x18e5,0x18e5,0x0000,0x20a4,0x3146,0x730c,0xbd53,0xb512,0xa470,0x730c,0x730c,0x48a2,0x6104,0x48e3,0x0000,
0x0821,0x1842,0x0820,0x0000,0x3105,0x49e9,0x4187,0xde76,0xc5d4,0xbd73,0xad11,0x7b0c,0x8bad,0x4106,0x0020,0x0020,0x5269,0x5a69,0x9c50,0x6289,0x6aa9,0x30e4,0x30c3,0x838e,
0x628a,0x4186,0x18c3,0x0000,0x1905,0x10e5,0x1905,0x1905,0x1905,0x1905,0x1905,0x1905,0x1905,0x1905,0x1905,0x1905,0x1905,0x1905,0x1905,0x1905,0x1905,0x1905,0x1905,0x1905,
0x1905,0x1905,0x1905,0x1905,0x1905,0x1905,0x1905,0x1905,0x1905,0x1905,0x1905,0x1905,0x1905,0x1905,0x1905,0x18e5,0x18e5,0x18e4,0x10c4,0x1905,0x0021,0x0821,0x28e4,0xacd1,
0xacb1,0x6aec,0x6acb,0x1062,0x3945,0x2905,0x20c3,0x0000,0x0821,0x1862,0x1042,0x1041,0x0000,0x3946,0x3105,0x5a49,0x8bef,0x9c70,0xbd52,0x28e4,0x41c7,0x0821,0x0021,0x0000,
0x0821,0x1042,0x3187,0xa4d2,0xad13,0x6b2c,0x83ce,0x41c8,0x18a3,0x0000,0x1082,0x1946,0x1905,0x1905,0x1905,0x1905,0x1905,0x1905,0x1905,0x1905,0x1905,0x1905,0x1905,0x1905,
0x1905,0x1905,0x1905,0x1905,0x1905,0x1925,0x1905,0x1905,0x1905,0x1905,0x1905,0x1905,0x1905,0x1905,0x1905,0x1905,0x1905,0x1905,0x1905,0x1905,0x1905,0x1905,0x1905,0x18e5,
0x18e4,0x18e4,0x10e4,0x18e4,0x0820,0x0800,0x18a3,0x18c3,0x1042,0x49c7,0x5228,0x1882,0x626a,0x2945,0x20e4,0x0000,0x1041,0x1842,0x1042,0x1041,0x0000,0x4166,0x4146,0x4187,
0x83cf,0x734e,0x5a8b,0x4a08,0x49c7,0x3945,0x0000,0x0000,0x0000,0x0020,0x41e8,0x732c,0x738e,0x838e,0x9430,0x522a,0x3166,0x0000,0x1083,0x1905,0x1905,0x1905,0x1905,0x1905,
0x1905,0x1905,0x1905,0x1905,0x1905,0x1925,0x1905,0x1905,0x1905,0x1905,0x1905,0x1905,0x1925,0x1905,0x1905,0x1905,0x1925,0x1905,0x1905,0x1905,0x1905,0x1905,0x1905,0x1905,
0x1905,0x1905,0x1905,0x1905,0x18e5,0x18e5,0x18e4,0x18e5,0x10e4,0x1105,0x0000,0x0000,0x0820,0x5964,0x5145,0x5165,0x5985,0x5985,0x5164,0x38c3,0x40c4,0x0040,0x0020,0x0863,
0x0062,0x0062,0x0062,0x0063,0x0041,0x0020,0x28e4,0x28c4,0x1862,0x3903,0x38e3,0x40e3,0x38e3,0x0000,0x0000,0x0000,0x0862,0x0862,0x0801,0x5229,0x41c7,0x41c7,0x5a6a,0x0000,
0x0041,0x1904,0x1905,0x1905,0x1905,0x1905,0x1905,0x1905,0x1905,0x1905,0x1905,0x1905,0x1905,0x1925,0x1905,0x1925,0x1905,0x1905,0x1905,0x1905,0x1925,0x1905,0x1905,0x1905,
0x1925,0x1905,0x1905,0x1905,0x1905,0x1905,0x1905,0x1905,0x1905,0x1905,0x1905,0x18e5,0x1905,0x18e4,0x1905,0x18e5,0x1905,0x0000,0x0000,0x0000,0x0020,0x6164,0x5165,0x5185,
0x5145,0x5986,0x5985,0x30a3,0x38a3,0x0020,0x0840,0x0863,0x0062,0x0062,0x0883,0x0883,0x0021,0x0020,0x28e4,0x20a3,0x2062,0x30c2,0x1861,0x1861,0x1861,0x2881,0x0000,0x0000,
0x0000,0x0883,0x0862,0x0000,0x0000,0x0000,0x0001,0x0000,0x0841,0x10e4,0x18e5,0x1905,0x1905,0x1905,0x1905,0x1905,0x1905,0x1905,0x1905,0x1905,0x1905,0x1905,0x1905,0x1905,
0x1905,0x1905,0x1905,0x1905,0x1905,0x1925,0x1905,0x1905,0x1905,0x1905,0x1905,0x1905,0x1905,0x1905,0x1905,0x1905,0x1905,0x1905,0x1905,0x18e5,0x18e5,0x10e4,0x10c4,0x08c4,
0x08c4,0x0020,0x0800,0x6983,0xcc49,0xaae5,0xa306,0x92c6,0x71c6,0x4965,0x5165,0x4105,0x38a3,0x0000,0x0000,0x0863,0x0062,0x0062,0x0883,0x0883,0x0082,0x0020,0x1882,0x38c4,
0x4925,0x5165,0xa367,0xcc89,0xcc89,0x9ac6,0x69c3,0x5942,0x0000,0x0020,0x08c4,0x10c4,0x08a3,0x08a3,0x08a3,0x10e4,0x10e4,0x18e5,0x1905,0x1905,0x1905,0x1905,0x18e5,0x18e5,
0x1905,0x1905,0x1905,0x1905,0x1905,0x1925,0x1925,0x1905,0x1905,0x1905,0x10e5,0x1905,0x1905,0x1925,0x1925,0x1905,0x1925,0x1925,0x1925,0x1925,0x1905,0x1105,0x1905,0x1905,
0x1905,0x1905,0x1904,0x1904,0x18e4,0x10e4,0x08c4,0x08c4,0x08c4,0x0020,0x0000,0x6184,0x92e5,0xb3e8,0x9347,0x82a5,0x61e5,0x3904,0x4145,0x3104,0x30a3,0x0000,0x0000,0x0062,
0x0041,0x0862,0x0883,0x0082,0x0082,0x0020,0x1882,0x3904,0x3904,0x4965,0x9b26,0xb3c7,0xb3e7,0x8285,0x7a45,0x5983,0x0000,0x0000,0x10c4,0x10e4,0x10c4,0x10c4,0x10c4,0x10c4,
0x1104,0x1925,0x1905,0x1905,0x1905,0x1905,0x1105,0x1905,0x1905,0x1905,0x1905,0x1905,0x1905,0x1925,0x1925,0x1925,0x0000,0x0020,0x0020,0x0000,0x0000,0x0020,0x0020,0x0020,
0x0020,0x0000,0x0020,0x0020,0x0020,0x0000,0x0020,0x0020,0x0020,0x0020,0x0020,0x0020,0x0020,0x0020,0x0020,0x0020,0x0020,0x0020,0x0000,0x0020,0x0020,0x0820,0x0820,0x0020,
0x0020,0x0020,0x0820,0x0020,0x0000,0x0000,0x0000,0x0000,0x0000,0x0020,0x0020,0x0020,0x0000,0x0000,0x0020,0x0020,0x0000,0x0000,0x0020,0x0820,0x0820,0x0020,0x0020,0x0020,
0x0000,0x0000,0x0020,0x0020,0x0020,0x0020,0x0000,0x0020,0x0020,0x0020,0x0020,0x0020,0x0020,0x0020,0x0020,0x0020,0x0020,0x0020,0x0020,0x0020,0x0020,0x0020,0x0020,0x0020,
};
const uint16_t art_explore[28800] = {
0x1144,0x1123,0x10e2,0x1102,0x1102,0x1123,0x1123,0x2184,0x39c5,0x2985,0x29a5,0x31a5,0x31a5,0x49e6,0x41c5,0x39c5,0x49c6,0x49e6,0x41c5,0x5206,0x49e6,0x5227,0x5207,0x4246,
0x3ac7,0x3ac7,0x4368,0x4347,0x3aa7,0x3286,0x2a26,0x1164,0x1184,0x1184,0x11a5,0x11c5,0x11e5,0x11c5,0x11e5,0x1a05,0x11c5,0x1184,0x1184,0x1184,0x1184,0x1184,0x1184,0x1184,
0x1184,0x1184,0x1184,0x1184,0x1184,0x1184,0x1184,0x11a4,0x11a4,0x1144,0x1904,0x1904,0x1144,0x1984,0x1904,0x19a5,0x1a05,0x11c5,0x1a05,0x2a66,0x19e5,0x1a66,0x2b09,0x2ac8,
0x1a26,0x1a25,0x2a67,0x43ab,0x338a,0x2b29,0x336a,0x2b49,0x3bcb,0x542e,0x3b4a,0x32e8,0x2b08,0x338a,0x22e7,0x2b49,0x43ec,0x4c0d,0x542e,0x4bec,0x2b49,0x1ae7,0x2308,0x2307,
0x1a86,0x2b08,0x2b29,0x22c7,0x43ab,0x538b,0x5b09,0x5b09,0x62e9,0x52c8,0x3ac8,0x1924,0x1904,0x29a6,0x22e7,0x22e7,0x4bca,0x75b1,0x5cce,0x2328,0x2308,0x1ae7,0x2307,0x33a8,
0x2b88,0x2307,0x1ac7,0x1ae7,0x22e7,0x1904,0x19e5,0x1aa6,0x1a25,0x1964,0x1904,0x1964,0x21a6,0x29c7,0x2ae9,0x5309,0x3b88,0x2b88,0x2b88,0x2327,0x2308,0x2b68,0x2b88,0x2ba8,
0x2b68,0x2b48,0x1ac7,0x1a86,0x1aa6,0x1ac7,0x2328,0x2ba8,0x2b68,0x2b68,0x2b68,0x2b68,0x2348,0x33c8,0x33a8,0x2ba8,0x33c9,0x548d,0x4c4c,0x95d4,0xa656,0x8dd4,0x5c8f,0x6cf1,
0x85f3,0x9e55,0xc739,0xae97,0xae76,0xae76,0x6d31,0x6510,0x6551,0x6dd2,0x8df4,0x21a6,0x436b,0x5cf0,0x5c8f,0xb697,0x5b4c,0x1904,0x2145,0xb656,0xe7fc,0xbed8,0x10a2,0x63ad,
0x63ad,0x4269,0x744f,0x5b2c,0x7450,0x2a08,0x21e6,0x21e7,0x2a07,0x29c7,0x21c7,0x21a6,0x1144,0x2186,0x21c7,0x1925,0x1945,0x2a08,0x1985,0x08a1,0x08e2,0x1945,0x08e2,0x2186,
0x1104,0x10e4,0x10e4,0x10e4,0x10e3,0x08c3,0x10c3,0x10e4,0x10e4,0x10e4,0x10e3,0x08e2,0x10e4,0x1103,0x0922,0x10e3,0x08e2,0x08e1,0x08e2,0x10e3,0x10e3,0x10e4,0x10e4,0x10e3,
0x1144,0x1144,0x1102,0x1102,0x1102,0x1123,0x1103,0x2143,0x31a5,0x2184,0x2984,0x2984,0x39c5,0x39c5,0x39a5,0x3185,0x49e6,0x51e6,0x5206,0x6288,0x49e6,0x49e6,0x51e6,0x3aa7,
0x3ac7,0x4347,0x43a8,0x4388,0x3ac7,0x19c5,0x2225,0x19c5,0x1164,0x1184,0x11e5,0x1a05,0x39c6,0x3206,0x1205,0x1a05,0x1a05,0x11a4,0x11a5,0x1184,0x1184,0x1184,0x1184,0x11c5,
0x11a5,0x1184,0x1164,0x19a4,0x19c5,0x1184,0x1184,0x1184,0x1984,0x1904,0x1944,0x1164,0x1924,0x1904,0x18e4,0x1924,0x1a05,0x1a25,0x1a05,0x1985,0x19e5,0x1a05,0x19e5,0x19e5,
0x1a05,0x1a05,0x19e5,0x11e5,0x2308,0x3369,0x43ec,0x43ec,0x3bab,0x4c2e,0x53ac,0x42c8,0x3b4a,0x6490,0x542d,0x338a,0x3bcb,0x542d,0x43cb,0x5c4e,0x544e,0x2b28,0x22e7,0x1ac7,
0x1aa6,0x2b08,0x334a,0x1a86,0x334a,0x542e,0x538b,0x52c8,0x5b09,0x4ae9,0x43ca,0x2308,0x1a06,0x2145,0x1ac7,0x3b08,0x6b8b,0x3288,0x1a26,0x2307,0x2308,0x22e7,0x2348,0x33a8,
0x33a8,0x2b88,0x2308,0x22e7,0x1ac7,0x1964,0x18e3,0x1985,0x1904,0x2185,0x648e,0x4c4c,0x2268,0x2a07,0x2ac9,0x4ae9,0x3ba9,0x442a,0x444b,0x442b,0x442b,0x5ccd,0x4c8c,0x4c4b,
0x1286,0x1aa7,0x1aa6,0x1aa6,0x22e7,0x2308,0x22e8,0x2b68,0x2348,0x22e7,0x22e7,0x22e7,0x2308,0x2b88,0x2b88,0x33a8,0x2b89,0x43eb,0x9e14,0x43ec,0x6cd0,0xcf7a,0x7d32,0x7511,
0x8573,0x95f4,0x64b0,0xb6d7,0xbf18,0x6cf0,0x8593,0x64f0,0x32c9,0x3248,0x29e7,0x31e7,0x5caf,0x5d0f,0x75b2,0x8532,0x18e4,0x3a08,0x18e4,0x2986,0xae36,0xd79a,0x740e,0xb676,
0x742f,0x3a28,0xdfdc,0xc6d9,0x8c90,0x4aaa,0x3a8a,0x2a07,0x21e7,0x19a5,0x21a6,0x21c6,0x1164,0x2186,0x29c7,0x21a7,0x1945,0x3229,0x1965,0x1124,0x1925,0x1945,0x08c2,0x21a6,
0x1945,0x1104,0x1104,0x1104,0x10e4,0x10e4,0x08c2,0x08c2,0x10e3,0x10e3,0x10e3,0x08c2,0x08c2,0x08c2,0x08e2,0x10e4,0x08c2,0x08c2,0x08a1,0x08a1,0x08c2,0x08e2,0x10e3,0x10e3,
0x1144,0x1144,0x1123,0x1102,0x1102,0x1102,0x1102,0x1123,0x1102,0x1943,0x2985,0x1123,0x3184,0x2184,0x1964,0x3985,0x6288,0x4a26,0x4a06,0x62a8,0x49c6,0x6267,0x5aa8,0x3aa7,
0x3aa7,0x4307,0x43a8,0x3ae7,0x3aa7,0x32a6,0x1184,0x19e5,0x1184,0x1184,0x19e5,0x21e5,0x31c5,0x2a05,0x1a05,0x19e5,0x1a05,0x11a4,0x11a4,0x1184,0x1184,0x1184,0x1184,0x1a05,
0x11c5,0x1164,0x19c5,0x3ae7,0x21e5,0x11a4,0x11e5,0x29c5,0x31c5,0x1164,0x1a05,0x1a05,0x19e5,0x19a5,0x1944,0x1904,0x1944,0x1985,0x19c5,0x1904,0x19e5,0x1a05,0x1a05,0x11c5,
0x19e5,0x19c5,0x19e5,0x1a26,0x2ac7,0x1aa6,0x336a,0x336a,0x1ae7,0x3349,0x3b08,0x3ae8,0x4bab,0x442c,0x4c2c,0x648f,0x64b0,0x4bec,0x43ec,0x6490,0x5c6f,0x2b29,0x22e7,0x22e7,
0x1ae7,0x1ae7,0x334a,0x3329,0x3309,0x438b,0x542e,0x642d,0x3ae8,0x2308,0x1ac7,0x2328,0x22e7,0x1965,0x3207,0x736a,0x3a27,0x2105,0x2287,0x2328,0x2328,0x1985,0x2226,0x33e9,
0x33a8,0x33c8,0x2b68,0x1ac7,0x1ac7,0x21c5,0x2125,0x2165,0x2966,0x2287,0x4cab,0x54cd,0x2ae9,0x22a9,0x42e9,0x4ac8,0x6c0c,0x7db1,0x446b,0x9674,0x7590,0x6d70,0x5ced,0x442b,
0x1a86,0x1aa7,0x1a86,0x1ac7,0x2308,0x2307,0x2328,0x33a8,0x2b68,0x22e7,0x2348,0x2b68,0x2b48,0x2308,0x22e7,0x2348,0x2b69,0x2308,0x8572,0x7511,0x7511,0xa655,0x8db3,0x7512,
0x8573,0xae76,0x7511,0x8db4,0x95d4,0x95f4,0x95f4,0x42aa,0x29a7,0x3228,0x2105,0x4b6c,0x64d0,0x5c8f,0x7d52,0x53cd,0x6bce,0x9553,0x1904,0x10c3,0x3a48,0xd79a,0xcf59,0xd7bb,
0x63cd,0x3a48,0xe7dc,0xdfbc,0xadd5,0x634c,0x3a69,0x19a6,0x21e7,0x21e7,0x19a5,0x19a5,0x1985,0x1965,0x21a6,0x21a6,0x2186,0x29e8,0x2a08,0x21c7,0x1945,0x08c2,0x08a1,0x10e3,
0x1124,0x1925,0x1925,0x1925,0x1904,0x10e4,0x10e4,0x08c3,0x08c2,0x08c2,0x08c2,0x10e3,0x08c2,0x08c1,0x08a2,0x08c2,0x08c2,0x08c2,0x08c2,0x08e2,0x08c2,0x08e2,0x08e2,0x08e2,
0x1144,0x1144,0x1123,0x1102,0x1102,0x10e2,0x1102,0x1102,0x1103,0x2164,0x2985,0x1123,0x1102,0x1102,0x2964,0x41e6,0x4206,0x41e6,0x5a47,0x5227,0x5227,0x6aa8,0x4aa7,0x32c7,
0x3aa7,0x3ae7,0x4347,0x3ac7,0x3aa7,0x3aa7,0x19c5,0x11a4,0x1184,0x11a4,0x19e5,0x19e5,0x11c5,0x1205,0x19e5,0x1184,0x1a05,0x19e5,0x1184,0x1184,0x1184,0x1184,0x1184,0x11a5,
0x11a5,0x1184,0x3286,0x3a46,0x2185,0x19a5,0x09a4,0x29a5,0x4287,0x2aa6,0x2a66,0x3b07,0x4388,0x2a66,0x11a4,0x19c5,0x1924,0x18e4,0x1904,0x1904,0x1184,0x1a25,0x1a05,0x11a4,
0x1164,0x1944,0x1a05,0x1a25,0x2226,0x1a66,0x1a66,0x1a26,0x1a46,0x2267,0x22c7,0x2b88,0x2b48,0x2b47,0x2ba8,0x440b,0x4c2d,0x5c6f,0x64b0,0x5c6f,0x336a,0x2b29,0x2307,0x2308,
0x2308,0x2308,0x1ae7,0x22e8,0x3329,0x53cd,0x6d10,0x5c8e,0x1aa6,0x2308,0x2308,0x22e7,0x2307,0x1a06,0x2966,0x5268,0x2186,0x21a6,0x22c7,0x1aa6,0x2328,0x1a06,0x18c3,0x2286,
0x2bc9,0x2b88,0x2287,0x1964,0x1965,0x2166,0x2287,0x1a66,0x2166,0x2a88,0x442b,0x548d,0x3309,0x22a9,0x3ae9,0x6309,0x838b,0x5d0e,0x54cd,0x7590,0x7dd1,0x8e13,0x85d2,0x33e9,
0x2b68,0x2b68,0x22e7,0x1ae7,0x2308,0x22e7,0x2348,0x33c8,0x2348,0x22e7,0x2b68,0x2b88,0x33a8,0x33a9,0x2327,0x546e,0x4c2d,0x1ae7,0x1ae7,0x43cc,0x544e,0x8db3,0x8572,0x5c6f,
0xa656,0x7d32,0x7511,0x7d52,0x542e,0x7d52,0x95d4,0x9dd5,0x5bcd,0x29a7,0x2125,0x6c4f,0x8dd4,0xa636,0x9e15,0xc6d8,0xd79b,0x9533,0x2125,0x9d93,0x7c90,0xcf59,0xc719,0xdfdc,
0x7c4f,0x10c3,0x4aaa,0xdf7b,0xcf19,0x634c,0x530b,0x2a28,0x19a5,0x19a6,0x21a6,0x1184,0x1184,0x1164,0x1184,0x21c7,0x2186,0x2186,0x3229,0x29e7,0x1103,0x08a1,0x08c2,0x08a1,
0x08a2,0x1924,0x1925,0x1925,0x1925,0x1104,0x10e4,0x10e4,0x08e3,0x0922,0x10e3,0x08c2,0x08c2,0x08c2,0x08c2,0x08c1,0x08c2,0x08a2,0x08e2,0x0923,0x08e2,0x08e2,0x08e2,0x10e3,
0x1144,0x1103,0x10e2,0x10e2,0x1102,0x2144,0x1103,0x1123,0x1123,0x2985,0x31a5,0x2985,0x1123,0x1102,0x1102,0x39c5,0x5a67,0x5206,0x49c6,0x49e6,0x62a8,0x6287,0x42c7,0x3aa6,
0x3aa7,0x3aa7,0x3ac7,0x3ae7,0x3aa7,0x3aa7,0x32a7,0x19c5,0x19e5,0x1184,0x1184,0x11a4,0x1164,0x11c5,0x19e5,0x1184,0x1a05,0x11c5,0x1184,0x1184,0x1184,0x1184,0x1184,0x1184,
0x32e7,0x2205,0x1a05,0x11a5,0x29a5,0x1184,0x2185,0x39a5,0x3246,0x2266,0x19c5,0x32c7,0x32c7,0x1a05,0x1184,0x11a5,0x1924,0x1944,0x19a5,0x1924,0x1904,0x1964,0x1164,0x1184,
0x1904,0x1924,0x1a05,0x1a05,0x19e5,0x1a25,0x1a05,0x19e5,0x1a46,0x1a05,0x1a05,0x22a6,0x1a46,0x2266,0x2ba8,0x3bea,0x440b,0x440b,0x5c6e,0x5c6f,0x4c2d,0x4c0d,0x2308,0x2308,
0x1ac7,0x1ac7,0x1aa7,0x1a86,0x2ae8,0x6cf0,0x64af,0x43ac,0x1ac7,0x2308,0x22e7,0x1aa6,0x1aa6,0x22e7,0x1945,0x2146,0x29a7,0x2aa8,0x1aa6,0x1aa6,0x1ae7,0x22c7,0x1924,0x18e3,
0x19a5,0x1985,0x1904,0x2165,0x2166,0x2267,0x1b07,0x2247,0x2946,0x2287,0x2307,0x3b8a,0x2ac9,0x22a9,0x42e9,0x4ae9,0x3ac7,0x442a,0x75d1,0x7590,0x7df2,0x4c8c,0x54ac,0x442b,
0x2308,0x2308,0x2308,0x1ac7,0x1ac7,0x2308,0x2b88,0x2b88,0x2308,0x2328,0x33a8,0x2b68,0x2328,0x2ba8,0x2307,0x4c0c,0x64f0,0x43cc,0x7511,0x9df4,0x7511,0x95f4,0x7d72,0x5c6f,
0x5c6f,0x6490,0x8db3,0xb6b7,0x7511,0x85b3,0x9615,0x53ed,0x2166,0x3a49,0x31e8,0x3208,0xb6b7,0xbeb8,0xd77a,0xcf5a,0xd7db,0x8d12,0x08a3,0x4268,0xcf5a,0xcf5a,0xcf39,0xe7dc,
0x740f,0x0861,0x08a2,0x8cf2,0xdf7c,0x740f,0x4aca,0x42aa,0x3249,0x29e7,0x1985,0x1184,0x1184,0x1144,0x1945,0x2186,0x1924,0x1924,0x1965,0x1945,0x08c2,0x1104,0x08e3,0x1103,
0x08e2,0x08c2,0x1104,0x1925,0x1925,0x1924,0x10e4,0x10e4,0x1103,0x0902,0x0903,0x08c3,0x10c3,0x08e3,0x08e2,0x08a1,0x08c2,0x08a2,0x0902,0x0923,0x0902,0x08e2,0x08e2,0x08e2,
0x1144,0x1144,0x1123,0x1123,0x1102,0x2144,0x1144,0x2184,0x1144,0x2184,0x31a5,0x2985,0x1123,0x10e2,0x1923,0x31c5,0x5a47,0x49e6,0x49c6,0x5a47,0x5a47,0x530a,0x5c8f,0x4b6a,
0x3aa6,0x3aa7,0x3aa7,0x3aa7,0x3ac7,0x3286,0x3ae8,0x2a47,0x2246,0x1a05,0x0964,0x1184,0x1184,0x11a5,0x11a4,0x11a4,0x11c5,0x1184,0x1184,0x11a4,0x19e5,0x1a05,0x11e5,0x21a5,
0x39e6,0x29e5,0x39c6,0x1184,0x0964,0x1184,0x19c5,0x3246,0x2225,0x19e5,0x11a5,0x1184,0x11c5,0x19e5,0x1a05,0x1144,0x1124,0x1184,0x11c5,0x1985,0x1984,0x1924,0x1904,0x1904,
0x1904,0x1984,0x11c5,0x19e5,0x1a05,0x1a05,0x1924,0x1924,0x19e5,0x1a05,0x1a05,0x19c5,0x2b48,0x33c8,0x2b68,0x33c9,0x3b8a,0x43cb,0x33c9,0x338a,0x542e,0x544e,0x2b49,0x2307,
0x1aa7,0x1a86,0x1aa6,0x1aa6,0x3b6b,0x64b0,0x540e,0x53ed,0x4c4d,0x2307,0x2308,0x2307,0x2308,0x2b08,0x5aa8,0x2105,0x53cc,0x654f,0x444c,0x22e8,0x1a05,0x1a46,0x2165,0x2145,
0x1985,0x1985,0x2287,0x2247,0x21c6,0x1ac7,0x2308,0x22e8,0x2267,0x2308,0x2308,0x1286,0x22a8,0x2ac9,0x32c8,0x22c7,0x1b07,0x2307,0x3bea,0x7571,0x6d0f,0x444b,0x2b68,0x1ae7,
0x22e8,0x2308,0x22e7,0x1a86,0x1a86,0x1aa7,0x2b68,0x2b88,0x2b48,0x33c8,0x2b88,0x2307,0x2308,0x338a,0x440c,0x4c2c,0x3369,0x5cae,0x9674,0xaeb6,0x6d30,0x85b3,0x9e35,0x5c6f,
0x5c6f,0x5c6f,0x5c8f,0x6cd0,0x8573,0x6c4f,0x7470,0x3aaa,0x2145,0x8511,0x3208,0x4269,0xb697,0xbef8,0xcf39,0xcf7a,0xa5d5,0x31c7,0x2166,0x10a3,0x84d1,0xdfbb,0xdfbc,0xc6d9,
0x1924,0x31e7,0x2165,0x4aca,0xffff,0x84d2,0x21e7,0x3a6a,0x3228,0x19a5,0x19a5,0x21a6,0x1164,0x1144,0x1924,0x1924,0x1925,0x1925,0x1924,0x1924,0x1925,0x1925,0x08c2,0x1124,
0x1965,0x08a1,0x10e3,0x1925,0x1925,0x1924,0x10e4,0x10e4,0x10e4,0x10e3,0x08e2,0x08e3,0x08e3,0x0902,0x08e2,0x08c2,0x08c2,0x10e3,0x0923,0x0922,0x0922,0x08e2,0x08e3,0x10e3,
0x1144,0x1123,0x1123,0x1103,0x1102,0x10e2,0x2144,0x31a5,0x1944,0x2184,0x39c5,0x1944,0x0902,0x1123,0x31a5,0x41e6,0x39a5,0x49e6,0x49e6,0x4a06,0x49c6,0x53cc,0x4bec,0x4bcc,
0x3aa7,0x4328,0x4348,0x3aa7,0x3ae7,0x4328,0x3ae8,0x3b27,0x32a6,0x19e5,0x21a5,0x1184,0x11a5,0x1184,0x1164,0x1184,0x1184,0x1184,0x11a4,0x1a05,0x1a05,0x11a4,0x11e5,0x2205,
0x21e5,0x1a05,0x21a5,0x19a4,0x19e5,0x19e5,0x11c5,0x19e5,0x11a4,0x11c5,0x1a05,0x11c5,0x11c5,0x11c5,0x11a4,0x1184,0x1184,0x1184,0x1184,0x1164,0x11e5,0x11c5,0x1164,0x1924,
0x1904,0x1944,0x1924,0x1144,0x19c5,0x19e5,0x19c5,0x1904,0x1985,0x1a05,0x1a05,0x19c5,0x1964,0x2b68,0x2b88,0x2ba8,0x22c7,0x1944,0x2b88,0x33e9,0x4c0c,0x3349,0x1ae7,0x2308,
0x22e7,0x1a86,0x1aa6,0x3309,0x4c0d,0x542e,0x64cf,0x7551,0x7571,0x546d,0x1ae7,0x2287,0x19c5,0x2286,0x836b,0x39a6,0x21c6,0x29e6,0x3248,0x1904,0x2125,0x39c7,0x2146,0x3b0a,
0x2348,0x2328,0x2308,0x2246,0x1266,0x1ac7,0x22e7,0x22e7,0x2307,0x2307,0x1aa7,0x1a86,0x1a67,0x2aa9,0x1aa7,0x22e7,0x2308,0x2308,0x1b07,0x5cce,0x7d92,0x33c9,0x22e7,0x2b68,
0x2b68,0x2308,0x1ae7,0x3b8b,0x3389,0x1265,0x1ac7,0x2348,0x3388,0x3389,0x2b48,0x43eb,0x5c6e,0x5c4f,0x64b0,0x7511,0x8df3,0x7e11,0x7591,0x64f0,0x7dd1,0x7531,0x8593,0x5c8f,
0x6490,0x6cd1,0x542e,0x8db3,0x4aca,0x1905,0x2125,0x2986,0x6c6f,0xb6b8,0x5b8d,0x7cd1,0x8db4,0xbef8,0xd79a,0xb697,0x2986,0x2166,0x31e8,0x2165,0x4269,0xe7bc,0xe7bc,0xadf6,
0x0882,0x5b0b,0xb657,0x742f,0xeffd,0x9533,0x2a29,0x3228,0x21e7,0x2a28,0x29e8,0x19a6,0x1965,0x1945,0x1965,0x2186,0x1925,0x1924,0x1925,0x1925,0x1925,0x21a6,0x1124,0x08c2,
0x1945,0x1104,0x08c2,0x1104,0x1925,0x1924,0x10e4,0x10e4,0x10e4,0x1104,0x10e3,0x10e4,0x10e3,0x0923,0x0902,0x0902,0x0902,0x0902,0x0922,0x0922,0x0902,0x08e2,0x10e3,0x10e4,
0x1144,0x1102,0x10e2,0x1103,0x10e2,0x1102,0x1102,0x2984,0x29a5,0x31a5,0x39c5,0x3185,0x2964,0x39c5,0x41e6,0x5227,0x5227,0x5227,0x49c6,0x5206,0x62e9,0x42e8,0x4329,0x53ed,
0x3b07,0x5c8f,0x4bca,0x3ae7,0x3aa6,0x53cc,0x64b0,0x540c,0x4bab,0x434a,0x31c5,0x1984,0x1984,0x19a5,0x19c5,0x1184,0x2226,0x19c5,0x1184,0x11c5,0x1a05,0x1184,0x1184,0x11c5,
0x1205,0x19e5,0x0984,0x1184,0x19e5,0x19e5,0x1164,0x1164,0x19e5,0x1a05,0x1a05,0x11e5,0x11c5,0x11c5,0x1184,0x1184,0x1184,0x1164,0x0964,0x0964,0x1164,0x1164,0x1184,0x1184,
0x1164,0x1904,0x1904,0x1904,0x1904,0x1904,0x19a5,0x1924,0x1944,0x1a05,0x1a46,0x1a46,0x1944,0x21e5,0x33e9,0x2b68,0x2328,0x1924,0x1964,0x2aa7,0x2307,0x1aa6,0x1ac7,0x1ac7,
0x22e7,0x1aa7,0x1ae7,0x19e6,0x1a05,0x1b07,0x2b49,0x5c6f,0x6d31,0x650e,0x1ae7,0x2287,0x18e4,0x1904,0x4a07,0x2944,0x1904,0x1905,0x3a68,0x53cc,0x534a,0x5a88,0x3a28,0x544c,
0x3bca,0x646d,0x52c8,0x6b6a,0x4c6d,0x22e7,0x1a86,0x1ac7,0x22e7,0x1a86,0x1a86,0x1ac7,0x64ae,0x3b2b,0x22c8,0x2308,0x2308,0x2308,0x1ae7,0x4c0d,0x548e,0x2b88,0x2b88,0x2328,
0x2328,0x1ae7,0x3bcb,0x6cf0,0x5c6e,0x43ab,0x32c8,0x22e8,0x4329,0x534a,0x64f0,0x6cf0,0x6cd0,0x53ed,0x542e,0x5c4f,0x5c8f,0x75b1,0x6cf0,0x5c8f,0x5c6f,0x5c6f,0x5c8f,0x64cf,
0x7d92,0xbef8,0x540e,0x9e15,0x53ed,0x3aaa,0x1905,0x5b4c,0xb6b8,0xa616,0x7512,0x8dd4,0xae76,0xcf5a,0xcf7a,0x6bae,0x1905,0xa5d4,0x4aca,0x73ef,0xb636,0xd75b,0xe7dc,0x52ca,
0x0861,0x52ca,0xeffd,0xdf7b,0xdf7b,0xdf7b,0x4aeb,0x29e7,0x4aca,0x3a6a,0x2a08,0x21c6,0x3229,0x29e7,0x21c7,0x29c7,0x1966,0x1924,0x1925,0x1924,0x2166,0x29e7,0x21c7,0x08c2,
0x10e3,0x1925,0x1104,0x10e4,0x1904,0x1104,0x10e4,0x10e4,0x10e4,0x1925,0x1925,0x10e4,0x10e3,0x0922,0x0922,0x08e2,0x08e2,0x08e2,0x08e2,0x0902,0x0902,0x08e2,0x08e2,0x08e2,
0x1144,0x1123,0x1102,0x1102,0x1102,0x1103,0x1923,0x2984,0x29a5,0x31a5,0x31a5,0x31c5,0x41c6,0x51e6,0x49c6,0x5206,0x6aa8,0x6288,0x49c6,0x5a47,0x5b6a,0x3ac7,0x4b6a,0x4bcc,
0x4328,0x4b8b,0x3ac7,0x3ac7,0x3aa6,0x436b,0x540e,0x64b0,0x53ec,0x3206,0x39a5,0x31c5,0x39a5,0x39e6,0x2a46,0x2a26,0x2a25,0x2a66,0x19c5,0x1164,0x11e5,0x11a4,0x1184,0x1164,
0x1184,0x1184,0x1184,0x1184,0x1184,0x1184,0x1184,0x1184,0x1184,0x1184,0x19e5,0x11a4,0x0964,0x1184,0x11a4,0x1184,0x1164,0x19c4,0x2a47,0x2a68,0x2a67,0x19c5,0x1184,0x11c5,
0x1144,0x1904,0x1965,0x1a26,0x1164,0x1144,0x1964,0x1924,0x18e4,0x1904,0x1924,0x1924,0x1944,0x1924,0x2266,0x1a46,0x1a86,0x1a46,0x18e4,0x18e4,0x19e5,0x1ac7,0x1aa6,0x1ae7,
0x2328,0x2328,0x1a66,0x1964,0x18e4,0x1a26,0x1a25,0x2226,0x2185,0x2185,0x2186,0x2966,0x2185,0x1964,0x1104,0x21a6,0x1944,0x18e4,0x6cef,0xaf57,0x640c,0x3a27,0x7510,0x8e93,
0x7dd1,0x636a,0x8b8c,0x750f,0x8e13,0x6d50,0x1aa6,0x1ae7,0x2308,0x22c7,0x1ac7,0x4c0c,0xbf38,0x4b8c,0x2288,0x2308,0x22e7,0x2308,0x1ae7,0x4c0d,0x544e,0x2348,0x33c8,0x2327,
0x1ac7,0x3bab,0x6cf0,0x7571,0x64b0,0x5bcc,0x3ac9,0x32c9,0x5b09,0x6ccf,0x7d92,0x6cf0,0x546d,0x4bec,0x4c0d,0x6d30,0x542e,0x64f0,0x7d92,0x5cef,0x5c8f,0x64af,0x64af,0x64b0,
0x6d10,0x6d10,0x5c2e,0x64cf,0x7d11,0x3a69,0x3a49,0x9db5,0x8d93,0x95f5,0x95d4,0xa656,0x7511,0xb6b7,0xd79a,0x4aea,0x7490,0xdfdc,0x4aaa,0x7c30,0xf7fe,0xd75b,0xe7dc,0x4a89,
0x0021,0x4248,0xcf1a,0xdf9b,0xdf7b,0xdf9b,0x63ef,0x3229,0x530b,0x42aa,0x2a08,0x2a08,0x3249,0x3229,0x29e7,0x21c7,0x29c7,0x1945,0x1924,0x1924,0x2166,0x29c7,0x2186,0x08c2,
0x1104,0x1925,0x1104,0x10e4,0x1104,0x10e4,0x10e4,0x10e4,0x10e4,0x1924,0x1925,0x1104,0x10e4,0x08e2,0x0902,0x0922,0x0923,0x10e3,0x08e2,0x08e2,0x08e2,0x08e2,0x08e2,0x08e2,
0x1123,0x1102,0x1102,0x1103,0x1102,0x1123,0x1964,0x1123,0x2184,0x31a5,0x31a5,0x31a5,0x39c5,0x49e6,0x49c6,0x5227,0x6aa8,0x5227,0x49c6,0x5a88,0x646f,0x4329,0x3ac6,0x3ac6,
0x3ae7,0x4327,0x3ac7,0x3aa7,0x3aa6,0x434a,0x4bed,0x53ed,0x3a26,0x3184,0x49e6,0x39a5,0x4206,0x3aa7,0x3286,0x2a46,0x19e5,0x32e9,0x1184,0x1184,0x11a4,0x11a4,0x11a4,0x1184,
0x1184,0x1184,0x1184,0x1184,0x1184,0x11c5,0x11c5,0x1184,0x1184,0x0964,0x2205,0x3b27,0x11a5,0x1184,0x1184,0x2246,0x2225,0x2a47,0x2a88,0x4bcc,0x5c6f,0x2226,0x19e5,0x19e6,
0x2165,0x1985,0x11a5,0x1205,0x11a4,0x1184,0x1205,0x1a66,0x1a26,0x2246,0x2246,0x1a46,0x1964,0x18e4,0x18e4,0x1904,0x1944,0x1184,0x10e3,0x10c3,0x18e3,0x1985,0x19a5,0x19a5,
0x19c5,0x19c5,0x1904,0x2125,0x1904,0x18e3,0x1924,0x1903,0x1904,0x21a6,0x2287,0x2247,0x1aa7,0x1a05,0x18e4,0x1a66,0x43cb,0x2185,0x3248,0xa695,0x63ec,0x6ae9,0x8df2,0x8632,
0x63cc,0x7309,0x95f3,0x8e74,0x8612,0x8e53,0x650f,0x1ae7,0x1ac7,0x1aa7,0x3389,0xaed6,0xb6f7,0x330a,0x22c8,0x2308,0x1aa7,0x1aa7,0x1ae7,0x43cc,0x6d11,0x4c4d,0x2b48,0x3bcb,
0x4c0d,0x5c8f,0x6cf0,0x64f0,0x6d10,0x3b4b,0x32a9,0x5309,0x632a,0x644d,0x4c6c,0x3c0a,0x2368,0x2ba8,0x33c9,0x548e,0x6cf0,0x64af,0x5c8f,0x5cf0,0x5cf0,0x64af,0x7571,0x6cf0,
0x5c4f,0x4bcd,0x540d,0x4b8c,0x29a7,0x31c7,0x7cd1,0x6490,0x8db3,0x7511,0x85f3,0xaed7,0x85d3,0x9635,0xa696,0x7df3,0xa696,0xa676,0x3a49,0x740f,0xe7dc,0xd77b,0xdf9b,0x73ee,
0x530b,0x0041,0x8cd2,0xe7fd,0xd75b,0xe7dc,0xb637,0x2a08,0x42ca,0x52eb,0x3269,0x3228,0x2a08,0x3269,0x3249,0x21c7,0x21c7,0x21a6,0x1925,0x1904,0x2166,0x29e7,0x1124,0x08a1,
0x10e3,0x1925,0x1925,0x1925,0x10e4,0x10e4,0x10e4,0x10e4,0x10e4,0x1925,0x1925,0x1925,0x1103,0x08e2,0x08e3,0x0902,0x0902,0x08e2,0x08c2,0x08e2,0x08c2,0x08c2,0x08c2,0x08c2,
0x1123,0x1103,0x1123,0x1123,0x1123,0x1144,0x1144,0x1144,0x2164,0x2984,0x31a5,0x31a5,0x31a5,0x31a5,0x49e6,0x6288,0x5a67,0x5227,0x5206,0x534a,0x542e,0x5c4e,0x4beb,0x3ae7,
0x3ae7,0x4ba8,0x4327,0x3ac7,0x3aa7,0x3ae7,0x4309,0x31e5,0x31a5,0x41c6,0x39c5,0x39a5,0x42c7,0x4388,0x3b27,0x4348,0x53ed,0x3b2a,0x1184,0x1184,0x1184,0x11a4,0x11a5,0x1184,
0x1164,0x0964,0x1184,0x1184,0x0964,0x1184,0x11a4,0x1184,0x1184,0x1184,0x0964,0x2a86,0x4327,0x19c5,0x0964,0x2205,0x2a86,0x330a,0x2266,0x19c4,0x3b2a,0x5c4e,0x5c6f,0x4bed,
0x3349,0x4bcd,0x22a7,0x1a46,0x11a4,0x11e5,0x11e5,0x22c7,0x2328,0x2328,0x2328,0x2247,0x2166,0x2104,0x1985,0x1266,0x22c7,0x32a9,0x3248,0x3248,0x1985,0x2105,0x21a6,0x19c5,
0x1924,0x1944,0x21e6,0x21e6,0x21c6,0x1a06,0x2287,0x2145,0x21c6,0x1ac7,0x1b07,0x1ac7,0x1aa6,0x1985,0x19c5,0x0a25,0x548d,0x7db1,0x2966,0x3ae9,0x53ab,0x5b09,0x534b,0x436b,
0x6309,0x844d,0x7e32,0x8e33,0x9674,0x8612,0x8e53,0x6d30,0x4c0c,0x440b,0x5cee,0x85b2,0x43eb,0x3b6a,0x22c8,0x1ae7,0x1ac7,0x1a86,0x22c7,0x546e,0x6530,0x64f0,0x544e,0x6d0f,
0x4c2d,0x542d,0x5c4f,0x7551,0x64ae,0x2308,0x4329,0x4309,0x2b68,0x33a8,0x2ba8,0x2327,0x2348,0x2348,0x2b88,0x43ab,0x6490,0x64f0,0x64d0,0x64b0,0x5d10,0x5c8f,0x64d0,0x6d10,
0x8d93,0x6cd0,0x53ee,0x29c7,0x2125,0x3a49,0x542e,0x4b8c,0x5c2e,0x540e,0x54af,0x5d10,0x6551,0x5ccf,0x7592,0x85d3,0xcf5a,0x9d74,0x1904,0x31c7,0xc6b8,0xdfbc,0xdf7b,0xd75b,
0x5b4c,0x0882,0x2986,0xcf1a,0xdf9b,0xdf9b,0xcef9,0x532c,0x2a28,0x42aa,0x3a8a,0x2a28,0x21c7,0x2a28,0x3229,0x21c7,0x21c7,0x21c7,0x1945,0x1904,0x2186,0x21c7,0x1103,0x10e3,
0x08a1,0x10e3,0x21a7,0x1965,0x1104,0x10e4,0x10e4,0x10e4,0x10e4,0x1924,0x1925,0x1924,0x1104,0x0903,0x10e3,0x08e3,0x08e2,0x08c2,0x08c2,0x08c2,0x08e2,0x08c2,0x08c2,0x08c2,
0x1144,0x1144,0x1102,0x1102,0x1144,0x2985,0x1964,0x1144,0x1144,0x1944,0x31a5,0x31a5,0x41c6,0x31a5,0x41c6,0x6288,0x5227,0x6287,0x5247,0x4bcd,0x4bcd,0x542e,0x5c90,0x4308,
0x4367,0x4388,0x4ba8,0x4327,0x3aa7,0x3aa6,0x31c5,0x31a5,0x49e6,0x39c5,0x31a5,0x4206,0x3ae7,0x3aa7,0x4307,0x42c7,0x3a06,0x2184,0x29a5,0x1984,0x1184,0x1964,0x0943,0x0964,
0x19c5,0x21e5,0x1184,0x19a5,0x2a06,0x1184,0x19c5,0x19a5,0x1164,0x19c5,0x19c5,0x0924,0x2205,0x19c5,0x1184,0x2226,0x19e5,0x2a66,0x4ba8,0x32c6,0x434b,0x6490,0x542e,0x542e,
0x53ab,0x540d,0x3bab,0x3329,0x32e9,0x1a66,0x1aa6,0x1ac7,0x22e7,0x2308,0x2267,0x2186,0x21a6,0x1a46,0x1ac7,0x22e7,0x2b29,0x5c6f,0x5c8f,0x540e,0x29a6,0x21c6,0x1aa6,0x1a66,
0x21c6,0x1a86,0x1ac6,0x1aa6,0x1ae7,0x2328,0x29e7,0x21c6,0x1a86,0x1aa6,0x1aa6,0x1a86,0x1aa7,0x22a7,0x22c7,0x338a,0x7dd1,0x75b0,0x2a67,0x2125,0x32a8,0x4ae8,0x31a7,0x3aa8,
0x438a,0x6d2f,0x8e53,0x8612,0x8612,0x8612,0x8612,0x9674,0x9e94,0x7df2,0xa6d6,0x8e13,0x43cb,0x2b28,0x22e7,0x1ae7,0x1a86,0x1a86,0x7beb,0x5beb,0x33ca,0x336a,0x2b69,0x2b87,
0x2347,0x2328,0x336a,0x338a,0x3369,0x2328,0x2348,0x2b88,0x2328,0x2328,0x2348,0x2308,0x2b88,0x2ba8,0x2ba8,0x33c9,0x4c0d,0x64af,0x5c4e,0x5c6f,0x5cf0,0x5caf,0x53cd,0x3aaa,
0x42aa,0x536c,0x31c7,0x2986,0x2166,0x3249,0x5c6f,0x5c4e,0x5c6f,0x5cd0,0x5d10,0x6d51,0x6510,0x95d4,0x9e35,0x9635,0x85d4,0x4269,0x2986,0x2986,0xbe78,0xdfbc,0xe7bc,0xadf5,
0x0862,0x4289,0x73ee,0xc6d9,0xdfbc,0xd77b,0xe7dd,0x8cf2,0x2a08,0x3249,0x3249,0x3249,0x29e8,0x21a7,0x29e7,0x29e7,0x29c7,0x21c7,0x2186,0x1904,0x1945,0x1965,0x08c2,0x1965,
0x08a1,0x08c2,0x21a6,0x21a7,0x1925,0x1924,0x1104,0x10e4,0x10e4,0x10e4,0x1104,0x10e4,0x10e4,0x1103,0x0903,0x10e4,0x10e3,0x08c3,0x10e3,0x08a2,0x08a2,0x08c2,0x08c2,0x08c2,
0x1124,0x1123,0x10e2,0x10e2,0x1102,0x31a5,0x1964,0x1123,0x1144,0x1964,0x31a5,0x31a5,0x41c6,0x31a5,0x31a5,0x49c6,0x5a27,0x62a8,0x534a,0x4bec,0x4bcd,0x4bcd,0x5c4f,0x42e8,
0x4327,0x43a8,0x4367,0x4388,0x3ac7,0x31c5,0x31a5,0x49e6,0x41c6,0x31a5,0x49e6,0x49c6,0x3206,0x4206,0x49c6,0x41c5,0x39a5,0x41c5,0x49c6,0x39a5,0x31c5,0x5b2a,0x434b,0x2247,
0x3266,0x4ac9,0x21c5,0x63ac,0x5b6b,0x2206,0x2206,0x19e5,0x2a66,0x1a05,0x3b27,0x2a86,0x2aa6,0x2246,0x2a66,0x4327,0x4388,0x4ba8,0x43a8,0x4368,0x4baa,0x53ed,0x53ed,0x5c6f,
0x4bac,0x436a,0x4c2d,0x544e,0x5c6e,0x2ae7,0x22e8,0x2ae8,0x1aa6,0x2308,0x1aa7,0x1aa6,0x1aa6,0x1aa6,0x2b29,0x4c0d,0x3b6a,0x43ab,0x434b,0x3228,0x29e7,0x1ac7,0x1ac7,0x2266,
0x1a66,0x1aa6,0x1aa7,0x22e7,0x1aa7,0x1ac7,0x1ac7,0x1ac7,0x1ac7,0x1a86,0x1ac7,0x22e7,0x1ac7,0x1aa6,0x3beb,0x7590,0x6d2f,0x1aa7,0x1a86,0x21c6,0x2165,0x21a6,0x3a68,0x3bea,
0x4c6c,0x3bea,0x6d4f,0x8e33,0x8e33,0x9674,0x8612,0x8612,0xb6f7,0x440b,0x544d,0x5c8d,0x1ac7,0x1a86,0x22e7,0x2307,0x1aa6,0x1a86,0x22a7,0x1a86,0x1ac7,0x1b07,0x2307,0x2308,
0x2328,0x2308,0x2307,0x2327,0x1ae7,0x2308,0x2b68,0x33a8,0x2328,0x2308,0x22e7,0x2348,0x33a8,0x33a8,0x33a8,0x33a8,0x2b68,0x336a,0x53ed,0x4bcd,0x5ccf,0x4c2d,0x2166,0x2986,
0x2166,0x2125,0x29e7,0x432b,0x2986,0x8552,0x7511,0x5c6f,0x5c8f,0x5c8f,0x5c6f,0x7531,0x8573,0x9df5,0x8db4,0x9e76,0x95d4,0x4aca,0x7d12,0x29a7,0xc6b9,0xdfbc,0xe7bc,0x52ca,
0x0862,0x52ea,0xe7fd,0xd77b,0xdf7b,0xdf7b,0xe7bc,0x9512,0x3228,0x3269,0x3249,0x3249,0x3249,0x21c7,0x3228,0x3249,0x3249,0x29e7,0x2186,0x1924,0x1925,0x1945,0x1103,0x1944,
0x08c2,0x10e3,0x21a6,0x21c7,0x1925,0x1925,0x1924,0x10e4,0x10e4,0x10e4,0x10e4,0x10e4,0x10e4,0x1103,0x1103,0x10e4,0x10e4,0x08e3,0x10e3,0x08c2,0x08c2,0x08c2,0x08c2,0x08c2,
0x1144,0x1943,0x1923,0x1102,0x1923,0x2984,0x1964,0x1124,0x1944,0x1944,0x31a5,0x2984,0x31c5,0x2164,0x2984,0x49c6,0x6267,0x6aa8,0x4b48,0x438a,0x4bac,0x4bcd,0x53ed,0x3ae8,
0x4347,0x4ba8,0x4bea,0x4327,0x31c5,0x41c5,0x5206,0x6288,0x5227,0x49c6,0x41c6,0x31a5,0x49e6,0x6288,0x5a27,0x49c6,0x51c6,0x4a06,0x4a06,0x4226,0x3ac7,0x5c6f,0x540d,0x4b09,
0x52e9,0x52e9,0x42c9,0x846e,0x536a,0x6bcc,0x846e,0x5bab,0x4ba8,0x32c7,0x3aa7,0x4348,0x4ba8,0x4b88,0x4368,0x3b07,0x4327,0x4347,0x4347,0x3b07,0x4387,0x4bca,0x4bed,0x53ed,
0x436b,0x434a,0x4b8b,0x5c6f,0x542e,0x32e9,0x4b09,0x432a,0x336a,0x336a,0x2b49,0x1ae7,0x2ae8,0x534a,0x3bab,0x542d,0x4bcd,0x4bed,0x430a,0x3288,0x43ab,0x334a,0x1aa6,0x2b08,
0x22e8,0x1266,0x1aa6,0x1ac7,0x1aa6,0x1aa6,0x1aa7,0x1aa6,0x1aa7,0x1aa6,0x1a86,0x1ac7,0x2307,0x1a86,0x2ae7,0x5cce,0x22c7,0x1286,0x2307,0x2328,0x1964,0x2105,0x2a27,0x2348,
0x1aa6,0x5ccd,0x5ced,0x444b,0x8612,0x9e74,0x8e33,0x8612,0x8e53,0x7570,0x22e7,0x2b48,0x1a86,0x1a86,0x1aa7,0x22e7,0x2308,0x1ac7,0x1a86,0x1aa7,0x2308,0x2308,0x22e7,0x1ae7,
0x2328,0x2b68,0x2348,0x2b88,0x2308,0x2b68,0x33c8,0x2328,0x2328,0x2b68,0x2ba8,0x33a8,0x33c8,0x33a8,0x33a8,0x2ba8,0x2327,0x2b28,0x43ac,0x4c0d,0x542e,0x6490,0x5b8d,0x428a,
0x2145,0x430a,0x53ed,0x436c,0x3aa9,0x6cd0,0x5c2e,0x542e,0x9e15,0x64b0,0x5c6f,0x7d12,0x8d74,0x95d5,0xa697,0x9e56,0xae57,0xc6f9,0xae36,0x2145,0xa594,0xeffd,0x9d74,0x18e3,
0x0882,0x4aca,0xe7bc,0xdf7b,0xdf7b,0xdf7b,0xdf9c,0xcef9,0x5b2c,0x2a29,0x2a08,0x2a28,0x3269,0x2a08,0x3228,0x3249,0x3249,0x3249,0x2186,0x1904,0x1925,0x1925,0x1945,0x1103,
0x08a1,0x10e3,0x1966,0x29c7,0x2166,0x1924,0x1924,0x10e4,0x10e4,0x10e4,0x10e4,0x10e4,0x10e4,0x1103,0x0923,0x10e4,0x10e3,0x08c2,0x08c2,0x08c2,0x08c2,0x08c2,0x10e3,0x10e4,
0x1144,0x29a5,0x2164,0x1123,0x1102,0x2164,0x1144,0x2164,0x2985,0x1964,0x31a5,0x1923,0x1943,0x1943,0x41c6,0x4a06,0x6267,0x5ae8,0x4327,0x4367,0x4328,0x4b8c,0x438a,0x4347,
0x4388,0x542c,0x5c4e,0x31e5,0x41a5,0x5a47,0x6aa8,0x5a47,0x5206,0x5206,0x5a67,0x5a47,0x6288,0x5a67,0x49e6,0x4226,0x4266,0x3aa7,0x3ac7,0x3aa7,0x3ac7,0x3b08,0x3a87,0x4288,
0x5b0a,0x6bcc,0x7c4e,0x7c4e,0x8caf,0x950f,0x952f,0x8caf,0x53a9,0x4367,0x3ac7,0x3287,0x3ac7,0x4388,0x4388,0x3b07,0x43a8,0x43a8,0x4347,0x4368,0x4388,0x4387,0x4ba9,0x4bcd,
0x53ed,0x4b8b,0x4b8b,0x6490,0x544e,0x3ae9,0x52e9,0x538b,0x3b8b,0x2b29,0x2328,0x3bab,0x5309,0x6b6b,0x4c0e,0x53cd,0x4bcd,0x4bcd,0x4bed,0x540e,0x43ab,0x3b08,0x3b29,0x2ae8,
0x3329,0x3329,0x1aa7,0x1a86,0x1a86,0x1aa6,0x1aa6,0x1aa6,0x1aa6,0x1aa6,0x1ac7,0x1aa7,0x1aa6,0x4b29,0x642c,0x2b89,0x1aa6,0x1ac7,0x1ac7,0x19c5,0x1104,0x18e4,0x2165,0x2b08,
0x2308,0x2b28,0x3bea,0x2347,0x5d0e,0x9674,0x8e33,0x8612,0x8633,0x8612,0x64ee,0x4c0c,0x3369,0x2b08,0x1a86,0x1aa6,0x22e7,0x2308,0x22e7,0x1ae7,0x1ae7,0x2328,0x2b68,0x33c9,
0x33a9,0x33c8,0x2b88,0x22e8,0x2328,0x33a8,0x2b88,0x2b68,0x2348,0x2328,0x2b88,0x2348,0x2b48,0x33a8,0x2ba8,0x2b88,0x2b88,0x43eb,0x540e,0x53ed,0x6cb0,0x95d5,0x5b6d,0x2166,
0x538d,0x5c4e,0x542e,0x5c4e,0x74f1,0x4bed,0x7d32,0x53ed,0x646f,0x5c6f,0x7d12,0x95b4,0x8d94,0xbed8,0x8db4,0x95f5,0xc6d9,0xdf9b,0xdf7b,0x530b,0x3a08,0xf7fe,0x84b1,0x2165,
0x52ca,0x4269,0xe7dc,0xdf7b,0xdf7b,0xdf7b,0xdf9b,0xd75b,0x73cd,0x42aa,0x3229,0x29e7,0x3249,0x29e7,0x3228,0x3249,0x3249,0x3249,0x21c7,0x1925,0x1925,0x1925,0x1925,0x1104,
0x08c2,0x10e3,0x1925,0x21a6,0x21a7,0x1945,0x1104,0x10e4,0x10e4,0x10e4,0x10e4,0x10e4,0x10e4,0x10e4,0x1103,0x10e4,0x08c3,0x08c1,0x08c1,0x08c2,0x08c2,0x08c2,0x08c2,0x10e3,
0x1144,0x2164,0x1103,0x10e2,0x1102,0x1923,0x1102,0x31a5,0x2985,0x2985,0x1944,0x1923,0x08e2,0x2143,0x39a5,0x31c5,0x5a67,0x42e7,0x43a8,0x4348,0x4327,0x3ae7,0x43a8,0x4bc9,
0x4bca,0x4b6b,0x3a27,0x41a5,0x49e6,0x5a47,0x5227,0x5206,0x6288,0x6288,0x6aa8,0x5aa8,0x4a47,0x3a66,0x3aa7,0x3ac7,0x3ac7,0x3aa7,0x3aa7,0x3aa7,0x3aa7,0x3aa7,0x42a8,0x4288,
0x5309,0x636b,0x7c2e,0x7c2e,0x7c2e,0x7c2e,0x8ccf,0x9d30,0x640b,0x3ae7,0x3aa6,0x3ae7,0x4347,0x4348,0x4347,0x4327,0x4347,0x4347,0x4ba8,0x43a8,0x4388,0x4388,0x4388,0x4baa,
0x4bcc,0x436b,0x436a,0x53cc,0x43ed,0x3ac9,0x7309,0x638c,0x4bcd,0x4bcc,0x542e,0x53cc,0x6b09,0x6bcd,0x5c6f,0x540e,0x4bad,0x540e,0x4bcc,0x4b8c,0x436a,0x436a,0x436b,0x53ed,
0x542e,0x540e,0x3b6b,0x22e8,0x22c7,0x1aa6,0x1a86,0x1a86,0x1a86,0x1266,0x22c7,0x2ac9,0x52e9,0x834a,0x8e32,0x4c6c,0x1a86,0x1a86,0x1944,0x1924,0x29c6,0x1a66,0x19c5,0x2104,
0x2a87,0x2b88,0x2b88,0x2b08,0x3309,0x5d0d,0x652e,0x8612,0x7570,0x8632,0x9654,0x8dd3,0x442b,0x22e7,0x1266,0x1a86,0x1aa6,0x2308,0x1ae7,0x4baa,0x33aa,0x5cee,0x5cef,0x652f,
0x442b,0x2b88,0x33a8,0x2308,0x2328,0x33c8,0x33a8,0x2ba8,0x2b88,0x2348,0x33aa,0x2348,0x2348,0x33a8,0x3baa,0x33aa,0x438b,0x3ac9,0x3aea,0x7cd2,0x7c91,0x4aeb,0x1905,0x3a89,
0x85b3,0x5d30,0x5d10,0x64d0,0x64d0,0x6d71,0x7d32,0x648f,0x6cb0,0x74d1,0x9df5,0x95d5,0x9df5,0x8d94,0x9dd5,0xae37,0xe7bc,0xd75b,0xeffd,0x8cd2,0x0061,0x7c2f,0xadd5,0x52ea,
0x740f,0x4248,0xe7fd,0xd77b,0xdf7b,0xdf7b,0xdf9b,0xc719,0x7bed,0x42aa,0x3249,0x2a08,0x29c7,0x29c7,0x3249,0x3249,0x3249,0x3249,0x29e7,0x1945,0x1104,0x1925,0x1904,0x1945,
0x08c2,0x1103,0x1945,0x1104,0x1965,0x1945,0x1925,0x10e4,0x10e4,0x10e4,0x1924,0x1104,0x10e4,0x10e4,0x1103,0x1103,0x10e4,0x08c2,0x08c2,0x08c2,0x08c2,0x08c1,0x08c1,0x10e3,
0x1123,0x1102,0x1102,0x1102,0x1102,0x10e2,0x2964,0x31a5,0x31a5,0x2984,0x1923,0x1923,0x1103,0x2143,0x2984,0x5226,0x5a87,0x4327,0x3b07,0x3a86,0x3ae7,0x4388,0x4388,0x4347,
0x3a86,0x3164,0x31a5,0x41c5,0x5207,0x51e6,0x49c6,0x62a8,0x52c8,0x42a7,0x4287,0x32a6,0x3b08,0x4349,0x3aa6,0x3aa7,0x3aa7,0x3aa7,0x3aa7,0x3aa7,0x42a7,0x42a8,0x4ac8,0x4aa8,
0x4ac9,0x636b,0x73ed,0x7c4e,0x7c4e,0x7c2e,0x7c6e,0x950f,0x7c6e,0x53ed,0x4bcc,0x4387,0x4348,0x3aa7,0x3ac7,0x3ae7,0x4348,0x4368,0x4347,0x3ae7,0x3b07,0x4368,0x4388,0x4388,
0x4bcb,0x4bcd,0x4bcd,0x4b8b,0x32e9,0x42c8,0x6b09,0x63ed,0x4bed,0x4bcd,0x4bed,0x5309,0x734b,0x5c6f,0x5c8f,0x542e,0x4bac,0x5c4e,0x5c4e,0x436a,0x4bac,0x436b,0x3b08,0x53ed,
0x5c4f,0x5c4f,0x4bcd,0x3b6a,0x2307,0x3309,0x2b49,0x3349,0x334a,0x3389,0x2ae9,0x3ac9,0x7b0a,0x94ef,0x654f,0x3bcb,0x1ac7,0x1a86,0x1a05,0x3aa8,0x836b,0x4ae8,0x3389,0x3268,
0x1904,0x2a47,0x3388,0x2ae7,0x29e7,0x5ced,0x3c0a,0x654f,0x4c6c,0x85f2,0x8e53,0x8633,0x9eb5,0x6d0f,0x22e7,0x1aa7,0x3ae8,0x3ae9,0x42e8,0x940c,0x95f2,0x6d10,0x5c8f,0x338a,
0x2b48,0x2b68,0x2b88,0x2328,0x2b48,0x33a8,0x2b88,0x33e9,0x3c0a,0x442c,0x3c2b,0x442c,0x3bea,0x3bca,0x53ee,0x3ae9,0x2145,0x2145,0x31e7,0x3a49,0x29a7,0x2166,0x2146,0x42eb,
0x64b0,0x5c8f,0x5cd0,0x5d30,0x5cef,0x7552,0x6cd0,0x8593,0xae97,0x8d53,0xbeb8,0xa656,0xc6f9,0x9df6,0xa636,0xbe98,0xdf7b,0xd77b,0xe7fd,0x7c50,0x10e3,0x2165,0xcef9,0xd73a,
0x6bce,0x31e7,0xe7bc,0xdf9b,0xdf7b,0xdf7b,0xcf5a,0xcf5a,0x9d73,0x428a,0x3249,0x3a6a,0x3249,0x3229,0x3249,0x3249,0x3269,0x2a08,0x21c7,0x21a6,0x1965,0x1925,0x1945,0x2166,
0x1124,0x08c2,0x1965,0x1945,0x1924,0x1925,0x1925,0x10e4,0x10e4,0x1104,0x1925,0x1925,0x1104,0x10e4,0x1103,0x0903,0x10e4,0x10e3,0x08e2,0x08c2,0x08c2,0x08c3,0x08e2,0x08e3,
0x1124,0x1123,0x1123,0x1102,0x1102,0x1102,0x2144,0x31a5,0x2985,0x31a5,0x2184,0x1102,0x2143,0x31a5,0x39a5,0x49c6,0x49e6,0x3ae7,0x4368,0x3ac6,0x4b6a,0x4349,0x3205,0x31a5,
0x31a5,0x31a5,0x39c5,0x5a47,0x6287,0x5267,0x4b4a,0x4ba9,0x4387,0x3b07,0x4349,0x3ac7,0x3aa7,0x3aa7,0x3aa7,0x3b07,0x3b07,0x3aa7,0x3aa7,0x42a7,0x4288,0x5b0a,0x634b,0x5b4a,
0x6bcc,0x7c4e,0x7c2e,0x7c2e,0x7c2e,0x7c2e,0x740e,0x846e,0x740d,0x4b6a,0x5c8f,0x4369,0x3aa7,0x3aa7,0x4327,0x4388,0x4bca,0x4328,0x3aa6,0x3aa7,0x4368,0x4388,0x4388,0x4388,
0x4388,0x4388,0x4bcc,0x4bcd,0x3ae9,0x42c7,0x6b6b,0x5c90,0x5c6f,0x540e,0x4b2a,0x6ae9,0x6c0d,0x5c8f,0x5c8f,0x64b0,0x542e,0x4b8a,0x4b8b,0x5c2e,0x540e,0x4309,0x436a,0x4bed,
0x4bcd,0x4bcd,0x4bcd,0x4bcd,0x3b6a,0x3b08,0x3b6a,0x3b6a,0x542e,0x7571,0x3b6b,0x4ac9,0x838b,0x8df2,0x6d90,0x652f,0x548d,0x22e7,0x1aa6,0x32e8,0x4ae8,0x42c7,0x2308,0x2328,
0x1a06,0x1945,0x2165,0x2aa7,0x2166,0x3b69,0x4c8c,0x6d4f,0x442a,0x5ccd,0x6d4f,0x9654,0xb6f7,0xa6b5,0x85f2,0x32e8,0x32c9,0x42e9,0x5b09,0x9bab,0xb551,0x7592,0x9654,0x9634,
0x5d0e,0x3bea,0x2348,0x33a8,0x2ba8,0x2ba8,0x3c0b,0x5ccf,0x6d50,0x5d10,0x546e,0x5caf,0x4bed,0x542d,0x53ed,0x644f,0x63ce,0x63ee,0x42aa,0x10a4,0x3aa9,0x4b4b,0x1925,0x8d72,
0x7d32,0x5c4f,0x5c4f,0x546e,0x5d30,0x5cef,0x74f1,0xb698,0x95d5,0x8533,0xc719,0xbeb8,0xdf7b,0xd77b,0xb698,0xd75b,0xdf9b,0xd75b,0xeffd,0x7c50,0x4269,0xb616,0xc6d9,0xf7fe,
0x8490,0x0041,0x5b4c,0xdf9c,0xdf9b,0xcf5a,0xc739,0xd79a,0xadf5,0x632b,0x3269,0x4aeb,0x428a,0x3249,0x3249,0x29e8,0x2a08,0x29c7,0x21c7,0x29c7,0x29c7,0x1965,0x21c6,0x1965,
0x2186,0x08a1,0x08e2,0x2186,0x1945,0x1924,0x1925,0x1104,0x10e4,0x1104,0x1925,0x1925,0x1925,0x1104,0x10e4,0x1103,0x10e4,0x10e4,0x0903,0x08e2,0x10e3,0x1103,0x08e2,0x10e3,
0x1144,0x1144,0x1102,0x1102,0x1102,0x10e2,0x1923,0x29a5,0x1964,0x31a5,0x2985,0x1944,0x1123,0x2184,0x41c6,0x51e6,0x4266,0x3286,0x4348,0x4327,0x3206,0x39a5,0x39a5,0x41c6,
0x49c6,0x41c6,0x5206,0x6aa8,0x5ac8,0x4348,0x540d,0x542e,0x542c,0x3b07,0x4b6a,0x3ac7,0x3ae8,0x4bab,0x3ac7,0x3b07,0x3ae7,0x3ae7,0x42a7,0x4ac8,0x530a,0x5b4a,0x5b4a,0x6bcc,
0x7c4e,0x7c4e,0x7c4e,0x7c4e,0x848e,0x848e,0x848e,0x846e,0x846e,0x5349,0x3ac7,0x4308,0x4349,0x3a86,0x4349,0x4389,0x3aa6,0x3aa7,0x3ac7,0x3ac7,0x4327,0x3ac7,0x3ae7,0x4388,
0x4348,0x4367,0x540b,0x438c,0x3ac9,0x6b0a,0x5ae8,0x4b8b,0x4b8b,0x4b6a,0x6b09,0x738c,0x5c4e,0x64b0,0x540d,0x53cc,0x4b8a,0x4b6b,0x436b,0x540d,0x542e,0x434a,0x434a,0x53ee,
0x4bcd,0x4bcd,0x4bcd,0x4bcd,0x53ed,0x3b09,0x4b6b,0x53ed,0x542e,0x438c,0x32c9,0x6ae9,0x946e,0x8633,0x8e33,0x7df2,0x548d,0x2b08,0x1a86,0x1286,0x1286,0x2aa7,0x3b69,0x3389,
0x1b07,0x2b27,0x1965,0x2165,0x2986,0x2ae7,0x2b68,0x33a9,0x33c9,0x2b88,0x4c6b,0x9e95,0x8612,0x8e74,0x8dd2,0x3b49,0x22a9,0x3ae9,0x5b09,0x8b8b,0xa4ce,0x9654,0xcf5a,0xc718,
0x7df2,0x542c,0x4b48,0x6b4a,0x7bcb,0x548c,0x54ae,0x648f,0x5c8f,0x5ccf,0x434b,0x3208,0x2986,0x3aaa,0x6c50,0x7cb1,0x7cb1,0x42aa,0x2145,0x5b8d,0x64b0,0x2186,0x532c,0xbf38,
0x64b0,0x4bad,0x540e,0x542e,0x64b0,0x7511,0x8533,0xbe98,0xc6d9,0x95f5,0xcf5a,0xe7bc,0xdf7b,0xdf7b,0xdf9c,0xdf9b,0xdf7b,0xdf7b,0xe7bc,0x636d,0x4269,0xeffd,0xdf7b,0xdf9b,
0x636c,0x10c3,0x10a3,0x5b4c,0xd77a,0xcf59,0xc739,0xcf5a,0xb656,0x6b8c,0x3229,0x3227,0x52eb,0x3269,0x2a08,0x29e7,0x3229,0x21c7,0x21c7,0x21c7,0x2186,0x1925,0x1965,0x1985,
0x1944,0x08c2,0x08a1,0x08c2,0x1144,0x1925,0x1924,0x1104,0x10e4,0x1104,0x1925,0x1925,0x1925,0x1104,0x10e4,0x1103,0x1103,0x10e4,0x1103,0x0922,0x0923,0x0902,0x08e2,0x08e3,
0x1102,0x1103,0x1102,0x10e2,0x1943,0x1123,0x1964,0x1964,0x1964,0x31a5,0x31a5,0x2985,0x31a5,0x31a5,0x41c6,0x5a27,0x4ae8,0x4bab,0x3aa7,0x31e5,0x3184,0x41c6,0x49c6,0x49e6,
0x49e6,0x49c6,0x6267,0x52a8,0x3b08,0x3ae7,0x4bcc,0x540e,0x5c8f,0x53ec,0x4bab,0x3aa7,0x4bab,0x64b0,0x4b8b,0x3286,0x4307,0x5369,0x4288,0x4ac9,0x52e9,0x530a,0x638b,0x7c4e,
0x7c2e,0x740d,0x6bcd,0x7c4e,0x848e,0x848e,0x84af,0x950f,0x9d30,0x7c4d,0x3ac7,0x32a6,0x3aa7,0x3aa7,0x3aa7,0x3ae7,0x3aa7,0x3ac7,0x3aa6,0x3aa7,0x3ac7,0x3ae8,0x4308,0x43a8,
0x4388,0x4387,0x540b,0x43cd,0x4ae9,0x832a,0x6c0e,0x434a,0x42a7,0x42e8,0x4ae8,0x4329,0x4329,0x4b8b,0x4bab,0x53cc,0x542e,0x4bcd,0x4bcd,0x4bcd,0x542e,0x4329,0x4b8b,0x542e,
0x53ed,0x4bcd,0x4bcd,0x4bcd,0x4bcd,0x432a,0x4bac,0x4bcd,0x53ed,0x3b4b,0x32c9,0x7b0a,0x8c2d,0x7df2,0x8612,0x8e33,0x6d4f,0x1aa6,0x2308,0x43eb,0x1a86,0x1aa7,0x1aa6,0x1266,
0x1ac7,0x22e7,0x19c5,0x1904,0x18e4,0x2165,0x22e7,0x2348,0x2ba9,0x4c6c,0x6d4f,0x9674,0x8612,0x6d0f,0x5c4c,0x5c8e,0x2288,0x32c9,0x3ae9,0x6b2a,0xac2d,0xceb7,0xd79b,0x8e14,
0x548f,0x5bab,0x62e9,0x730a,0xac0d,0x9550,0x548f,0x5c8f,0x5c8f,0x540e,0x4bcd,0x4bad,0x3228,0x2145,0x29c7,0x29c7,0x2125,0x2166,0x74b0,0xb6f8,0x8d93,0x538d,0xc6f8,0x8e34,
0x4cce,0x7d52,0x53ed,0x540e,0x8512,0x9df5,0xb698,0xa616,0xcf3a,0xb677,0xcf1a,0xdf9b,0xdf7b,0xdf7b,0xdf7b,0xdf7b,0xdf7b,0xe7dc,0xbe98,0x1904,0x5b2c,0xe7dc,0xdfbc,0xbe77,
0x10e3,0x10c3,0x1924,0x0861,0x5b6c,0xcf7a,0xcf5a,0xd7bb,0xd7bb,0x8490,0x3a49,0x19a5,0x42a9,0x3228,0x19a5,0x2a28,0x3269,0x3228,0x29c7,0x21a6,0x1965,0x2186,0x1924,0x1965,
0x08e2,0x08a1,0x1103,0x08c2,0x1124,0x2186,0x1924,0x1104,0x10e4,0x1104,0x1925,0x1925,0x1925,0x1104,0x10e4,0x10e3,0x1103,0x10e3,0x0902,0x0923,0x0922,0x08e2,0x08e2,0x08e2,
0x1123,0x1102,0x10e2,0x1102,0x1102,0x1123,0x1123,0x2164,0x31a5,0x31a5,0x31a5,0x49e6,0x49e6,0x39c5,0x51e6,0x5a67,0x3a46,0x3206,0x31a5,0x31a5,0x41c5,0x49e6,0x5227,0x5a27,
0x51e6,0x5a47,0x5aa7,0x4328,0x4bab,0x3ac7,0x436b,0x4bcc,0x542e,0x6490,0x5c8f,0x3ac7,0x540d,0x64b0,0x5c4e,0x3ae7,0x4308,0x4ac9,0x4aa8,0x52e9,0x5b4a,0x5b4a,0x740d,0x7c4e,
0x7c4e,0x6bac,0x6bcc,0x7c4e,0x7c2e,0x7c2e,0x7c2e,0x7c4e,0x84ae,0x950f,0x8caf,0x63ab,0x32a6,0x3ac7,0x3ac7,0x3aa6,0x3ae8,0x53ed,0x4b6a,0x3b07,0x3ac7,0x540b,0x540c,0x4387,
0x4388,0x4388,0x4389,0x2ac9,0x4ae9,0x7b6b,0x5c6f,0x536a,0x62e9,0x736b,0x4bcc,0x540d,0x5c6e,0x5c4e,0x5c8f,0x64b0,0x5c6f,0x540d,0x4bcd,0x4bcd,0x540e,0x436a,0x53cc,0x542e,
0x4bed,0x53ed,0x4bcd,0x4bcd,0x4bed,0x434a,0x434a,0x4bcd,0x53ed,0x43ac,0x4ae9,0x832a,0x8c2d,0x7591,0x64cf,0x6d30,0x5c6e,0x43eb,0x54ad,0x6d90,0x4329,0x52e9,0x42c7,0x4baa,
0x2b28,0x1a05,0x3268,0x2a47,0x19e5,0x1984,0x1904,0x21c5,0x540c,0x7df1,0x85d2,0x8612,0x9e95,0x752f,0x3206,0x5c2d,0x332a,0x22a9,0x3ac9,0x93ab,0xac4d,0x9df2,0xaed7,0x9654,
0x6d10,0x4b09,0x732a,0x938b,0x9cae,0x64f0,0x3228,0x29c7,0x544e,0x5c4f,0x646f,0x8552,0x530c,0x2145,0x3a28,0x4289,0x1925,0x53ad,0xd79a,0x8552,0x7511,0x7d52,0xbed8,0x6cf1,
0x9614,0x8e14,0x4bed,0x7cd1,0x8513,0x8d33,0x9db5,0xb698,0xbeb8,0xa616,0xcf1a,0xdf9b,0xdf7b,0xdf7b,0xd77b,0xd77b,0xd77a,0xbeb8,0x4269,0x1904,0x3a49,0xc6b8,0xe7dc,0xbe78,
0x1924,0x4248,0x2165,0x3a07,0x2165,0xcf7a,0xbeb7,0x7cd0,0xa615,0x8cb0,0x29e6,0x19c6,0x3a68,0x19a5,0x21c6,0x3249,0x3249,0x3249,0x29c7,0x21c7,0x2a08,0x29e7,0x2186,0x1124,
0x08e2,0x08a1,0x10e3,0x1944,0x2186,0x21c7,0x1925,0x1104,0x1904,0x1104,0x1925,0x1925,0x1925,0x1925,0x10e4,0x10e4,0x10e4,0x10e4,0x10e3,0x0922,0x0922,0x08e2,0x08e2,0x08e2,
0x1123,0x1102,0x1102,0x1102,0x1102,0x1102,0x1103,0x1923,0x31a5,0x31a5,0x31a5,0x39a5,0x31a5,0x31a5,0x5a27,0x4a06,0x31a5,0x31a5,0x31a5,0x41c6,0x49e6,0x5a67,0x6aa8,0x5247,
0x4a26,0x4aa7,0x3aa7,0x4327,0x542d,0x4baa,0x542d,0x540e,0x4bab,0x4beb,0x5c4f,0x3ae7,0x542d,0x5c2e,0x542e,0x53ac,0x42c8,0x4aa8,0x5b4a,0x638b,0x636b,0x5b2a,0x638b,0x7c0e,
0x73ed,0x5b4a,0x636b,0x638b,0x740d,0x740d,0x7c2e,0x7c2e,0x740e,0x7c2e,0x8cef,0x848f,0x5b6a,0x2a66,0x32a6,0x3ac7,0x4327,0x4bea,0x542c,0x4388,0x4327,0x4b89,0x5c6e,0x4beb,
0x544d,0x4b89,0x3b28,0x32e9,0x52e9,0x6bcc,0x4b6b,0x6ae9,0x832a,0x6c0d,0x5c6f,0x5c6f,0x542e,0x540e,0x5c6f,0x5c6f,0x5c6f,0x5c8f,0x540e,0x4bcd,0x540e,0x4b8b,0x53cc,0x5c6f,
0x544e,0x53ed,0x4bcd,0x4bcd,0x4bed,0x434a,0x434a,0x540e,0x5c8f,0x4bed,0x42c8,0x732a,0x8bed,0x546f,0x5c4f,0x53ed,0x5c6e,0x6cf0,0x6cd0,0x7551,0x63ec,0x6ae9,0x4ae8,0x5bab,
0x836b,0x52e8,0x3beb,0x33aa,0x3c0a,0x3369,0x1a26,0x2185,0x10a3,0x21a6,0x742f,0x8592,0x9e75,0x8550,0x4aea,0x2986,0x32c9,0x32c9,0x4ae9,0x7b4a,0x93ac,0xadf3,0xa6b6,0x9654,
0x9613,0x4ae9,0x39e7,0x936b,0xb52f,0x75d2,0x540d,0x29c7,0x31c7,0x536d,0x4269,0x3208,0x2186,0x29c7,0x53ed,0x4b0b,0x1905,0x4bcc,0x9e15,0xb697,0x7511,0x9e15,0x9e35,0xae76,
0xae76,0x8533,0x7d12,0xae37,0x9574,0x84f2,0x8d53,0xae57,0xc6f9,0xa616,0xcf3a,0xdf9c,0xdf7b,0xd77b,0xcf5a,0xc739,0xd7db,0x84d1,0x1925,0x7c70,0x29a6,0x8491,0xf7fe,0xb616,
0x31c6,0x9533,0x2986,0xb676,0x63cd,0xc739,0xbed8,0x9593,0x8d32,0x532b,0x2a06,0x19a5,0x19c5,0x1184,0x1144,0x21a6,0x3228,0x3249,0x2a08,0x29e7,0x2a08,0x21c6,0x2a07,0x1964,
0x08a1,0x08a1,0x08e2,0x1144,0x1945,0x1985,0x1124,0x1104,0x1925,0x1104,0x1104,0x1925,0x1925,0x1925,0x10e4,0x10e4,0x10e4,0x10e4,0x10e4,0x1103,0x1103,0x0902,0x08e2,0x08e2,
0x1102,0x1102,0x1102,0x1102,0x1102,0x1124,0x2164,0x1964,0x1944,0x2984,0x31a5,0x31a5,0x39a5,0x41c6,0x49e6,0x41c5,0x31a5,0x49c6,0x49e6,0x6288,0x6267,0x52a7,0x4aa7,0x4368,
0x4388,0x3ac7,0x3b07,0x4327,0x4388,0x4327,0x4ba9,0x53ec,0x5c6f,0x4bcb,0x432a,0x3aa7,0x4b6a,0x540e,0x540e,0x534b,0x4aa8,0x5b4a,0x636b,0x6bac,0x6bcc,0x6bcc,0x6bac,0x5b4a,
0x636b,0x6bcc,0x6bac,0x6bac,0x6bcc,0x73cd,0x848e,0x8caf,0x8caf,0x8ccf,0x8ccf,0x8caf,0x9d0f,0x94ed,0x6c4b,0x4348,0x4327,0x4388,0x4388,0x43a8,0x4327,0x4baa,0x5c8f,0x5c90,
0x5c90,0x5c2e,0x53ed,0x3b0a,0x6b09,0x6309,0x6309,0x832a,0x63ac,0x546f,0x4bcd,0x4bcd,0x4bcd,0x540e,0x5c6f,0x5c8f,0x5c6f,0x5c6f,0x542e,0x542e,0x5c8f,0x4b6a,0x4329,0x540e,
0x542e,0x5c4f,0x540e,0x4bcd,0x4bed,0x4b8c,0x4329,0x5c4e,0x5c4f,0x4bcd,0x32c9,0x6b09,0x8c0d,0x5c8f,0x5c6f,0x5c6f,0x5caf,0x4bad,0x4bac,0x4bcd,0x532a,0x5ae9,0x5309,0x4aa7,
0x5b08,0x4beb,0x3c0c,0x1ac7,0x7d51,0x64ce,0x3beb,0x548d,0x4b8a,0x4b6b,0x1904,0x29a6,0x3aa9,0x742e,0x7591,0x42ea,0x2166,0x32e9,0x5329,0x4268,0x5a88,0xbcef,0xbf18,0xc779,
0x644d,0x52e9,0x29e7,0x4207,0x9d71,0x9ed5,0x6cef,0x2166,0x2145,0x2165,0x18e4,0x1924,0x53ed,0x5c6f,0x640e,0x2125,0x6c6f,0x6d11,0x95b4,0x8db3,0x9df4,0x9e15,0xa656,0x9e15,
0x9df5,0x8db4,0xb698,0xa616,0x9d95,0xa5f6,0xcf3a,0xdf9b,0xe7bc,0xb677,0xb698,0xdf9b,0xcf5a,0xc759,0xcf5a,0xc759,0xcf9a,0xae36,0xae76,0xd7db,0x31e7,0x84b1,0xe7dc,0xbe98,
0xb636,0x9db4,0x1924,0xc719,0xcf7a,0xc739,0xd7bb,0xd79b,0xc739,0x532b,0x1185,0x19c5,0x1184,0x19a5,0x1184,0x1164,0x29c7,0x326a,0x2a28,0x29c7,0x29e7,0x21c7,0x2a07,0x1984,
0x08a1,0x08e2,0x08c2,0x1123,0x1164,0x1924,0x1925,0x1925,0x1925,0x1104,0x10e4,0x1104,0x1925,0x1924,0x10e4,0x10e4,0x10e4,0x10e4,0x10e3,0x10e4,0x10e4,0x10e3,0x10e3,0x10e3,
0x1102,0x1102,0x1102,0x2164,0x1943,0x2184,0x31a5,0x2184,0x1144,0x31a5,0x31a5,0x39a5,0x49e6,0x49e6,0x49e6,0x31a5,0x39a5,0x5206,0x6288,0x6267,0x5a68,0x4b28,0x3b67,0x4388,
0x4368,0x4347,0x4368,0x4348,0x4388,0x4348,0x4347,0x3ac7,0x3ae8,0x4b8b,0x4328,0x3ac7,0x3a86,0x4b8a,0x53ed,0x4ac8,0x4288,0x4aa8,0x4ac9,0x5309,0x73ed,0x846f,0x7c4e,0x740d,
0x7c2e,0x7c4e,0x7c4e,0x7c4e,0x7c4e,0x7c4e,0x846e,0x846e,0x8cae,0xadb0,0xadb0,0xadb0,0xb5d0,0xc650,0xce91,0x9d2e,0x4328,0x4388,0x4388,0x3b27,0x3a87,0x3b27,0x4bea,0x542e,
0x5c6f,0x64b0,0x4bac,0x42c9,0x7b2a,0x6309,0x6bac,0x646f,0x542e,0x4bcd,0x4bcd,0x53ed,0x5c6f,0x5c8f,0x5c6f,0x5c6f,0x5c6f,0x5c6f,0x5c8f,0x5c8f,0x5cb0,0x4bab,0x4b8a,0x5c4f,
0x540d,0x5c8f,0x5c4f,0x542e,0x5c6f,0x53ed,0x4309,0x4bcd,0x53ed,0x43ac,0x22a9,0x5b09,0x936b,0x744e,0x5caf,0x5d10,0x5d10,0x4bed,0x542e,0x5c8f,0x534a,0x4ae8,0x7b6b,0x8b8b,
0x3b8a,0x446d,0x6530,0x4c6d,0x3bcb,0x3c0b,0x442c,0x5ccf,0x7dd2,0x42e9,0x10a3,0x29c6,0x2145,0x2146,0x3208,0x29c6,0x2166,0x2248,0x3268,0x3a28,0x2966,0x7b6b,0xcf38,0x95f4,
0x638c,0x4268,0x4a68,0x2145,0x3228,0x3a28,0x1945,0x29a6,0x6c4f,0x63ee,0x10c3,0x430a,0x648f,0x74d0,0x5c0e,0x42aa,0xa655,0xbed8,0x74f1,0x7d11,0xae76,0x8552,0xa656,0x74f1,
0x8d94,0xa656,0x9e56,0xae97,0xa5f6,0xb677,0xe7bc,0xdf7b,0xdf9b,0xb697,0xb6b8,0xcf7a,0xc759,0xcf5a,0xcf5a,0xcf5a,0xc759,0xcf9a,0xcf7a,0xcf5a,0x3a28,0x31e7,0xc759,0xcf7a,
0xd7db,0x9d93,0x18e4,0xae35,0xcf9a,0xcf59,0xa5f5,0x748f,0x6c4f,0x538c,0x29e6,0x19a5,0x19a5,0x11a4,0x1164,0x1965,0x29e7,0x3229,0x2a08,0x2186,0x21a6,0x21a7,0x1965,0x1104,
0x1123,0x1184,0x08c2,0x1123,0x1945,0x1924,0x1925,0x1924,0x1925,0x1924,0x1104,0x1104,0x1925,0x1924,0x10e4,0x1104,0x1104,0x10e4,0x10e3,0x10e4,0x10e3,0x08e2,0x08e2,0x10e4,
0x1102,0x1102,0x1102,0x3184,0x2985,0x31a5,0x31a5,0x1944,0x1964,0x31a5,0x39a5,0x49c6,0x49e6,0x49e6,0x49c6,0x39c5,0x49c6,0x5206,0x5a67,0x5227,0x536b,0x4348,0x4388,0x43a8,
0x3ae7,0x4347,0x3b07,0x3b07,0x4388,0x4347,0x3aa7,0x3aa6,0x3ac7,0x4b8b,0x4348,0x4347,0x3aa7,0x3aa6,0x3a87,0x4ac9,0x5b2a,0x530a,0x530a,0x5b2a,0x6bac,0x7c2e,0x7c2e,0x7c4e,
0x7c4e,0x7c2e,0x7c2e,0x7c2e,0x740e,0x740e,0x740e,0x740e,0x7c2e,0x7c2e,0x7c2e,0x7c2e,0x740e,0x7c4e,0xce70,0xbe11,0x538a,0x4387,0x4368,0x3a87,0x3ac7,0x4ba8,0x4baa,0x4327,
0x53eb,0x540d,0x2aea,0x6309,0x6b0a,0x730a,0x644e,0x5c8f,0x5c6f,0x53ed,0x4bcd,0x4bcd,0x540d,0x5c4f,0x5c6f,0x5c6f,0x5c6f,0x5c6f,0x5c6f,0x5c6f,0x542e,0x4bab,0x5c4e,0x5c6f,
0x540e,0x5c2e,0x542e,0x53ed,0x5c6f,0x5c90,0x4b8b,0x436b,0x53ed,0x4bed,0x32e9,0x52e9,0x8b4a,0x740d,0x546f,0x5c8f,0x5cf0,0x548e,0x53ed,0x5c8f,0x536b,0x5ae9,0x8b6b,0x842e,
0x53ec,0x542d,0x5cb0,0x5caf,0x5d50,0x54ce,0x54cf,0x6510,0x650f,0x6c4e,0x4b4a,0x32a9,0x1924,0x21a6,0x43ab,0x3288,0x1924,0x1924,0x10e4,0x2965,0x2145,0x2986,0x52ca,0x2186,
0x2186,0x2986,0x2986,0x3a08,0x2145,0x4b0a,0x84f1,0x9dd4,0x85b2,0x3a68,0x1944,0x64cf,0x53ed,0x4bac,0x540e,0x95f4,0xc718,0xc719,0x648f,0x6cb0,0x8593,0x95b4,0xc6f9,0x9594,
0xae37,0xdf7b,0x9e56,0xdfbc,0xb677,0xc6f9,0xdf9c,0xd77b,0xcf7a,0xaeb7,0xbf19,0xcf7a,0xcf5a,0xcf5a,0xcf5a,0xcf5a,0xcf5a,0xc759,0xc759,0xc75a,0x3a49,0x0862,0x7cb0,0xb738,
0xb737,0x9593,0x10a2,0x29a6,0xbef8,0xa615,0x748f,0xbef8,0x9df4,0x640d,0x4ac9,0x21e6,0x19c5,0x1164,0x1925,0x21a6,0x2a28,0x29c7,0x21c7,0x1945,0x1945,0x1925,0x1925,0x21a5,
0x19a5,0x1184,0x08c2,0x1103,0x1945,0x1164,0x1164,0x1945,0x21a7,0x2186,0x1945,0x1925,0x1925,0x1924,0x1104,0x1925,0x1925,0x1104,0x10e4,0x10e4,0x0902,0x08e1,0x08e2,0x08e2,
0x1102,0x1102,0x10e2,0x1923,0x1964,0x31a5,0x31a5,0x1144,0x2985,0x31a5,0x39c5,0x49e6,0x49e6,0x49e6,0x49e6,0x49c6,0x49c6,0x49e6,0x4985,0x536b,0x4bab,0x3286,0x4327,0x4327,
0x4368,0x43a8,0x43a8,0x4327,0x3aa7,0x3ac7,0x3ac7,0x4baa,0x4ba8,0x3b07,0x3ac7,0x4327,0x3aa7,0x42a7,0x4288,0x636b,0x7c4e,0x7c2e,0x740d,0x7c4e,0x7c2e,0x7c2e,0x7c4e,0x740d,
0x73ed,0x7c2e,0x7c6e,0x848e,0x94ef,0x9d2f,0x9d0f,0x84af,0x846e,0x7c2e,0x7c2e,0x7c2e,0x7c4e,0x740e,0xa56f,0xbe10,0x53aa,0x4387,0x4388,0x3b07,0x4388,0x4368,0x4368,0x4367,
0x4b89,0x4369,0x22a9,0x6309,0x6b09,0x734b,0x646f,0x5c8f,0x5c2e,0x542e,0x53ed,0x4bcd,0x4bcd,0x540e,0x5c6f,0x5c8f,0x5c6f,0x53ed,0x540e,0x540e,0x4bac,0x4309,0x53ed,0x5c6f,
0x53ed,0x53ed,0x542e,0x542e,0x53ed,0x5c6f,0x434a,0x4bcc,0x5c4f,0x648f,0x3b2a,0x42c9,0x732a,0x8bac,0x5c4e,0x5c6f,0x5caf,0x5d30,0x542e,0x5c6f,0x5b6b,0x72e9,0x938b,0x84ef,
0x4c2d,0x4349,0x540d,0x546e,0x5d30,0x5d30,0x5d50,0x548e,0x5d0f,0x85f3,0x638c,0x0882,0x2186,0x5ccf,0x6591,0x6550,0x546e,0x22a9,0x2a68,0x31c6,0x3185,0x2124,0x3a47,0x4b6b,
0x536a,0x62c8,0xa42e,0x94b0,0x08c3,0x7cd0,0xeffe,0xb697,0x64cf,0x32a8,0x5c6d,0x6d51,0x6530,0x5ccf,0x4bcd,0x53ed,0x53ed,0x646f,0x74f1,0x5c6f,0xb6b7,0x9db5,0x9594,0xc6d9,
0xdf9b,0xcf3a,0xb677,0xdf9c,0xa5f6,0xc6f9,0xd77a,0xc759,0xcf7a,0xb697,0xbef8,0xcf7a,0xcf5a,0xcf5a,0xcf5a,0xcf5a,0xcf5a,0xcf5a,0xc759,0xcf9a,0x3a49,0x29a5,0x534b,0xb758,
0xb738,0x8d72,0x10e3,0x08a2,0x744f,0xc719,0xd7bb,0x9db4,0x8532,0x74b0,0x3227,0x3a68,0x1184,0x1164,0x1925,0x29e7,0x2a08,0x29e7,0x29e7,0x21c7,0x1966,0x1965,0x21a6,0x21c6,
0x1965,0x1164,0x08c2,0x08c2,0x1925,0x1925,0x1124,0x1965,0x29c7,0x29c7,0x1945,0x1924,0x1104,0x10e4,0x1104,0x1925,0x1925,0x1925,0x1104,0x10e4,0x1123,0x0902,0x08e2,0x08e2,
0x10e2,0x1102,0x1943,0x1123,0x1144,0x1964,0x1944,0x2164,0x31a5,0x31a5,0x31a5,0x49c6,0x49e6,0x49e6,0x49c6,0x5227,0x5a67,0x49c6,0x52a9,0x5c2e,0x3ac7,0x4347,0x4327,0x3b07,
0x3ac7,0x3ae7,0x4307,0x3ac7,0x3aa7,0x3ac7,0x4368,0x4ba9,0x3ae7,0x3ae7,0x3ac7,0x3ac7,0x3aa7,0x42a8,0x5b2a,0x6b8c,0x6bac,0x636b,0x636b,0x6bcc,0x7c4e,0x7c4e,0x7c2e,0x636b,
0x73ed,0x7c4e,0x7c4e,0x848e,0x8cae,0x9d4f,0xb5f0,0xb5f0,0xb610,0xb5d0,0x846e,0x7c2e,0x7c4e,0x7c2e,0x848e,0xb5b0,0x53ca,0x4387,0x4368,0x4347,0x3ae7,0x4347,0x4367,0x4beb,
0x4ba9,0x3309,0x2ac9,0x52e9,0x7b4b,0x646f,0x5c8f,0x5c6f,0x5c6f,0x542e,0x5c4e,0x4bcd,0x4bcd,0x542e,0x5c6f,0x5c6f,0x542e,0x4bcd,0x53ed,0x53ed,0x436b,0x3ae8,0x4bcc,0x5c4f,
0x5c4f,0x542e,0x4bcd,0x4bed,0x53ed,0x542e,0x4308,0x542e,0x5c8f,0x648f,0x4bed,0x32c9,0x5b09,0x8b4b,0x7c2e,0x542e,0x5c6f,0x5caf,0x5c8f,0x5c0d,0x5309,0x6309,0x9b8b,0x8510,
0x54ef,0x540c,0x4b8a,0x5c6e,0x5cd0,0x5ccf,0x5d50,0x4c2c,0x4bcb,0x438b,0x2165,0x436b,0x5cef,0x5d30,0x5cef,0x5d50,0x5cef,0x2aea,0x32c9,0x532a,0x2985,0x2944,0xa4ae,0x6c8e,
0x5b2a,0x93ee,0xcd52,0x7b4b,0x4289,0xc6f9,0xcf5a,0xae76,0x8592,0x8df3,0x6d50,0x8632,0x9e95,0x7591,0x54cf,0x7511,0x540e,0x4bcd,0x5caf,0x7dd3,0xbed8,0x8d74,0xb677,0xdf9b,
0xdf9c,0xd75a,0xae97,0xd77a,0xa636,0xbef8,0xcf7a,0xc759,0xcf5a,0xae77,0xbf19,0xcf7a,0xcf5a,0xcf5a,0xcf5a,0xcf5a,0xcf5a,0xc759,0xd7bb,0x84f1,0x1904,0x74d0,0xa6b6,0xaef7,
0xb758,0x8552,0x2165,0x532b,0x2165,0xd79a,0xae35,0x7cd0,0xc718,0x642e,0x84b0,0x4269,0x1164,0x1945,0x2166,0x2a28,0x29e7,0x3228,0x3229,0x21c7,0x21c6,0x21c6,0x2186,0x21c7,
0x1985,0x10e3,0x08c2,0x08c2,0x1104,0x1924,0x2166,0x1965,0x21c7,0x29c7,0x1945,0x1924,0x1104,0x10e4,0x1104,0x1925,0x1925,0x1925,0x1924,0x10e4,0x0903,0x0922,0x08e2,0x08e2,
0x1102,0x1123,0x1143,0x1944,0x2184,0x1144,0x2164,0x31a5,0x39a5,0x31a5,0x31a5,0x39c5,0x49c6,0x49c6,0x5206,0x62a8,0x6288,0x4a06,0x4bab,0x5c6f,0x3ae7,0x3286,0x4348,0x3b07,
0x1184,0x2a46,0x2a46,0x2246,0x2226,0x2a86,0x4388,0x4bca,0x4329,0x3286,0x3aa7,0x3aa7,0x4287,0x52e9,0x5b0a,0x4ac9,0x5309,0x5b4a,0x5b2a,0x638b,0x7c4e,0x7c4e,0x740d,0x5b4a,
0x7c0e,0x7c2e,0x7c2e,0x7c2e,0x848e,0x846e,0x7c2e,0x7c4e,0x8cce,0xadb0,0x8caf,0x740e,0x7c4e,0x7c2e,0x7c4e,0x9d2f,0x6c0c,0x3ae7,0x3aa6,0x3aa7,0x3aa7,0x4368,0x3b27,0x5c2e,
0x5c6e,0x2ae9,0x2ac9,0x5b09,0x52e9,0x540d,0x5c8f,0x5c6f,0x5c8f,0x540e,0x542e,0x5c4e,0x4bcd,0x4bcd,0x4bcd,0x4bcd,0x4bcd,0x4bcd,0x4bcd,0x4bcd,0x4bcd,0x434a,0x4bac,0x542e,
0x5c4e,0x4bed,0x4bcd,0x540e,0x5c6f,0x5c90,0x4b8a,0x436a,0x5c8f,0x5c4f,0x540e,0x330a,0x42e9,0x730a,0x8bac,0x53ed,0x5c6f,0x5c6f,0x5c90,0x5bed,0x52e8,0x6b0a,0xac4d,0x8cef,
0x54f0,0x6550,0x544d,0x4beb,0x4b8a,0x4329,0x4beb,0x4beb,0x4c0c,0x5d10,0x5d10,0x6550,0x5cf0,0x5d10,0x5d10,0x5d10,0x6550,0x43ec,0x22a9,0x3247,0x18e3,0x31c6,0x938b,0x8511,
0x8c6f,0xa490,0xc552,0xb655,0xa656,0xd77a,0xd79a,0xae76,0x95d4,0xb677,0x74f1,0xb717,0xbef8,0x95d4,0x6510,0x5cf0,0x5cef,0x85b3,0x95b4,0x8d94,0x9df5,0x8d53,0x9df5,0xd77b,
0xdf9b,0xcf39,0xa697,0xcf9a,0xae97,0xbed8,0xcf7a,0xcf5a,0xc739,0x9e36,0xae97,0xcf7a,0xcf5a,0xcf5a,0xcf5a,0xcf5a,0xc759,0xd7bb,0x84f1,0x1925,0x10c4,0x7cf0,0xbf99,0xaed6,
0xbf58,0x8551,0x2185,0x95d3,0x42a9,0xb6f7,0xc739,0xd79a,0xa615,0xb6b7,0xa5b4,0x21a5,0x2a07,0x29e7,0x2a08,0x3249,0x3249,0x3249,0x3249,0x29e7,0x21c7,0x1925,0x2186,0x21c6,
0x1985,0x08c2,0x08c2,0x08c2,0x08c2,0x08c2,0x2185,0x1945,0x2186,0x29e7,0x1945,0x1924,0x1104,0x10e4,0x1104,0x1924,0x1925,0x1925,0x1925,0x10e4,0x10e4,0x0923,0x0902,0x08e2,
0x1123,0x1144,0x1144,0x2985,0x31a5,0x1144,0x2985,0x31c5,0x49e6,0x39c5,0x39a5,0x49e6,0x49e6,0x49c6,0x6288,0x6287,0x4a67,0x4329,0x4b8b,0x3ae8,0x3286,0x2205,0x2225,0x436b,
0x2a47,0x1164,0x1184,0x11a5,0x11a5,0x11e5,0x32c7,0x53ed,0x2267,0x4bac,0x3ae8,0x3a67,0x4aa8,0x4aa8,0x4288,0x4aa8,0x4ac9,0x5b2a,0x5b4a,0x73ed,0x7c4e,0x7c4e,0x740d,0x636b,
0x7c2e,0x73ed,0x636b,0x7c2e,0x848f,0x8ccf,0x8cef,0x846e,0x73ee,0x9d4f,0x8caf,0x740e,0x7c4e,0x7c4e,0x7c4e,0x740d,0x7c4e,0x63ab,0x3ae7,0x3ac7,0x3ae7,0x3ae7,0x4348,0x4368,
0x4b8b,0x2b0a,0x42c9,0x732a,0x3ac7,0x3aa7,0x3ac7,0x53cc,0x64b0,0x542e,0x4bad,0x4bcd,0x4bcd,0x4bcd,0x4bcd,0x4bcd,0x4bcd,0x4bcd,0x53ed,0x5c4e,0x5c6f,0x4349,0x434a,0x4bed,
0x53ed,0x542e,0x4bcd,0x4bcd,0x5c6f,0x5c8f,0x432a,0x4bab,0x5c4f,0x53ed,0x53ed,0x436c,0x32c9,0x52e9,0x8b6b,0x73ed,0x544e,0x5c8f,0x5c8f,0x53ac,0x52e9,0x8b6b,0xd5cf,0x9550,
0x544f,0x5caf,0x5cd0,0x53ec,0x542e,0x4bab,0x544c,0x6571,0x5ccf,0x5d10,0x5d30,0x5d30,0x5c8f,0x5c8f,0x5d10,0x5d30,0x6550,0x43ec,0x2aa9,0x3aa8,0x4287,0x5b4a,0x9c6f,0x9572,
0x9470,0xac90,0xacd0,0xcf7a,0xae76,0x95f4,0xbf18,0xb6b7,0x8d93,0xcf9a,0x8573,0x9e15,0x95f5,0xbef8,0xc719,0x8e14,0x550f,0xbef8,0xd75b,0x8d94,0x8553,0x8d94,0xbef9,0xcf7a,
0xcf7a,0xae97,0xbf18,0xcf9a,0xae77,0xae56,0xcf7a,0xc759,0xcf7a,0xaeb7,0xb6d8,0xcf7a,0xcf5a,0xcf5a,0xcf5a,0xc759,0xcf7a,0xbef8,0x3a28,0x3208,0x2166,0x63cd,0xb738,0xaef7,
0xb758,0x8db3,0x18e4,0x95f4,0xaed6,0xaed6,0xb718,0xc739,0xcf7a,0xd79a,0xadf5,0x52eb,0x428a,0x2a08,0x3228,0x3249,0x3249,0x3249,0x3249,0x2a08,0x21c7,0x1925,0x2186,0x29c7,
0x2186,0x08a1,0x08c2,0x08e2,0x08a1,0x1944,0x1965,0x2186,0x1925,0x2186,0x2186,0x1925,0x1104,0x10e4,0x10e4,0x1104,0x1925,0x1925,0x1925,0x10e4,0x10e4,0x10e3,0x08e2,0x08e2,
0x1123,0x1123,0x1964,0x31a5,0x1964,0x1124,0x2164,0x49c6,0x49c6,0x31a5,0x41c5,0x5a47,0x5a47,0x5206,0x6267,0x52a9,0x4bac,0x3ae8,0x4309,0x3ae7,0x32a6,0x11c5,0x2225,0x11a4,
0x2a86,0x19a5,0x1184,0x1184,0x1184,0x21e5,0x3266,0x2a87,0x19e5,0x4bac,0x4309,0x29e6,0x4288,0x4287,0x4ac8,0x5b4a,0x5b4a,0x5b4a,0x638b,0x7c2e,0x7c2e,0x7c4e,0x740d,0x6bcc,
0x7c4e,0x740d,0x6bac,0x846e,0x848e,0x7c2e,0x8ccf,0x8cef,0x740e,0xa56f,0x8ccf,0x7c2e,0x7c4e,0x7c2e,0x73ed,0x638b,0x7c4e,0x846f,0x4b49,0x3286,0x3b07,0x43a8,0x4347,0x3a86,
0x32a8,0x22a9,0x52e9,0x7b09,0x63ec,0x4349,0x3ae8,0x5c4e,0x5c8f,0x5c4e,0x540e,0x542e,0x540e,0x4bcd,0x4bcd,0x4bcd,0x4bcd,0x4bcd,0x5c6f,0x542e,0x5c4f,0x540d,0x3b08,0x5c6f,
0x540e,0x4bcd,0x4bcd,0x4bcd,0x540d,0x5c6f,0x4b6a,0x434a,0x540e,0x53ed,0x53ed,0x4bcd,0x2aea,0x3ae9,0x6b0a,0x9bcc,0x746f,0x5c6f,0x540d,0x4b09,0x6309,0x93ab,0xc5d0,0x6ccf,
0x5c6f,0x5c6f,0x5caf,0x5cf0,0x5cd0,0x5c8f,0x5cd0,0x5cef,0x5d50,0x5d30,0x5d30,0x5ccf,0x5c8f,0x5ccf,0x5caf,0x5d10,0x6550,0x43cc,0x2aa8,0x432a,0x6bcc,0x7c4e,0x9470,0x846f,
0x83ed,0x938c,0xac8f,0xcf59,0xd79a,0xae97,0x8df4,0x7d32,0x8552,0xaeb6,0x5c4e,0x8d93,0xc719,0xcf5a,0xcf5a,0xcf39,0x8593,0x8d94,0x9e36,0x8e14,0x8df4,0xa656,0xcf7a,0xc759,
0xcf7a,0xa676,0xbf19,0xcf9a,0xae77,0xbef8,0xcf7a,0xc759,0xcf7a,0xaeb7,0xbf19,0xcf7a,0xcf5a,0xcf5a,0xcf5a,0xc739,0xd7bb,0x9553,0x10a3,0x74b0,0x4289,0x18e4,0x9e75,0xb717,
0xb758,0x536c,0x0862,0x4b2b,0xbf78,0xaef7,0xaef7,0xb717,0xbf18,0xd75a,0xdf9c,0x73ee,0x42aa,0x3249,0x3249,0x3249,0x3249,0x3249,0x3249,0x2a08,0x2186,0x1945,0x21a7,0x29c7,
0x21a6,0x08c2,0x1104,0x1104,0x08a1,0x2185,0x29e7,0x21a6,0x2186,0x1965,0x1924,0x1925,0x1925,0x1124,0x10e4,0x10e4,0x1104,0x1104,0x1104,0x10e4,0x10e4,0x10e4,0x08e3,0x08e2,
0x1144,0x1144,0x2164,0x39c5,0x2164,0x1124,0x2985,0x49e6,0x39c5,0x31a5,0x4a06,0x6267,0x49e6,0x49e6,0x51e6,0x532a,0x5c6f,0x53ed,0x2a46,0x2225,0x32e7,0x19c5,0x2225,0x19e5,
0x32c8,0x2206,0x0964,0x11a4,0x19e5,0x1a05,0x1a05,0x19c5,0x2247,0x1184,0x1184,0x19c5,0x2a26,0x2a26,0x5309,0x2a67,0x1a05,0x3aa8,0x740d,0x846f,0x7c2e,0x7c4e,0x740d,0x6bcc,
0x7c4e,0x7c2e,0x638b,0x73ed,0x7c4e,0x7c4e,0x8cef,0x7c6e,0x740e,0x9d0f,0x848e,0x6bcc,0x6bac,0x5b4a,0x5b2a,0x636b,0x7c2e,0x7c2e,0x5b6a,0x5349,0x4b29,0x32a6,0x42e8,0x434a,
0x2ac9,0x3ae9,0x5b09,0x6b4a,0x646f,0x5c8f,0x5c4e,0x5c6f,0x5c6f,0x5c8f,0x5c6f,0x5c8f,0x5c4f,0x4bcd,0x4bcd,0x4bcd,0x4bcd,0x4bcd,0x4bcd,0x4bcd,0x53ed,0x53cc,0x4bab,0x5c8f,
0x4bed,0x4bcd,0x5c6f,0x540e,0x4bac,0x544e,0x4b8b,0x4bac,0x53ed,0x540e,0x5c4f,0x4bcd,0x436c,0x2aa9,0x5309,0x832a,0x73ed,0x4c2e,0x4b8b,0x4b09,0x730a,0x9bcc,0xb56f,0x546f,
0x5c6f,0x5c6f,0x5cef,0x5d10,0x5caf,0x5c6f,0x5c6f,0x5c6f,0x5caf,0x5cf0,0x5d10,0x5d10,0x5ccf,0x5d10,0x5caf,0x5caf,0x6530,0x3bcc,0x434b,0x7c4f,0x6c4f,0x846f,0x9c2f,0x6bac,
0x6b09,0x8b4a,0xbd30,0x7c70,0x9573,0xcf9a,0xcf5a,0xa656,0x6c8f,0xa636,0x8532,0xc719,0xcf59,0xbf18,0xcf59,0xcf7a,0xb6b8,0x8513,0x8593,0x8d74,0xae97,0xc75a,0xc759,0xc75a,
0xc739,0xae77,0xc739,0xcf7a,0xae77,0xbef8,0xcf7a,0xcf5a,0xcf5a,0xc759,0xc759,0xcf5a,0xcf5a,0xcf5a,0xcf5a,0xcf5a,0xcf5a,0xb718,0x7cd0,0xa6b6,0x3a68,0x0882,0x5bac,0xbfb9,
0x95d3,0x2165,0x0882,0x536b,0xbf99,0xaef7,0xaf17,0xaef7,0xb718,0xd77b,0xdf7b,0x7c0e,0x4aca,0x3a69,0x3249,0x3249,0x3228,0x29c7,0x29e8,0x21c7,0x1945,0x1945,0x29c7,0x21c7,
0x29c7,0x1945,0x1945,0x1966,0x08a2,0x1103,0x3249,0x29e8,0x29c7,0x2166,0x1924,0x1925,0x1925,0x1925,0x10e4,0x10e3,0x0902,0x10e3,0x10e4,0x10e4,0x1103,0x0922,0x08e2,0x08e2,
0x1144,0x1144,0x2184,0x29a5,0x1144,0x1964,0x39a5,0x49e6,0x31a5,0x39c5,0x5227,0x5227,0x49e6,0x5207,0x5aa8,0x4b8b,0x5cb0,0x32c9,0x2a66,0x1164,0x0964,0x1184,0x11a4,0x11c5,
0x0964,0x1164,0x1184,0x1a05,0x11a4,0x11c5,0x19e5,0x1184,0x1184,0x1184,0x11c5,0x2226,0x4288,0x3247,0x1a05,0x3287,0x2a67,0x1a05,0x532a,0x32a8,0x63ac,0x848f,0x73ed,0x6bac,
0x7c4e,0x7c2e,0x740d,0x6b8c,0x638b,0x73ec,0x848e,0x7c4e,0x7c4e,0x846e,0x7c2e,0x638b,0x5b4a,0x73ed,0x7c0c,0x5b4a,0x636b,0x636b,0x73ed,0x846f,0x7c2e,0x4b09,0x540d,0x43ac,
0x22a9,0x630a,0x6b09,0x638b,0x5c90,0x64b0,0x5c4f,0x542e,0x5c8f,0x5c6f,0x5c8f,0x5c6f,0x4bcd,0x4bcd,0x4bed,0x53ed,0x4bed,0x4bcd,0x4bcd,0x4bcd,0x4bed,0x4329,0x4bcc,0x5c6f,
0x542e,0x53ed,0x5c6f,0x5c6f,0x542e,0x4bcd,0x4309,0x4bcc,0x544e,0x542e,0x5c6f,0x5c4e,0x4bed,0x32ea,0x3ac9,0x6309,0x7b2a,0x53ed,0x4b4b,0x5ae9,0x834b,0xb46d,0xad90,0x5caf,
0x5c8f,0x5c6f,0x5ccf,0x5d30,0x5cf0,0x5d10,0x5cf0,0x5c8f,0x5c4f,0x5caf,0x5d10,0x5d10,0x5c8f,0x5ccf,0x5ccf,0x5ccf,0x6d11,0x7552,0x644f,0x7c4f,0x6c2f,0x7c0e,0x732a,0x62e9,
0x7b2a,0x9bcc,0xc5b0,0x95f4,0x9e14,0xaef7,0xbf38,0xa675,0x8572,0xc799,0x7d52,0xa696,0xb717,0xb718,0xc759,0xc759,0xcf7a,0xb6b8,0x8d33,0x8d53,0x9e15,0xc77a,0xc759,0xcf7a,
0xae97,0xb6b7,0xcf9a,0xc739,0x9df5,0xbef8,0xcf7a,0xc75a,0xcf5a,0xcf5a,0xcf5a,0xcf5a,0xcf5a,0xcf5a,0xcf5a,0xcf5a,0xbf38,0xaf17,0xb758,0xb717,0x3a48,0x0841,0x42c9,0xbf99,
0x63cd,0x0862,0x18e3,0x2165,0x8d72,0xb737,0xaef7,0xb717,0xc759,0xcf5a,0xcf7a,0x7c0e,0x4aca,0x3269,0x3a69,0x3249,0x3249,0x29e8,0x29c7,0x21c7,0x2186,0x21a6,0x21c7,0x21c7,
0x29e7,0x1966,0x1945,0x2186,0x1104,0x08c1,0x21c7,0x3249,0x21a6,0x1925,0x1925,0x1925,0x1124,0x1123,0x1103,0x1103,0x0922,0x08e3,0x10e4,0x10e4,0x0923,0x0902,0x08e2,0x08e2,
0x1144,0x1144,0x1964,0x1144,0x1144,0x31a5,0x31a5,0x39a5,0x31a5,0x39c5,0x5206,0x49e6,0x5247,0x6a88,0x5b8b,0x3b09,0x32a9,0x1164,0x2205,0x11a4,0x1184,0x1184,0x1184,0x1184,
0x1184,0x1184,0x1184,0x19e5,0x11c5,0x19e5,0x11c5,0x11a5,0x11a4,0x1a05,0x1a05,0x1a05,0x1a05,0x1a05,0x1205,0x1a05,0x3aa8,0x532a,0x2a46,0x11c4,0x3aa8,0x63ac,0x7c2e,0x5b4a,
0x6bcc,0x7c2e,0x7c2e,0x7c2e,0x73ed,0x740d,0x7c2e,0x6bac,0x7c2d,0x846e,0x7c2e,0x7c2e,0x6bac,0x8ccf,0xbe10,0x950e,0x634b,0x5b4a,0x636b,0x7c2e,0x848e,0x9d2f,0x952f,0x32ea,
0x32c9,0x732a,0x6309,0x6349,0x4bea,0x4bcb,0x4bcb,0x5c4e,0x5c8f,0x5c6f,0x5c8f,0x542e,0x4bcd,0x53ed,0x5c6f,0x5c8f,0x5c6f,0x53ed,0x4bcd,0x4bcd,0x4bed,0x436b,0x4309,0x4bcd,
0x5c4f,0x540e,0x542e,0x5c4f,0x5c6f,0x5c4e,0x4329,0x53ed,0x542e,0x5c6f,0x5c6f,0x53ed,0x53cd,0x436c,0x2ac9,0x4b09,0x7b0a,0x6bed,0x536b,0x6b09,0x938c,0xc52f,0x7590,0x54af,
0x5c6f,0x5c6f,0x5c8f,0x5caf,0x5cf0,0x5d10,0x5d50,0x5cf0,0x5ccf,0x5caf,0x5ccf,0x5d10,0x5ccf,0x5cef,0x5d30,0x7552,0x8553,0x8db4,0x6470,0x63cd,0x434b,0x52e9,0x8b6b,0x8b8b,
0x836b,0xac2d,0xd631,0xb758,0xb738,0xaef7,0xb737,0x9e55,0x7d72,0xbf78,0x7d92,0xa6b6,0xc759,0xc759,0xc759,0xc759,0xc739,0xcf9a,0xa636,0x8512,0x8d94,0xb697,0xc75a,0xb6b8,
0xae77,0xc77a,0xc759,0xcf7a,0xae77,0xbef8,0xcf7a,0xc759,0xc75a,0xcf5a,0xcf5a,0xcf5a,0xcf5a,0xcf5a,0xcf5a,0xbf38,0xaf17,0xaf17,0xaef7,0xaef7,0x3228,0x3a88,0x1904,0x95f3,
0x6c2e,0x2185,0x3a68,0x0882,0x31e7,0xaf17,0xaf17,0xbf39,0xcf5a,0xcf5a,0xcf5a,0x844f,0x5b0b,0x4aca,0x530b,0x4aca,0x3249,0x3249,0x3249,0x29e7,0x21c7,0x29c7,0x21a6,0x1945,
0x1965,0x1924,0x2186,0x21a7,0x1945,0x10e2,0x1103,0x29c7,0x1965,0x1924,0x1924,0x1925,0x1123,0x0922,0x0922,0x0902,0x08e2,0x10e3,0x10e4,0x10e3,0x0902,0x0902,0x08e2,0x08e2,
0x1144,0x1144,0x1124,0x1944,0x31a5,0x31a5,0x31a5,0x31a5,0x41c6,0x49e6,0x6288,0x5a47,0x6267,0x634b,0x434a,0x4329,0x2a67,0x19c5,0x1184,0x11a4,0x1164,0x1184,0x1184,0x1184,
0x11a5,0x11c5,0x11c5,0x1a05,0x1a05,0x1a05,0x1164,0x19e5,0x11c5,0x11c5,0x19e5,0x1a05,0x19e5,0x1a05,0x1a05,0x11a4,0x3a87,0x4ae9,0x11e5,0x3287,0x4b2a,0x3ac8,0x846f,0x740d,
0x6bac,0x6bac,0x6bac,0x6bac,0x6bac,0x6bac,0x6bac,0x636b,0x6bac,0x7c2e,0x7c4e,0x7c2e,0x73cc,0x7c4e,0x848e,0xb5d0,0x5b2a,0x4ac9,0x638b,0x7c2e,0x848e,0x94ef,0xc650,0x84ae,
0x2a89,0x42e9,0x52e9,0x634a,0x4368,0x4b8b,0x542d,0x542e,0x5c8f,0x5c6f,0x5c6f,0x542e,0x4bcd,0x540e,0x53ed,0x5c4f,0x5c6f,0x5c4f,0x5c6f,0x540e,0x4bcd,0x4b8b,0x4329,0x4bcd,
0x542e,0x540d,0x4bcd,0x4bcd,0x4bcd,0x5c6f,0x4b8b,0x4b6a,0x5c4f,0x53ed,0x540e,0x53ed,0x53ed,0x4bcd,0x2aea,0x42e9,0x6309,0x730a,0x4b09,0x7b2a,0xa3ec,0xbd2f,0x6ccf,0x5caf,
0x5cf0,0x5c6f,0x5c6f,0x5c6f,0x5c8f,0x5ccf,0x5cf0,0x5d10,0x5d50,0x5d10,0x5cd0,0x5d10,0x5cef,0x6cd1,0x8553,0x8573,0x8573,0x85b3,0x542e,0x32a9,0x42e9,0x42e9,0x6b2a,0x9bec,
0xa40d,0xac2d,0xcdb0,0xaf17,0xaef7,0xaef7,0xb738,0x9634,0x7d51,0xb717,0x8db3,0xbf19,0xcf5a,0xc759,0xc759,0xcf59,0xcf59,0xc759,0xc719,0x8d53,0xae77,0xb6d8,0xa616,0xae97,
0xcf7a,0xc759,0xc759,0xcf7a,0xae77,0xbef8,0xcf7a,0xc759,0xc759,0xcf5a,0xcf5a,0xcf5a,0xcf5a,0xcf5a,0xbf38,0xaef7,0xaf17,0xaef7,0xbf78,0x7d11,0x10c4,0x7cf0,0x3a48,0x8531,
0xaed6,0xaed6,0x5bac,0x0882,0x10c3,0x748f,0xc779,0xc739,0xcf5a,0xc739,0xc77a,0x9df4,0x5b0b,0x3a89,0x52eb,0x52eb,0x2a07,0x3249,0x3249,0x29c7,0x2a08,0x3249,0x2a08,0x21a6,
0x1945,0x1965,0x29c7,0x21c7,0x1945,0x1924,0x08a1,0x08e2,0x08c2,0x1945,0x2166,0x1925,0x1124,0x0922,0x0902,0x08e2,0x08e2,0x08e2,0x08e2,0x08c2,0x08c2,0x08e2,0x08e2,0x08e2,
0x1144,0x1144,0x1144,0x1964,0x31a5,0x31a5,0x31a5,0x41c6,0x5206,0x5207,0x5206,0x6287,0x52a8,0x4bac,0x4bed,0x2a67,0x19e6,0x2206,0x1164,0x1184,0x11c5,0x1a05,0x19e5,0x11a5,
0x1184,0x1184,0x1184,0x11c5,0x1a05,0x1a05,0x11e5,0x11c5,0x11a4,0x11a4,0x19e5,0x1a05,0x19e5,0x11e5,0x1a05,0x11e5,0x11a4,0x11e5,0x09a4,0x19c5,0x4ac9,0x5309,0x7c0d,0x7c4e,
0x7c4e,0x7c2e,0x7c2e,0x7c2e,0x7c2e,0x7c2e,0x7c2e,0x7c4e,0x7c4e,0x7c2e,0x7c2e,0x7c2e,0x7c4e,0x7c2e,0x7c4e,0xad90,0x5b2a,0x4288,0x636b,0x7c4e,0x7c4e,0x740e,0x8ccf,0xc650,
0x640c,0x2288,0x5ae9,0x6b6b,0x4bcd,0x540e,0x5c4e,0x542e,0x5c8f,0x5c6f,0x542e,0x53ed,0x53ed,0x5c6f,0x644e,0x744e,0x9d90,0x7d30,0x5c6f,0x5c6f,0x4bcd,0x540e,0x436a,0x434a,
0x4bed,0x4bcd,0x4bcd,0x4bcd,0x540e,0x4bcc,0x434a,0x5c6f,0x648f,0x5c6f,0x540e,0x53cc,0x4b2a,0x5bed,0x43cd,0x32c9,0x5309,0x732a,0x6b09,0x834b,0xccee,0x950f,0x544f,0x646f,
0x5cef,0x5d10,0x5caf,0x5c8f,0x5d30,0x5cf0,0x5c6f,0x5c8f,0x5d10,0x5d30,0x5d30,0x6510,0x7552,0x8553,0x8d93,0x8df4,0x85d3,0x6571,0x4c0d,0x22a9,0x32e9,0x4ae9,0x4ae9,0x836b,
0xbc8e,0xac2d,0xb4ef,0xb717,0xb717,0xaef7,0x9e95,0x7d91,0x6d10,0x8e13,0x9e35,0xcf79,0xc759,0xc759,0xc759,0xb6f8,0xb6f8,0xc759,0xcf7a,0x8d73,0xae97,0xcf9a,0xc759,0xcf7a,
0xc759,0xc759,0xc759,0xc75a,0xbef8,0xc739,0xc75a,0xc759,0xc759,0xc759,0xcf5a,0xcf5a,0xcf5a,0xc759,0xb717,0xaf17,0xaef7,0xb717,0xa695,0x3a49,0x10a3,0x7cf0,0xa6b6,0x9e34,
0xbf78,0x9e55,0x2165,0x42a9,0x29e7,0x5b8c,0xd7db,0xc739,0xc759,0xcf9a,0xbf79,0xa634,0x6b4c,0x4aca,0x3a68,0x42aa,0x2a07,0x19a5,0x3229,0x21a6,0x21e7,0x326a,0x3249,0x29e7,
0x21a6,0x2166,0x29c7,0x21c7,0x29e7,0x29c7,0x10e3,0x08a1,0x08a1,0x08c2,0x2186,0x1925,0x1104,0x0923,0x0902,0x08e2,0x08e2,0x08c2,0x08c2,0x08c2,0x08c2,0x08e2,0x08e2,0x08c2,
0x1144,0x1944,0x31a5,0x31a5,0x31a5,0x31a5,0x31a5,0x5206,0x5a67,0x49c6,0x5248,0x4b08,0x2205,0x32c9,0x2206,0x19c5,0x2a88,0x0964,0x1184,0x1184,0x11c5,0x11c5,0x19e5,0x11c5,
0x1184,0x11a4,0x11c5,0x11c5,0x1a05,0x1a05,0x1a25,0x11a4,0x1164,0x11c5,0x1a05,0x11c5,0x11c5,0x1a05,0x1a25,0x11c5,0x0964,0x11a5,0x3a88,0x42c8,0x6bab,0x6bac,0x5b2a,0x6bcc,
0x7c4e,0x7c4e,0x7c4e,0x7c4e,0x7c4e,0x7c4e,0x7c4e,0x7c2e,0x7c2e,0x7c2e,0x7c2e,0x7c2e,0x7c2e,0x7c2e,0x7c2e,0x7c4e,0x530a,0x4267,0x5b4a,0x740d,0x6bcc,0x7c2d,0x7c2e,0x94ef,
0xc650,0x848c,0x5b09,0x6b6b,0x4bed,0x540e,0x5c4e,0x540e,0x5c8f,0x5c6f,0x5c4e,0x4bed,0x5bcd,0x636b,0x73cd,0x842e,0x94af,0xbe10,0x6ccf,0x5c4f,0x4bcd,0x540d,0x4329,0x4bac,
0x4bcd,0x4bcd,0x4bcd,0x4bcd,0x540e,0x4bcc,0x3b08,0x542e,0x542e,0x5c4e,0x542e,0x4bcd,0x330a,0x3ae9,0x3b2b,0x22a9,0x4ae9,0x7b2a,0x832a,0x8b8b,0xccee,0xa570,0x544f,0x5c6f,
0x5c6f,0x5d10,0x5d30,0x5d30,0x5d10,0x5c8f,0x5c4f,0x5c6f,0x5c8f,0x5c8f,0x7552,0x85f4,0x8593,0x8553,0x8573,0x6d31,0x5d30,0x5d10,0x544e,0x2aea,0x2aa9,0x4ae9,0x52e9,0x7b2a,
0xa40d,0xbc8e,0xc5b0,0xaef6,0xaef7,0x8e53,0x8612,0x7d91,0x8592,0x9e55,0x95f4,0xb6f8,0xcf5a,0xb6d7,0xa6b6,0xa696,0xa696,0xaeb6,0xbf18,0x8d53,0xae97,0xcf7a,0xc759,0xc759,
0xc759,0xc759,0xc759,0xc759,0xc77a,0xc75a,0xc75a,0xc75a,0xc759,0xc75a,0xcf7a,0xcf5a,0xc759,0xb717,0xaef7,0xaf17,0xaef7,0xb758,0x42aa,0x3a28,0x29a6,0x74b0,0xbf78,0xa6b5,
0xbf58,0x8d92,0x0021,0x5bcc,0xa675,0x9553,0xd7bb,0xc739,0xcf7a,0x8d73,0x9613,0xa655,0x738c,0x5b2c,0x3247,0x2207,0x3249,0x1985,0x2a08,0x19c6,0x2a07,0x3269,0x3249,0x29c7,
0x21a6,0x2166,0x29c7,0x29c7,0x3249,0x3a8a,0x21a6,0x08a1,0x08c2,0x10e2,0x08c2,0x1925,0x10e4,0x10e4,0x0903,0x08e2,0x08e2,0x08c2,0x08e2,0x08c2,0x08c2,0x08c2,0x08c2,0x08c1,
0x1144,0x2184,0x31a5,0x31a5,0x31a5,0x39c5,0x41c6,0x5a67,0x6288,0x49a5,0x5b4b,0x4369,0x3266,0x2a67,0x19e6,0x19e6,0x2a88,0x1184,0x1184,0x1184,0x1184,0x1184,0x1184,0x11a4,
0x1184,0x11a4,0x1a05,0x11a5,0x11a4,0x11a4,0x11a4,0x19e5,0x11c5,0x11a4,0x11e5,0x1a05,0x42e9,0x19e5,0x09a4,0x42e9,0x4b0a,0x3267,0x848f,0x94ef,0x8cef,0x8ccf,0x7c2d,0x636b,
0x740d,0x73ed,0x530a,0x5309,0x5309,0x530a,0x73ed,0x7c4e,0x7c2e,0x7c2e,0x7c4e,0x7c4e,0x7c4e,0x7c4e,0x7c4e,0x73ed,0x4ac9,0x4288,0x5b4a,0x638b,0x6bcc,0x7c2e,0x7c4e,0x73ee,
0x94ef,0xce91,0xb58f,0x7bec,0x4c0e,0x5c6f,0x5c4e,0x4bcd,0x5c6f,0x5c8f,0x5c2e,0x4bed,0x5bac,0x5b0a,0x636b,0x7c2e,0x73ee,0xad6f,0x9db0,0x542f,0x540e,0x542e,0x3ae8,0x4b8c,
0x4bcd,0x4bcd,0x4bcd,0x4bcd,0x4bcd,0x4329,0x4309,0x4bcd,0x4bcd,0x4bcd,0x53ed,0x4bcd,0x4bcd,0x330a,0x22a9,0x2ac9,0x3ac9,0x836b,0x8b6b,0x8b6b,0xbcae,0x9d2f,0x43cd,0x5c2e,
0x5c4e,0x5caf,0x5d30,0x5d10,0x5c8f,0x5c6f,0x4bed,0x540e,0x644f,0x7d12,0x8553,0x8573,0x8d74,0x7d52,0x6490,0x5caf,0x5d10,0x5d10,0x6530,0x3bac,0x2a88,0x5309,0x6309,0x5b09,
0x8b8b,0xb46d,0xcdf0,0x8e53,0x8e53,0x8612,0x8632,0x9634,0x9615,0x95f4,0xa675,0xaeb6,0xbef8,0xa696,0xa696,0xa696,0xa696,0xa696,0xa696,0x8533,0xb697,0xc759,0xc739,0xc75a,
0xc759,0xc759,0xc75a,0xcf7a,0xc75a,0xc75a,0xbf18,0xaeb7,0xcf7a,0xc719,0xbf19,0xc759,0xb717,0xaef7,0xaf17,0xaf17,0xaef7,0xb717,0x95d3,0x9e34,0x31e7,0x53cc,0x8e74,0x85f2,
0x9674,0x42ea,0x1082,0x430a,0xbf79,0xbf18,0xaed7,0xc739,0xc759,0x8dd3,0x6caf,0x53ac,0x3a68,0x4aca,0x52eb,0x3227,0x21e6,0x19a5,0x1184,0x1985,0x29c7,0x3269,0x2a08,0x29c7,
0x21a6,0x2186,0x21c7,0x21c7,0x3249,0x3228,0x10e3,0x08a1,0x08a1,0x1944,0x2165,0x1924,0x10e4,0x10e4,0x10e4,0x10e4,0x10e3,0x08e2,0x0922,0x08e2,0x08a2,0x08c2,0x08c2,0x08c2,
0x1944,0x31a5,0x2985,0x29a5,0x31a5,0x41c6,0x5206,0x62a8,0x5227,0x49c5,0x634b,0x4349,0x3aa6,0x32c9,0x2aa9,0x1184,0x0964,0x1184,0x1184,0x1184,0x1184,0x1184,0x1184,0x11c5,
0x11c5,0x11a4,0x1184,0x11a4,0x1184,0x0944,0x11a4,0x1a05,0x19e5,0x2a47,0x19c5,0x2206,0x6bcc,0x3268,0x3247,0x11a5,0x5b6b,0x5b6b,0x73ed,0x7c2e,0x7c2e,0x846e,0x8caf,0x73ed,
0x52e9,0x4288,0x4288,0x4287,0x4288,0x4287,0x4ae9,0x73ed,0x7c2e,0x7c2e,0x6bcc,0x638c,0x6bac,0x6bac,0x6bcc,0x636b,0x4ac9,0x4ac9,0x638b,0x7c2e,0x7c4e,0x7c4e,0x7c2e,0x9d0f,
0xbe10,0xce90,0xce91,0xbdf0,0x6c4e,0x5c6f,0x5c6f,0x53ed,0x5c2e,0x5c6f,0x4bed,0x5c2e,0x63ac,0x52c9,0x6b6b,0x7c2e,0x7c0e,0x8c6e,0x9d90,0x542e,0x540d,0x53ed,0x4329,0x436a,
0x53ed,0x4bcd,0x4bcd,0x4bcd,0x4bed,0x4b8b,0x434a,0x4bed,0x4bcd,0x4bcd,0x4bed,0x53ed,0x4bcd,0x4bcd,0x2ac9,0x3ae9,0x3ae9,0x834a,0x834b,0x8b8b,0xb48d,0x950e,0x438c,0x5c2e,
0x540d,0x542e,0x542e,0x542e,0x542e,0x542e,0x5c4e,0x74d1,0x7cb1,0x7cf2,0x8553,0x8533,0x74f1,0x5cd0,0x5c6f,0x5c6f,0x5c8f,0x5d30,0x6570,0x3bac,0x2288,0x42e9,0x6b0a,0x730a,
0x832a,0xb46e,0xc5d0,0x7df2,0x8612,0x8632,0x9e95,0x9e55,0x95b4,0x9635,0xa696,0xa696,0xa696,0xa6b6,0xa6b6,0xa696,0xa6b6,0xa696,0xa696,0x8d53,0xa656,0xaed6,0xa6b6,0xbf39,
0xc75a,0xc77a,0xbf19,0xb6f8,0xbf18,0xcf7a,0xa676,0x9635,0xbf19,0xae97,0xb6d8,0xb717,0xaef7,0xaf17,0xaef7,0xb717,0xb717,0xb717,0xaf17,0x42ca,0x1905,0x2165,0x7db1,0x8e53,
0x8e33,0x2185,0x0882,0x532b,0xb6f7,0xa696,0xa6b6,0xb6d7,0xa6b6,0xbf79,0xbf99,0xa635,0x52ca,0x21e5,0x19c5,0x21e6,0x19a5,0x19a5,0x1184,0x1164,0x1965,0x29e7,0x21c7,0x21c7,
0x2186,0x1945,0x1925,0x2186,0x3269,0x2a08,0x00a1,0x1103,0x1103,0x1103,0x29c7,0x1924,0x10e4,0x10e4,0x10e4,0x10e4,0x10e4,0x08e3,0x08e2,0x08e2,0x08c2,0x08a2,0x08c2,0x08e2,
0x1144,0x2985,0x31a5,0x31a5,0x41c5,0x49c6,0x4a06,0x6288,0x49e6,0x5a27,0x63ac,0x4329,0x3aa7,0x434b,0x2247,0x2226,0x1164,0x1184,0x1184,0x11a5,0x1184,0x11a5,0x1184,0x1184,
0x19a4,0x31a5,0x49e6,0x3a47,0x19c5,0x2a06,0x1184,0x19e5,0x1184,0x21e6,0x4ac9,0x3247,0x11c5,0x42c9,0x42c9,0x3aa8,0x740d,0x3aa8,0x3ac8,0x740d,0x7c4e,0x7c2e,0x7c2e,0x638b,
0x52e9,0x5b4a,0x52e9,0x42a8,0x4288,0x4aa8,0x42a8,0x5b2a,0x7c4e,0x846e,0x844e,0x8cae,0x8cae,0x7c0c,0x5b4b,0x636b,0x52c9,0x4ac8,0x638b,0x7c4e,0x7c2e,0x7c2e,0x84af,0xb5d0,
0xbe10,0xbe10,0xc650,0xd6d1,0xa56f,0x642e,0x5c8f,0x542e,0x53ed,0x53ed,0x540e,0x6c8f,0x5b2a,0x4ac8,0x6b6b,0x7c2e,0x7c2e,0x7c2e,0xadb0,0x74ef,0x540e,0x4bcd,0x4329,0x4bac,
0x4bcd,0x4bcd,0x4bcd,0x4bcd,0x4bcd,0x434a,0x53ed,0x540e,0x53ed,0x4bcd,0x4bed,0x5c6f,0x540d,0x4bac,0x330a,0x2ac9,0x42e9,0x6309,0x834a,0x8b8b,0xac4d,0x950f,0x43ad,0x53cd,
0x4bcd,0x4bcd,0x4bcd,0x4bcd,0x4bac,0x6c90,0x7d32,0x7cf2,0x7cf2,0x7cf2,0x7d12,0x64b0,0x5c8f,0x5c8f,0x5c8f,0x5ccf,0x5c6f,0x5cef,0x5d30,0x54cf,0x2ac9,0x32c9,0x5309,0x6b0a,
0x734a,0xac2d,0xbdb0,0x6db1,0x7db2,0x9e35,0xa6b6,0x9e55,0x8d94,0x95b4,0xa655,0x9e55,0x8df4,0x9e55,0x9e55,0x8e14,0x9e75,0xa6b6,0xa696,0x8d53,0x8d94,0xa696,0xa696,0xb6f8,
0xc75a,0xc75a,0xbf19,0x95b4,0xa656,0x9e16,0x95d4,0x8e14,0x9635,0xa6b7,0xaef7,0xb717,0xaef7,0xaf17,0xb717,0xaed6,0x9674,0x8e73,0x6caf,0x2146,0x2166,0x10c3,0x4b6a,0x8e74,
0x85f2,0x5c0d,0x3247,0x4aea,0xb718,0xa696,0xaeb6,0x8e33,0x8653,0x8592,0x6cef,0x74d0,0x632b,0x3a88,0x1185,0x11a4,0x21e6,0x19a5,0x1184,0x1164,0x1965,0x21a6,0x29c7,0x2186,
0x1924,0x1945,0x1904,0x2186,0x3269,0x3229,0x08e2,0x1124,0x1965,0x08a1,0x1945,0x1925,0x1925,0x1104,0x10e4,0x10e4,0x10e4,0x10e4,0x10e3,0x0922,0x08e2,0x08e2,0x08e2,0x08e2,
0x1144,0x2985,0x31a5,0x31a5,0x41c6,0x41c5,0x41e6,0x5206,0x49e6,0x62a8,0x646f,0x4329,0x3286,0x2a88,0x3b0a,0x11a5,0x1184,0x1184,0x1184,0x0964,0x1184,0x31e5,0x21a5,0x21a5,
0x39a5,0x3a27,0x5a88,0x4ac9,0x19a5,0x3247,0x19a5,0x11a4,0x19a5,0x0964,0x0964,0x2a26,0x1184,0x0964,0x42c9,0x7c4d,0x950f,0x8cef,0x848e,0x7c4e,0x7c4e,0x7c2e,0x740d,0x5b4a,
0x5b4a,0x5b2a,0x5b2a,0x5b2a,0x4ac9,0x4288,0x4288,0x4ac9,0x84ae,0x952f,0x9d4f,0xadd0,0xc671,0xce71,0xa570,0x6bcc,0x42a8,0x52e9,0x636b,0x73ed,0x7c4e,0x7c4e,0x8ccf,0x7c2e,
0x740e,0x7c6e,0x9d2f,0xa590,0xc650,0x850f,0x544f,0x5c8f,0x4bed,0x4bac,0x542e,0x6c8f,0x5b0a,0x4ac8,0x6b6b,0x7c2e,0x842e,0x7c0e,0xa54f,0x7d30,0x544f,0x542e,0x53ed,0x540d,
0x4bcd,0x4bcd,0x4bcd,0x4bcd,0x4bcd,0x3ae8,0x4b8b,0x542e,0x5c4f,0x542e,0x4bcd,0x53ed,0x542e,0x540e,0x3b4b,0x2aa9,0x42e9,0x52e9,0x834a,0x8b6b,0xac2c,0x950f,0x43ad,0x542e,
0x5c6f,0x53ed,0x540e,0x6490,0x6c90,0x7d12,0x7d12,0x7cf2,0x8553,0x74f1,0x5c6f,0x5c6f,0x5c8f,0x542e,0x5c6f,0x5caf,0x5caf,0x5caf,0x5ccf,0x5d30,0x3bac,0x2aa9,0x5309,0x6b0a,
0x6309,0x8b4b,0xacee,0x7d71,0x8dd4,0x8553,0x8553,0x95f4,0x85b4,0x95f4,0xa696,0x9e75,0x9e75,0x8df4,0x8e14,0x8e14,0x9635,0xa6b6,0xa696,0x8533,0x8d53,0xa696,0xa696,0xb6f8,
0xcf9a,0xcf7a,0xbef8,0x95b4,0x8e14,0x8db4,0x8dd4,0x8dd4,0x8e14,0x6d91,0x5cef,0x9e55,0xb737,0xaf17,0x9675,0x8612,0x8632,0x7e12,0x3248,0x2125,0x29a6,0x10c3,0x42e9,0x8e73,
0x85f2,0x96b4,0x3aa8,0x4aca,0xb718,0xaeb6,0x9e75,0x8633,0x6d0f,0x53ec,0x648e,0x43ab,0x1184,0x19c5,0x19c5,0x2206,0x19a5,0x1184,0x1164,0x1945,0x21a6,0x21c7,0x29c7,0x2186,
0x1966,0x29e7,0x1925,0x2186,0x2a28,0x3249,0x1965,0x21a6,0x29e7,0x08c2,0x08a2,0x10e3,0x1104,0x1924,0x10e4,0x10e4,0x10e4,0x10e3,0x0902,0x0902,0x08e2,0x08e2,0x08e2,0x10e4,
0x1144,0x1944,0x31a5,0x39c5,0x49c6,0x39c5,0x49c6,0x49c6,0x5a27,0x632a,0x540e,0x3b08,0x3286,0x3b0a,0x4bac,0x2a67,0x436b,0x31e6,0x19c5,0x11c5,0x31c5,0x49c6,0x5a47,0x39e6,
0x3a46,0x2226,0x42a8,0x3a88,0x11a5,0x19c5,0x21e6,0x19a5,0x5b4a,0x5b4a,0x3aa8,0x73ed,0x6bcc,0x534b,0x846f,0x846e,0x8ccf,0x8cef,0x952f,0x950f,0x950f,0x848e,0x638b,0x42e8,
0x3aa7,0x3ae7,0x4b48,0x5b6a,0x5b4b,0x52e9,0x4aa8,0x4aa8,0x638b,0x7c4e,0x8caf,0x7c4e,0x848e,0x9d4f,0xc671,0x8cae,0x3a67,0x52e9,0x5b4a,0x6bac,0x7c4e,0x7c2e,0x7c2e,0x7c2e,
0x7c4e,0x7c2e,0x7c2e,0x740e,0xad90,0x9d6f,0x4bcd,0x5c6f,0x5c4e,0x4bac,0x542e,0x644e,0x52c9,0x52c9,0x634b,0x6b8c,0x7c2e,0x7c0e,0x846e,0x642e,0x542e,0x5c8f,0x5c8f,0x5c8f,
0x5c4f,0x4bcd,0x4bcd,0x4bed,0x4b8c,0x3ae8,0x53ed,0x542e,0x5c4f,0x542e,0x4bcd,0x542e,0x5c6f,0x5c6f,0x4bcd,0x2ac9,0x2ac9,0x4ae9,0x732a,0x832a,0xa40d,0x844e,0x43cd,0x5c4e,
0x540e,0x4bcd,0x6c6f,0x7d12,0x7cf2,0x7d12,0x7cf2,0x74b1,0x5c6f,0x5c6f,0x5c6f,0x5c6f,0x5c4f,0x53ed,0x5c4f,0x5c6f,0x5cf0,0x5ccf,0x5ccf,0x64d0,0x4bed,0x22a9,0x42e9,0x6b2a,
0x5ae9,0x838b,0xcd50,0xb613,0x7d94,0x8db3,0x8593,0x85b4,0x85f4,0x8e14,0x9e55,0x8e14,0x9635,0x9e55,0x9635,0x9635,0xa696,0xa696,0xa696,0x8533,0x8533,0xa696,0xa6b6,0xbf18,
0xb6b8,0xbef8,0x95d5,0x9e15,0x8df4,0x8d94,0x8d74,0x9594,0x6cd1,0x5ccf,0x5ccf,0x64b0,0xa6b6,0x6d91,0x6550,0x7df2,0x7df2,0x6d91,0x3aa9,0x29a7,0x42ea,0x3a88,0x3a88,0x8e94,
0x7df2,0x9ed5,0x42a9,0x4aca,0xb738,0x9e75,0x8e33,0x8632,0x7dd2,0x8632,0x8e73,0x8e94,0x7caf,0x3a47,0x19a5,0x21e6,0x19a5,0x1184,0x1124,0x21a6,0x3228,0x2a08,0x29e7,0x21c7,
0x21c7,0x2186,0x1925,0x1924,0x2186,0x29c7,0x21c7,0x3249,0x3249,0x08e2,0x08a1,0x08a1,0x08c2,0x08c2,0x10e3,0x1103,0x10e4,0x10e3,0x0903,0x10e3,0x0903,0x08e2,0x08e2,0x10e4,
0x1144,0x2184,0x31a5,0x39a5,0x31a5,0x39c5,0x51e6,0x49e6,0x6267,0x63cd,0x4c0e,0x3ae8,0x3aa6,0x53ed,0x5c6e,0x436a,0x5bcd,0x49e6,0x3286,0x4226,0x49c6,0x5a47,0x62c9,0x534a,
0x32a6,0x2a87,0x636b,0x4ac9,0x3247,0x5b2a,0x42a8,0x21e6,0x530a,0x7c2e,0x6bac,0x6b8b,0x6bac,0x7c4e,0x7c2e,0x7c2e,0x7c2e,0x7c2e,0x846e,0x8cef,0x950f,0x8ccf,0x538a,0x3286,
0x3ac7,0x4368,0x3ae7,0x4367,0x5369,0x634b,0x4ae9,0x4287,0x5b4a,0x7c4e,0x7c2e,0x7c2e,0x7c4e,0x7c4e,0xa56f,0x8cce,0x4268,0x4ae9,0x5b4a,0x6bac,0x7c4e,0x7c2e,0x7c2e,0x7c2e,
0x6bcc,0x7c2e,0x7c4e,0x740e,0x8c8e,0x9d4f,0x4bad,0x542e,0x5c6f,0x4bcd,0x542e,0x5c0e,0x4288,0x4ac9,0x634b,0x634b,0x7c0e,0x844f,0x842e,0x63ed,0x4bcd,0x544e,0x5c6f,0x5c4f,
0x5c6f,0x4bed,0x4bcd,0x4bcd,0x4bcd,0x434a,0x4bcd,0x4bed,0x53ed,0x53ed,0x540e,0x5c8f,0x5c8f,0x648f,0x5c4f,0x330a,0x32c9,0x3ae9,0x6b2a,0x9bcc,0xac2d,0xbd2f,0x642d,0x43ac,
0x5c0e,0x6c90,0x74b1,0x7490,0x74b1,0x7cd1,0x644f,0x540e,0x5c4e,0x5c8f,0x5c6f,0x5c6f,0x542e,0x4bcd,0x5c2e,0x5c8f,0x5c8f,0x5d10,0x5d30,0x5ccf,0x5caf,0x2b0a,0x32c9,0x52e9,
0x5b2a,0x842e,0xc532,0xbe13,0x85d4,0x8d53,0x9615,0x85f4,0x85d4,0x8553,0x85b4,0x8df4,0x9655,0x9635,0x8e14,0x9615,0xa696,0xa696,0xa6b6,0x8533,0x8533,0xa6b6,0xb6d7,0xc739,
0x9df5,0x95d5,0x8d74,0x95d5,0x8d74,0x8d74,0x8d94,0x7d12,0x5c6f,0x5caf,0x5d10,0x648f,0x6551,0x5d10,0x5d30,0x5d10,0x5d30,0x5cef,0x5ccf,0x3b2a,0x3a69,0x436b,0x5c4d,0x8632,
0x9633,0xb738,0x534b,0x4289,0xb738,0x9695,0x8612,0x8612,0x8632,0x8612,0x8612,0xa6f6,0x53ac,0x19a6,0x2a28,0x2a27,0x1184,0x1144,0x1965,0x3208,0x3269,0x3229,0x29c7,0x29c7,
0x21a6,0x1924,0x1945,0x21a6,0x21a7,0x21a7,0x21a6,0x2a08,0x2185,0x08a1,0x08a1,0x10e3,0x1103,0x08c2,0x08e2,0x0922,0x08e3,0x10e3,0x08e2,0x1103,0x0903,0x08c2,0x08c2,0x08c2,
0x1144,0x2984,0x41c5,0x41c6,0x29a5,0x41c5,0x6288,0x5a47,0x6247,0x5b8b,0x4bee,0x3ae8,0x3aa6,0x4bac,0x4bcd,0x434a,0x4a68,0x49c6,0x4a26,0x49c6,0x51e6,0x5b6b,0x5c90,0x540d,
0x3286,0x5349,0x638b,0x4ac9,0x52e9,0x5309,0x4ac8,0x42a8,0x532a,0x634b,0x5b2a,0x5b4a,0x5b2a,0x6bcc,0x7c4e,0x7c4e,0x7c4e,0x7c4e,0x7c2e,0x7c2e,0x7c4e,0x8ccf,0x4b49,0x3ac7,
0x4348,0x3b07,0x3a87,0x4347,0x42e8,0x52e9,0x42a8,0x4288,0x5b2a,0x740d,0x7c4e,0x7c2e,0x7c2e,0x740e,0x94ef,0x8cee,0x4ac9,0x4288,0x5b2a,0x5b4a,0x6bcc,0x7c4e,0x7c4e,0x7c2e,
0x5b4a,0x6bcc,0x7c4e,0x7c2e,0x7c4e,0x846e,0x53cd,0x4bcd,0x4bcd,0x540d,0x53ed,0x53ed,0x4288,0x42a8,0x5b0a,0x52e9,0x6b8c,0x73ac,0x73ac,0x6bcc,0x5b8c,0x63cd,0x63ed,0x53ed,
0x6c6f,0x748e,0x5bed,0x4bcd,0x434a,0x4b6b,0x53ed,0x53ed,0x4bac,0x438c,0x53ed,0x5c4f,0x53ed,0x540e,0x5c4f,0x438c,0x2ac9,0x32c9,0x5309,0x9bec,0xb46e,0xcd6f,0x5c0d,0x5c0f,
0x74b1,0x7cd1,0x7cf2,0x7cf2,0x74d1,0x646f,0x5c6f,0x5c6f,0x5c6f,0x542e,0x5c6f,0x5c8f,0x5c4f,0x4bcd,0x5c4e,0x5c8f,0x5c8f,0x5d30,0x5d10,0x5cef,0x64f0,0x43ac,0x2288,0x32ea,
0x6c0e,0x8c6f,0xac90,0xd5f2,0x9dd3,0x8533,0x8573,0x8df4,0x8d94,0x8d53,0x8d94,0x85f4,0x8df4,0x9614,0x9615,0x9e55,0xa696,0xa6b6,0x9e35,0x8512,0x8553,0xa676,0x9df5,0x95f5,
0xaed7,0x9df5,0x8d53,0x8d74,0x8db4,0x8d94,0x7d72,0x5caf,0x5c6f,0x5c8f,0x5caf,0x5c8f,0x5d10,0x5d30,0x5d30,0x5ccf,0x5d10,0x5d30,0x6591,0x42ea,0x3228,0x6510,0x5d30,0x6550,
0x9614,0xa696,0x9635,0x2165,0x4aca,0x64cf,0x8612,0x8612,0x8e33,0x8612,0x8e33,0x74f0,0x534b,0x5b2b,0x428a,0x19c5,0x29e7,0x29c7,0x21c6,0x2a28,0x3269,0x29c7,0x21c7,0x29c7,
0x1945,0x2186,0x29e7,0x3249,0x3249,0x29c7,0x1945,0x2186,0x1123,0x08a1,0x10e3,0x08c2,0x1924,0x1123,0x0902,0x0902,0x08e2,0x08e2,0x08c2,0x0922,0x0902,0x08a1,0x08c2,0x08c1,
0x1964,0x31a5,0x49e6,0x41c6,0x31a5,0x5227,0x62a8,0x6267,0x62a8,0x5bcc,0x544f,0x3ae8,0x436a,0x5c8f,0x53ed,0x4309,0x4a47,0x49c6,0x49e6,0x49e6,0x4246,0x542d,0x64b0,0x540d,
0x3286,0x4b6a,0x6c0d,0x4287,0x4288,0x4288,0x4288,0x42a8,0x4aa8,0x5b2a,0x636b,0x634b,0x5b4a,0x6bac,0x740d,0x740d,0x73ed,0x7c2e,0x7c4e,0x7c2e,0x7c4e,0x8caf,0x4b09,0x3ac6,
0x43a8,0x4388,0x4368,0x4347,0x4308,0x4a88,0x42a8,0x42a8,0x5309,0x6bcc,0x7c4e,0x7c4e,0x7c2e,0x7c2e,0x848f,0x848e,0x4ac9,0x4288,0x5309,0x636b,0x5b4a,0x6bcc,0x7c4e,0x740d,
0x638b,0x634b,0x73ed,0x740d,0x7c4e,0x7c2e,0x53cd,0x4bcd,0x53ed,0x5c4e,0x53ed,0x53ed,0x4288,0x42a8,0x4ac8,0x52e9,0x636b,0x73cd,0x7bed,0x846e,0x846e,0x8c6e,0x846e,0x7c4e,
0x94cf,0xc630,0xbdf0,0x6c4e,0x3b09,0x4b8b,0x3b6b,0x436b,0x53ed,0x438c,0x4bcd,0x5c4e,0x4bed,0x22a8,0x53ed,0x43ac,0x3ac9,0x32c9,0x4ae9,0x8b6b,0xa42d,0xbd2f,0x9510,0x6c50,
0x6c70,0x74b1,0x7d32,0x7511,0x542e,0x4bcd,0x53ed,0x542e,0x5c6f,0x5c6f,0x5c4e,0x542e,0x5c6f,0x5c6f,0x5c6f,0x5c6f,0x5c8f,0x5d30,0x5d10,0x5ccf,0x5d30,0x5cef,0x3b4b,0x53cd,
0x6c2f,0x7c4f,0x9c4f,0xcdb1,0xc632,0x7d33,0x8532,0x8573,0x8512,0x8553,0x8dd4,0x85f4,0x8df4,0x8df4,0x85f4,0x9e55,0xa6b6,0xa6b6,0x95b4,0x8513,0x8d73,0x8d73,0x9e35,0xaeb7,
0x95f4,0x8d53,0x8d74,0x8d94,0x8db4,0x7d12,0x5cef,0x5cf0,0x5caf,0x5caf,0x5c6f,0x5c6f,0x5c8f,0x5caf,0x5d10,0x5d50,0x5d30,0x5cf0,0x4bcd,0x2986,0x3207,0x5ccf,0x5d30,0x7db3,
0x8df5,0x9635,0x74f1,0x1924,0x10a2,0x1924,0x7db1,0x8e53,0x8613,0x8653,0x6cef,0x85b2,0x8510,0x632c,0x3a89,0x3227,0x4acb,0x326a,0x2a28,0x19c5,0x3249,0x29e7,0x21a7,0x29e8,
0x29e8,0x21a7,0x29e7,0x3249,0x3249,0x29e8,0x21a6,0x1945,0x1103,0x08a1,0x1103,0x08c2,0x10e3,0x1123,0x0902,0x08e2,0x08e2,0x08e2,0x08c2,0x08e2,0x08a1,0x08c2,0x08c2,0x08c2,
0x2164,0x39c5,0x49e6,0x39c5,0x41c5,0x5a27,0x6288,0x5a27,0x62e9,0x540e,0x540e,0x3ac8,0x4b8b,0x6490,0x5c8f,0x4287,0x49c6,0x49e6,0x49c6,0x49e6,0x3aa6,0x53ed,0x64b0,0x53ec,
0x3286,0x4b6a,0x642e,0x4aa8,0x4288,0x4aa8,0x42a8,0x42a8,0x42a8,0x42a8,0x5b2a,0x5b4a,0x5b4a,0x5b4a,0x4ae9,0x5b2a,0x5b4a,0x73ed,0x7c2e,0x7c2e,0x7c4e,0x6bcc,0x3ae7,0x4368,
0x4327,0x4368,0x4ba8,0x43a8,0x4b28,0x52c9,0x42a8,0x4ac8,0x5b4a,0x638b,0x6bac,0x73ed,0x7c2e,0x7c2e,0x7c4e,0x740d,0x4ac9,0x4288,0x4aa8,0x4ac9,0x5b2a,0x5b2a,0x6bac,0x636b,
0x634b,0x6bcc,0x6bcc,0x636b,0x7c2e,0x7c4e,0x6c2e,0x53ed,0x540e,0x5c6f,0x4bed,0x53ed,0x4287,0x4ac8,0x632a,0x6b8c,0x842e,0x842e,0x842e,0x7c2e,0x844f,0x8caf,0x952f,0x8c8f,
0x7c0e,0x8c8f,0xc670,0xadb0,0x53ac,0x4309,0x438c,0x330a,0x53ed,0x3b4b,0x3b4b,0x5c4e,0x3b6b,0x2288,0x53ed,0x43ac,0x3ae9,0x3ae9,0x5309,0x7b4b,0xa46f,0xd572,0xc5d1,0x644f,
0x6c90,0x6c90,0x646f,0x542e,0x43cc,0x5c6f,0x53ed,0x4bcd,0x540e,0x542e,0x53ed,0x4bcd,0x53ed,0x542e,0x5c8f,0x5c6f,0x5c8f,0x5ccf,0x5caf,0x5c6f,0x5c8f,0x7552,0x74f1,0x6c0e,
0x6c0e,0x642f,0x946f,0xb4d1,0xd632,0x9d93,0x8533,0x8512,0x7cd1,0x8532,0x85f4,0x85f4,0x8573,0x8573,0x8df4,0x9e75,0xa696,0xa6b6,0x95d4,0x84f2,0x8d94,0x8d73,0x8d94,0x9df5,
0x9e15,0x8d94,0x8d74,0x8d94,0x7d32,0x5caf,0x5c6f,0x5c8f,0x5cf0,0x5caf,0x5c6f,0x5c8f,0x5caf,0x5c6f,0x5c8f,0x5ccf,0x5d10,0x5cf0,0x3228,0x2145,0x2145,0x29e6,0x6510,0x95f4,
0x9e55,0x9656,0x42ca,0x10c3,0x1924,0x10c3,0x4b6b,0x8653,0x8612,0x8612,0x8612,0x8653,0x746e,0x52eb,0x2a07,0x3228,0x3a69,0x3248,0x4acb,0x3248,0x3249,0x29e7,0x21a7,0x2a08,
0x3269,0x29e7,0x29e7,0x3249,0x3249,0x29e7,0x21c7,0x1945,0x1104,0x08c2,0x1123,0x08e2,0x08c2,0x08e2,0x08e2,0x08e2,0x0902,0x0902,0x08e3,0x08e3,0x10c3,0x08c2,0x08c2,0x08c2,
0x31a5,0x31a5,0x41c6,0x31a5,0x41c5,0x5a67,0x5a47,0x5a26,0x6309,0x4bcd,0x4bcd,0x3ae8,0x434a,0x544e,0x53ac,0x49e6,0x49e6,0x5a67,0x5a27,0x5267,0x3aa6,0x53ed,0x642e,0x4b29,
0x5309,0x5b4b,0x5b6b,0x5b4a,0x52e9,0x4288,0x4aa8,0x4aa8,0x4288,0x42a8,0x42a8,0x4aa8,0x4aa8,0x42a8,0x52e9,0x5b4a,0x6bcc,0x848e,0x848e,0x848e,0x846f,0x638b,0x32a6,0x4348,
0x3ae7,0x3ae7,0x4368,0x43a8,0x4b28,0x5309,0x4288,0x4aa8,0x52e9,0x52e9,0x5309,0x5b2a,0x6bac,0x7c4e,0x740d,0x636b,0x52e9,0x4288,0x42a8,0x4ac9,0x52e9,0x638b,0x5b2a,0x638c,
0x740e,0x7c2e,0x7c4e,0x7c2e,0x7c2e,0x742e,0x9d4f,0x6c6e,0x4bcd,0x5c2e,0x53ed,0x530a,0x4287,0x52e9,0x634b,0x634b,0x73cd,0x842e,0x7c2e,0x7c2e,0x7c0e,0x7c0e,0x8cef,0x8cef,
0x7c0e,0x7c0e,0xa54f,0xc670,0x63ab,0x4b6b,0x4bed,0x330a,0x2ae9,0x3b4b,0x3b4b,0x5c4f,0x2ae9,0x2268,0x3b2a,0x4bcd,0x22a9,0x42e9,0x6bac,0x83ee,0xacb0,0xd572,0xbd90,0x4bad,
0x53cd,0x53ed,0x438c,0x332a,0x5c6f,0x5c4f,0x5c6f,0x53ed,0x4bcd,0x4bcd,0x4bcd,0x4bcd,0x4bcd,0x4bed,0x542e,0x540e,0x5c6f,0x5c6f,0x5c6f,0x5c6f,0x74f1,0x8d93,0x8573,0x642f,
0x6c0e,0x640e,0x7c2f,0xa490,0xcd71,0xbdf2,0x7cf2,0x7cf2,0x7cd1,0x7d12,0x85f4,0x8dd4,0x85d3,0x8573,0x8db4,0x9e55,0xa6b6,0xa696,0x95b4,0x8513,0x8db4,0x8d94,0x8d73,0x8d73,
0x9e35,0x95d4,0x8d74,0x7d12,0x5c8f,0x5c8f,0x5c6f,0x5c6f,0x5caf,0x5ccf,0x5c6f,0x5c8f,0x5c8f,0x5c6f,0x5ccf,0x5ccf,0x6550,0x4bec,0x2986,0x3228,0x2145,0x0862,0x4b2b,0x9e56,
0x8dd4,0x9e56,0x534b,0x3ae9,0x2145,0x2165,0x21c6,0x75f2,0x8612,0x8612,0x8633,0x8571,0x738d,0x530b,0x29e7,0x3249,0x3a68,0x3249,0x3269,0x3269,0x3249,0x3228,0x29c7,0x3229,
0x3269,0x2a08,0x29e7,0x3269,0x3249,0x29e7,0x2186,0x1945,0x1965,0x1966,0x1144,0x08e2,0x08a2,0x08e2,0x08e2,0x08e2,0x0902,0x08e2,0x08e2,0x0902,0x08e3,0x08c2,0x08c2,0x08e2,
0x31a5,0x31a5,0x31a5,0x31a5,0x49e6,0x5206,0x49e6,0x6267,0x62e9,0x4bcd,0x53ed,0x3ae8,0x436a,0x536c,0x49c6,0x49c6,0x5206,0x62a8,0x6aa8,0x4ac7,0x42e8,0x5b6b,0x5b4a,0x634a,
0x634b,0x634a,0x5b4a,0x636b,0x4ac9,0x4288,0x5b2a,0x5b2a,0x42a8,0x42a8,0x42a8,0x4288,0x4288,0x52e9,0x636b,0x73ed,0x846e,0x950f,0x952f,0x952f,0x950f,0x63ab,0x3286,0x3aa7,
0x3b07,0x3aa7,0x3ae7,0x43a8,0x4308,0x5b2a,0x52e9,0x4288,0x530a,0x6bcc,0x6bcc,0x740d,0x7c4e,0x846e,0x7c2d,0x6bcc,0x52e9,0x4288,0x5309,0x6bac,0x740d,0x848f,0x848e,0xa56f,
0xb5d0,0x8c8e,0x740e,0x846e,0xa590,0xbe10,0xc650,0x74cf,0x544f,0x5c4f,0x4bcd,0x42c8,0x4287,0x52e9,0x634b,0x6b8c,0x73cd,0x6b8c,0x7c2e,0x842e,0x7c2e,0x7c2e,0x846e,0x8caf,
0x7c2e,0x7c2e,0xa570,0xb5ef,0x63ca,0x846f,0x5bcd,0x438c,0x2268,0x3b4b,0x332a,0x436c,0x332a,0x2288,0x332a,0x43ac,0x330a,0x5bad,0x63ed,0x7bed,0xa46f,0xc531,0xa4cf,0x330a,
0x332a,0x53ed,0x3b2a,0x436b,0x5c4f,0x438b,0x332a,0x542e,0x53ed,0x4bcd,0x4bcd,0x4bcd,0x4bcd,0x53ed,0x4bcd,0x4bac,0x5c2e,0x5c6f,0x64b0,0x7d32,0x8573,0x85d4,0x85d4,0x74d1,
0x6c0e,0x742f,0x640e,0x944f,0xb4b1,0xde12,0xadd2,0x7d13,0x8553,0x8db4,0x9e55,0x8553,0x8573,0xa695,0x9e15,0x9e15,0xa696,0x8d73,0x8513,0x8d74,0x8d94,0x8d74,0x8d74,0x8d74,
0x8d73,0x8d74,0x74b1,0x4bed,0x542e,0x5c6f,0x5c6f,0x5c6f,0x5c6f,0x5ccf,0x5cf0,0x5c6f,0x5c8f,0x5c6f,0x5ccf,0x5d30,0x6510,0x4b6c,0x4b6c,0x430b,0x29c6,0x3a89,0x1904,0x7d32,
0x9655,0x8df4,0x64d0,0x4b8b,0x21a6,0x4b8b,0x646e,0x7e12,0x6550,0x6d10,0x7dd2,0x85b1,0x6b6c,0x530b,0x42aa,0x3249,0x3249,0x3249,0x3249,0x3249,0x2a08,0x3229,0x3249,0x3249,
0x3249,0x2a08,0x21c7,0x3228,0x3228,0x21a6,0x1904,0x21a7,0x29e7,0x29c7,0x1945,0x08e2,0x08a2,0x08c2,0x08c2,0x08c2,0x08c2,0x08e2,0x08e2,0x0922,0x08e2,0x08c2,0x08e2,0x08e2,
0x31a5,0x31a5,0x39a5,0x41c6,0x49e6,0x49c6,0x5206,0x62a8,0x5b4b,0x4bed,0x4bed,0x42e8,0x4288,0x4a07,0x5206,0x49e6,0x5a67,0x62a8,0x62a8,0x632a,0x634b,0x634a,0x5b4a,0x5b4a,
0x5b4a,0x5b4a,0x5b4b,0x530a,0x4aa8,0x638b,0x740d,0x73ed,0x5b2a,0x4aa8,0x42a8,0x4288,0x4ac8,0x5b4a,0x636b,0x7c0e,0x7c4e,0x7c4e,0x8cef,0x952f,0x9530,0x63ec,0x32a6,0x3ae7,
0x43a8,0x4307,0x3ac7,0x4368,0x4328,0x5b2a,0x5b4a,0x4288,0x5b4a,0x844e,0x7c4e,0x848f,0x8caf,0x8caf,0x94ef,0x7c2d,0x4ac8,0x52c9,0x636b,0x634b,0x7c2e,0x7c4e,0x7c4e,0x848e,
0xa56f,0xc630,0x8cae,0x740e,0x8ccf,0xb5d0,0xbe10,0x9550,0x5c6f,0x5c6f,0x4bcd,0x4ac9,0x4288,0x4ac8,0x5b2a,0x73cd,0x844f,0x6b8c,0x73cd,0x842e,0x7c2e,0x7c2e,0x7c2e,0x7c2e,
0x7c2e,0x7c2e,0x8ccf,0x8ccd,0x63aa,0x9d50,0x9d0f,0x640e,0x32ea,0x2288,0x43ac,0x32ea,0x438c,0x2288,0x3b2b,0x4b8c,0x4b8c,0x63cd,0x63cd,0x63ed,0x9c2e,0xb48f,0xbcce,0x6c2c,
0x438c,0x438c,0x4bcd,0x5c4f,0x43ac,0x22c9,0x3b4b,0x540d,0x4bed,0x53ed,0x4bed,0x4bcd,0x4bcd,0x5c6f,0x5c8f,0x542e,0x542e,0x64b0,0x8533,0x8553,0x8593,0x85d3,0x8593,0x7d12,
0x640e,0x7c2f,0x6c0e,0x842f,0xa490,0xbd31,0xd652,0x8d73,0x8573,0x8d93,0x8d53,0x8553,0x95d4,0x9e55,0xa696,0xa676,0xa675,0x8553,0x8d73,0x8553,0x95b4,0x8d73,0x8533,0x8553,
0x8d74,0x74b1,0x4bcd,0x4bcd,0x4bcd,0x540e,0x5c8f,0x5c6f,0x5c6f,0x5ccf,0x5cef,0x5c6f,0x5c8f,0x5c8f,0x5c8f,0x5c6f,0x5c6f,0x5c4f,0x64f0,0x3aca,0x3a28,0x9636,0x3a68,0x6c6f,
0x9656,0x75b2,0x4bed,0x29c6,0x29a6,0x8e53,0x7dd2,0x6510,0x5d10,0x6d91,0x7df2,0x74af,0x738c,0x5b0b,0x52eb,0x3249,0x3249,0x3249,0x3249,0x3249,0x21c7,0x3229,0x3249,0x3249,
0x2a08,0x21c7,0x21c7,0x21c7,0x21a6,0x1925,0x21c7,0x3269,0x2a08,0x29c7,0x1945,0x08a1,0x08c2,0x08c2,0x08e2,0x08c2,0x08e2,0x08e2,0x0903,0x0902,0x0902,0x0902,0x08e2,0x08e2,
0x31a5,0x31a5,0x41c6,0x49e6,0x49e6,0x49e6,0x49e6,0x4a06,0x4267,0x4aea,0x4aea,0x49e6,0x49c6,0x5227,0x62a8,0x49e6,0x6267,0x62c8,0x634a,0x636b,0x5b4a,0x6bac,0x73ed,0x7c2e,
0x6bcc,0x638b,0x634b,0x4ac9,0x530a,0x6bcc,0x7c2e,0x7c4e,0x6bac,0x4ac8,0x4288,0x4288,0x4aa8,0x5b4a,0x740d,0x7c4e,0x7c2e,0x7c2e,0x848e,0x94ef,0x9530,0x63cb,0x3ac6,0x4388,
0x4368,0x3ac7,0x4327,0x4368,0x4308,0x5b0a,0x634b,0x4aa8,0x530a,0x73ed,0x7c4e,0x7c2e,0x846e,0x950f,0x952f,0x7c2d,0x4ac9,0x4ac8,0x5b4a,0x5b4a,0x73ed,0x7c4e,0x7c2e,0x7c2e,
0x740e,0xa56f,0xb5f0,0x7c4e,0x7c2e,0x740e,0x9d4f,0xb5d0,0x542e,0x5c6f,0x4bcd,0x42c9,0x4288,0x4288,0x52e9,0x6bac,0x844f,0x7c0e,0x73cd,0x844f,0x842e,0x842f,0x7c0e,0x7c0e,
0x7c2e,0x7c0e,0x846f,0x8cef,0x4b08,0x844d,0xc650,0xadb0,0x6c4e,0x2268,0x2ae9,0x22a8,0x330a,0x3b2b,0x53ad,0x53ad,0x4bad,0x5bcd,0x73ed,0x4b6b,0x732a,0x93ab,0xc4ee,0x84ce,
0x330a,0x2ac9,0x53ed,0x436b,0x22a8,0x3b4b,0x5c6f,0x53ed,0x5c4f,0x5c6f,0x4bcd,0x4bcd,0x4bcd,0x53ed,0x542e,0x6490,0x6cd1,0x8532,0x8553,0x8553,0x8553,0x8593,0x8553,0x8553,
0x6c70,0x63ee,0x640f,0x7c2f,0x8c4f,0xacb0,0xd5f1,0xd672,0x74b1,0x7cd1,0x8d93,0x8db4,0x95b4,0xa696,0x95f4,0x95b4,0xa675,0x8d94,0x8d73,0x8d53,0x84f2,0x8512,0x84f2,0x8533,
0x8513,0x5c0e,0x540e,0x5c6f,0x53ed,0x542e,0x5c8f,0x5c8f,0x5c8f,0x5c8f,0x5c6f,0x5c4e,0x5c6f,0x5ccf,0x5caf,0x5c6f,0x5c6f,0x5c8f,0x6510,0x3aea,0x3228,0x9696,0x8dd4,0x8dd4,
0x7dd3,0x5d0f,0x2a07,0x0862,0x29e6,0x7dd2,0x6550,0x5caf,0x5caf,0x5d50,0x5cf0,0x6bad,0x6b6c,0x4aeb,0x3a6a,0x3269,0x4acb,0x428a,0x3249,0x3228,0x21a7,0x29e8,0x3269,0x2a08,
0x29c7,0x29e8,0x2a08,0x21c7,0x1925,0x1945,0x3228,0x3249,0x3249,0x29c7,0x1124,0x08c2,0x08e2,0x08c2,0x08e2,0x08c2,0x08e2,0x0902,0x0902,0x0922,0x0922,0x08e2,0x08e2,0x08e2,
0x31a5,0x31a5,0x49e6,0x49e6,0x49c6,0x5206,0x5206,0x49c6,0x49c6,0x49c6,0x49c6,0x49c6,0x5227,0x62a8,0x5a47,0x5a67,0x62a8,0x52c8,0x4ae9,0x5b2a,0x5b4a,0x5b4a,0x6bac,0x740d,
0x7c2e,0x7c4e,0x636b,0x5b4a,0x73ed,0x638b,0x636b,0x7c2e,0x740d,0x634a,0x4ac8,0x4288,0x4ac8,0x5b4a,0x6bcc,0x7c4e,0x7c2e,0x7c2e,0x7c2e,0x846e,0x9d30,0x63ab,0x3286,0x4368,
0x4348,0x3aa7,0x4347,0x4388,0x4308,0x4aa8,0x52e9,0x42a8,0x530a,0x638b,0x7c2e,0x7c2e,0x848e,0x952f,0x952f,0x846e,0x4ac9,0x4288,0x5b2a,0x5b4a,0x638b,0x7c4e,0x7c2e,0x7c2e,
0x7c2e,0x950f,0x8ccf,0x7c2e,0x7c4e,0x7c2e,0x844e,0xb5d0,0x7ccf,0x642e,0x63ed,0x52e9,0x4288,0x4288,0x4aa8,0x634b,0x6b8c,0x6b8c,0x6bac,0x6bac,0x6b8c,0x6b8c,0x6b6b,0x7c2e,
0x844e,0x7c2e,0x8c8f,0x8cee,0x5b6a,0x7c0e,0x8c6e,0xb5f0,0xad90,0x42ea,0x1a68,0x330a,0x4b8c,0x5bee,0x4bad,0x4b8c,0x53cd,0x538c,0x3b0a,0x2ac9,0x6b0a,0x7b0a,0xa40c,0x7c2d,
0x1a88,0x2aa9,0x3b4b,0x2288,0x332a,0x540e,0x5c8f,0x540e,0x4bcd,0x5c8f,0x5c2e,0x53ed,0x4bcd,0x4bcd,0x4bcd,0x74b1,0x8512,0x8553,0x7cf2,0x7cf2,0x7d12,0x8553,0x8553,0x8573,
0x7cf2,0x5c0e,0x640e,0x742f,0x6c2f,0x944f,0xb4f0,0xde52,0xa592,0x74b2,0x8532,0x8533,0x7cb1,0x8d93,0x8533,0x7cd1,0x8d94,0x8d73,0x8553,0x8513,0x84f2,0x84f2,0x8512,0x84f2,
0x644f,0x5c6f,0x5c8f,0x5c8f,0x542e,0x4bcd,0x540e,0x540e,0x540e,0x540e,0x540d,0x4bcd,0x5c2e,0x5c6f,0x5c6f,0x5c6f,0x5c6f,0x5cd0,0x5cf0,0x29a6,0x31e7,0x8d94,0x95d5,0x8db4,
0x6d71,0x4bec,0x1904,0x3288,0x1904,0x434b,0x64f0,0x5c8f,0x5c8f,0x5ccf,0x5d30,0x740e,0x5b2b,0x3249,0x3249,0x42aa,0x530b,0x52eb,0x3249,0x29e7,0x2a08,0x29e8,0x2a08,0x21c7,
0x3229,0x3269,0x3249,0x2186,0x1945,0x29c7,0x3249,0x3249,0x2a08,0x1945,0x08c2,0x08a1,0x08c2,0x08c2,0x08c2,0x08a2,0x08e2,0x0902,0x0902,0x0922,0x0902,0x08e2,0x08c2,0x08c2,
0x31a5,0x31a5,0x49e6,0x39c5,0x41c5,0x5a67,0x5227,0x49c6,0x49e6,0x49e6,0x49e6,0x49e6,0x5a67,0x5a47,0x5a67,0x6aa8,0x632a,0x52e9,0x4287,0x42a8,0x4aa8,0x5309,0x638b,0x6bac,
0x636b,0x5b4a,0x638b,0x73ed,0x7c4e,0x7c4e,0x6bcc,0x5b0a,0x636b,0x636b,0x52e9,0x4288,0x4ac8,0x5b4a,0x638b,0x7c4e,0x6bac,0x740d,0x7c4e,0x846e,0x9d30,0x63ab,0x3286,0x3ae7,
0x3ae7,0x3aa7,0x3ac7,0x43a8,0x4307,0x4288,0x4288,0x4288,0x4ac8,0x5b4a,0x740d,0x7c4e,0x7c2e,0x7c4e,0x950f,0x8cce,0x4ac9,0x4288,0x5309,0x5b4a,0x638b,0x7c4e,0x7c2e,0x7c2e,
0x7c2e,0x8caf,0x8caf,0x7c4e,0x7c2e,0x740d,0x740e,0xad8f,0x950f,0x7c0e,0x7c0e,0x5b2a,0x4288,0x4aa8,0x634b,0x7c2e,0x6bac,0x6b8b,0x632a,0x5b2a,0x634b,0x634b,0x73cd,0x846f,
0x8caf,0x8ccf,0x9d50,0x6c0c,0x532a,0x844f,0x7c0e,0x7c4e,0xbe10,0x84ae,0x3b2b,0x4b8c,0x5bee,0x53cd,0x4bad,0x4bad,0x3b2b,0x2ac9,0x2aa9,0x32c9,0x4ae9,0x8b8b,0x8b6b,0xb4ee,
0x32e9,0x2288,0x22a8,0x332a,0x53cd,0x542e,0x4c0d,0x436b,0x4bed,0x542e,0x64b0,0x542e,0x4bac,0x53cd,0x6c70,0x7cb1,0x74b1,0x7d12,0x7cd1,0x74b1,0x7cd1,0x7d12,0x8553,0x8553,
0x8553,0x640f,0x5c0e,0x6c2f,0x742e,0x8c4f,0x9c4f,0xc551,0xeeb2,0xa592,0x7d12,0x8d93,0x8532,0x8512,0x8553,0x8553,0x8d94,0x8d73,0x7cf2,0x7cf2,0x7cf2,0x84f2,0x8512,0x5c2f,
0x4bed,0x648f,0x5c6f,0x5c8f,0x540e,0x4bcd,0x540d,0x542e,0x542e,0x4bed,0x4bac,0x542e,0x5c6f,0x5c8f,0x5c8f,0x5c6f,0x5c6f,0x5c8f,0x6cb0,0x1904,0x3207,0x8db4,0x95b5,0x64d0,
0x546e,0x3b2a,0x2a47,0x43cc,0x10c3,0x1904,0x434b,0x5cb0,0x5d10,0x6510,0x6510,0x73cd,0x5b0b,0x3249,0x3a69,0x52eb,0x52eb,0x52eb,0x3249,0x3249,0x3269,0x29e7,0x21a7,0x29e8,
0x3249,0x3249,0x2a08,0x1925,0x1965,0x2a08,0x3249,0x3269,0x29c7,0x1925,0x10e3,0x08c2,0x08c2,0x08c2,0x08c2,0x08c1,0x08c2,0x08e2,0x08e2,0x0902,0x0902,0x08e2,0x08a1,0x08c2,
0x31a5,0x39a5,0x41c5,0x31a5,0x49e6,0x5a47,0x49e6,0x49e6,0x49e6,0x49e6,0x49e6,0x49e6,0x5206,0x6267,0x52a8,0x52c9,0x634a,0x5b4a,0x4ac8,0x4aa8,0x5b2a,0x634b,0x73ed,0x7c4e,
0x7c2e,0x6bcc,0x638b,0x6bcd,0x7c2e,0x6bcc,0x638b,0x52e9,0x4ac8,0x5b2a,0x4ac9,0x4288,0x42a8,0x5309,0x638b,0x7c2e,0x5b4a,0x638b,0x7c0e,0x846e,0x9d30,0x63ab,0x32a6,0x3aa6,
0x3ac7,0x3ae7,0x3b27,0x4388,0x4b49,0x4ac9,0x52e9,0x4288,0x42a8,0x5309,0x6bac,0x7c4e,0x7c2e,0x7c0e,0x8caf,0x8cce,0x4ac9,0x4288,0x4aa8,0x634b,0x636b,0x740d,0x7c4e,0x7c4e,
0x7c4e,0x7c2e,0x7c4e,0x7c4e,0x7c4e,0x6bcc,0x740d,0x9d4f,0x94ef,0x7c0e,0x6bac,0x5b0a,0x4288,0x52e9,0x6b8b,0x7c2e,0x842e,0x844f,0x73ac,0x634b,0x7c0e,0x7c0e,0x842e,0x7c2e,
0x7c0e,0x842e,0x8caf,0x7c6d,0x534a,0x842e,0x7c0e,0x844e,0xadb0,0xbe12,0x642f,0x4b6c,0x4b8c,0x4b8c,0x4b6c,0x32ea,0x2268,0x2aa9,0x2ac9,0x2ac9,0x4ae9,0x938b,0x8b6b,0xbd2e,
0x2aa8,0x1a68,0x3b2a,0x53cd,0x4bcd,0x3b4b,0x438c,0x4bcd,0x4bed,0x4bcd,0x542e,0x544e,0x5c2e,0x6c70,0x7cf1,0x7d12,0x74b1,0x7cd1,0x7cb1,0x7cd1,0x7d12,0x8553,0x7d12,0x8553,
0x8573,0x74b1,0x5bee,0x640f,0x7c2e,0x9490,0x9c6f,0xa4b0,0xde12,0xd672,0x8d73,0x8573,0x8533,0x8573,0x8553,0x8553,0x8d74,0x8513,0x7cd1,0x8512,0x8553,0x8512,0x5c2f,0x4bed,
0x542e,0x540d,0x5c6f,0x542e,0x542e,0x5c4f,0x648f,0x5c8f,0x5c8f,0x5c6f,0x540d,0x5c4f,0x5c8f,0x5c6f,0x5c4f,0x5c6f,0x5c6f,0x7512,0x4b0b,0x1904,0x1904,0x5bcd,0x8573,0x542e,
0x3bab,0x3b8b,0x5d10,0x438b,0x1082,0x1924,0x2a07,0x5d30,0x43ec,0x64d0,0x438c,0x634b,0x4aeb,0x2a29,0x3a69,0x530b,0x530b,0x42aa,0x3249,0x3249,0x3249,0x29c7,0x21c7,0x3229,
0x3249,0x2a28,0x2186,0x1925,0x2186,0x3228,0x3269,0x3229,0x1965,0x1104,0x10e4,0x1103,0x10e3,0x08a1,0x08c2,0x08c3,0x08c3,0x08e2,0x08e2,0x08e2,0x08c2,0x08a2,0x08c2,0x08c2,
0x31a5,0x31a5,0x31a5,0x39c5,0x49e6,0x49c6,0x49e6,0x49e6,0x49e6,0x49e6,0x49e6,0x49c6,0x4aa8,0x52c9,0x4287,0x4ae9,0x634b,0x634b,0x5b2a,0x42a8,0x5b2a,0x5b4a,0x636b,0x7c2e,
0x73ed,0x6bcc,0x636b,0x5b4a,0x634b,0x5b4a,0x5b2a,0x52e9,0x4288,0x4288,0x4ac9,0x4aa8,0x4288,0x52e9,0x634b,0x638b,0x636b,0x5b2a,0x6bac,0x848e,0x94ef,0x638b,0x32c6,0x4baa,
0x4328,0x4baa,0x4bea,0x53eb,0x64f1,0x532a,0x5b2a,0x4aa8,0x4288,0x52e9,0x638b,0x7c4e,0x7c2e,0x7c2e,0x8ccf,0x8cce,0x4ac9,0x4288,0x4aa8,0x52e9,0x4ae9,0x636b,0x6bcc,0x6bac,
0x73ed,0x6bcc,0x6bcc,0x6bcc,0x73ed,0x6bcc,0x73ed,0x7c6e,0x8caf,0x7bee,0x634b,0x5b2a,0x4288,0x52c9,0x6b6b,0x842e,0x7c2e,0x842e,0x73cd,0x634b,0x842e,0x842e,0x7c2e,0x7c2e,
0x7c2e,0x7c2e,0x7c0e,0x848e,0x5b8a,0x73ac,0x842e,0x8c90,0x94f1,0xad71,0x6c70,0x4bad,0x4b8c,0x434b,0x22a8,0x2288,0x2288,0x22a9,0x3ae9,0x3ae9,0x52e9,0x7b6b,0x8b6b,0xa44c,
0x746d,0x3b6c,0x53cd,0x3b4b,0x330a,0x2ac9,0x332a,0x438c,0x53ed,0x4bac,0x43ac,0x5c2e,0x7cf2,0x74b1,0x74b1,0x7cd1,0x74b1,0x7cf2,0x7cd1,0x7cd1,0x7cf1,0x8533,0x7490,0x7cf2,
0x8d74,0x74f2,0x640e,0x742f,0x742e,0x9c6f,0xb4f1,0x842f,0xb4f1,0xde12,0xadf3,0x7d53,0x7cf2,0x7d12,0x7d12,0x8573,0x8d73,0x8d53,0x8532,0x8533,0x8513,0x644f,0x4bac,0x4bcd,
0x4bcd,0x4bcd,0x5c6f,0x5c6f,0x5c4e,0x53ed,0x542e,0x540e,0x5c6f,0x5c8f,0x5c4e,0x4bed,0x5c4e,0x4bed,0x4bcd,0x4bcd,0x6cb0,0x84f2,0x31c7,0x2145,0x3a28,0x10e3,0x4bed,0x544e,
0x3b8b,0x43ec,0x5cf0,0x53ed,0x3207,0x3b0a,0x4bec,0x3b8b,0x3b6b,0x5c8f,0x432b,0x73ac,0x530b,0x3249,0x3249,0x4aca,0x52eb,0x3a69,0x3249,0x3249,0x3229,0x21c7,0x29c7,0x3249,
0x2a08,0x21c7,0x21c7,0x29c7,0x1965,0x21a6,0x2a08,0x2166,0x1104,0x10e4,0x1104,0x08e2,0x08c1,0x08c1,0x08c1,0x08c2,0x10e3,0x10e3,0x10e3,0x08c2,0x08c2,0x08c2,0x08c2,0x08c2,
0x31a5,0x31a5,0x31a5,0x39c5,0x49e6,0x49e6,0x49e6,0x49e6,0x49e6,0x49c6,0x49e6,0x3a86,0x3ae8,0x42a8,0x4288,0x4aa8,0x5b2a,0x634b,0x5b4a,0x4ac8,0x4ac8,0x634b,0x634b,0x636b,
0x636b,0x5309,0x530a,0x5b2a,0x4ac9,0x4aa8,0x5309,0x5b2a,0x5b4a,0x5b2a,0x5b4a,0x4aa8,0x4288,0x52e9,0x636b,0x5b4a,0x5b4a,0x638b,0x7c2e,0x846e,0x848f,0x638b,0x3ae8,0x6cf1,
0x4349,0x544d,0x5c4d,0x5c6e,0x64d0,0x532a,0x5b2a,0x4aa8,0x4288,0x52e9,0x6b8c,0x7c4e,0x7c2e,0x7c2e,0x846e,0x848e,0x4ac9,0x4288,0x4288,0x4288,0x52e9,0x5b2a,0x5b4a,0x6bab,
0x638b,0x636b,0x6bac,0x740d,0x6bac,0x5b4a,0x6b8c,0x846e,0x8caf,0x7c2e,0x6bac,0x4aa8,0x4288,0x52c9,0x636b,0x7c0e,0x842e,0x7c2e,0x6bac,0x634b,0x73ed,0x7c0e,0x7c2e,0x7c2e,
0x7c2e,0x7c2e,0x7c2e,0x844e,0x848e,0x73ee,0x846f,0x94d1,0x94d1,0x9d51,0x8490,0x4b8c,0x330a,0x2288,0x22c9,0x2288,0x2288,0x22a9,0x3ae9,0x42e9,0x42e9,0x5309,0x7b2a,0xa3cc,
0xb5b0,0x43ee,0x2ac9,0x22a8,0x2ae9,0x3b2b,0x540d,0x4bac,0x438c,0x3b4b,0x5c6f,0x8553,0x7d33,0x8594,0x7d33,0x7d12,0x74b1,0x74b1,0x7cd1,0x74b1,0x640f,0x7cf2,0x8554,0x6c90,
0x8533,0x7d12,0x640f,0x742f,0x742e,0x8c4f,0xacb0,0x946f,0x8c4f,0xbd11,0xd632,0x7d11,0x9614,0x8d93,0x7cd1,0x8553,0x8d74,0x7cf2,0x7d32,0x8552,0x5c2e,0x438d,0x53cd,0x4bcd,
0x4bcd,0x4bcd,0x5c4e,0x5c4e,0x5c2e,0x5c4e,0x5c4e,0x542e,0x5c4f,0x5c6f,0x5c6f,0x4bcd,0x53ed,0x5c4f,0x542e,0x4bcd,0x7cf2,0x5b6d,0x1925,0x2986,0x640f,0x1904,0x3248,0x6490,
0x3b6b,0x2288,0x4bed,0x64f0,0x3b4b,0x2165,0x4c0d,0x2268,0x43cc,0x4bed,0x4b0a,0x7bcd,0x634c,0x42aa,0x3249,0x3249,0x3269,0x3249,0x3249,0x3249,0x2a08,0x29e8,0x29e8,0x29c7,
0x21c7,0x2a08,0x3249,0x29e7,0x1945,0x2186,0x1945,0x1104,0x1104,0x1104,0x0902,0x08c2,0x08c2,0x10e3,0x08c2,0x08c1,0x08c2,0x08e2,0x08e2,0x08e2,0x08e2,0x08e2,0x08e2,0x08e2,
0x31a5,0x31a5,0x31a5,0x41c6,0x49e6,0x49e6,0x49c6,0x49e6,0x49c6,0x4a07,0x42e9,0x3ac7,0x42a7,0x4aa8,0x42a8,0x4288,0x52e9,0x5b4a,0x636b,0x52e9,0x4288,0x4ac9,0x52e9,0x4ac9,
0x4ac9,0x4aa8,0x4ac9,0x4ac9,0x4287,0x4aa8,0x5b4a,0x636b,0x7c0e,0x73ed,0x5b2a,0x4aa8,0x42a8,0x4288,0x52e9,0x5b4a,0x5b4a,0x740d,0x7c4e,0x7c4e,0x846f,0x638b,0x4328,0x6d12,
0x4b89,0x542c,0x5c4d,0x6d33,0x542e,0x4ae9,0x5b4a,0x4aa8,0x4288,0x52e9,0x6b8c,0x7c4e,0x7c2e,0x7c2e,0x7c4e,0x8caf,0x530a,0x4287,0x4ac8,0x5b2a,0x6bac,0x7c4e,0x8cef,0x952f,
0x8caf,0x94ef,0xadb0,0x8ccf,0x7c2e,0x73ed,0x636b,0x740d,0x8caf,0x842e,0x73ac,0x4aa8,0x4288,0x52e9,0x634b,0x636b,0x7c0e,0x7c2e,0x634b,0x5b09,0x634b,0x7c0e,0x842e,0x7c2e,
0x7c2e,0x7c2e,0x7c0e,0x846f,0x94f1,0x7c2e,0x844f,0x94d1,0x94b1,0x9d11,0x846f,0x2aa9,0x2288,0x2288,0x22a9,0x22a8,0x2268,0x22a9,0x2ac9,0x3ae9,0x4ae9,0x6309,0x5ae9,0xa40c,
0x94ad,0x1a47,0x22a8,0x2ac9,0x4bac,0x43ac,0x330a,0x1a88,0x330a,0x6cb0,0x74f2,0x8594,0x8594,0x8594,0x8573,0x8533,0x7cd1,0x74b1,0x7cd1,0x8533,0x6c70,0x6c70,0x7cd2,0x6c90,
0x8d94,0x74b1,0x5c0e,0x6c2f,0x7c2f,0x7c2f,0x944f,0x844f,0x842f,0xa470,0xddf1,0x9d50,0x642f,0x7cf1,0x8553,0x8533,0x7cf2,0x74b1,0x8513,0x4c0c,0x5ca9,0x7ced,0x4bad,0x4bcd,
0x4bcd,0x4bcd,0x4bcd,0x540e,0x5c4e,0x5c2e,0x5c6f,0x542e,0x4bcd,0x53ed,0x53ed,0x4bcd,0x542e,0x6490,0x5c4e,0x74d1,0x84f2,0x2986,0x29a7,0x2145,0x32ea,0x3aea,0x21e6,0x544e,
0x43ac,0x1a47,0x4bed,0x544e,0x2268,0x18e4,0x2a07,0x2ac9,0x5c8f,0x2ac9,0x42ea,0x73ad,0x530b,0x4aca,0x3249,0x3249,0x3249,0x3249,0x3249,0x3249,0x3229,0x3249,0x3229,0x21c7,
0x29e7,0x3249,0x2a08,0x21a7,0x1925,0x1945,0x1104,0x0902,0x0922,0x0903,0x08e2,0x08e2,0x08e2,0x10e4,0x10e3,0x08c1,0x08c2,0x08c2,0x08c2,0x08e2,0x08e2,0x08c2,0x08c2,0x08c2,
0x31a5,0x31a5,0x39c5,0x49e6,0x49e6,0x49c6,0x5227,0x5a47,0x49a5,0x4b0a,0x438b,0x3a86,0x42a8,0x42a8,0x4288,0x4288,0x4288,0x4aa8,0x52e9,0x5309,0x4aa8,0x4288,0x4288,0x4ac8,
0x4ac9,0x6bcc,0x7c2e,0x73ed,0x52e9,0x42a8,0x6bcc,0x7c2e,0x7c4e,0x740d,0x5b2a,0x4aa8,0x42a8,0x42a8,0x4288,0x4288,0x5b2a,0x7c2e,0x7c2e,0x8ccf,0x8caf,0x63ab,0x4beb,0x6d32,
0x4389,0x542c,0x540b,0x64d0,0x4b4b,0x4aa8,0x4ac9,0x4288,0x4288,0x52e9,0x638b,0x7c2e,0x7c4e,0x7c4e,0x7c4e,0x8ccf,0x6b8c,0x4288,0x5b2a,0x634b,0x636b,0x740d,0x7c4e,0x7c4e,
0x7c4e,0x8ccf,0xb5f0,0xa58f,0x7c2e,0x7c4e,0x6bcd,0x5b4a,0x740d,0x844f,0x73ed,0x4ac8,0x4288,0x4ac8,0x634b,0x634b,0x6b6b,0x73ed,0x632a,0x4ac8,0x6b8c,0x73cd,0x7c0e,0x842e,
0x7c2e,0x844f,0x8c90,0x94d1,0x8cb0,0x7c2e,0x8c90,0x94d1,0x8cb0,0x8c6f,0x73ed,0x22c8,0x22a8,0x2268,0x2288,0x2ac9,0x2288,0x2288,0x2ac9,0x42e9,0x5309,0x732a,0x6b0a,0x834b,
0xbd0e,0x536a,0x2aea,0x438c,0x32ea,0x2288,0x2ac9,0x3b2b,0x5c0e,0x7490,0x74b1,0x7d32,0x74d1,0x8574,0x74b1,0x7490,0x7cd1,0x7cf1,0x7cf2,0x8553,0x7d12,0x5bee,0x5bee,0x6c50,
0x74b1,0x74b1,0x5bee,0x640f,0x6c0e,0x6c2f,0x7c2f,0x7c2f,0x8c4f,0x9c4f,0xb4f0,0xcdf1,0x640e,0x640f,0x8d93,0x7cf2,0x644f,0x7cf2,0x6c70,0x332a,0x2b68,0x858b,0x7ced,0x4bad,
0x4bcd,0x4bcd,0x4bcd,0x4bcd,0x4bcd,0x542e,0x542e,0x4bad,0x4bcd,0x4bcd,0x540e,0x4bcd,0x53ed,0x4bac,0x5c2e,0x8553,0x8d74,0x4269,0x534c,0x2986,0x1a06,0x542e,0x43ac,0x3b2a,
0x5c4e,0x2aa9,0x3b6b,0x4c0d,0x1a27,0x1904,0x10c3,0x21e7,0x4bcd,0x22a8,0x5b4b,0x6b8c,0x52eb,0x428a,0x3249,0x2a08,0x3229,0x3249,0x2a08,0x29c7,0x3249,0x3249,0x3229,0x21c7,
0x3228,0x29e8,0x21c7,0x21a6,0x1925,0x1104,0x1925,0x1124,0x0902,0x08e2,0x08e2,0x08e2,0x08e2,0x10e3,0x10e3,0x08c1,0x08c2,0x08a2,0x08c2,0x08c2,0x08c2,0x08c2,0x08c2,0x08c2,
0x31a5,0x31a5,0x49e6,0x49e6,0x49c6,0x5206,0x62a8,0x5a27,0x4a27,0x53cd,0x436a,0x3aa7,0x42a8,0x42a8,0x4ac8,0x4aa8,0x5309,0x5b2a,0x4ac8,0x4288,0x42a8,0x42a8,0x52e9,0x634a,
0x73ed,0x7c4e,0x7c2e,0x7c4e,0x5b4a,0x4aa8,0x7c2e,0x7c4e,0x7c2e,0x7c2e,0x638b,0x4aa8,0x42a8,0x4aa8,0x5309,0x638b,0x740d,0x7c2e,0x7c2e,0x846e,0x950f,0x63ab,0x4bcc,0x542e,
0x4328,0x5c6d,0x540b,0x64b0,0x4b2a,0x4287,0x52e9,0x4aa8,0x42a8,0x4aa8,0x4ac9,0x5b4a,0x638b,0x638b,0x7c4e,0x8ccf,0x6bac,0x4288,0x5b2a,0x636b,0x634b,0x73ed,0x73ed,0x73ed,
0x7c2e,0x7c2e,0x7c4e,0x84af,0x848e,0x846e,0x94ef,0x6bac,0x5b4a,0x73ed,0x7bed,0x4ac9,0x4288,0x42a8,0x4aa8,0x4ac8,0x52e9,0x4ac8,0x4aa8,0x4aa8,0x4ac9,0x52e9,0x634b,0x6bac,
0x8c6f,0x8c90,0x8c6f,0x7c0e,0x7c0e,0x73ed,0x7c2e,0x73ed,0x73cd,0x7c0e,0x638c,0x2aa9,0x22a8,0x2288,0x2268,0x22a8,0x2ac9,0x2288,0x2ac9,0x2ac9,0x42e9,0x5309,0x7b2a,0x7b0a,
0xbcee,0x5baa,0x1a68,0x22a8,0x22a8,0x330a,0x3b2b,0x644f,0x6c70,0x640e,0x74d1,0x8dd5,0x7cf2,0x7d12,0x8594,0x6c70,0x6c70,0x7cd1,0x74b1,0x7d12,0x8533,0x74b1,0x53cd,0x6c90,
0x6c70,0x7d33,0x6c70,0x5bee,0x5c0f,0x6c2f,0x742f,0x640e,0x8c4f,0x944f,0x9c4f,0xd5f1,0x84cf,0x6c91,0x95d5,0x7cf1,0x7cd1,0x7cf2,0x434b,0x22a8,0x2308,0x2b67,0x8dab,0x6cad,
0x43ad,0x4bcd,0x4bcd,0x4bcd,0x4bcd,0x4bed,0x4bed,0x4bcd,0x4bcd,0x4bcd,0x542e,0x4bcd,0x4bac,0x5c0e,0x7cf2,0x8d53,0x8d74,0x8d73,0x7491,0x2165,0x1a07,0x330a,0x4bed,0x32ea,
0x53ed,0x2ac9,0x2ae9,0x438c,0x2288,0x1944,0x1904,0x18e4,0x2227,0x32e9,0x73ad,0x5b2c,0x4aeb,0x3249,0x3249,0x2a08,0x3229,0x3249,0x21c7,0x29e7,0x3249,0x3249,0x29e8,0x21c7,
0x2a08,0x21c7,0x29c7,0x1945,0x1104,0x1104,0x1925,0x1925,0x1104,0x08e2,0x08e2,0x08e2,0x08e2,0x10e4,0x08e2,0x08c2,0x08c2,0x08c2,0x08c2,0x08c2,0x08c2,0x08c2,0x08c2,0x08c2,
0x31a5,0x31a5,0x49e6,0x49e6,0x49e6,0x49e6,0x5a67,0x5a47,0x534a,0x4bee,0x436b,0x4287,0x4aa8,0x5309,0x5b2a,0x5b4a,0x636b,0x634b,0x634b,0x52e9,0x4288,0x4ac8,0x5b4a,0x6bcc,
0x7c4e,0x7c2e,0x7c2e,0x7c4e,0x5b2a,0x530a,0x7c2e,0x7c2e,0x7c2e,0x7c4e,0x6bac,0x5309,0x4288,0x4aa8,0x5b2a,0x740d,0x7c4e,0x7c2e,0x7c2e,0x846e,0x9d30,0x63ab,0x434a,0x4bac,
0x434a,0x5c6f,0x53cc,0x5c70,0x4b6b,0x4267,0x5309,0x5b2a,0x52e9,0x52e9,0x52e9,0x52e9,0x636b,0x6bcc,0x7c2e,0x73cd,0x636b,0x42a8,0x5b2a,0x634b,0x740d,0x7c4e,0x6bcc,0x73ed,
0x7c4e,0x7c2e,0x7c2e,0x7c2e,0x7c4e,0x848e,0xb5f0,0x9d4f,0x638c,0x5b2a,0x42a8,0x4288,0x42a8,0x42a8,0x4aa8,0x52e9,0x52e9,0x636b,0x73ed,0x73ed,0x6bac,0x634b,0x634b,0x5b2a,
0x6bac,0x73ed,0x844f,0x844f,0x846f,0x844f,0x6bac,0x5b2a,0x634b,0x632a,0x634b,0x536b,0x22a8,0x22a8,0x2288,0x2288,0x22a8,0x2288,0x2ac9,0x2ac9,0x32c9,0x42e9,0x5309,0x730a,
0xbcae,0x536a,0x1a48,0x2ae9,0x3b4b,0x53cd,0x5c0e,0x5bee,0x642f,0x7512,0x8594,0x8574,0x7d12,0x74d1,0x74f2,0x7cf2,0x6c70,0x6c70,0x74b1,0x7cd1,0x74b1,0x74d1,0x5bee,0x642f,
0x644f,0x6c90,0x6c70,0x5bce,0x5c0e,0x742f,0x7c4f,0x6c0e,0x742f,0x7c4f,0x944f,0xb4f0,0xad71,0x8574,0x74f2,0x7490,0x7cd1,0x3b4b,0x2288,0x3b4b,0x43ab,0x1ae7,0x2b87,0x750c,
0x53ed,0x4bcd,0x4bcd,0x4bcd,0x4bcd,0x4bcd,0x4bcd,0x4bcd,0x4bcd,0x4bcd,0x542e,0x4bcd,0x3b4b,0x7490,0x8513,0x84f2,0x8512,0x8d94,0x5bae,0x2125,0x32c9,0x2288,0x2ae9,0x2ae9,
0x438c,0x3b2a,0x22c9,0x2ac9,0x43ac,0x2207,0x1924,0x1965,0x1904,0x3289,0x6b8c,0x52eb,0x3a69,0x3249,0x3229,0x21c7,0x3249,0x29e8,0x29e7,0x3249,0x3249,0x3249,0x29e7,0x2a08,
0x29c7,0x21c7,0x2166,0x1925,0x1925,0x1925,0x1925,0x1103,0x08e2,0x08e2,0x08e2,0x08e2,0x10e3,0x10e4,0x08e2,0x08c2,0x08c2,0x08c2,0x08c2,0x08c2,0x08c2,0x08c2,0x08c2,0x08c2,
0x31a5,0x31a5,0x39c5,0x49e6,0x49e6,0x49e6,0x49c6,0x5247,0x53ac,0x4bed,0x434a,0x4287,0x4aa8,0x4ac8,0x42a8,0x52c9,0x634a,0x5b4a,0x5b4a,0x5b2a,0x42a8,0x5309,0x634a,0x6bac,
0x7c4e,0x7c4e,0x7c4e,0x740d,0x5b2a,0x636b,0x7c4e,0x7c2e,0x7c2e,0x7c2e,0x7c2e,0x530a,0x4287,0x52e9,0x5b4a,0x6bcc,0x7c4e,0x7c2e,0x7c2e,0x846e,0x9530,0x63cc,0x438c,0x4b8b,
0x3ae8,0x53ed,0x5c4f,0x540e,0x6cf1,0x4ac9,0x5309,0x636b,0x52e9,0x634b,0x5b4a,0x6bcc,0x7c4e,0x94ef,0x950f,0x7c4e,0x638b,0x4288,0x530a,0x6bcc,0x7c4e,0x7c4e,0x6bac,0x638b,
0x7c4e,0x7c4e,0x7c4e,0x7c4e,0x7c2e,0x740e,0x848e,0xb610,0x94cf,0x636b,0x5309,0x4ac8,0x42a8,0x4288,0x5b0a,0x636b,0x7bed,0x842e,0x8c8f,0x8cef,0x9530,0x9510,0x8cb0,0x844f,
0x73cd,0x844f,0x9d11,0x9d11,0x9d30,0x9530,0x8c8f,0x634b,0x73cd,0x844e,0x73ac,0x430a,0x2268,0x2288,0x22a8,0x2288,0x2268,0x2288,0x2ac8,0x4b47,0x3ae6,0x4307,0x4b08,0x6b49,
0x940b,0x42e9,0x1a88,0x2288,0x53ac,0x5bed,0x644f,0x7cb0,0x8d31,0x95b3,0x7caf,0x8532,0x74b1,0x74b1,0x7cf2,0x642f,0x6c4f,0x6c70,0x6c70,0x74b1,0x6c4f,0x74b1,0x6c90,0x53ce,
0x5bee,0x5c0e,0x642f,0x5bee,0x5c0e,0x742e,0x844f,0x640e,0x6c2e,0x844f,0x844f,0x9c4f,0xcdf2,0x74d1,0x5bee,0x642f,0x436b,0x2288,0x3b4b,0x53cd,0x53ed,0x2b49,0x1ae7,0x5c89,
0x8d4e,0x4bad,0x4bcd,0x4bcd,0x4bcd,0x4bcd,0x4bcd,0x4bcd,0x4bcd,0x4bcd,0x4bcd,0x540e,0x6470,0x6c50,0x7cd2,0x7cd1,0x7cd2,0x5b6d,0x2145,0x2145,0x3ac9,0x2268,0x2288,0x2288,
0x332a,0x4bcd,0x2ac9,0x22a8,0x2ac9,0x21c6,0x1924,0x32ea,0x1944,0x52ca,0x5b2c,0x3249,0x3249,0x3269,0x29e8,0x21c7,0x3229,0x2a08,0x3229,0x3249,0x3249,0x29e7,0x29c7,0x2a08,
0x21c7,0x2186,0x1104,0x1104,0x1104,0x1925,0x1925,0x08e2,0x08e2,0x08e2,0x08e3,0x10e3,0x10e4,0x10e4,0x08e2,0x08c2,0x08c2,0x08c2,0x08c2,0x08c2,0x08c2,0x08c2,0x08c2,0x08c2,
0x31a5,0x31a5,0x31a5,0x39c5,0x49e6,0x49c6,0x49e6,0x6267,0x53ac,0x43ac,0x3aa7,0x4a88,0x42a8,0x4288,0x4aa8,0x3287,0x4b09,0x636b,0x634b,0x5b4a,0x12a5,0x4329,0x634b,0x636b,
0x6bac,0x6bac,0x638b,0x5b2a,0x4ac9,0x52e9,0x6bcc,0x7c2e,0x7c4e,0x7c4e,0x7c4e,0x5b2a,0x4287,0x5309,0x634b,0x5b4b,0x7c2e,0x7c4e,0x7c2e,0x848e,0x952f,0x6c2e,0x4bcd,0x4bcd,
0x4309,0x540e,0x542e,0x4bcd,0x64b0,0x4b09,0x52e9,0x5b4b,0x52e9,0x5b4a,0x636b,0x740e,0x7c6e,0x84ae,0x952f,0x950f,0x6b8c,0x4288,0x5b0a,0x638b,0x7c2e,0x73ed,0x634a,0x636b,
0x6bac,0x6bac,0x740d,0x7c2e,0x7c4e,0x7c4e,0x7c2e,0xadb0,0x94ef,0x636b,0x5b4a,0x5b2a,0x4288,0x4288,0x5b2a,0x634b,0x7c0e,0x7c2e,0x7c0e,0x846f,0x94f0,0x9d31,0xa591,0x9511,
0x844f,0x94b0,0x8c90,0x844f,0x848e,0x950f,0x73ed,0x6b8c,0x844f,0x94cf,0x9d10,0x73ee,0x2a88,0x2268,0x2288,0x2ac9,0x2aa8,0x32a6,0x32c5,0x2a85,0x4326,0x63c8,0x3ae6,0x5387,
0x53a7,0x2aa7,0x2288,0x3b0b,0x7cad,0xa58f,0x954e,0x7c6c,0x8ced,0x9d2d,0xb5ee,0xb610,0x8d51,0x6c70,0x7d33,0x74d1,0x5bcd,0x640e,0x642f,0x74b1,0x6c90,0x642f,0x8553,0x644f,
0x53cd,0x5bee,0x74f2,0x5c0e,0x5bee,0x640e,0x7c2f,0x640e,0x6c0f,0x844f,0x8c4f,0x842f,0xb510,0x8cf0,0x538d,0x3b0a,0x2288,0x3b2a,0x5c2e,0x540d,0x3b4b,0x334a,0x2328,0x2327,
0x854c,0x646c,0x4bad,0x4bcd,0x4bcd,0x53ed,0x4bcd,0x4bcd,0x5c4f,0x540e,0x4bcd,0x53ed,0x84f2,0x7cb1,0x642f,0x6c70,0x642f,0x2146,0x2987,0x2145,0x10c3,0x21e6,0x2288,0x2aa8,
0x22a8,0x438c,0x3b2a,0x2288,0x2288,0x21e6,0x18e3,0x1a07,0x32a9,0x738c,0x530b,0x2a29,0x3269,0x3229,0x29c7,0x21c7,0x29e7,0x2a08,0x2a08,0x3249,0x3228,0x21a7,0x1945,0x2186,
0x21a6,0x1124,0x1124,0x08e2,0x10e4,0x1103,0x1103,0x10e4,0x10e3,0x08e2,0x08e2,0x08e2,0x10e4,0x10e4,0x10e3,0x08e2,0x08c2,0x08c2,0x08c2,0x08c2,0x08c2,0x08c2,0x08c2,0x08c2,
0x31a5,0x31a5,0x31a5,0x31c5,0x49e6,0x49c6,0x5227,0x62a8,0x53ac,0x2b6a,0x12a5,0x42a8,0x4aa8,0x42a8,0x4a88,0x3ac7,0x3ac8,0x5b2a,0x5b4a,0x12c6,0x1285,0x52e9,0x632a,0x4b09,
0x4b29,0x5b0a,0x4ac9,0x4ae9,0x4aa8,0x52e9,0x4ac9,0x636b,0x73ed,0x6bcc,0x73cd,0x530a,0x4287,0x5309,0x634b,0x636b,0x7c2e,0x740d,0x7c2e,0x7c6e,0x94ef,0x6c2e,0x4bcd,0x4bcd,
0x3b08,0x4b8b,0x4bcd,0x4bcd,0x4bcd,0x42c9,0x4ac8,0x4aa8,0x4ac8,0x5b4a,0x638b,0x7c4e,0x7c2e,0x7c2e,0x8caf,0x950f,0x636b,0x4288,0x5b2a,0x5b2a,0x5309,0x5309,0x5309,0x5309,
0x52e9,0x52e9,0x5b2a,0x634b,0x6bac,0x740d,0x7c4e,0x8cae,0x844e,0x636b,0x636b,0x5b2a,0x4288,0x4288,0x5309,0x634b,0x73cd,0x844f,0x846f,0x8cb0,0x8c90,0x8c90,0x9d31,0x8cb0,
0x7bee,0x844f,0x844f,0x7c0e,0x8c8f,0x846e,0x6b6b,0x842e,0x73ed,0x63ab,0x640b,0x740c,0x5368,0x4b47,0x32c7,0x2aa5,0x32c5,0x2aa5,0x32c6,0x4326,0x3ae6,0x42e8,0x32a6,0x32c6,
0x5367,0x5ba8,0x5bcb,0x53ac,0x742c,0x952d,0xadae,0x5bcb,0x5bcb,0x744c,0x7c6c,0x84ad,0xa58e,0x7c8e,0x7cf1,0x7cf1,0x74b0,0x53ee,0x53ce,0x6c90,0x7490,0x5bee,0x6c90,0x7d33,
0x53cd,0x5bee,0x5c0e,0x5bce,0x5bee,0x5c0e,0x6c0e,0x640e,0x640e,0x742e,0x946f,0x842f,0xa4f0,0x94ef,0x1a68,0x2288,0x438c,0x5c4f,0x540e,0x43ac,0x4bcd,0x4bed,0x2b49,0x2307,
0x2b88,0x3c27,0x4bec,0x5c90,0x4bcd,0x542e,0x540e,0x4bcd,0x544f,0x4bed,0x4bcd,0x74b1,0x8513,0x8533,0x7cd2,0x74af,0x750c,0x32c6,0x3b28,0x2165,0x18e3,0x1924,0x2247,0x2ac9,
0x22a8,0x2ac9,0x2ac9,0x2288,0x22a9,0x22a8,0x1924,0x1985,0x5b6b,0x6b6c,0x3249,0x3249,0x3229,0x21c7,0x21c7,0x21c7,0x21c7,0x21c7,0x21c7,0x29c7,0x21c7,0x21c7,0x1966,0x1925,
0x1924,0x08e2,0x08e2,0x08e2,0x1104,0x0902,0x10e3,0x10e3,0x08e2,0x08e2,0x08e2,0x08e3,0x10e3,0x08e3,0x08e2,0x08e2,0x08c2,0x00c2,0x00c2,0x08c2,0x08e2,0x08e2,0x08e2,0x08e2,
0x31a5,0x31a5,0x31a5,0x41c6,0x41c5,0x49c6,0x6267,0x62a8,0x53ac,0x5bac,0x1aa6,0x0aa5,0x42a8,0x4aa8,0x4287,0x3ae8,0x52e9,0x4aa8,0x1a87,0x0264,0x22a6,0x4a88,0x2a67,0x1246,
0x4b8a,0x7c0e,0x740d,0x73cd,0x634b,0x73ed,0x73ed,0x5b4a,0x634b,0x6bac,0x634b,0x5309,0x4287,0x52e9,0x5b4a,0x636b,0x7c2e,0x6bac,0x7c2d,0x7c2e,0x8caf,0x6c2e,0x4bcd,0x4bac,
0x4329,0x4bed,0x4bcd,0x4bcd,0x4bcd,0x4ac9,0x4aa8,0x42a8,0x4ac8,0x5b4a,0x5b4a,0x73ed,0x7c4e,0x7c2e,0x8caf,0x950f,0x5b2a,0x4287,0x4ac9,0x4aa8,0x42a8,0x42a8,0x4aa8,0x5b2a,
0x5b4a,0x5b4a,0x636b,0x73ed,0x638b,0x636b,0x7c4e,0x7c4e,0x740e,0x6b8c,0x7c0e,0x634a,0x4288,0x4aa8,0x4288,0x5b0a,0x73cd,0x8c90,0x94b0,0x8cb0,0x8cb0,0x8cb0,0x8cb0,0x7c2e,
0x636b,0x634b,0x7c0e,0x7c2e,0x844f,0x7c0d,0x4b29,0x3ae7,0x2a85,0x1a64,0x2264,0x32e5,0x3b06,0x5ba7,0x5ba7,0x1a44,0x01a2,0x09e2,0x1a64,0x5387,0x2284,0x2264,0x32c6,0x2aa5,
0x4327,0x5bca,0x63eb,0x6c2b,0x744c,0x6c2b,0x5bca,0x4b6a,0x538a,0x6c2c,0x742c,0x744c,0x746c,0x84ac,0x9d4e,0xa5af,0xa5af,0xa58f,0x84cd,0x640d,0x5bee,0x6c4f,0x5bee,0x644f,
0x642f,0x53ce,0x5bee,0x5bee,0x5bee,0x5c0e,0x5c0e,0x5c0e,0x640e,0x742e,0x944f,0x9470,0x7c0e,0x9c6c,0x3b09,0x43ac,0x64b0,0x3b6b,0x3b6b,0x2ac9,0x3b4b,0x542e,0x234a,0x0ac7,
0x2308,0x2387,0x2ba8,0x5ccb,0x53ed,0x542f,0x542e,0x540e,0x4bcd,0x3b4b,0x7491,0x8513,0x8512,0x9db3,0xae31,0x85ad,0x5488,0x3407,0x2b86,0x2145,0x19a6,0x1965,0x2ac9,0x2268,
0x2ac9,0x22a8,0x2268,0x2288,0x2ac9,0x2ae9,0x1945,0x18e3,0x4248,0x42aa,0x3229,0x3249,0x2a08,0x21c7,0x2a28,0x2a08,0x29c7,0x29c7,0x21c7,0x21c7,0x21c7,0x21c7,0x29e7,0x2186,
0x1925,0x1104,0x08e2,0x08e2,0x0923,0x0902,0x10e3,0x08e3,0x08e2,0x08e2,0x08e2,0x08e2,0x10e3,0x08c1,0x08c1,0x08e2,0x08c2,0x08c2,0x0102,0x00e2,0x08c2,0x08e2,0x08c2,0x08e2,
0x31a5,0x31a5,0x41c6,0x49e6,0x39c5,0x49c6,0x6267,0x62a8,0x4b6b,0x530a,0x42a7,0x0265,0x12a5,0x4aa8,0x2a86,0x22e7,0x634b,0x3ac8,0x0225,0x02a5,0x42a8,0x42a8,0x0284,0x1b07,
0x844f,0x7c4e,0x844f,0x5bcb,0x6c0d,0x7c4e,0x7c4e,0x636b,0x6bcc,0x846f,0x6bac,0x5309,0x4288,0x42a8,0x5b2a,0x636b,0x7c2e,0x638b,0x6bcc,0x7c4e,0x8caf,0x6c2e,0x4bcd,0x4b6b,
0x4308,0x4bcd,0x4bcd,0x4bcd,0x4bcd,0x4b09,0x5b4a,0x4aa8,0x4aa8,0x5b2a,0x5b4a,0x6bcc,0x7c4e,0x7c2e,0x8caf,0x950f,0x5b2a,0x4287,0x4288,0x4ac8,0x636b,0x6bcc,0x73ed,0x7c4e,
0x7c4e,0x7c2e,0x6bcc,0x7c4e,0x7c4e,0x7c2e,0x7c2e,0x73ed,0x5b4a,0x634b,0x7c0e,0x6b8c,0x4287,0x42a8,0x52e9,0x73ed,0x7c2e,0x7c0e,0x7c2e,0x7c2e,0x844f,0x7c0e,0x6b6b,0x634b,
0x634a,0x5b2a,0x636b,0x844f,0x73ed,0x2a85,0x1a43,0x09e2,0x1223,0x0a03,0x1a44,0x2285,0x1a44,0x32c6,0x4b27,0x4b46,0x3ae6,0x2aa5,0x09e3,0x01c2,0x1203,0x1a43,0x2a85,0x4308,
0x4b6a,0x53aa,0x536a,0x5bcb,0x63eb,0x4b69,0x4b49,0x4b6a,0x4b69,0x538a,0x5bcb,0x6c0b,0x6c0b,0x6c2c,0x7c8d,0x8ced,0x8ced,0xadae,0x950d,0x642e,0x538d,0x5c0e,0x6470,0x53ad,
0x5c0e,0x5c0e,0x5bee,0x5bee,0x5bee,0x5c0e,0x5c0e,0x6c2e,0x742e,0x640e,0x844f,0x9c4f,0x5ae9,0xa48d,0x7d30,0x4bed,0x332a,0x2ac9,0x32ea,0x43ac,0x5c6f,0x6490,0x3bac,0x0247,
0x12c7,0x2328,0x0287,0x4c29,0x64ca,0x548c,0x542e,0x540e,0x5c4f,0x6cd1,0x8571,0x7d30,0x9d90,0xa62f,0x858e,0x33c8,0x1b07,0x2308,0x22a8,0x2145,0x2227,0x3388,0x440b,0x22a9,
0x2288,0x22a9,0x2288,0x2288,0x2ae9,0x2268,0x1924,0x10e3,0x2145,0x3249,0x3269,0x3228,0x21c7,0x3228,0x3269,0x3249,0x3249,0x3249,0x29c7,0x29c7,0x29e7,0x2a08,0x3249,0x29e7,
0x1945,0x08e2,0x1103,0x08e2,0x08e2,0x08e1,0x08e3,0x08e3,0x08e2,0x0902,0x08e2,0x08e2,0x00c2,0x08e3,0x08c2,0x08c2,0x00c2,0x0102,0x0143,0x00c2,0x08c1,0x08e2,0x08e2,0x08c2,
0x31a5,0x31a5,0x49e6,0x49c6,0x39c5,0x49c6,0x5a47,0x6288,0x5b0a,0x4288,0x4aa8,0x1a66,0x0245,0x3aa7,0x1246,0x22c7,0x2ae7,0x0265,0x0225,0x0aa5,0x42a8,0x1286,0x0a85,0x536a,
0x7c2e,0x742d,0x2307,0x438a,0x7c2e,0x7c2e,0x7c4e,0x73ed,0x6bcc,0x7c4e,0x6bac,0x52e9,0x4288,0x4aa8,0x5b2a,0x634b,0x636b,0x634b,0x6bac,0x7c2e,0x8ccf,0x6c0c,0x4389,0x53ed,
0x4bac,0x4bcd,0x4bcd,0x4bcd,0x4bcd,0x4b09,0x5b4a,0x4ac8,0x4287,0x52e9,0x5b4a,0x73ed,0x7c4e,0x7c2e,0x848e,0x94ef,0x5b2a,0x4287,0x4ac8,0x5b4a,0x636b,0x638b,0x638b,0x73ed,
0x6bcc,0x634b,0x5b4a,0x740d,0x7c4e,0x7c2e,0x7c4e,0x740d,0x634b,0x5b2a,0x73cd,0x73ed,0x4aa8,0x530a,0x638c,0x844f,0x94b0,0x7c0e,0x73ed,0x73cd,0x6bac,0x6b8c,0x6b6b,0x6b6b,
0x6b6b,0x6b6b,0x636b,0x6b6c,0x5309,0x1a44,0x1a44,0x01a2,0x0a03,0x01c2,0x0a03,0x1a24,0x1a44,0x2264,0x2264,0x32a5,0x2aa5,0x2aa5,0x2264,0x01c2,0x1224,0x2aa6,0x4328,0x4b49,
0x4349,0x4b69,0x536a,0x5baa,0x63eb,0x744c,0x7c8c,0xa58e,0x84ac,0x5bca,0x5baa,0x53aa,0x744c,0x952d,0x7c6c,0x6c0c,0x63eb,0x6c2b,0x5bec,0x7490,0x74b1,0x53cd,0x5bcd,0x5c0e,
0x53cd,0x5bee,0x5bee,0x5bee,0x5bee,0x5bee,0x5c0e,0x6c2e,0x7c2e,0x6c2e,0x844f,0x83ac,0x62e9,0x8b6b,0x7bac,0x1a48,0x1a47,0x332a,0x544e,0x542e,0x3b2b,0x2aa8,0x2b0a,0x230a,
0x0267,0x12a7,0x0287,0x0aa7,0x2b68,0x64c9,0x4409,0x3baa,0x548a,0x6d0e,0x6cce,0x6d2d,0x64ae,0x6cee,0x43ea,0x2327,0x12c8,0x12c7,0x3387,0x2145,0x2b46,0x33c6,0x334a,0x330a,
0x2288,0x2288,0x2ac9,0x22a8,0x2ac9,0x1985,0x2985,0x4248,0x10e3,0x21a6,0x3249,0x3249,0x3249,0x3229,0x3228,0x3249,0x3249,0x3249,0x21c7,0x29e7,0x3249,0x3249,0x3249,0x2186,
0x1925,0x1124,0x1103,0x08e2,0x08e2,0x08e2,0x10e4,0x10e3,0x08e1,0x0102,0x0103,0x10e3,0x00c3,0x00c3,0x08c2,0x08c2,0x0102,0x0123,0x0103,0x00e2,0x08e2,0x08e2,0x08e2,0x08c2,
0x31a5,0x31a5,0x49e6,0x41c6,0x39c5,0x49e6,0x49e6,0x6288,0x52c8,0x42a8,0x42a8,0x4aa8,0x1246,0x0246,0x0a46,0x0a85,0x02a5,0x0225,0x0206,0x02a5,0x1286,0x0205,0x32c8,0x6b6b,
0x3aa9,0x12a6,0x2b07,0x73ac,0x7c2e,0x7c4e,0x7c2e,0x73ed,0x6bcc,0x7c4e,0x6bac,0x5b29,0x42c7,0x2aa7,0x3b87,0x4ba8,0x4ba7,0x5369,0x5b4b,0x73ed,0x94b0,0x742c,0x4347,0x4b6b,
0x53ed,0x4bcd,0x4bcc,0x53cd,0x4bcd,0x4ae9,0x634b,0x5b0a,0x4288,0x52e9,0x52c9,0x634b,0x7bed,0x7c4e,0x7c2e,0x8ccf,0x5b2a,0x4287,0x4ac8,0x5b4a,0x5b4a,0x5b2a,0x4ac9,0x4ac8,
0x530a,0x5b2a,0x530a,0x636b,0x740d,0x7c4e,0x7c2e,0x7c2e,0x636b,0x5b2a,0x73cc,0x842e,0x634b,0x5b2a,0x636b,0x73ed,0x8c90,0x94b0,0x94d1,0x73cc,0x6b8b,0x842e,0x844e,0x8caf,
0x8ccf,0x8ccf,0x7c0d,0x5b2a,0x634b,0x3ac7,0x0a03,0x09e3,0x1223,0x09e3,0x09e2,0x01a2,0x0a03,0x1a64,0x1a64,0x2285,0x1a64,0x1224,0x2264,0x09e3,0x0a03,0x4349,0x4b49,0x4349,
0x4349,0x4349,0x4b69,0x53aa,0x63eb,0x6c0b,0x6c0b,0x8ccd,0xbe0f,0xa58e,0x5bcb,0x63eb,0x744c,0x7c6c,0x63cb,0x5bcb,0x640c,0x63ec,0x53ad,0x53cd,0x6470,0x642f,0x5bcc,0x5bcd,
0x5bee,0x5bee,0x53cd,0x53ce,0x5bee,0x5bee,0x5bee,0x6c0e,0x742e,0x7c4f,0x63ac,0x5b09,0x832a,0x732a,0x6409,0x6c8b,0x53ed,0x4bed,0x3b4b,0x2288,0x2268,0x330a,0x336c,0x3bad,
0x1ae8,0x0287,0x0247,0x0267,0x12c7,0x2b48,0x64e9,0x3c46,0x546c,0x648e,0x646e,0x648e,0x4c0f,0x542d,0x12c7,0x0a87,0x0287,0x2be6,0x3306,0x2125,0x22a7,0x2288,0x2268,0x2268,
0x2288,0x22a8,0x22a8,0x2aa9,0x2268,0x3268,0x39e7,0x52eb,0x1924,0x1904,0x1925,0x3229,0x2a08,0x21a7,0x2a08,0x3249,0x3249,0x2a08,0x21c7,0x3229,0x3269,0x3249,0x2a08,0x21a6,
0x1144,0x08e2,0x08e1,0x08e2,0x08e2,0x08e3,0x10e4,0x10e4,0x08e2,0x0902,0x0144,0x00e3,0x00c2,0x00c2,0x08c2,0x08e2,0x00e2,0x00c2,0x0102,0x08c2,0x08c2,0x08c2,0x08e2,0x08c2,
0x31a5,0x31a5,0x49e6,0x39c5,0x41c5,0x49e6,0x49e6,0x6287,0x4aa8,0x4aa8,0x4aa8,0x4aa8,0x3287,0x0225,0x01e6,0x0265,0x0285,0x01e6,0x0245,0x02a5,0x0245,0x0a65,0x4ac8,0x3288,
0x0205,0x32e8,0x636b,0x5b4a,0x6bac,0x740d,0x73ed,0x5b2a,0x6bcc,0x73ed,0x4aea,0x2b07,0x1344,0x02a5,0x2365,0x2ba5,0x1b45,0x33c6,0x43a7,0x5389,0x5bea,0x4389,0x22c6,0x3aa7,
0x436a,0x4b69,0x32c7,0x2b29,0x43ac,0x42c9,0x32a7,0x32e8,0x2286,0x1286,0x2a86,0x4348,0x4369,0x6c0d,0x7c4e,0x8ccf,0x5b2a,0x4287,0x4ac8,0x5b4a,0x5b4a,0x5b4a,0x4ac9,0x4ac8,
0x4288,0x42a8,0x4288,0x52e9,0x636b,0x740d,0x7c4e,0x6bac,0x5b4a,0x636b,0x7c2e,0x8c6f,0x6bac,0x5b2a,0x5b4a,0x6bcc,0x740d,0x7c2e,0x73ed,0x634b,0x73ac,0x842e,0x7c2e,0x844e,
0x844e,0x950f,0x8c8f,0x73ac,0x634b,0x5329,0x09e3,0x01c2,0x09e3,0x09e3,0x09e3,0x01a2,0x01c3,0x1a66,0x2287,0x2287,0x2285,0x2264,0x1a64,0x2266,0x2266,0x4b69,0x5b8b,0x4329,
0x3b08,0x32e8,0x4349,0x4b69,0x538a,0x538a,0x5bca,0x6c2b,0x744c,0x8ced,0x5bcb,0x6c0b,0x7c6c,0x63eb,0x53ab,0x5bcc,0x642e,0x642f,0x53cd,0x53ad,0x53ac,0x53ac,0x7cae,0x7cad,
0x5bab,0x640d,0x5bce,0x53cd,0x5bee,0x5bee,0x5bee,0x742e,0x6c2e,0x63ac,0x4ae9,0x6309,0x7b2a,0x3387,0x3426,0x6509,0x95ec,0x644b,0x2269,0x22c9,0x2b2b,0x336c,0x2b0a,0x2b2b,
0x2308,0x43e9,0x4c0a,0x0aa7,0x0a87,0x2308,0x3388,0x752c,0x648e,0x646e,0x648e,0x542e,0x43ce,0x12a8,0x0a87,0x1b07,0x2b67,0x2307,0x29a6,0x2125,0x2247,0x2288,0x2288,0x2288,
0x2288,0x22a8,0x2aa9,0x2268,0x2288,0x4b0b,0x52eb,0x3a69,0x2165,0x29e7,0x2145,0x1924,0x21c7,0x2a08,0x3269,0x3249,0x2a08,0x21c7,0x21c7,0x2a08,0x3228,0x2a08,0x21c7,0x29e7,
0x1944,0x08c1,0x08c2,0x08e2,0x08e2,0x1103,0x1104,0x10e4,0x10e4,0x0903,0x0123,0x00c2,0x00c2,0x1104,0x08e3,0x00e2,0x00e2,0x00e2,0x0143,0x08c2,0x08a2,0x08c2,0x08e2,0x08c2,
0x2184,0x31a5,0x39a5,0x31a5,0x41c5,0x49e6,0x49c6,0x5a47,0x4287,0x3a67,0x3a67,0x3a67,0x52c8,0x32c7,0x0225,0x01e6,0x0206,0x0206,0x0285,0x0265,0x0245,0x02c5,0x1246,0x0205,
0x1aa6,0x22e7,0x2ac7,0x2b08,0x42e8,0x52e9,0x638b,0x5b4a,0x6b8b,0x5b2a,0x1a86,0x0205,0x0265,0x1305,0x12e5,0x0ac5,0x1305,0x1b25,0x2b85,0x2385,0x2b85,0x02a4,0x02a5,0x42a7,
0x32a6,0x0ac5,0x0aa5,0x0284,0x0ae6,0x1b06,0x0ae5,0x0b05,0x02a4,0x0ae5,0x3c07,0x4447,0x4c08,0x740e,0x7c2e,0x8ccf,0x5b4a,0x4287,0x4aa8,0x5b4a,0x5b4a,0x636b,0x740d,0x6bac,
0x5b2a,0x4ac8,0x4288,0x42a8,0x5b2a,0x636b,0x740d,0x6bac,0x6b8c,0x6bac,0x6bed,0x7c4e,0x73cd,0x532a,0x634b,0x6bcc,0x636b,0x634a,0x632a,0x632a,0x73cc,0x844f,0x7c2e,0x7c2e,
0x7c0e,0x844e,0x94ef,0x7c2e,0x6b6b,0x3aa7,0x01a2,0x01c2,0x01c2,0x01c2,0x01c2,0x01c2,0x01a2,0x1a24,0x2a88,0x2288,0x2287,0x2286,0x32e7,0x4b6b,0x3ae8,0x5b8b,0x63ab,0x4349,
0x4349,0x32c8,0x4329,0x4349,0x3ae8,0x4349,0x536a,0x538a,0x5baa,0x63eb,0x5bca,0x53aa,0x7c8c,0x9d4e,0x6c0b,0x5bcb,0x538a,0x5bcc,0x640d,0x63ec,0x63cb,0x63cb,0x6c2c,0xadcf,
0x84ac,0x5bcc,0x5bee,0x5bcd,0x53cd,0x5bee,0x5bee,0x640e,0x4b6c,0x3ac9,0x32c9,0x5309,0x730a,0x5b29,0x2b47,0x2386,0x3c27,0x5ce8,0x6ccc,0x540e,0x1a68,0x2ac9,0x2b0a,0x2b09,
0x2307,0x2367,0x6cea,0x6ccb,0x0a87,0x0a87,0x2b48,0x64ae,0x6cee,0x646e,0x5c4e,0x542f,0x2b4b,0x0267,0x1b08,0x1ae7,0x0a87,0x1207,0x2966,0x2165,0x32c9,0x22a8,0x2268,0x2288,
0x2288,0x22a8,0x2288,0x2288,0x532b,0x5b0b,0x3a69,0x326a,0x29c7,0x29c7,0x3249,0x29c7,0x29e7,0x3249,0x3229,0x29c7,0x21c7,0x21c7,0x21c7,0x21c7,0x21c7,0x21a6,0x1143,0x1965,
0x1103,0x10e3,0x10e3,0x08e2,0x08e2,0x1124,0x1104,0x10e4,0x10e4,0x0965,0x01a4,0x00e3,0x00a2,0x08e3,0x08e2,0x00e2,0x0102,0x08c2,0x0143,0x08e2,0x08a1,0x08c2,0x08e2,0x08c2,
0x1944,0x29a5,0x31a5,0x31a5,0x31a5,0x49e6,0x41c6,0x29c5,0x0164,0x0123,0x0143,0x0164,0x21c5,0x1a05,0x02c5,0x0246,0x0206,0x0225,0x01e6,0x0225,0x02a5,0x0245,0x0225,0x02a5,
0x0aa5,0x1aa6,0x2aa6,0x3ae8,0x12a5,0x2286,0x5309,0x5309,0x32e7,0x1ac6,0x1266,0x0246,0x0285,0x02c5,0x1305,0x02a5,0x1305,0x1b25,0x2b86,0x0ae5,0x1b25,0x2366,0x0285,0x1ac6,
0x1aa6,0x1285,0x0ac5,0x0ac5,0x0ac5,0x02c5,0x1305,0x2365,0x02c5,0x2347,0x4c08,0x74ca,0x9dad,0x9d6e,0x6c6b,0x740d,0x5b0a,0x4288,0x4288,0x52e9,0x634b,0x73ed,0x7c4e,0x7c4e,
0x740d,0x6bac,0x5b0a,0x4ac8,0x52e9,0x5b4a,0x638b,0x6bac,0x6bcd,0x6bac,0x3b07,0x3b28,0x63ac,0x4308,0x5b2a,0x6bac,0x634b,0x634b,0x634b,0x634a,0x6b6b,0x73cd,0x7c2e,0x7c2e,
0x7c2e,0x7c0e,0x8caf,0x846e,0x634b,0x42e8,0x0a03,0x01c2,0x01a2,0x01c2,0x01c2,0x01c2,0x01c2,0x01a2,0x1a04,0x3aa8,0x22a9,0x32c7,0x4328,0x4b8c,0x4329,0x536a,0x5bab,0x4b69,
0x4b69,0x4b6a,0x4328,0x538a,0x436b,0x3b09,0x4308,0x538a,0x538a,0x63eb,0x744c,0x6c0b,0x8d0d,0xb5ef,0xad8e,0x6c2b,0x7c8c,0x8d0d,0xb5ef,0xa58e,0x63cb,0x63cb,0x5bab,0x744c,
0x84ad,0x5bac,0x53cd,0x5bee,0x53cd,0x53cd,0x5c0e,0x436c,0x3ac9,0x3ae9,0x32c9,0x3ae9,0x5309,0x6b0a,0x4b09,0x2b28,0x2347,0x2386,0x4c88,0x6caa,0x642b,0x336c,0x338d,0x232a,
0x12c7,0x2328,0x1ae7,0x33a8,0x5c69,0x1ac8,0x43cd,0x5c4e,0x648e,0x646e,0x542e,0x43cc,0x2328,0x12c7,0x0267,0x0aa7,0x0a87,0x2186,0x2966,0x2207,0x2ac9,0x3b2a,0x2288,0x2288,
0x2288,0x2288,0x1a68,0x3ac9,0x5b2b,0x3a6a,0x3249,0x21e7,0x29e7,0x2165,0x3249,0x29e7,0x29e7,0x29e8,0x21c7,0x29c7,0x29c7,0x21c7,0x21c7,0x21c7,0x29c7,0x21a7,0x1124,0x08e1,
0x1103,0x1104,0x08e2,0x1104,0x1104,0x1104,0x10e4,0x10e4,0x10e4,0x0144,0x0184,0x0103,0x00a2,0x08e3,0x00e2,0x00e2,0x0123,0x00e2,0x08a1,0x08c2,0x08c2,0x08c2,0x08e2,0x08c2,
0x1144,0x2985,0x31a5,0x31a5,0x31a5,0x39c5,0x51e6,0x2185,0x19a5,0x0985,0x0144,0x0164,0x0103,0x00e3,0x01e4,0x0224,0x01e6,0x01e6,0x0206,0x0245,0x0206,0x0206,0x0285,0x0226,
0x0245,0x0a46,0x0225,0x02a5,0x02a4,0x02a5,0x0a26,0x0a06,0x0225,0x0285,0x0245,0x0265,0x0285,0x02a5,0x0285,0x1b25,0x1305,0x0ac5,0x0ae5,0x0ac5,0x0ac5,0x1b25,0x02a5,0x0224,
0x12c5,0x2b26,0x1305,0x1b45,0x2ba6,0x1305,0x1b45,0x1b25,0x2b86,0x0ae5,0x0284,0x0aa5,0x3bc7,0x7d2a,0x8d8b,0x4c48,0x32e7,0x4a88,0x4a88,0x52e9,0x5b2a,0x63cc,0x7c2e,0x740e,
0x844e,0x7c4e,0x740d,0x636b,0x4ac9,0x52e9,0x638c,0x6bac,0x6bac,0x6bac,0x73ed,0x5bab,0x32e7,0x2aa6,0x2a86,0x4b09,0x5b2a,0x634a,0x634b,0x4ac9,0x52e9,0x634a,0x73ed,0x842e,
0x7c2e,0x842e,0x842f,0x7c2e,0x6b6b,0x5329,0x1a44,0x1a44,0x1203,0x0a03,0x01c2,0x01c2,0x01c2,0x09c3,0x01a2,0x1a45,0x4b8c,0x4b6a,0x4348,0x4328,0x32e8,0x5b8c,0x6bcc,0x4b6a,
0x4328,0x4b8c,0x4b6b,0x4b8b,0x4b8b,0x3b09,0x4b69,0x4b69,0x538a,0x6c2b,0x63cb,0x63cb,0x6c2b,0x744c,0x7c8c,0x6c0b,0x84ad,0x8ccd,0x952e,0xa58e,0x9d6e,0x5bcb,0x5bab,0x5bab,
0x53ad,0x53cd,0x53ad,0x53cd,0x5bee,0x5bee,0x436c,0x22a9,0x3ac9,0x4ae9,0x32c9,0x22a9,0x42e9,0x5309,0x5b09,0x6b0a,0x3328,0x2327,0x2347,0x2386,0x752b,0x7d0c,0x332b,0x2b4a,
0x0287,0x0287,0x1b08,0x2307,0x33a7,0x6ccd,0x43ce,0x540e,0x646e,0x646e,0x4c0e,0x2b49,0x2347,0x12e7,0x1b07,0x2328,0x2227,0x2986,0x29a6,0x21c7,0x2268,0x2aa9,0x32ea,0x2268,
0x2288,0x2268,0x32a9,0x5b4c,0x3248,0x1165,0x2a28,0x2a08,0x19c6,0x1945,0x2186,0x3229,0x29c7,0x21c7,0x29c7,0x21a6,0x21a6,0x29c7,0x21c7,0x1965,0x29c7,0x21a6,0x1925,0x0903,
0x08e2,0x08e2,0x08e2,0x10e4,0x1924,0x1925,0x1104,0x10e4,0x0924,0x0144,0x0164,0x0103,0x00a2,0x00e2,0x00e2,0x00c3,0x0103,0x0902,0x0143,0x08c2,0x08a2,0x08c2,0x08e2,0x08c2,
0x1144,0x2985,0x2184,0x2985,0x39c5,0x29c5,0x21e6,0x39e6,0x19c5,0x09a5,0x0144,0x0144,0x0164,0x0123,0x0103,0x0103,0x0164,0x01e6,0x0206,0x0245,0x01e6,0x0225,0x0206,0x01e6,
0x0206,0x0225,0x0206,0x0265,0x0285,0x0265,0x01e6,0x01e6,0x01e6,0x01e6,0x0226,0x0225,0x0265,0x02a5,0x02a5,0x0ae5,0x02c5,0x0285,0x0ae5,0x02c5,0x1305,0x02a5,0x01a4,0x0163,
0x01e4,0x1244,0x2305,0x3385,0x1a64,0x01c4,0x43a7,0x3be6,0x2385,0x2365,0x1b25,0x02c5,0x0284,0x0264,0x3bc7,0x3be6,0x02c5,0x1aa6,0x22c6,0x4367,0x74aa,0x8d4c,0x84ec,0x4bc8,
0x53aa,0x7c2e,0x7c4e,0x7c4e,0x6bcd,0x636b,0x530a,0x5b2a,0x6bac,0x6bac,0x6bac,0x536a,0x1a64,0x0222,0x2a65,0x32a6,0x32c6,0x634a,0x634b,0x4ac8,0x52e9,0x634b,0x73cd,0x842e,
0x842e,0x740d,0x740d,0x842e,0x5b4a,0x73ed,0x3ac7,0x0a02,0x1223,0x1a64,0x09e2,0x09e3,0x1203,0x3a67,0x3266,0x3ac7,0x534a,0x436b,0x4b6a,0x4328,0x4b4a,0x6bcd,0x5b8b,0x32e8,
0x4349,0x538b,0x4b6c,0x4329,0x32e8,0x3ae8,0x4328,0x538a,0x5baa,0x538a,0x4b69,0x53aa,0x53aa,0x538a,0x5bcb,0x6c0b,0x63eb,0x5baa,0x63eb,0x744c,0xa58e,0x9d4e,0x8d0d,0x7c8d,
0x640d,0x5bee,0x5bee,0x53ad,0x5bee,0x434b,0x22a9,0x22c9,0x3ae9,0x32c9,0x3ae9,0x2ac9,0x22a9,0x42e9,0x6309,0x8b2a,0x5b09,0x0ac8,0x1ae8,0x2308,0x1b27,0x750a,0x4bc9,0x338c,
0x0aa8,0x0247,0x0287,0x12a7,0x2b4a,0x5c6e,0x43ed,0x542e,0x646e,0x4c0e,0x338a,0x2b87,0x2ba7,0x33c7,0x2ba7,0x2328,0x2287,0x0a67,0x21e7,0x2125,0x19c6,0x2288,0x2268,0x2288,
0x1a47,0x2aa9,0x6bad,0x4aca,0x3249,0x1164,0x0923,0x3a8a,0x19c6,0x08e3,0x1904,0x3228,0x21c6,0x21a6,0x21c7,0x0103,0x21a6,0x29c7,0x1945,0x1924,0x2186,0x2186,0x1103,0x0902,
0x08e2,0x08e2,0x10e3,0x1104,0x1925,0x1104,0x08e3,0x0944,0x0144,0x0924,0x00e3,0x00e2,0x00c2,0x00e2,0x00c2,0x00c3,0x0902,0x0143,0x0164,0x0103,0x08a2,0x08e2,0x08e2,0x08c2,
0x2184,0x1944,0x1964,0x1964,0x39a5,0x49e6,0x19c5,0x31c6,0x19c6,0x0185,0x0164,0x0164,0x0164,0x0123,0x0103,0x0103,0x0103,0x0184,0x0185,0x01e6,0x0206,0x0245,0x01e6,0x01e6,
0x01e6,0x0206,0x0206,0x01e6,0x0206,0x0206,0x0265,0x0225,0x01e6,0x01e6,0x01e6,0x0285,0x02a5,0x02a5,0x02a5,0x02a5,0x0285,0x02c5,0x02a5,0x0285,0x0204,0x0143,0x0103,0x0123,
0x0123,0x01e4,0x1204,0x0103,0x09a4,0x3365,0x3be6,0x33c6,0x2b87,0x2366,0x1b45,0x1b45,0x02a5,0x12e5,0x02a4,0x02a5,0x0285,0x1325,0x2ba5,0x1b65,0x33c6,0x5468,0x4427,0x5c89,
0x3c06,0x3348,0x846f,0x846f,0x848f,0x7c0e,0x5b2a,0x5309,0x530a,0x6b8c,0x638b,0x532a,0x32c6,0x2285,0x0a42,0x32c6,0x32c7,0x634b,0x632a,0x4aa8,0x52e9,0x634b,0x73cd,0x844f,
0x844f,0x5b8a,0x3b07,0x63ab,0x1a64,0x740d,0x638b,0x3286,0x3ae8,0x2264,0x1223,0x01c2,0x01a2,0x2245,0x3ae8,0x4328,0x3ac8,0x2ac8,0x4329,0x4328,0x4328,0x4b4a,0x4329,0x4308,
0x4328,0x4b6b,0x4b8c,0x3b09,0x32c7,0x4349,0x4b49,0x538a,0x4b69,0x4b49,0x4b49,0x4b69,0x63eb,0x6c0b,0x6c0b,0x538a,0x4b49,0x538a,0x5bcb,0x744c,0x744c,0x744c,0x950d,0x9d4e,
0x744c,0x6c2d,0x53ce,0x5bee,0x53ad,0x2ac9,0x22a9,0x2ac9,0x32c9,0x2ac9,0x3ae9,0x42e9,0x3ac9,0x4ae9,0x4b09,0x7309,0x734b,0x2aea,0x0247,0x0a87,0x12c7,0x2347,0x2b68,0x2b29,
0x2b4b,0x0267,0x0267,0x0268,0x3bad,0x4bee,0x4bee,0x4c0e,0x540e,0x43cc,0x2bc7,0x2ba7,0x2327,0x2327,0x2b87,0x1b07,0x0267,0x0267,0x19c7,0x2125,0x1924,0x2248,0x2288,0x1a68,
0x19e6,0x19e6,0x3a88,0x0123,0x1986,0x21c7,0x0103,0x1165,0x1124,0x08e3,0x08e3,0x0924,0x21a6,0x1145,0x21a6,0x0103,0x1165,0x1945,0x1904,0x1925,0x1945,0x1965,0x1944,0x08e2,
0x08e2,0x10e3,0x10e4,0x1104,0x0944,0x0924,0x10e3,0x0964,0x0184,0x0143,0x00e3,0x00c2,0x00e2,0x00c2,0x00c2,0x0123,0x0123,0x0123,0x0143,0x00e2,0x08c2,0x08e2,0x08c2,0x08c2,
0x2184,0x1144,0x1144,0x1944,0x19c5,0x41e6,0x41c6,0x09e6,0x3a06,0x1206,0x0164,0x0144,0x0164,0x0144,0x0123,0x0103,0x0103,0x0123,0x0164,0x0185,0x0245,0x02a5,0x01e6,0x0245,
0x0225,0x01e6,0x01e6,0x01e6,0x01e6,0x0206,0x0265,0x0245,0x01e6,0x01e6,0x0206,0x0226,0x0206,0x0245,0x0285,0x0244,0x0164,0x0163,0x0183,0x0163,0x00e3,0x0103,0x0103,0x0103,
0x0103,0x00e3,0x00c3,0x00c3,0x0143,0x1244,0x22a5,0x5c29,0x3be8,0x2b85,0x0ac5,0x0265,0x02a5,0x0ac5,0x02a5,0x0285,0x1305,0x0ae5,0x1b45,0x0ac5,0x1305,0x02a5,0x0264,0x12e5,
0x750a,0x3bc9,0x846f,0x846f,0x846f,0x846f,0x6b8c,0x530a,0x52e9,0x4ac9,0x530a,0x634b,0x634b,0x4b09,0x2265,0x1a64,0x42a7,0x3aa7,0x42a8,0x4aa8,0x4aa8,0x4aa8,0x6b6b,0x538a,
0x5b6a,0x6b8c,0x1a85,0x1a84,0x1243,0x3b07,0x842e,0x8c4f,0x636b,0x09e3,0x0a03,0x1224,0x2286,0x2286,0x4349,0x3b08,0x2286,0x2aa7,0x4329,0x4328,0x4328,0x4328,0x4328,0x4328,
0x3b08,0x3b08,0x4349,0x3b09,0x4b49,0x538a,0x4b69,0x538a,0x4b6a,0x4b49,0x4349,0x4328,0x538a,0x744c,0x848d,0x63eb,0x4b69,0x5baa,0x63eb,0x640b,0x5bcb,0x5baa,0x6c0c,0x7c8d,
0x746d,0x6c2d,0x53ad,0x53cd,0x32c9,0x2268,0x22a9,0x2ac9,0x2ac9,0x2ac9,0x2ac9,0x4ae9,0x5b09,0x732a,0x5309,0x6b0a,0x8b2a,0x42ea,0x2b4b,0x0288,0x0267,0x0a87,0x12e7,0x2307,
0x1b28,0x0267,0x0267,0x4c2b,0x750e,0x648d,0x43cd,0x4bee,0x338c,0x2388,0x2ba7,0x2328,0x2308,0x2328,0x2328,0x1b08,0x1ae7,0x1ae7,0x21c6,0x2145,0x18e3,0x21e6,0x2288,0x2aa9,
0x4aea,0x1184,0x0123,0x0123,0x0102,0x00e2,0x00e2,0x00e2,0x00e2,0x00e2,0x00e3,0x0903,0x0904,0x1144,0x1965,0x1165,0x00c2,0x1925,0x1104,0x1965,0x29c7,0x29c7,0x1965,0x1103,
0x08e2,0x10e4,0x1104,0x1904,0x10e4,0x0964,0x0944,0x1124,0x0924,0x0163,0x00e2,0x00c2,0x00e2,0x00c2,0x00e2,0x0143,0x0123,0x0184,0x0103,0x08a1,0x08c2,0x00e2,0x08c2,0x08c2,
0x2985,0x1144,0x1144,0x2184,0x19c5,0x01e6,0x39c6,0x29c5,0x0206,0x01c5,0x0184,0x0144,0x0143,0x0164,0x0123,0x0103,0x0103,0x0103,0x0103,0x0164,0x0285,0x0285,0x0206,0x0245,
0x0206,0x0206,0x0226,0x01e6,0x0245,0x02a5,0x02a5,0x0245,0x0226,0x0206,0x01e6,0x0226,0x0206,0x01e5,0x0103,0x0103,0x0103,0x0103,0x0103,0x00e3,0x0103,0x0103,0x0143,0x0123,
0x00e3,0x01a4,0x1aa5,0x1a24,0x11c4,0x1a65,0x6c6b,0x53c9,0x1b05,0x0ae5,0x02c4,0x1b45,0x0ac5,0x1305,0x0ae5,0x1305,0x2ba5,0x1305,0x0285,0x02a5,0x02a5,0x02a5,0x0ac5,0x1326,
0x4428,0x642c,0x6bcd,0x846f,0x846f,0x848f,0x740d,0x5309,0x4288,0x4288,0x4ac8,0x5b4a,0x5b4a,0x3ae7,0x3ac7,0x1a44,0x2a66,0x2265,0x4ac8,0x634b,0x52e9,0x5309,0x634b,0x5309,
0x3b08,0x2285,0x0a42,0x22a5,0x1a64,0x4ae9,0x6b8c,0x634b,0x42c8,0x2265,0x01a2,0x32e7,0x3b08,0x2aa6,0x2aa6,0x2a86,0x32c7,0x2aa7,0x2aa7,0x32e7,0x3b08,0x4328,0x4328,0x32c7,
0x2aa7,0x32c7,0x4328,0x3ae8,0x4329,0x538a,0x53aa,0x538a,0x5baa,0x4329,0x32e8,0x4b49,0x4b49,0x5bca,0x6c0b,0x6c2c,0x538a,0x53aa,0x640b,0x5baa,0x5bab,0x6c2c,0x84ad,0x7c8c,
0x63eb,0x5bed,0x5bee,0x32c9,0x2268,0x2288,0x2288,0x22c9,0x32c9,0x4ae9,0x32c9,0x4ae9,0x5b09,0x832a,0x732a,0x5b09,0x832a,0x430a,0x230b,0x1a88,0x0267,0x0247,0x0267,0x0267,
0x0267,0x0267,0x544b,0x958f,0x8d4f,0x95af,0x6cae,0x43ce,0x2ba8,0x2ba6,0x2328,0x2328,0x2328,0x2328,0x1a86,0x0a87,0x1b08,0x22e8,0x2186,0x2a27,0x2207,0x21e6,0x1a88,0x42ea,
0x5b2b,0x42aa,0x11a6,0x09a5,0x0944,0x00e2,0x0102,0x00e2,0x0103,0x00e2,0x00e2,0x00e2,0x00c2,0x00c2,0x00c2,0x1144,0x0904,0x1945,0x1145,0x1986,0x21a6,0x1945,0x1925,0x1925,
0x1124,0x1124,0x1925,0x1104,0x1124,0x0964,0x0123,0x0123,0x0985,0x0184,0x00e2,0x00c2,0x00c2,0x00c2,0x0123,0x00e2,0x0123,0x0123,0x0103,0x0902,0x00c2,0x08e2,0x08c2,0x08c2,
0x1964,0x1124,0x2984,0x31c5,0x39a5,0x21c5,0x01e6,0x19c5,0x21c5,0x01a5,0x0184,0x01a5,0x0164,0x0143,0x0144,0x0123,0x0103,0x0103,0x0123,0x0184,0x01a5,0x0226,0x01c5,0x01e6,
0x01e6,0x0285,0x0225,0x0265,0x02a5,0x02a5,0x02a5,0x02a5,0x0245,0x0226,0x0246,0x0184,0x0143,0x0123,0x0103,0x0103,0x0103,0x0103,0x0103,0x0183,0x0184,0x0963,0x1204,0x2b45,
0x2305,0x0143,0x2305,0x2bc6,0x3367,0x6c6a,0x3327,0x3bc8,0x02a4,0x02a5,0x0ae5,0x0ae5,0x3be7,0x4406,0x4427,0x4c28,0x7509,0x1b45,0x0285,0x02a5,0x02a5,0x0ae6,0x0b06,0x1b07,
0x2328,0x638b,0x7c0e,0x848f,0x846f,0x846f,0x7c2e,0x4ae9,0x4288,0x4aa8,0x4288,0x4ac9,0x634b,0x636b,0x4b09,0x1a64,0x0202,0x1244,0x4ae9,0x5b4a,0x636b,0x6b6b,0x32a6,0x5329,
0x42e8,0x0222,0x4308,0x638b,0x42a8,0x632a,0x634b,0x5b2a,0x738c,0x5b6a,0x1224,0x2aa7,0x3b08,0x32e8,0x2aa6,0x2aa6,0x32e8,0x2aa7,0x2aa6,0x2aa7,0x32c7,0x32c7,0x3b08,0x3b08,
0x32c7,0x2aa7,0x3b08,0x3b08,0x32c7,0x4349,0x4b49,0x4329,0x4349,0x32e8,0x32e8,0x3ae8,0x4329,0x744c,0x7c6c,0x640b,0x4b69,0x4b49,0x4b69,0x538a,0x6c0b,0x7c8c,0x744c,0x63eb,
0x5bab,0x53ad,0x32e9,0x2268,0x2288,0x2288,0x2288,0x2ac9,0x22c9,0x4ae9,0x3ac9,0x32c9,0x5309,0x7b2a,0x732a,0x5309,0x7b2a,0x3308,0x2347,0x2b47,0x2327,0x1b07,0x0aa7,0x0267,
0x0247,0x1ae8,0x6cae,0x5c4e,0x542d,0x648e,0x6cee,0x2b6a,0x1b67,0x2b47,0x2308,0x2328,0x2328,0x0a46,0x0164,0x0163,0x0164,0x1a07,0x2166,0x2a07,0x2288,0x1a07,0x4b2b,0x634c,
0x4acb,0x3a69,0x2a28,0x2207,0x09a5,0x11c5,0x09a5,0x0143,0x0163,0x0102,0x0102,0x0123,0x0102,0x00e2,0x00c2,0x00e3,0x00c3,0x00c3,0x00c3,0x2186,0x1145,0x1945,0x1925,0x1124,
0x1925,0x0965,0x0944,0x08e4,0x0964,0x0985,0x0103,0x0103,0x0144,0x0184,0x0103,0x00c2,0x00c2,0x00c3,0x0103,0x00c2,0x0123,0x0143,0x0143,0x0103,0x08c2,0x08e2,0x08c2,0x08c2,
0x0103,0x0103,0x0923,0x1144,0x2184,0x31a5,0x19c5,0x01e6,0x09e6,0x0206,0x01c5,0x0144,0x0144,0x0164,0x0164,0x0123,0x0103,0x0103,0x0123,0x0144,0x0184,0x0184,0x01c5,0x0206,
0x0206,0x0226,0x01e6,0x0225,0x0285,0x02a5,0x02a5,0x02a5,0x0246,0x01c5,0x0184,0x0103,0x0103,0x0103,0x0103,0x0103,0x0123,0x0144,0x0164,0x0183,0x01e5,0x1ac5,0x0a44,0x12e4,
0x1325,0x0204,0x1285,0x0ae5,0x02a5,0x2366,0x02a4,0x02c5,0x0ac5,0x02a5,0x2b86,0x2345,0x74ea,0x95ac,0x9dac,0x7d0b,0x5c8a,0x0285,0x0aa5,0x0ac6,0x0ae6,0x0b06,0x0ae6,0x5b8b,
0x73ac,0x638b,0x7c0e,0x848f,0x7c2e,0x73ed,0x73ed,0x4a88,0x4a88,0x4aa8,0x4288,0x4ac8,0x5b4a,0x5b4a,0x42e8,0x1a24,0x01e2,0x1244,0x2a65,0x32a6,0x4ae8,0x634b,0x42e8,0x1a64,
0x1263,0x2285,0x2aa5,0x42a7,0x52e9,0x636b,0x634b,0x634b,0x638b,0x3ae8,0x2286,0x2a86,0x2aa7,0x3ae8,0x2aa7,0x32c7,0x32c8,0x2aa6,0x2aa6,0x32c7,0x32e8,0x2aa7,0x32c7,0x3ae8,
0x32c7,0x32c7,0x2aa7,0x2ac7,0x32c7,0x3b08,0x4329,0x32e8,0x3b08,0x32c8,0x32c8,0x32c8,0x3ae8,0x5bca,0x6c0b,0x4349,0x4329,0x4328,0x4b69,0x5baa,0x6c0b,0x640b,0x5bab,0x53ad,
0x53ce,0x32c9,0x2268,0x2288,0x2288,0x2288,0x2288,0x2ac9,0x22c9,0x3ae9,0x3ac9,0x42e9,0x4b09,0x6309,0x732a,0x4308,0x2b08,0x2327,0x2b87,0x2367,0x2b67,0x2bc7,0x2bc7,0x1b47,
0x12c8,0x3bad,0x540d,0x5c4d,0x646e,0x5c4e,0x5c4d,0x1b07,0x0267,0x2328,0x2328,0x2308,0x0aa7,0x0267,0x0a26,0x0143,0x0123,0x0123,0x0903,0x0944,0x1246,0x3ac9,0x52ea,0x4acb,
0x2a28,0x2a28,0x2a28,0x0964,0x2a48,0x21e7,0x11a5,0x11e6,0x19e7,0x1185,0x0143,0x0123,0x0102,0x00e2,0x00e2,0x00c2,0x00c2,0x00c2,0x00a2,0x1985,0x0924,0x1925,0x1925,0x1104,
0x1144,0x1145,0x0964,0x0184,0x0144,0x0185,0x0164,0x00e2,0x00e2,0x0164,0x0103,0x00a2,0x00c2,0x00c2,0x00e3,0x0123,0x0164,0x0144,0x0123,0x00e2,0x08c1,0x08c2,0x08c2,0x08c2,
0x0103,0x0103,0x0103,0x0103,0x0123,0x0123,0x1164,0x0206,0x0206,0x01e6,0x01e6,0x01a5,0x0123,0x0144,0x0144,0x0144,0x0123,0x0103,0x0103,0x0143,0x0123,0x0144,0x0206,0x01e6,
0x01e6,0x01e6,0x01e6,0x0226,0x0206,0x0206,0x0245,0x02a5,0x0205,0x0123,0x0103,0x0103,0x0123,0x0103,0x0103,0x0123,0x0184,0x01a5,0x0206,0x01a5,0x0144,0x0224,0x02e5,0x02a5,
0x0285,0x02c5,0x02c5,0x02a5,0x02a5,0x0245,0x0245,0x01e6,0x01e6,0x0265,0x0ae5,0x1325,0x33c6,0x74ea,0x4c28,0x958c,0x750a,0x1b06,0x22c7,0x0b06,0x0ae6,0x0ae6,0x3308,0x636b,
0x6bac,0x6bac,0x6b8c,0x6b8c,0x73cd,0x634b,0x532a,0x3b06,0x3ac7,0x3267,0x42a8,0x5b4a,0x636b,0x636b,0x634b,0x4288,0x1a04,0x11e3,0x0a23,0x2a65,0x3286,0x42c8,0x3ac7,0x1264,
0x1a44,0x1a64,0x32a6,0x4aa8,0x4aa8,0x5309,0x52e9,0x6b8c,0x73cd,0x2aa7,0x2286,0x2286,0x2286,0x32c7,0x2aa6,0x32e8,0x2aa7,0x2aa6,0x2ac7,0x2aa7,0x3b09,0x32c7,0x32c7,0x32c7,
0x2aa7,0x32c7,0x32c7,0x2ac7,0x32c7,0x434a,0x3b08,0x32c8,0x3b08,0x4329,0x32e8,0x3b08,0x4b4a,0x4329,0x4b49,0x4349,0x4b49,0x3b08,0x4349,0x5bab,0x5369,0x538a,0x53cc,0x53ce,
0x330b,0x2268,0x2288,0x2288,0x2288,0x1a67,0x2288,0x2ac9,0x2ac9,0x2ac9,0x2aa9,0x3ae9,0x5309,0x5309,0x7b2a,0x4b29,0x2ae8,0x1ac8,0x12c7,0x2308,0x2328,0x2328,0x2b67,0x2ba6,
0x4c2a,0x544e,0x3bcd,0x540d,0x5c6e,0x5c4d,0x3389,0x12c7,0x0287,0x0aa7,0x12c7,0x0a87,0x0287,0x0a87,0x0184,0x1266,0x09e4,0x0102,0x0123,0x0123,0x0102,0x3227,0x29e6,0x1185,
0x19a6,0x11a6,0x1185,0x0944,0x21a6,0x1985,0x19c6,0x0924,0x1144,0x29e7,0x0944,0x0123,0x0143,0x0123,0x00e2,0x00c2,0x00c2,0x00e2,0x00e2,0x0904,0x0904,0x1925,0x1104,0x10e4,
0x0964,0x0965,0x0965,0x01a5,0x0164,0x0143,0x0123,0x00e3,0x00c2,0x0143,0x0103,0x00a2,0x00c2,0x00c2,0x00e2,0x0123,0x0144,0x0184,0x0103,0x08a2,0x00e2,0x08c2,0x08c2,0x08c2,
0x0143,0x0103,0x0123,0x0123,0x0103,0x0103,0x0103,0x0184,0x01e6,0x01e6,0x0206,0x01a5,0x0144,0x0143,0x0123,0x0164,0x0123,0x0103,0x0103,0x0123,0x0123,0x0144,0x0144,0x01e4,
0x0285,0x01e6,0x01e6,0x0226,0x0206,0x01e6,0x01e6,0x0225,0x0143,0x0103,0x0123,0x0103,0x0103,0x0123,0x0144,0x01a5,0x01a5,0x01a5,0x01e6,0x0206,0x0206,0x0265,0x02a4,0x0285,
0x0285,0x02a5,0x02a5,0x02a5,0x02a5,0x0285,0x0285,0x0245,0x0a26,0x0246,0x0285,0x1326,0x2366,0x2366,0x2366,0x4c29,0x9dcc,0x74ca,0x2ae7,0x1ae7,0x0ae6,0x2ae7,0x52e9,0x52e9,
0x5309,0x52e9,0x2ac7,0x2b07,0x5369,0x2b07,0x6469,0x7d6a,0x5428,0x2366,0x32e6,0x4b09,0x5b2a,0x4ac9,0x4ac8,0x4aa8,0x2a65,0x09e3,0x01c2,0x1a44,0x3286,0x3ac7,0x1243,0x0a43,
0x42a8,0x4287,0x3266,0x42a8,0x5b2a,0x52c9,0x52e9,0x636b,0x6bac,0x5b6b,0x2aa7,0x2aa7,0x2286,0x32c8,0x32e8,0x32e8,0x3ae8,0x32e8,0x3b09,0x2aa7,0x3ae8,0x3b08,0x32e8,0x32c7,
0x32e8,0x3b08,0x2aa7,0x32c7,0x32c8,0x3b09,0x32c7,0x32e8,0x3b08,0x434a,0x4329,0x3b09,0x434a,0x4329,0x4329,0x4b4a,0x4329,0x4329,0x4309,0x4b49,0x4b6a,0x5baa,0x53cd,0x32ea,
0x2268,0x2288,0x2288,0x2288,0x2288,0x1a67,0x1a66,0x2ae9,0x2ac9,0x2ac9,0x22a9,0x3ac9,0x5309,0x4b09,0x6309,0x730a,0x5b09,0x52e9,0x12a7,0x0287,0x0aa7,0x1b08,0x1ae7,0x3baa,
0x648d,0x64cd,0x440d,0x43cd,0x5c4e,0x43cb,0x1ae7,0x0a87,0x0267,0x0267,0x0267,0x12c7,0x2308,0x2328,0x0ac8,0x0a67,0x1225,0x0a05,0x11a5,0x0164,0x0164,0x00e2,0x00e2,0x00e2,
0x00c2,0x0143,0x0123,0x00c2,0x0944,0x0944,0x19a6,0x00a2,0x0924,0x1144,0x00c2,0x00e2,0x1165,0x1185,0x0123,0x0123,0x0103,0x0102,0x00c2,0x00c3,0x08e3,0x1104,0x1925,0x1104,
0x1145,0x0164,0x0164,0x0944,0x0184,0x0164,0x0103,0x0103,0x00c2,0x0102,0x00e3,0x00c2,0x00c2,0x00e3,0x0123,0x0143,0x0164,0x00e3,0x00e2,0x0123,0x0103,0x08c2,0x08c2,0x08c2,
0x0944,0x0164,0x0144,0x0144,0x0144,0x0123,0x0103,0x0103,0x0123,0x01e5,0x01e6,0x0144,0x0143,0x0144,0x0144,0x0144,0x0164,0x0123,0x0103,0x0123,0x0144,0x0103,0x0123,0x01c4,
0x01c4,0x01e6,0x0226,0x0225,0x0206,0x0206,0x0205,0x0123,0x0103,0x0103,0x0103,0x0103,0x0143,0x0184,0x01c5,0x01a5,0x0226,0x0206,0x01e6,0x01e6,0x01e6,0x0206,0x0265,0x1b25,
0x1b45,0x0aa5,0x0245,0x02a5,0x0285,0x0245,0x0285,0x0a65,0x2346,0x1326,0x0266,0x0ae6,0x1306,0x2366,0x2ba7,0x7d0a,0x3bc7,0x7d2a,0x6489,0x32e7,0x12e6,0x0b06,0x3ae8,0x4ac9,
0x4a88,0x4287,0x0a85,0x02e4,0x0b04,0x2ba6,0x856a,0xa5ed,0x5c69,0x3bc7,0x3328,0x3ac7,0x1a44,0x4aa8,0x4288,0x4aa8,0x4288,0x2a86,0x01a2,0x1223,0x2a86,0x32a6,0x0a43,0x3286,
0x52c9,0x42a8,0x3aa7,0x2a65,0x5309,0x534a,0x532a,0x5b2a,0x5b2a,0x73ac,0x534a,0x4b09,0x42e9,0x3ae8,0x4309,0x4309,0x32c8,0x4329,0x436b,0x32e8,0x32c8,0x3ae8,0x3b09,0x4329,
0x3b08,0x4329,0x3b08,0x4329,0x3ae8,0x3b08,0x32e8,0x4329,0x4349,0x4329,0x4b4a,0x434a,0x434a,0x4329,0x3b09,0x434a,0x4329,0x3b08,0x4349,0x4b8b,0x53cd,0x5bed,0x3b2b,0x1a47,
0x22a9,0x22c9,0x2268,0x2268,0x2288,0x22ca,0x1a66,0x22e7,0x2ac9,0x2287,0x22a9,0x32c9,0x42e9,0x5309,0x32a8,0x4ae9,0x5309,0x630a,0x2aa8,0x1288,0x1268,0x0247,0x0aa8,0x5c2e,
0x5c4e,0x648d,0x544d,0x43ce,0x338c,0x0287,0x0267,0x0267,0x0267,0x0287,0x2328,0x2328,0x2328,0x2328,0x12c7,0x0247,0x0287,0x12a7,0x01a4,0x0164,0x0164,0x0184,0x0164,0x0143,
0x0123,0x0103,0x0102,0x0102,0x0123,0x00e2,0x0123,0x00e2,0x1144,0x0904,0x00a2,0x00c2,0x2186,0x1986,0x08e3,0x1145,0x0944,0x0123,0x00e2,0x00e3,0x08e3,0x1104,0x1124,0x1104,
0x1104,0x0944,0x0163,0x0144,0x0164,0x0164,0x0143,0x0123,0x00a2,0x0103,0x00e3,0x00a2,0x00c2,0x0143,0x0143,0x0123,0x00e2,0x0103,0x0164,0x0143,0x08c2,0x08a1,0x08c2,0x08c2,
0x0923,0x0964,0x0944,0x0143,0x0144,0x0123,0x0103,0x0123,0x0103,0x0184,0x0206,0x0184,0x0164,0x0144,0x0123,0x0164,0x0164,0x0144,0x0103,0x0123,0x0123,0x0123,0x0144,0x0123,
0x01a5,0x0265,0x02a5,0x02a5,0x0265,0x0245,0x0143,0x0103,0x0103,0x0103,0x0123,0x0144,0x01e4,0x0204,0x01c5,0x0265,0x02a5,0x0245,0x0206,0x01e6,0x01e6,0x0225,0x0245,0x0a46,
0x0a46,0x0206,0x01c6,0x01e6,0x0206,0x01e6,0x01e6,0x0246,0x0ac6,0x02e6,0x0247,0x02a6,0x0ae6,0x1b27,0x2b88,0x5448,0x4c28,0x1b46,0x2367,0x4408,0x0ae6,0x0ae6,0x02c5,0x12a5,
0x32a7,0x0aa5,0x02a5,0x02a5,0x02a5,0x02a5,0x6cea,0x7d0a,0x4bc7,0x0ac5,0x32c7,0x42a8,0x2a45,0x2265,0x4aa8,0x42a8,0x42a7,0x2a46,0x11c3,0x1a44,0x3ac7,0x0a42,0x1a24,0x2a45,
0x0a23,0x2a86,0x2245,0x2264,0x22a6,0x3ae7,0x4b29,0x4bad,0x438c,0x438c,0x436b,0x3ae9,0x534b,0x5b6b,0x4b4a,0x4b8b,0x3ae8,0x32c7,0x4329,0x3b09,0x32e8,0x32e8,0x32c7,0x32c8,
0x3b09,0x436a,0x4329,0x4329,0x3b08,0x3b08,0x3b09,0x434a,0x4329,0x4329,0x4349,0x4329,0x4b4a,0x434a,0x434a,0x3b09,0x434a,0x4329,0x436a,0x4b8b,0x538c,0x438c,0x2aca,0x2aca,
0x22ca,0x2288,0x2a88,0x1a46,0x2288,0x22a9,0x1a26,0x1ac7,0x2ac9,0x1a46,0x42e9,0x2aa8,0x1246,0x1a24,0x2a87,0x22a8,0x3ac8,0x3b08,0x22e8,0x22e8,0x22a8,0x12a8,0x2b6b,0x43ed,
0x4bed,0x5c2d,0x542d,0x43ee,0x12e9,0x0247,0x0267,0x0a87,0x12c7,0x1ae7,0x2328,0x2328,0x12c7,0x0287,0x0267,0x0267,0x0267,0x0226,0x0944,0x19a5,0x01a5,0x0163,0x0143,0x0163,
0x0164,0x0143,0x0163,0x0143,0x0143,0x0103,0x0123,0x0123,0x00e2,0x00c3,0x00c2,0x00e3,0x0903,0x1924,0x2166,0x1986,0x0903,0x0103,0x0103,0x00e2,0x00e2,0x00c2,0x00e3,0x08e4,
0x0924,0x00e3,0x0103,0x0123,0x0143,0x0123,0x0102,0x0102,0x00c2,0x00e3,0x00e3,0x00c3,0x0123,0x0123,0x0102,0x0123,0x0143,0x0164,0x0123,0x00e2,0x0103,0x08c2,0x08c2,0x08c2,
0x0944,0x2184,0x0964,0x0144,0x0144,0x0144,0x0144,0x0123,0x0103,0x0123,0x01c5,0x01e5,0x0164,0x0123,0x0143,0x0164,0x0164,0x0164,0x0123,0x0103,0x0123,0x0143,0x0103,0x0123,
0x01a5,0x0245,0x02a5,0x02a5,0x02c5,0x01c4,0x00e3,0x0123,0x0123,0x0144,0x0184,0x01e4,0x0244,0x0204,0x0224,0x0265,0x02a5,0x0245,0x0245,0x0206,0x01e6,0x0285,0x0265,0x01e6,
0x0225,0x0245,0x0265,0x0265,0x0285,0x0245,0x0206,0x02c5,0x02c5,0x02a6,0x0227,0x0246,0x02c6,0x0ae6,0x02c6,0x2b87,0x4408,0x1b46,0x1b47,0x6cca,0x5449,0x02a5,0x1b46,0x1306,
0x0284,0x02c5,0x0285,0x0285,0x2365,0x1b45,0x2326,0x1b45,0x3b67,0x2246,0x4287,0x2225,0x4aa8,0x2264,0x1a64,0x4288,0x1204,0x3286,0x09c3,0x09e3,0x1a44,0x0202,0x1a24,0x0a03,
0x1263,0x1a64,0x22a5,0x3328,0x3327,0x3b28,0x3349,0x3b6a,0x4c2f,0x4c0e,0x4bcd,0x4bee,0x438d,0x438d,0x43ad,0x436c,0x436b,0x436b,0x434b,0x3ae8,0x32c7,0x32e8,0x32c7,0x32e8,
0x436b,0x3b4b,0x3b2a,0x4308,0x4329,0x32e8,0x3b09,0x432a,0x3b09,0x434a,0x434a,0x3b09,0x4329,0x4b4a,0x4329,0x3b09,0x4329,0x4329,0x4b8c,0x4b6b,0x3b29,0x22a8,0x22a9,0x1a88,
0x22a9,0x2288,0x2a88,0x2288,0x1a46,0x1a46,0x2287,0x1a86,0x22a9,0x32c8,0x2aa7,0x1ac6,0x1a86,0x1a25,0x32a7,0x1a66,0x2aa8,0x3aa8,0x22a9,0x22e8,0x2309,0x43ac,0x43ed,0x43cd,
0x43cd,0x43cd,0x646e,0x2b4a,0x0267,0x0a87,0x0287,0x0267,0x0267,0x0aa7,0x1ae8,0x0aa7,0x0247,0x0267,0x12c7,0x1ac8,0x0287,0x2ac9,0x29c6,0x19a6,0x09a5,0x0164,0x09c5,0x0184,
0x0164,0x0164,0x0184,0x0143,0x0143,0x0143,0x0123,0x0123,0x00e2,0x00c2,0x00c2,0x00e3,0x1124,0x1104,0x1986,0x21c7,0x1965,0x1145,0x0103,0x00e2,0x00e2,0x00c2,0x00c3,0x0903,
0x0103,0x00e3,0x08e3,0x00e3,0x0123,0x00e2,0x00e2,0x00c2,0x00c2,0x00c2,0x00a2,0x0103,0x0123,0x0103,0x0123,0x0123,0x0143,0x0123,0x0123,0x0103,0x08c2,0x08c2,0x08c2,0x08c2,
0x1144,0x2184,0x0964,0x0964,0x0123,0x0144,0x0144,0x0144,0x0103,0x0103,0x0144,0x0164,0x0123,0x0164,0x0144,0x0144,0x0164,0x0164,0x0143,0x0103,0x0123,0x0103,0x0103,0x0164,
0x01a4,0x0225,0x02a5,0x02c5,0x01e4,0x0103,0x0143,0x0164,0x0164,0x0164,0x01c4,0x0265,0x02c5,0x02c5,0x02a5,0x0206,0x0225,0x0225,0x0265,0x0206,0x01e6,0x0245,0x02a5,0x0265,
0x0206,0x0245,0x02a5,0x02c5,0x0246,0x0206,0x0226,0x0266,0x0266,0x0227,0x0227,0x0247,0x02c6,0x02e6,0x02a6,0x0286,0x0265,0x2b87,0x2b87,0x33a7,0x5c69,0x02c6,0x2366,0x1b26,
0x3bc7,0x4c29,0x1b26,0x1305,0x2325,0x12e5,0x0285,0x2b48,0x1286,0x2225,0x32a7,0x42c8,0x5b6a,0x3ae7,0x2ae6,0x2265,0x09e3,0x0202,0x01a2,0x01a2,0x0a43,0x01e2,0x1223,0x3b07,
0x22c5,0x22c5,0x3b08,0x2ac6,0x4b49,0x5baa,0x7c4d,0x43aa,0x43ed,0x642e,0x6c4d,0x642e,0x642e,0x5c0e,0x5c2e,0x5c2e,0x4c0f,0x4c0f,0x53ee,0x4bcd,0x3b4b,0x3309,0x3b09,0x3b6b,
0x43ad,0x434a,0x3b2a,0x3b09,0x3b29,0x3b09,0x432a,0x3ae8,0x3b2a,0x4329,0x4309,0x436b,0x3b09,0x434a,0x434a,0x4329,0x3b09,0x434a,0x434a,0x3ae8,0x2286,0x1a66,0x1a87,0x1a46,
0x2aca,0x1a67,0x2266,0x2aa8,0x1a46,0x2267,0x1a66,0x1a66,0x3ac9,0x4329,0x1285,0x1ac7,0x2288,0x2246,0x2246,0x1204,0x2aa8,0x1a66,0x1aa7,0x1ae7,0x332a,0x53ee,0x4bed,0x43cd,
0x4bcd,0x43ed,0x5c2c,0x2328,0x2307,0x1b08,0x12c7,0x0267,0x0267,0x0aa7,0x0266,0x0287,0x0aa7,0x2327,0x2b67,0x2367,0x3b69,0x6b6c,0x31a7,0x29a6,0x3a8a,0x4aca,0x3227,0x0984,
0x0164,0x0102,0x0102,0x0123,0x0123,0x0143,0x0143,0x0123,0x00e2,0x00e2,0x00e2,0x00c2,0x0924,0x0924,0x0903,0x1986,0x1985,0x1985,0x0924,0x00a2,0x00c2,0x00c2,0x00c2,0x00c2,
0x08e3,0x00c3,0x00e3,0x00c2,0x00c2,0x00c2,0x00c2,0x00c2,0x00c2,0x00c2,0x00c2,0x00e3,0x0103,0x00e3,0x00a2,0x00e3,0x0123,0x0103,0x0103,0x00c2,0x08c2,0x08c2,0x08c2,0x08c2,
0x1144,0x1164,0x2984,0x2164,0x1944,0x0964,0x0144,0x0143,0x0143,0x0123,0x0123,0x0164,0x0144,0x0144,0x0164,0x0164,0x0164,0x0123,0x0123,0x0103,0x0103,0x0103,0x0144,0x0164,
0x01a4,0x01e6,0x0206,0x0245,0x0143,0x0123,0x0144,0x0164,0x0164,0x0184,0x01c5,0x0265,0x0245,0x0225,0x0285,0x0225,0x0245,0x0285,0x0285,0x01e6,0x0206,0x0225,0x0285,0x02c5,
0x0285,0x02a5,0x0265,0x0226,0x0206,0x0206,0x0206,0x0206,0x0207,0x0207,0x0246,0x0266,0x02a6,0x02e6,0x0286,0x0207,0x0227,0x0246,0x02a5,0x1b47,0x7d0b,0x74eb,0x74eb,0x648a,
0x43e8,0x2b67,0x2346,0x2365,0x0a84,0x1244,0x0284,0x2b68,0x22e7,0x1a66,0x22a7,0x5bcb,0x63eb,0x4349,0x5369,0x01c2,0x01e2,0x01e2,0x0a02,0x01c2,0x0a23,0x01c2,0x09e3,0x1a84,
0x1244,0x22a6,0x1a85,0x1a65,0x4b89,0x3b28,0x32c7,0x3389,0x644d,0x7caf,0x7c8e,0x53ec,0x53eb,0x846e,0x846d,0x5c0c,0x5c2d,0x748e,0x7c6e,0x746e,0x746e,0x744e,0x744e,0x744e,
0x540e,0x542f,0x540e,0x43ad,0x438c,0x436b,0x436b,0x3b09,0x438b,0x3b2a,0x436b,0x4b6a,0x434a,0x4329,0x4329,0x4329,0x3b09,0x434a,0x32c8,0x1a86,0x22c9,0x22a9,0x1225,0x22c9,
0x22ca,0x1a67,0x2ac9,0x2aa8,0x1246,0x2aa9,0x3287,0x1a45,0x4ac8,0x2265,0x1224,0x1a66,0x1a67,0x2267,0x1a45,0x1a66,0x2245,0x22c7,0x2b06,0x3307,0x5bad,0x5bee,0x53ed,0x4bcd,
0x4bcd,0x4bed,0x2b26,0x0a87,0x12c7,0x0aa7,0x0a87,0x0267,0x0287,0x2307,0x1265,0x2328,0x2b28,0x2347,0x2b67,0x2ba7,0x5bab,0x39e8,0x1925,0x29c7,0x3a6a,0x42aa,0x3a48,0x2a07,
0x0964,0x0944,0x0985,0x0164,0x0184,0x0143,0x0123,0x0123,0x0123,0x0103,0x00e2,0x00e2,0x00e2,0x00c2,0x00c3,0x0904,0x0904,0x00e3,0x00c2,0x00c3,0x00c2,0x00c2,0x00c2,0x00c2,
0x00c2,0x00c2,0x00c3,0x00c2,0x00c2,0x00c2,0x00c2,0x00c2,0x00c2,0x00c2,0x00c3,0x0103,0x00c2,0x00e3,0x0123,0x0123,0x0123,0x0123,0x0102,0x00c2,0x08c2,0x08c2,0x08c2,0x08e2,
0x1144,0x01c5,0x09e6,0x0985,0x1944,0x19c5,0x0185,0x0123,0x0164,0x0144,0x0123,0x0123,0x0123,0x0123,0x0123,0x0144,0x0144,0x0144,0x0103,0x0103,0x0103,0x0103,0x0103,0x0184,
0x01e6,0x01e6,0x0206,0x0184,0x0103,0x0123,0x0123,0x0144,0x0184,0x01a5,0x01e5,0x02a5,0x02a5,0x0245,0x0265,0x0265,0x0245,0x0265,0x0245,0x0206,0x01e6,0x01e6,0x0245,0x0265,
0x0245,0x0265,0x0206,0x0246,0x0206,0x0206,0x0206,0x0206,0x0206,0x0206,0x0227,0x0227,0x02a6,0x02e6,0x0246,0x0246,0x0206,0x0206,0x0266,0x02c6,0x2b86,0x5449,0xa5ed,0xa5cd,
0x7d0b,0x7d2b,0x33a7,0x0285,0x02c5,0x0aa4,0x0a45,0x234a,0x2308,0x1265,0x1246,0x2b29,0x1a86,0x1245,0x1224,0x01c3,0x0182,0x0182,0x01c2,0x01c2,0x0a23,0x0a43,0x1264,0x2285,
0x2ac6,0x22a6,0x2ac6,0x2285,0x2285,0x32e7,0x3b48,0x43ca,0x5c0c,0x744d,0x7c6d,0x4bca,0x644d,0x8ccf,0x540b,0x640c,0x848e,0x84ae,0x848e,0x846e,0x848e,0x84ae,0x8caf,0x848e,
0x7c6e,0x746f,0x7c6e,0x6c4f,0x6c4f,0x5c4f,0x5430,0x5450,0x4c0e,0x4bcd,0x540f,0x4bee,0x4bcd,0x3b09,0x434a,0x4bac,0x4329,0x2aa7,0x1a67,0x2aeb,0x2aea,0x22c9,0x0a03,0x22c9,
0x1a88,0x1a67,0x2aa8,0x2a87,0x1225,0x2aa5,0x5309,0x1a45,0x1224,0x1204,0x1204,0x1224,0x1a45,0x2a87,0x1a85,0x1a45,0x1a45,0x32a5,0x2aa7,0x4b68,0x63ee,0x53ac,0x5bac,0x53cd,
0x540c,0x2b6b,0x2305,0x12a5,0x12e8,0x0a66,0x0246,0x0267,0x0247,0x0246,0x0a45,0x12c7,0x1ae7,0x2328,0x1b07,0x4b6a,0x5b0b,0x2986,0x2145,0x3207,0x3a8a,0x3229,0x3249,0x21e7,
0x1165,0x1164,0x11a6,0x0164,0x0184,0x0163,0x0102,0x00e2,0x0123,0x0123,0x0102,0x00e2,0x00e2,0x00e2,0x00c2,0x00a2,0x00a2,0x00c2,0x00c2,0x00c2,0x00c2,0x00e2,0x00c2,0x00c2,
0x00e2,0x00c2,0x00c2,0x00c2,0x00c2,0x00c2,0x00c2,0x00c2,0x00c2,0x00e2,0x00c2,0x00c2,0x00c2,0x0123,0x0163,0x0103,0x0103,0x0163,0x0102,0x00e2,0x08c2,0x08c2,0x08c2,0x08c2,
0x01c5,0x01e6,0x0206,0x01e6,0x01c5,0x01e6,0x0185,0x0164,0x0123,0x0164,0x0123,0x0123,0x0123,0x0123,0x0164,0x0123,0x0144,0x0144,0x0164,0x0123,0x0103,0x0103,0x0103,0x0123,
0x0184,0x01c6,0x0226,0x01a4,0x0103,0x0143,0x0144,0x01c4,0x01e5,0x0205,0x0225,0x0245,0x0265,0x0225,0x0285,0x0285,0x0265,0x0245,0x01e6,0x01e6,0x01e6,0x0265,0x0245,0x0206,
0x01e6,0x0206,0x0206,0x0226,0x0206,0x0206,0x0206,0x0226,0x0246,0x0226,0x0207,0x0226,0x02c5,0x02e6,0x0266,0x0226,0x0247,0x0227,0x0247,0x0286,0x0ae6,0x02c6,0x2367,0x4c48,
0x854b,0x95ac,0x8d8b,0x1306,0x2366,0x3be7,0x1265,0x0a86,0x1265,0x0a24,0x1a66,0x0a04,0x09e3,0x01a2,0x1225,0x1ac7,0x09e3,0x09e3,0x01a2,0x01a2,0x09e3,0x1a84,0x1a85,0x22a6,
0x22a6,0x1244,0x2ac7,0x438b,0x22a7,0x3bab,0x5c4f,0x5c4e,0x644d,0x5c0c,0x6c4d,0x43eb,0x7c8e,0x53eb,0x744d,0x744d,0x53cb,0x5c0c,0x7c6e,0x7c4d,0x8ccf,0x84cf,0x7c6e,0x7c6e,
0x8ccf,0x8caf,0x7c6e,0x846e,0x8ccf,0x848e,0x744e,0x6c4e,0x6c4f,0x7c6e,0x6c6f,0x6470,0x646f,0x644f,0x5c4f,0x5c2f,0x43ce,0x22ea,0x332a,0x22e9,0x2b0b,0x2b0a,0x2ac4,0x2b2b,
0x1a66,0x1225,0x1a66,0x2a67,0x11e4,0x2b05,0x3307,0x1a25,0x2a66,0x1a24,0x2246,0x1204,0x2a46,0x22a6,0x1265,0x2267,0x2286,0x2ae2,0x3b2a,0x53ac,0x5bed,0x53ac,0x63cd,0x5bed,
0x4bc9,0x0246,0x2b45,0x2b06,0x12c7,0x0a45,0x0268,0x0287,0x1286,0x0a25,0x0a25,0x0246,0x0246,0x0287,0x3b0a,0x5b2c,0x3208,0x2166,0x2145,0x29c7,0x3249,0x21c7,0x21c7,0x21a6,
0x1986,0x0944,0x0964,0x0944,0x0123,0x0102,0x0102,0x00e2,0x00e2,0x00e2,0x00e2,0x00e2,0x00e2,0x00e2,0x00e2,0x00c2,0x00c2,0x00c2,0x00c2,0x00c2,0x00c2,0x00c2,0x00c2,0x00c2,
0x00c2,0x00c2,0x00c2,0x00c2,0x00c2,0x00c2,0x00c2,0x00c2,0x00c2,0x00e2,0x00c2,0x00c2,0x00e3,0x0103,0x00e2,0x0103,0x0102,0x0102,0x00c2,0x08c2,0x08c2,0x08a2,0x08c2,0x08c2,
0x0206,0x01e6,0x01e6,0x01e6,0x0206,0x01e6,0x01e6,0x01c5,0x0184,0x0144,0x0144,0x0143,0x0144,0x0123,0x0143,0x0143,0x0123,0x0103,0x0123,0x0123,0x0103,0x0103,0x0103,0x0103,
0x0103,0x0123,0x0204,0x0123,0x0184,0x0144,0x01a4,0x01e4,0x0184,0x01a5,0x0246,0x0245,0x0245,0x0265,0x0245,0x0265,0x0265,0x0226,0x01e6,0x01e6,0x01e6,0x0226,0x02c5,0x0285,
0x0245,0x0206,0x0206,0x0206,0x0206,0x0206,0x0226,0x0266,0x02a5,0x0266,0x0206,0x0226,0x0266,0x02c5,0x02c6,0x02c6,0x0266,0x0246,0x02c6,0x02a6,0x02e6,0x02c6,0x1306,0x1326,
0x33c6,0x4407,0x4c48,0x2366,0x0ac5,0x6cca,0x1ae6,0x0203,0x12e7,0x2309,0x1204,0x1245,0x1ae7,0x1224,0x1265,0x1265,0x1224,0x09e3,0x01a2,0x09e3,0x1245,0x22a6,0x2265,0x1204,
0x1225,0x22a8,0x43cb,0x5c8e,0x64d0,0x3309,0x11e6,0x3b6b,0x540c,0x3b49,0x3349,0x646d,0x748d,0x6c6d,0x748e,0x4beb,0x6c6d,0x8d0f,0x8ccf,0x7c6e,0x84ae,0x84ae,0x84af,0x84cf,
0x8cef,0x84cf,0x7c6e,0x84af,0x84af,0x848e,0x84af,0x7c8f,0x7c4e,0x84af,0x84ae,0x84ae,0x8ccf,0x74b0,0x6490,0x84cf,0x338b,0x4bed,0x746c,0x53ea,0x43aa,0x4bee,0x3328,0x3b87,
0x1aa8,0x1244,0x1a67,0x2aa5,0x1224,0x1a86,0x32e4,0x2a67,0x1a25,0x1245,0x2287,0x1245,0x1a65,0x1a86,0x1a66,0x2267,0x2282,0x3b25,0x53ef,0x53ac,0x642b,0x5bab,0x5bcd,0x640a,
0x2ac6,0x01e5,0x22e5,0x22c5,0x0a05,0x0225,0x1ac5,0x22e4,0x1a85,0x1204,0x0a45,0x0a25,0x0267,0x3b0a,0x634c,0x4aca,0x29e8,0x31e8,0x29a6,0x2165,0x29e7,0x21c7,0x21c7,0x29c7,
0x29c7,0x2a08,0x2a08,0x29e8,0x1185,0x0102,0x00e2,0x00c2,0x00c2,0x00e2,0x00e2,0x00e2,0x00e2,0x00c2,0x00e2,0x00e2,0x00c2,0x00c2,0x00c2,0x00c2,0x00c2,0x00c2,0x00c2,0x00e3,
0x00e2,0x00c2,0x00c2,0x00c2,0x00c2,0x00e2,0x00e2,0x00e2,0x00e2,0x00c2,0x00c2,0x00c2,0x00c2,0x00c2,0x00c2,0x00c2,0x00e2,0x00c2,0x08c2,0x00e2,0x00c2,0x00c2,0x08c2,0x08c2,
0x01e6,0x0206,0x0206,0x0206,0x0206,0x0206,0x0206,0x01e5,0x0144,0x0144,0x0164,0x0123,0x0144,0x0164,0x0164,0x0144,0x0103,0x0103,0x0103,0x0103,0x0103,0x0103,0x0103,0x0103,
0x0103,0x0103,0x0123,0x0103,0x0144,0x0184,0x01c4,0x01c5,0x01e5,0x01e5,0x01e6,0x0265,0x02c4,0x0285,0x0225,0x02a5,0x0225,0x01e6,0x01e6,0x0225,0x0206,0x0206,0x0265,0x02a5,
0x02a5,0x02a5,0x0286,0x0206,0x0206,0x0226,0x0226,0x0226,0x0246,0x0266,0x0206,0x0206,0x0226,0x0246,0x0266,0x0286,0x0247,0x0246,0x02a6,0x0266,0x0266,0x0266,0x0ac6,0x0aa6,
0x0b06,0x1306,0x33a6,0x5ca8,0x3387,0x6cca,0x0ac5,0x12c6,0x3369,0x548e,0x3bab,0x1ae7,0x3389,0x1aa6,0x1aa6,0x1aa5,0x1244,0x09e3,0x1244,0x22c7,0x2aa7,0x22a7,0x2aa7,0x22a8,
0x4c0d,0x4c0c,0x2ac9,0x11e5,0x0984,0x00c2,0x0143,0x2288,0x2288,0x3308,0x43cb,0x644d,0x644d,0x6c6d,0x6c6d,0x8cef,0x9510,0x8cef,0x8cef,0x9530,0x8d0f,0x8cef,0x8d10,0x84cf,
0x84af,0x9510,0x8ccf,0x8ccf,0x8cef,0x8cef,0x8ccf,0x848e,0x84af,0x6c6e,0x84af,0x84af,0x84af,0x84af,0x8cf0,0x744d,0x4369,0x5bcb,0x744c,0x8d0e,0x6c2b,0x53ca,0x43cc,0x22c4,
0x1a44,0x1aa6,0x1245,0x22a2,0x1223,0x1203,0x32c3,0x2246,0x1a85,0x2308,0x1ac7,0x2285,0x1245,0x1224,0x2a87,0x1a46,0x2ac3,0x4349,0x53ad,0x4b8b,0x5beb,0x5bcb,0x5bab,0x4b86,
0x1243,0x1224,0x1aa4,0x3b22,0x0a05,0x2ac3,0x2aa2,0x1246,0x1a46,0x1244,0x01e3,0x32a7,0x6b8c,0x5b0b,0x42aa,0x3a69,0x3249,0x3269,0x29a6,0x1945,0x29c7,0x21c7,0x21c7,0x21c7,
0x2a08,0x29e7,0x21a6,0x2a08,0x3228,0x1986,0x1124,0x1144,0x00c3,0x00c2,0x00c2,0x00e2,0x00e2,0x00c2,0x00c2,0x00e2,0x00e2,0x00c2,0x00c2,0x00c2,0x00c2,0x00c2,0x00c2,0x0103,
0x0102,0x00e2,0x00e2,0x00c2,0x00c2,0x00e2,0x00e2,0x00e2,0x00e2,0x00c2,0x00c2,0x00c2,0x00c2,0x00c2,0x0123,0x00e3,0x0102,0x0143,0x0103,0x00e2,0x08c2,0x08c2,0x08c2,0x08c2,
0x01e6,0x01c5,0x0144,0x0144,0x0144,0x01c5,0x0184,0x0123,0x0123,0x0164,0x0164,0x0164,0x0164,0x0164,0x0164,0x0144,0x0123,0x0103,0x0103,0x0103,0x0103,0x0103,0x0103,0x0123,
0x0123,0x0164,0x0123,0x0123,0x0164,0x0184,0x0184,0x0185,0x0226,0x0206,0x01e6,0x0226,0x0226,0x0245,0x0245,0x0226,0x01e6,0x01e6,0x0206,0x0245,0x0206,0x01e6,0x0206,0x02a5,
0x02a5,0x02a5,0x02c5,0x0286,0x0206,0x0206,0x0206,0x0206,0x0226,0x0246,0x0206,0x0226,0x02a6,0x0266,0x0246,0x0266,0x0286,0x0227,0x0227,0x0227,0x0207,0x0286,0x02c6,0x0286,
0x02c6,0x0ac5,0x1b45,0x4407,0x1b26,0x2b87,0x0ae5,0x12e6,0x1ae7,0x1aa6,0x3349,0x2b69,0x3bcb,0x22e8,0x0a04,0x1a65,0x2b29,0x22e7,0x22a7,0x43ab,0x43cc,0x32e8,0x2ac8,0x43ab,
0x332a,0x11c5,0x0123,0x0143,0x0144,0x09a5,0x11e5,0x1a06,0x3308,0x3b8a,0x3baa,0x43aa,0x4c0c,0x7ccf,0x748d,0x5c2c,0x644d,0x540c,0x7cae,0x9550,0x9550,0x9550,0x8cef,0x9530,
0x9d70,0xa5d0,0x9d70,0x8cef,0x8ccf,0x8cef,0x848e,0x8ccf,0x9d70,0x7ccf,0x6c4d,0x9510,0x9530,0xa5b1,0x646c,0x6c4c,0x6c2c,0x53ea,0x952e,0x9dcf,0x954e,0x3b48,0x3bab,0x43a8,
0x22a2,0x09e4,0x2283,0x3346,0x1247,0x1244,0x2aa5,0x22c6,0x2308,0x2ae6,0x3b45,0x2ae7,0x2266,0x1a25,0x2aa5,0x1a83,0x2ac6,0x5bca,0x5bca,0x4b4a,0x53cc,0x640a,0x53ab,0x2aa4,
0x1223,0x2ac3,0x3b02,0x3b22,0x2283,0x2283,0x1aa6,0x22c5,0x1a84,0x2ac5,0x4b0a,0x6b8c,0x5b2b,0x52eb,0x4aca,0x428a,0x3249,0x3269,0x29a7,0x21a6,0x2a08,0x21c7,0x21c7,0x3228,
0x3269,0x3249,0x29e7,0x29c7,0x21c7,0x0944,0x0924,0x0924,0x0924,0x00c2,0x00c2,0x00c2,0x00c2,0x00c2,0x00c2,0x00c2,0x00e2,0x00c2,0x00c2,0x00c2,0x00c2,0x00c2,0x00c2,0x00e3,
0x0102,0x00e2,0x00e2,0x00e2,0x00c2,0x00e3,0x0103,0x00c2,0x0102,0x00c2,0x00c2,0x00c2,0x00c2,0x00c2,0x00e3,0x0123,0x0123,0x0102,0x0102,0x00c2,0x00c2,0x08c2,0x08c2,0x08c2,
0x0164,0x0123,0x0103,0x0103,0x0103,0x0103,0x0103,0x0103,0x0103,0x0103,0x0143,0x0164,0x0164,0x0164,0x0123,0x0144,0x0164,0x0103,0x0103,0x0103,0x0103,0x0103,0x0103,0x0143,
0x0164,0x0144,0x0103,0x0164,0x0164,0x0205,0x0206,0x01e6,0x01e6,0x01e6,0x01e6,0x01e6,0x01c6,0x0226,0x0206,0x01e6,0x01e6,0x01e6,0x0245,0x0265,0x0206,0x0245,0x0206,0x0226,
0x0265,0x0265,0x0285,0x02c5,0x02a6,0x0206,0x0206,0x0206,0x0206,0x0206,0x0206,0x0246,0x0286,0x0266,0x0266,0x0266,0x0266,0x0247,0x0247,0x0207,0x0247,0x0247,0x0286,0x02a6,
0x0225,0x0ac5,0x0ae5,0x02a4,0x2365,0x33e6,0x2b65,0x0204,0x22c6,0x43c7,0x09c4,0x3b88,0x3388,0x3388,0x22a5,0x22a6,0x4c2a,0x2b28,0x2ae8,0x542d,0x540a,0x3307,0x4bc9,0x2aa7,
0x0144,0x00e3,0x00c3,0x0144,0x2ac7,0x64cb,0x1a05,0x09a4,0x2266,0x3baa,0x3baa,0x3b69,0x544d,0x4bec,0x3baa,0x43aa,0x644c,0x7c8e,0x848e,0x848e,0x84af,0x8d0f,0x8d0f,0x9d70,
0x9d70,0x8d0f,0x8d0f,0x8cf0,0x9510,0x9530,0x8cf0,0x8cf0,0x9d90,0x9d50,0x74ae,0x9550,0xadd1,0x8d0e,0x542a,0x84ad,0x640b,0x5c0a,0x9d8f,0x84cd,0x84ad,0x6c2b,0x2b49,0x3348,
0x32e2,0x1a65,0x2aa2,0x3368,0x2b07,0x22c8,0x4383,0x2ae6,0x32e6,0x32e2,0x1246,0x1a87,0x1a24,0x1226,0x2283,0x3b05,0x432a,0x4b6a,0x5389,0x53aa,0x4b4a,0x640a,0x4b86,0x22a3,
0x1266,0x22a4,0x4361,0x2ac3,0x22a3,0x1204,0x2ae6,0x22c3,0x42e8,0x73ad,0x6b6c,0x5b2b,0x52eb,0x4aca,0x3a8a,0x3249,0x3249,0x3229,0x21a7,0x29e8,0x3249,0x21c7,0x3228,0x3269,
0x3249,0x3249,0x29e7,0x21a6,0x21a6,0x0903,0x00e2,0x00e2,0x00e2,0x00c2,0x00c2,0x00c2,0x00c2,0x00c2,0x00c2,0x00c2,0x00c2,0x00c2,0x00c2,0x00c2,0x00c2,0x00c2,0x00c2,0x0123,
0x0123,0x00e2,0x00e2,0x00e2,0x0102,0x0123,0x0143,0x0103,0x0143,0x0143,0x00c2,0x00c2,0x00c2,0x00c2,0x00c3,0x00e3,0x00e3,0x00c2,0x08e3,0x00e2,0x00c2,0x08c2,0x08c2,0x00e2,
0x0164,0x0164,0x0144,0x0123,0x0123,0x0103,0x0103,0x0103,0x0103,0x0103,0x0103,0x0103,0x0123,0x0164,0x0164,0x0144,0x0123,0x0143,0x0103,0x0103,0x0103,0x0103,0x0103,0x0123,
0x01a5,0x0184,0x0185,0x01a5,0x0205,0x0183,0x0164,0x01a5,0x0123,0x0123,0x0123,0x0144,0x01a5,0x0206,0x01e6,0x0206,0x0206,0x0206,0x0206,0x0245,0x0265,0x0285,0x0285,0x0226,
0x0206,0x0226,0x0265,0x0225,0x0245,0x0226,0x0206,0x0206,0x0206,0x0206,0x0226,0x0206,0x02c5,0x0285,0x0266,0x0226,0x0246,0x0247,0x0266,0x0286,0x0227,0x0266,0x0285,0x0226,
0x0206,0x0285,0x0285,0x0285,0x0265,0x0a85,0x09c4,0x0184,0x22a5,0x2264,0x0104,0x1a64,0x3bc7,0x3ba6,0x3325,0x09a4,0x2286,0x32e7,0x4bc7,0x3b47,0x43a7,0x32c6,0x1a25,0x0164,
0x0103,0x0123,0x2245,0x2245,0x0943,0x3307,0x5c6a,0x2aa7,0x2aa7,0x3baa,0x32e8,0x43cb,0x3baa,0x3b89,0x544d,0x7cae,0x8c8e,0x8ccf,0x952f,0x9d70,0xadf0,0xae11,0x9d90,0x8cef,
0x8cef,0x8d0f,0xa5b0,0x956f,0x9570,0xa5b1,0x9d70,0x9530,0x8cef,0x9530,0x746d,0x7d0e,0x9d6f,0x438a,0x646b,0x9d6f,0x746c,0x3b49,0x848d,0x7c8e,0x5be9,0x4bc7,0x2b49,0x3b8b,
0x3324,0x2b47,0x2ae3,0x2b07,0x3346,0x2ae4,0x3344,0x2b05,0x3366,0x3329,0x1a87,0x3326,0x1243,0x1247,0x22a6,0x53a9,0x5bea,0x4b6b,0x4b6b,0x4b6a,0x4b8a,0x4369,0x4381,0x32e4,
0x1246,0x1a64,0x22a3,0x2283,0x32e2,0x2aa3,0x1a62,0x32a8,0x6b6d,0x5b2b,0x52eb,0x4aca,0x3a69,0x3249,0x3249,0x3249,0x2a08,0x29c7,0x2a08,0x3208,0x29e7,0x21c7,0x3228,0x3228,
0x3229,0x29e7,0x2186,0x1945,0x21a6,0x21a6,0x1965,0x1124,0x00e2,0x00c2,0x00c2,0x00c2,0x00c2,0x00c2,0x00e2,0x00e2,0x00e2,0x00e2,0x00c2,0x00c2,0x00c2,0x00c2,0x0123,0x0123,
0x0103,0x0123,0x0123,0x0164,0x0143,0x0184,0x0123,0x0164,0x0103,0x0164,0x00e3,0x00c2,0x00c2,0x00c2,0x00c2,0x00c3,0x00c2,0x08e3,0x00e3,0x00c2,0x08c2,0x08c2,0x08c2,0x00e2,
0x0164,0x0164,0x0164,0x0164,0x0164,0x0143,0x0123,0x0103,0x0103,0x0103,0x0103,0x0103,0x0103,0x0103,0x0144,0x0123,0x0103,0x0144,0x0123,0x0103,0x0103,0x0103,0x0103,0x0143,
0x0144,0x0143,0x0144,0x0123,0x01a3,0x0143,0x00e3,0x0103,0x0103,0x0103,0x0103,0x0123,0x0164,0x0164,0x0205,0x01a5,0x0164,0x0164,0x0164,0x01e5,0x01c5,0x01c4,0x01e4,0x01c5,
0x0185,0x01a5,0x01a4,0x0164,0x0164,0x01a5,0x01a5,0x01a5,0x01e6,0x0206,0x02a6,0x0246,0x0205,0x0184,0x01c5,0x01e6,0x0266,0x0246,0x0266,0x02e6,0x0226,0x01e6,0x01e6,0x0206,
0x0265,0x0205,0x01e5,0x0245,0x0264,0x0144,0x0144,0x0123,0x00e3,0x09a4,0x43c6,0x3346,0x1aa4,0x2264,0x09a4,0x00e3,0x0143,0x2286,0x5408,0x2266,0x1a46,0x09a4,0x0144,0x0103,
0x0103,0x0123,0x32e6,0x32c6,0x11e5,0x0143,0x3307,0x3307,0x3328,0x2ae7,0x3328,0x3369,0x3308,0x3baa,0x43cb,0x5c2c,0x6c2c,0x8d0f,0x9d90,0x9d70,0xadf1,0x9d90,0x9530,0x8d0f,
0x8cef,0x8cef,0xa5d0,0xae30,0x8d8d,0x9d70,0x9d90,0x9d90,0x9d90,0xa5b1,0x7caf,0x4bca,0x9dae,0x43ea,0x852d,0x74ac,0x7ccd,0x1ac6,0x4c0b,0x3b8a,0x2b69,0x54af,0x2b28,0x4c2d,
0x3b68,0x1ae6,0x3b86,0x2b07,0x1267,0x3344,0x2b26,0x2b46,0x2b05,0x336a,0x4364,0x2ac6,0x1246,0x1a67,0x32e8,0x53ac,0x4b8a,0x4bad,0x540e,0x53cd,0x4369,0x1a86,0x2284,0x1a43,
0x1265,0x1265,0x1aa6,0x1a43,0x22a3,0x1224,0x2a87,0x5b2c,0x4aca,0x3a8a,0x3a8a,0x3249,0x3249,0x3249,0x3269,0x3269,0x3228,0x3228,0x3249,0x2a08,0x21c7,0x29c7,0x21c7,0x21c7,
0x29c7,0x1965,0x1104,0x2186,0x21a6,0x2166,0x1945,0x1104,0x00c2,0x00c2,0x00e2,0x00e2,0x00e2,0x00c2,0x00c2,0x00c2,0x00c2,0x00c2,0x00c2,0x00c2,0x0103,0x0164,0x0184,0x0143,
0x0143,0x0164,0x0103,0x0164,0x0164,0x0144,0x0144,0x0123,0x0164,0x0123,0x0144,0x00c2,0x00c2,0x00c2,0x00c2,0x00c3,0x00e2,0x00e3,0x08e3,0x00c2,0x00c2,0x08c2,0x00e2,0x00e2,
0x0123,0x0164,0x0164,0x0164,0x0144,0x0143,0x0164,0x0143,0x0103,0x0103,0x0103,0x0103,0x0103,0x0103,0x0103,0x0103,0x0144,0x0123,0x0103,0x0103,0x0103,0x0103,0x0103,0x0123,
0x0123,0x0103,0x0103,0x0103,0x0103,0x0123,0x0143,0x0123,0x0103,0x0103,0x0123,0x0123,0x0103,0x0103,0x0123,0x0123,0x0164,0x0144,0x0164,0x0164,0x0164,0x0144,0x0123,0x0123,
0x0103,0x0103,0x0144,0x0164,0x0164,0x0144,0x0164,0x0164,0x0164,0x0184,0x01e5,0x0226,0x0226,0x0123,0x0123,0x0164,0x01e5,0x0206,0x0227,0x0266,0x0206,0x0225,0x0265,0x0285,
0x0265,0x0225,0x0144,0x0224,0x0164,0x0144,0x0144,0x0123,0x00e3,0x32e5,0x7dc8,0x5c87,0x0163,0x0103,0x0123,0x0163,0x0123,0x2a85,0x4be8,0x3b27,0x2286,0x0123,0x0123,0x0103,
0x0103,0x0143,0x1a04,0x0143,0x3b47,0x3b47,0x43a9,0x3b48,0x2266,0x2aa7,0x3bab,0x3b49,0x53ec,0x6c8f,0x748e,0x744d,0x6c4d,0x8cef,0x84cf,0x8ccf,0x7c8e,0x952f,0xae31,0x9d70,
0x9d70,0x9d90,0x9d90,0xae11,0x8d6e,0x8dac,0xa590,0x7caf,0x6c6d,0x9550,0xa590,0x4368,0x74cc,0x4c0b,0x546e,0x338a,0x22e8,0x22e7,0x2b29,0x2308,0x546e,0x440c,0x33ab,0x2b69,
0x2b29,0x22c5,0x3b86,0x4c0d,0x1246,0x3326,0x4362,0x3b63,0x3b46,0x2ae4,0x2348,0x1aa6,0x1a87,0x3b6b,0x4b8b,0x4b8c,0x4b8c,0x5c0f,0x540e,0x540d,0x1a66,0x1aa7,0x1ac8,0x0a04,
0x1224,0x1244,0x1244,0x1a46,0x42ea,0x4aca,0x42aa,0x3269,0x3269,0x3249,0x3249,0x3269,0x3249,0x2a08,0x2a08,0x2a08,0x29e8,0x29c7,0x21c7,0x21c7,0x29c7,0x21a6,0x2186,0x2186,
0x2186,0x1945,0x2166,0x21a6,0x1966,0x1966,0x2166,0x1104,0x1124,0x0924,0x00c2,0x00c2,0x00c2,0x00c2,0x00c2,0x00c2,0x00c2,0x00c2,0x00c2,0x00a2,0x0124,0x0164,0x0143,0x0123,
0x0164,0x0143,0x0123,0x0103,0x0164,0x0143,0x0164,0x0103,0x0123,0x0103,0x00c2,0x00c2,0x00c2,0x00c2,0x00c2,0x00c2,0x00c2,0x0903,0x08e3,0x00c2,0x00c2,0x00e2,0x00e2,0x00e2,
0x0144,0x0143,0x0164,0x0164,0x0123,0x0123,0x0144,0x0164,0x0144,0x0123,0x0103,0x0103,0x0103,0x0103,0x0103,0x0103,0x0144,0x0123,0x0103,0x0103,0x0103,0x0103,0x0103,0x0103,
0x0103,0x0103,0x0103,0x0123,0x0103,0x0144,0x0164,0x0164,0x0164,0x0144,0x0123,0x0123,0x0123,0x0123,0x0143,0x0144,0x0143,0x0123,0x0164,0x0164,0x0123,0x0144,0x0123,0x0103,
0x0164,0x0184,0x0164,0x0184,0x0164,0x0144,0x0144,0x0164,0x0123,0x0144,0x0144,0x01a4,0x0245,0x0164,0x0123,0x0143,0x0144,0x0164,0x0245,0x0225,0x01c6,0x01e6,0x0206,0x0225,
0x0265,0x0205,0x0143,0x01a4,0x0144,0x0123,0x0123,0x0103,0x0103,0x09a5,0x2285,0x11c4,0x0103,0x0103,0x0123,0x0143,0x0963,0x2265,0x2ae6,0x3b8a,0x1225,0x00c2,0x0103,0x0164,
0x0103,0x1a06,0x2267,0x2246,0x32e7,0x2245,0x4bab,0x546e,0x540d,0x542d,0x646e,0x6c4d,0x84ae,0x954e,0x84ee,0x746d,0x8cef,0x84ef,0x9d90,0xa5f0,0x648d,0x9570,0xae11,0xadf1,
0x850e,0x6c8d,0x952f,0x8d8d,0x8d4e,0x852c,0x852e,0x7d0e,0x7cab,0x648c,0x64ad,0x43eb,0x12a6,0x338a,0x4c6e,0x3369,0x1aa6,0x1ac7,0x1ac6,0x3348,0x43eb,0x33a8,0x3bea,0x3beb,
0x548d,0x3348,0x1a85,0x546e,0x22e8,0x440d,0x3306,0x3b67,0x440c,0x1a87,0x22c8,0x1aa8,0x22a8,0x53ac,0x53cd,0x53cd,0x4bac,0x53ee,0x53cd,0x2aea,0x09e3,0x22a8,0x1a67,0x09e3,
0x1a45,0x2266,0x3aa9,0x4acb,0x428a,0x3a8a,0x3249,0x3229,0x3229,0x3249,0x29e8,0x29e7,0x21c7,0x29c7,0x29e7,0x2a28,0x29e7,0x21c7,0x21c7,0x2166,0x1945,0x1965,0x2186,0x1925,
0x1945,0x2186,0x1965,0x2186,0x1945,0x1124,0x00e2,0x00e3,0x0904,0x0904,0x00c2,0x00c2,0x00c2,0x00c2,0x00c2,0x00c2,0x00c2,0x00c2,0x00c2,0x00e3,0x0123,0x00e3,0x0184,0x0123,
0x0124,0x00e3,0x0144,0x0103,0x0103,0x0144,0x00e3,0x0144,0x00c2,0x00e3,0x00c2,0x00c2,0x00c2,0x00c2,0x00e2,0x00c2,0x08e3,0x00e3,0x08e2,0x00c2,0x00e2,0x00e2,0x00e2,0x00e2,
0x0123,0x0103,0x0103,0x0144,0x0164,0x0164,0x0164,0x0164,0x0164,0x0164,0x0123,0x0103,0x0103,0x0103,0x0103,0x0103,0x0123,0x0123,0x0103,0x0103,0x0103,0x0103,0x0103,0x0103,
0x0103,0x0144,0x0143,0x0184,0x0184,0x0143,0x0123,0x0144,0x0164,0x0164,0x0164,0x0164,0x0144,0x0144,0x0123,0x0123,0x0164,0x0164,0x0123,0x0144,0x0143,0x0103,0x0103,0x0123,
0x0164,0x01a5,0x0206,0x01e6,0x01c5,0x01e5,0x0184,0x0103,0x0103,0x0103,0x0123,0x0144,0x0144,0x01a5,0x01c5,0x0144,0x0123,0x0144,0x0245,0x0246,0x0245,0x0226,0x0245,0x0265,
0x0265,0x0184,0x0124,0x0144,0x0123,0x0103,0x0103,0x0123,0x0103,0x2288,0x11e6,0x00c2,0x0123,0x0103,0x0103,0x0103,0x2287,0x1a66,0x2ae8,0x2ae9,0x0103,0x2287,0x0123,0x2268,
0x2287,0x09a4,0x1a66,0x43cc,0x3309,0x4349,0x8cee,0x8d4f,0x9590,0x8d0e,0x7c8e,0x8cef,0x84ce,0x438a,0x43ea,0x854e,0x7d2e,0x6cad,0x5c2b,0x542b,0x648d,0x9db0,0xae11,0x84ef,
0x644d,0x642d,0x53cb,0x644c,0x7d0a,0x7d2d,0x754d,0x754d,0x6469,0x4bea,0x33cb,0x4c2d,0x2b28,0x3389,0x4c4d,0x338a,0x440c,0x1ac6,0x2b27,0x2306,0x3388,0x6d28,0x33a7,0x4c4c,
0x650c,0x43c8,0x1245,0x43ec,0x336a,0x22e8,0x1a66,0x3bcd,0x3bcd,0x22a8,0x2b2a,0x2ae9,0x4bcd,0x53ee,0x4b6b,0x53ad,0x4bac,0x542d,0x3b4a,0x1204,0x0a04,0x1a45,0x1224,0x2287,
0x4aea,0x530b,0x52eb,0x3a6a,0x21e7,0x2a08,0x3269,0x29e8,0x21c7,0x21c7,0x29c7,0x21c7,0x1985,0x2a08,0x2a08,0x2a08,0x21c7,0x21c7,0x21a7,0x1965,0x2186,0x21a6,0x1945,0x1924,
0x1925,0x1925,0x1924,0x1925,0x1925,0x1924,0x1104,0x00e3,0x00a2,0x00a2,0x00c2,0x00c2,0x00c2,0x00c2,0x00c2,0x00c2,0x00c2,0x00c2,0x00c2,0x00c2,0x00c2,0x0144,0x0164,0x0143,
0x0103,0x00a2,0x00e3,0x00e3,0x00c2,0x0103,0x00c2,0x00c2,0x00c2,0x00c2,0x00c2,0x00c2,0x00e2,0x00e2,0x00e2,0x00e2,0x00e2,0x08e3,0x08e3,0x00e2,0x00e2,0x00e2,0x00e2,0x00c2,
0x0103,0x0103,0x0103,0x0103,0x0123,0x0123,0x0144,0x0144,0x0144,0x0144,0x0144,0x0143,0x0123,0x0103,0x0103,0x0103,0x0103,0x0103,0x0103,0x0103,0x0103,0x0103,0x0103,0x0123,
0x0123,0x0123,0x0123,0x0124,0x01a4,0x0265,0x01e4,0x0163,0x0123,0x01a5,0x0225,0x01a5,0x0123,0x0123,0x0144,0x0144,0x0123,0x0123,0x0123,0x0123,0x0103,0x0103,0x0103,0x0103,
0x0103,0x0144,0x01a5,0x0206,0x0227,0x0226,0x01c5,0x01c4,0x0123,0x0103,0x0103,0x0123,0x0123,0x0143,0x0184,0x0144,0x0143,0x0143,0x0184,0x0205,0x0285,0x0225,0x0226,0x0205,
0x0184,0x0164,0x0143,0x0123,0x0103,0x0103,0x0123,0x0164,0x0164,0x0143,0x0123,0x0123,0x0103,0x0103,0x0123,0x0103,0x1a27,0x3b4a,0x09c5,0x0143,0x00e2,0x0164,0x00e2,0x09a5,
0x2aa8,0x3b08,0x4b8a,0x7cee,0x63ea,0x7c8e,0x84ce,0x952f,0xae10,0xae50,0x956f,0x952f,0x6c4d,0x4b8a,0x540b,0x4bca,0x5c2b,0x5c2c,0x4baa,0x43aa,0x642c,0x642c,0x850e,0x64ac,
0x3b69,0x43aa,0x43ab,0x43aa,0x6449,0x6d0c,0x858c,0x6ccc,0x5426,0x64a6,0x64c8,0x5cca,0x43c7,0x43e7,0x5cca,0x4429,0x4c4c,0x5487,0x64e7,0x5467,0x43e9,0x5caa,0x3be8,0x4c6a,
0x4c2b,0x3bcb,0x1ac6,0x2b49,0x22c6,0x2b27,0x3349,0x3bac,0x3b8b,0x22e7,0x3bcc,0x5c6f,0x53ab,0x434b,0x4bac,0x4329,0x4bac,0x4c0d,0x22c6,0x1204,0x1a25,0x3a89,0x3aa9,0x3a8a,
0x3a6a,0x3249,0x3228,0x29e8,0x29c7,0x19a6,0x2a08,0x3228,0x29c7,0x2a08,0x2a08,0x3228,0x19a6,0x21a6,0x29c7,0x21a6,0x29c7,0x29c7,0x2186,0x2166,0x21a7,0x2186,0x2186,0x1945,
0x1924,0x1966,0x21a6,0x2186,0x2166,0x1925,0x1104,0x0904,0x00c2,0x00c3,0x00e3,0x00c2,0x00c2,0x00c2,0x00c2,0x00c2,0x00c2,0x00c2,0x00c2,0x00c2,0x00c2,0x00e3,0x00e3,0x00c3,
0x00c3,0x00c2,0x00c2,0x00c2,0x00c2,0x00c2,0x00c2,0x00c2,0x00c2,0x00e2,0x00e2,0x00e2,0x00e2,0x00e2,0x00e2,0x00e2,0x00c2,0x00c3,0x00e3,0x00e2,0x00e2,0x00e2,0x00e2,0x00e2,
0x0103,0x0103,0x0103,0x0103,0x0103,0x0123,0x0143,0x0123,0x0123,0x0144,0x0144,0x0144,0x0143,0x0103,0x0103,0x0103,0x0103,0x0103,0x0103,0x0103,0x0103,0x0123,0x0144,0x0144,
0x0144,0x0164,0x0144,0x01c4,0x0225,0x0206,0x0226,0x0225,0x01c5,0x0285,0x0284,0x0143,0x0103,0x0144,0x0164,0x0123,0x0103,0x0143,0x0164,0x0103,0x0184,0x0143,0x0123,0x0143,
0x0123,0x0103,0x0103,0x0144,0x0184,0x0144,0x0103,0x0103,0x0103,0x0103,0x0103,0x0103,0x0103,0x0123,0x0103,0x0123,0x0184,0x0123,0x0164,0x0184,0x01a5,0x01e6,0x01e6,0x0206,
0x0185,0x0144,0x0164,0x0144,0x0103,0x0123,0x0164,0x0164,0x0164,0x0164,0x0103,0x0103,0x0103,0x0103,0x0103,0x0103,0x00e3,0x0103,0x0143,0x0103,0x3287,0x5b8b,0x4b09,0x11e6,
0x6c6d,0x950f,0x8d0f,0x9d8f,0xae10,0xa5d0,0x9db0,0x9d8f,0x954f,0x9db0,0x9db0,0x9db0,0x8d6e,0x9d90,0x74cd,0x540b,0x53cb,0x2ae8,0x43aa,0x53eb,0x3b49,0x3b4a,0x43a8,0x5c6a,
0x3329,0x3b49,0x542d,0x5c8e,0x6cef,0x646a,0x7509,0x64ea,0x5c87,0x6d29,0x440a,0x3bc7,0x5489,0x2b29,0x5cab,0x6d28,0x3387,0x3388,0x5cab,0x5cab,0x2b28,0x3beb,0x3beb,0x548c,
0x3bc7,0x1ae6,0x1244,0x1224,0x43ea,0x3327,0x1245,0x1a86,0x3bcb,0x1a65,0x2ae9,0x4bcd,0x434a,0x540c,0x53ed,0x434a,0x434b,0x2b09,0x32a9,0x3248,0x3249,0x3249,0x3249,0x3229,
0x3229,0x2a28,0x2a08,0x2a08,0x3249,0x2a07,0x1985,0x29c7,0x21c7,0x21c7,0x1985,0x29c7,0x1985,0x1144,0x1945,0x1925,0x1966,0x1965,0x1965,0x2186,0x21a6,0x2166,0x1966,0x1965,
0x1925,0x1965,0x1945,0x1925,0x1924,0x1925,0x0903,0x00e3,0x00a2,0x0903,0x1144,0x00c3,0x00e3,0x00c3,0x00c3,0x00c2,0x00c2,0x00c2,0x00c2,0x00c2,0x00c2,0x00c2,0x00c2,0x00c2,
0x00c2,0x00c2,0x00c2,0x00c2,0x00c2,0x00c2,0x00c2,0x00c2,0x00c2,0x00e2,0x00e2,0x00e2,0x00e2,0x0123,0x0103,0x00e2,0x00e2,0x00e2,0x00c2,0x00e2,0x00e2,0x00e2,0x00e2,0x00c2,
0x0103,0x0103,0x0103,0x0103,0x0103,0x0103,0x0103,0x0123,0x0144,0x0144,0x0164,0x0123,0x0144,0x0123,0x0103,0x0103,0x0103,0x0103,0x0103,0x0103,0x0103,0x0103,0x0123,0x0164,
0x0144,0x01a5,0x0206,0x0265,0x0226,0x01e6,0x01e6,0x0226,0x0225,0x01a4,0x0123,0x0103,0x0183,0x01a4,0x01a5,0x01a5,0x01a5,0x01e6,0x0206,0x01a5,0x0184,0x0164,0x0164,0x0164,
0x0164,0x0123,0x0103,0x0103,0x0103,0x0103,0x0103,0x0103,0x0103,0x0123,0x0143,0x0123,0x0103,0x0103,0x0103,0x0123,0x0103,0x0163,0x01e5,0x0144,0x0164,0x01c5,0x0206,0x01e6,
0x0164,0x0123,0x0164,0x0123,0x0103,0x0123,0x0144,0x0144,0x0123,0x0103,0x0103,0x0103,0x0103,0x0123,0x0123,0x0103,0x0123,0x0123,0x0123,0x0944,0x42e9,0x63ab,0x84ce,0x7c6d,
0x84ce,0x9d8f,0xa5f0,0xa5d0,0x954f,0x9d6f,0xa5f0,0xae30,0xa5f0,0xae10,0xa610,0xae10,0xb651,0xae30,0x954f,0x850e,0x5c0b,0x3b6a,0x3349,0x3328,0x3329,0x43ab,0x4beb,0x3b69,
0x3b6a,0x540c,0x542b,0x5cb0,0x64d1,0x5c6e,0x4be8,0x64ea,0x5cad,0x5c8a,0x4c07,0x3bc9,0x3ba7,0x4c2a,0x4c48,0x650b,0x43a6,0x440a,0x440a,0x4c4d,0x43e9,0x1ac6,0x3beb,0x43c8,
0x2307,0x1224,0x09e3,0x09e3,0x336a,0x1a86,0x1aa6,0x2308,0x1aa7,0x22a6,0x63ad,0x5b8b,0x5bac,0x436b,0x42a8,0x3a69,0x3249,0x3249,0x3249,0x3249,0x3249,0x3249,0x3249,0x2a08,
0x2a08,0x3249,0x2a08,0x2a08,0x2a08,0x29e7,0x1965,0x21a6,0x29e7,0x1965,0x1965,0x2166,0x1124,0x1945,0x1966,0x1925,0x1104,0x1104,0x1104,0x1925,0x1925,0x1945,0x1924,0x1924,
0x1925,0x1924,0x1925,0x1925,0x1945,0x1924,0x1945,0x1986,0x08e3,0x00c2,0x00e3,0x1145,0x1124,0x08e4,0x00c3,0x00c2,0x00c2,0x00c2,0x00c2,0x00c2,0x00c2,0x00c2,0x00c2,0x00c2,
0x00c2,0x00e2,0x00e2,0x00c2,0x00c2,0x00c2,0x00c2,0x00c2,0x00e2,0x00c2,0x00e2,0x0103,0x0123,0x01a4,0x0164,0x0123,0x0102,0x0123,0x00e2,0x00e2,0x00c2,0x00e2,0x00e2,0x00c2,
0x0103,0x0103,0x0103,0x0103,0x0103,0x0103,0x0103,0x0103,0x0103,0x0103,0x0123,0x0123,0x0123,0x0144,0x0123,0x0103,0x0103,0x0103,0x0103,0x0103,0x0103,0x0103,0x0103,0x0123,
0x0164,0x01c5,0x01e6,0x0206,0x0206,0x01e6,0x01e6,0x0265,0x01a3,0x00c2,0x0103,0x0143,0x0225,0x0285,0x0285,0x0225,0x01e6,0x01a5,0x0164,0x0144,0x0123,0x0123,0x0123,0x0123,
0x0123,0x0123,0x0103,0x0103,0x0103,0x0103,0x0164,0x0144,0x0123,0x0144,0x0143,0x0144,0x0123,0x0123,0x0103,0x0103,0x0103,0x0123,0x0123,0x0143,0x0164,0x01c5,0x0206,0x01e6,
0x0185,0x0144,0x0144,0x0123,0x0144,0x0144,0x0144,0x0164,0x0144,0x0123,0x0103,0x0103,0x0103,0x0144,0x0144,0x0103,0x0123,0x0144,0x0103,0x0143,0x0103,0x00c2,0x536a,0x8cef,
0x84ce,0x848e,0x8d0f,0x9d6f,0x9d6f,0x9daf,0xa610,0xa5f0,0x9db0,0xa610,0xa5f0,0xae10,0xa5d0,0x8d0f,0x74ae,0x544e,0x546e,0x546e,0x3b6a,0x3b8a,0x3b69,0x5c6e,0x43cb,0x4bec,
0x542c,0x4c2c,0x752d,0x7d8c,0x7d4b,0x650b,0x64ea,0x5caa,0x64ea,0x64e8,0x4ba3,0x5c8a,0x2b4a,0x3347,0x5cac,0x64ea,0x3b85,0x43e8,0x5426,0x3bcb,0x440d,0x2328,0x2b48,0x2328,
0x3baa,0x32e9,0x1a04,0x2265,0x2a66,0x5b4b,0x63ac,0x5b6b,0x4b0a,0x532a,0x6b6c,0x42aa,0x428a,0x3249,0x3249,0x3249,0x3229,0x3249,0x3228,0x21e7,0x3269,0x3249,0x3229,0x3249,
0x2a08,0x29e7,0x21c7,0x29c7,0x21c7,0x29c7,0x1144,0x1965,0x1185,0x0143,0x1965,0x1165,0x1144,0x1144,0x1965,0x0944,0x0143,0x0143,0x0924,0x0923,0x1924,0x1924,0x1924,0x1925,
0x1925,0x1925,0x1925,0x1925,0x1945,0x2166,0x1124,0x1104,0x1904,0x00e3,0x00c3,0x00c2,0x00c2,0x00c2,0x00c2,0x00c2,0x00c2,0x00c2,0x00c2,0x00c2,0x0103,0x0123,0x0123,0x0123,
0x0123,0x00e3,0x00e2,0x00e2,0x00e2,0x00e2,0x00e2,0x00c2,0x00c2,0x00c2,0x00c2,0x00c2,0x0123,0x0143,0x0184,0x0184,0x0143,0x0143,0x0164,0x0123,0x00e2,0x00c2,0x00e2,0x08c2,
0x0103,0x0103,0x0103,0x0103,0x0103,0x0103,0x0103,0x0103,0x0103,0x0103,0x0123,0x0123,0x0103,0x0123,0x0164,0x0143,0x0103,0x0103,0x0103,0x0103,0x0103,0x0103,0x0103,0x0123,
0x0103,0x0103,0x0123,0x0184,0x01e6,0x0206,0x01c5,0x0103,0x0144,0x0185,0x01c4,0x01e5,0x0206,0x02a5,0x0265,0x01e4,0x0144,0x0164,0x01e4,0x01a4,0x0123,0x00e3,0x0103,0x0103,
0x0103,0x0123,0x0123,0x0103,0x0123,0x0144,0x0143,0x0206,0x01c5,0x0144,0x0144,0x0144,0x0164,0x0143,0x0103,0x0123,0x0103,0x0123,0x0103,0x0103,0x0103,0x0164,0x01e6,0x01a5,
0x0164,0x0164,0x0144,0x0123,0x0143,0x0123,0x0164,0x0144,0x0123,0x0103,0x0103,0x0103,0x0103,0x0123,0x0143,0x0144,0x0144,0x0143,0x0964,0x1164,0x3ae8,0x5bab,0x63cb,0x7c8e,
0x954f,0x956f,0x9d6f,0x9d6f,0x956f,0x9d8f,0xa5f0,0x956f,0x8ccf,0x8cef,0x8ccf,0x7ccf,0x74af,0x64af,0x440c,0x4c2d,0x5c6e,0x43cb,0x4c0c,0x3329,0x3329,0x3329,0x3328,0x3b6a,
0x4bea,0x43aa,0x4c0a,0x64aa,0x5ccb,0x4c2c,0x43ec,0x4c07,0x4c4c,0x4c6f,0x4c0b,0x43c8,0x546f,0x43eb,0x442d,0x3ba8,0x3b86,0x3b88,0x3b87,0x3bcd,0x338c,0x3b6c,0x3ac9,0x5bed,
0x6bcd,0x42a9,0x4aca,0x530b,0x530b,0x5b0b,0x5b0b,0x428a,0x3a6a,0x3a69,0x3249,0x2a08,0x21c6,0x2a08,0x2a08,0x29e7,0x21c7,0x21c7,0x21c7,0x19a6,0x2a07,0x29e8,0x21c7,0x21c7,
0x29c7,0x2186,0x2186,0x1985,0x1986,0x29c7,0x1986,0x1965,0x0964,0x0143,0x0143,0x0143,0x0143,0x0143,0x0923,0x0923,0x0143,0x0143,0x0123,0x0143,0x0923,0x0923,0x0923,0x1124,
0x1124,0x1103,0x1965,0x21a6,0x1925,0x29c7,0x29c7,0x21a6,0x29c7,0x1124,0x00c2,0x00c3,0x00c2,0x00c2,0x00c2,0x00c2,0x00c2,0x00c2,0x00c2,0x00c2,0x0103,0x0143,0x0123,0x0184,
0x0164,0x0103,0x00e2,0x00e2,0x00e2,0x00e2,0x00e2,0x0102,0x00c3,0x0103,0x00e2,0x0103,0x0123,0x00e3,0x0143,0x0164,0x0144,0x0143,0x0184,0x0164,0x0143,0x08c2,0x08c2,0x08c2,
0x0103,0x0103,0x0103,0x0103,0x0103,0x0103,0x0103,0x0103,0x0103,0x0103,0x0123,0x0123,0x0144,0x0144,0x0143,0x0143,0x0103,0x0103,0x0103,0x0103,0x0103,0x0103,0x0103,0x0103,
0x0103,0x0103,0x0143,0x0103,0x01a5,0x0164,0x0123,0x0144,0x01c5,0x0206,0x0206,0x01e6,0x0205,0x01e4,0x0144,0x0164,0x0183,0x0244,0x02a5,0x0164,0x0123,0x0183,0x0123,0x0123,
0x01c5,0x01a5,0x0144,0x0164,0x0164,0x0185,0x0184,0x01a5,0x0206,0x01c5,0x01c5,0x0144,0x0123,0x0123,0x0144,0x0144,0x0123,0x0144,0x0144,0x0103,0x0103,0x0123,0x0184,0x0144,
0x0144,0x0144,0x0164,0x0103,0x0123,0x0144,0x0143,0x0103,0x0103,0x0103,0x0103,0x0103,0x0103,0x0144,0x0143,0x0123,0x0123,0x0984,0x4b69,0x42e8,0x538a,0x8d2e,0xadf0,0x956f,
0x952f,0x8d2e,0x954e,0x954f,0x956f,0x956f,0x954f,0x84cf,0x7ccf,0x84ee,0x750d,0x64cf,0x440d,0x43eb,0x542a,0x3329,0x3b6a,0x3b49,0x3329,0x3b49,0x544d,0x3b4a,0x3b6a,0x3329,
0x3349,0x3b49,0x3329,0x33ab,0x3bcc,0x3b6b,0x3b6a,0x43a9,0x3bcb,0x440d,0x440e,0x43ca,0x4386,0x3bcd,0x2b6d,0x3369,0x3b67,0x33ac,0x440d,0x43ac,0x328a,0x3aaa,0x2a07,0x3228,
0x3249,0x2a07,0x3a6a,0x3229,0x3229,0x2a29,0x2a08,0x2a08,0x2a28,0x29c7,0x21c7,0x29e7,0x21c6,0x21a6,0x29e7,0x21c7,0x21c7,0x19a5,0x21c7,0x21a6,0x19a5,0x21a7,0x29c7,0x21a7,
0x21a6,0x2166,0x21a6,0x21c6,0x1985,0x21a6,0x21a7,0x1144,0x1164,0x0143,0x0143,0x0143,0x0143,0x0143,0x0143,0x0143,0x0143,0x0143,0x0123,0x0143,0x0143,0x0143,0x0143,0x0143,
0x0923,0x1164,0x29c7,0x2186,0x1945,0x21a6,0x19a6,0x21c6,0x2a08,0x21a6,0x1965,0x00c3,0x00c2,0x00c2,0x00c2,0x00c2,0x00c2,0x00c2,0x00c2,0x00c2,0x00c2,0x0123,0x0123,0x0103,
0x0123,0x00e2,0x00e2,0x00e2,0x00e2,0x00e2,0x0102,0x00e3,0x00e2,0x0923,0x00e3,0x0123,0x00e3,0x0103,0x0103,0x0123,0x0164,0x0164,0x0123,0x0184,0x0184,0x0123,0x00c2,0x08c2,
0x0103,0x0103,0x0103,0x0103,0x0103,0x0103,0x0103,0x0103,0x0103,0x0103,0x0103,0x0103,0x0103,0x0103,0x0103,0x0103,0x0103,0x0103,0x0103,0x0103,0x0103,0x0103,0x0103,0x0103,
0x0103,0x0103,0x0144,0x0164,0x0123,0x0103,0x0184,0x01c5,0x01c5,0x0206,0x01e6,0x0164,0x0143,0x0103,0x0184,0x0205,0x0285,0x0285,0x0143,0x0103,0x0123,0x0224,0x01e4,0x0144,
0x0206,0x01a5,0x0123,0x0144,0x0164,0x0164,0x0164,0x0164,0x0184,0x0184,0x01e6,0x01c5,0x01a5,0x0164,0x0144,0x0144,0x0144,0x0123,0x0103,0x0103,0x0103,0x0123,0x0144,0x0144,
0x0164,0x0144,0x0123,0x0103,0x0123,0x0144,0x0123,0x0103,0x0103,0x0103,0x0103,0x0103,0x0143,0x0164,0x0164,0x0123,0x0144,0x0144,0x0103,0x4b29,0x84ad,0x8d2e,0x84ee,0x7c6d,
0x954f,0x7c8d,0x6bcb,0x84ad,0x8cef,0x8d0f,0x7c8d,0x646e,0x64cf,0x64ce,0x6d0c,0x754c,0x64ac,0x4bea,0x3308,0x542d,0x544c,0x542e,0x5caf,0x4bed,0x5c4e,0x64ce,0x6d0e,0x5cae,
0x4bcc,0x4bec,0x2ae7,0x2b69,0x2286,0x3b07,0x32a7,0x43a9,0x5cab,0x3bcd,0x3b8c,0x3b8c,0x3b65,0x3bab,0x33ad,0x338c,0x336c,0x32ca,0x2227,0x2a07,0x3249,0x3249,0x21c6,0x19a5,
0x21e7,0x2a28,0x3249,0x2a07,0x3249,0x3269,0x3228,0x3228,0x2a28,0x3228,0x3228,0x3228,0x2a28,0x21c6,0x29e7,0x29c7,0x21a6,0x19a5,0x21c7,0x21a6,0x1965,0x1925,0x1966,0x1945,
0x1124,0x1965,0x2166,0x2166,0x1965,0x1144,0x1924,0x1124,0x0143,0x0924,0x0164,0x0163,0x0164,0x0163,0x0143,0x0143,0x0143,0x0123,0x0103,0x00e2,0x0103,0x0103,0x0143,0x0143,
0x0143,0x0964,0x1165,0x0964,0x0943,0x1985,0x21c7,0x29a7,0x21a6,0x1945,0x0903,0x00c3,0x00e2,0x00e2,0x00c2,0x00c2,0x00c2,0x00c2,0x00c2,0x00c2,0x00c3,0x00e3,0x00e3,0x0123,
0x0143,0x0123,0x0103,0x00e2,0x00e2,0x00e2,0x00e2,0x0103,0x0103,0x0164,0x0144,0x00c2,0x00c2,0x00e3,0x00c2,0x00c3,0x0103,0x0123,0x00c2,0x0144,0x0164,0x0164,0x00e2,0x08c2,
0x0103,0x0123,0x0123,0x0103,0x0103,0x0103,0x0103,0x0103,0x0103,0x0103,0x0103,0x0103,0x0103,0x0103,0x0103,0x0103,0x0123,0x0103,0x0103,0x0103,0x0103,0x0123,0x0123,0x0123,
0x0123,0x0103,0x0123,0x0164,0x0123,0x01c5,0x0206,0x01e6,0x0206,0x01a5,0x0144,0x0144,0x01c5,0x01e6,0x0206,0x0206,0x01e6,0x0143,0x0123,0x01a5,0x01e6,0x01e6,0x01c5,0x0164,
0x0206,0x01a5,0x0144,0x0164,0x0144,0x0184,0x0144,0x0144,0x0164,0x0164,0x0184,0x0185,0x01c5,0x01e6,0x0184,0x0143,0x0144,0x0144,0x0123,0x0103,0x0103,0x0103,0x0103,0x0123,
0x0123,0x0123,0x0103,0x0103,0x0103,0x0123,0x0103,0x0103,0x0103,0x0103,0x0103,0x0143,0x0164,0x0164,0x0144,0x0144,0x1a06,0x19a5,0x3267,0x84ae,0x4b6a,0x64af,0x5c8f,0x5c8f,
0x5caf,0x648e,0x6c6e,0x74ae,0x5c2d,0x3b07,0x0103,0x32e9,0x752d,0x752c,0x6ced,0x6d2d,0x5c2b,0x53ea,0x540a,0x544e,0x6ca9,0x752d,0x6d0e,0x4bad,0x430a,0x6ccc,0x5c6c,0x64ac,
0x4b4a,0x6d0b,0x3329,0x2aa7,0x3b6b,0x2aa8,0x2a89,0x32c9,0x2a88,0x334b,0x2aa9,0x334b,0x33cd,0x3bac,0x330b,0x3269,0x2a28,0x29c7,0x21a6,0x1985,0x21c6,0x29e7,0x21a6,0x19a5,
0x19c6,0x21c7,0x21c6,0x21a6,0x2a08,0x3228,0x3228,0x3228,0x3228,0x3228,0x3228,0x3228,0x29e8,0x19a5,0x1985,0x2186,0x19a5,0x1945,0x1925,0x1945,0x1164,0x1925,0x1924,0x1144,
0x1945,0x1924,0x1104,0x1124,0x1123,0x0923,0x0923,0x0943,0x0184,0x0164,0x0164,0x0164,0x0164,0x0164,0x0164,0x0184,0x0184,0x0103,0x0923,0x00e2,0x0103,0x00e2,0x0102,0x0103,
0x00e2,0x0102,0x00e2,0x0103,0x0143,0x0143,0x0964,0x1165,0x1925,0x0903,0x1124,0x1145,0x00c2,0x00c3,0x0903,0x00c3,0x00c2,0x00c2,0x00c2,0x00c2,0x00c2,0x00c2,0x00c2,0x0103,
0x0164,0x0123,0x0123,0x0102,0x00e2,0x00e2,0x0103,0x0123,0x0164,0x0103,0x0164,0x0123,0x00a2,0x00c2,0x00c2,0x00c2,0x00c2,0x00c3,0x00c2,0x0103,0x0143,0x0103,0x00c2,0x00c2,
0x0144,0x0164,0x0164,0x0144,0x0144,0x0123,0x0123,0x0103,0x0103,0x0103,0x0103,0x0103,0x0103,0x0103,0x0123,0x0144,0x0164,0x0164,0x0123,0x0103,0x0103,0x0123,0x0164,0x0164,
0x0164,0x0144,0x0144,0x0123,0x0123,0x01a5,0x01e6,0x01c5,0x0164,0x0123,0x0184,0x0206,0x0206,0x01e6,0x01e6,0x01c5,0x0123,0x0144,0x01c5,0x01c5,0x01e6,0x0206,0x01c5,0x01a5,
0x01e6,0x0184,0x0123,0x0103,0x0103,0x0144,0x0123,0x0123,0x0143,0x0164,0x0144,0x0164,0x0164,0x01e5,0x0206,0x01e6,0x0164,0x0103,0x0123,0x0123,0x0123,0x0103,0x0103,0x0103,
0x0103,0x0103,0x0103,0x0103,0x0103,0x0103,0x0103,0x0103,0x0103,0x0103,0x0123,0x0144,0x0164,0x0144,0x0144,0x0103,0x11c5,0x19e5,0x0103,0x3287,0x5c2c,0x650f,0x5c8b,0x648a,
0x5409,0x1206,0x1206,0x1a26,0x0985,0x0943,0x3328,0x6d2f,0x4bab,0x64aa,0x85ca,0x85aa,0x6469,0x5c2c,0x646c,0x436c,0x53c9,0x5c4a,0x754a,0x53ec,0x53aa,0x432a,0x3289,0x4b6c,
0x438b,0x442c,0x332b,0x2a68,0x332b,0x2aca,0x2268,0x2207,0x19c6,0x2ac9,0x2a89,0x2b0b,0x2a89,0x328a,0x29c7,0x29c7,0x1945,0x1945,0x1966,0x1945,0x1985,0x21a6,0x21a6,0x1985,
0x1144,0x1965,0x1164,0x1945,0x1965,0x1965,0x1945,0x1945,0x1945,0x1945,0x1945,0x21a6,0x21a7,0x1986,0x1144,0x1924,0x1164,0x1925,0x1944,0x1944,0x1184,0x1924,0x1164,0x1144,
0x1103,0x1124,0x0923,0x0923,0x0143,0x0143,0x0143,0x0143,0x0164,0x0184,0x0143,0x0943,0x0984,0x0143,0x0164,0x0164,0x0143,0x0923,0x0123,0x00e2,0x00e2,0x0965,0x0103,0x00e2,
0x00e2,0x1144,0x0102,0x00e2,0x0102,0x0102,0x00e2,0x0123,0x0123,0x0123,0x1124,0x0903,0x1104,0x08e3,0x08e3,0x1104,0x00c3,0x00c2,0x00c2,0x00c2,0x00c2,0x00c2,0x00e3,0x0164,
0x0143,0x0102,0x0123,0x0123,0x00e2,0x00e2,0x0103,0x0103,0x0123,0x0123,0x00c2,0x0103,0x00c2,0x00c2,0x00c2,0x00c2,0x00c2,0x00e3,0x00c2,0x00c2,0x00e2,0x00e2,0x0123,0x0923,
0x0144,0x0164,0x0144,0x0164,0x0164,0x0144,0x0123,0x0103,0x0123,0x0103,0x0103,0x0103,0x0103,0x0103,0x0144,0x0123,0x0103,0x0144,0x0143,0x0103,0x0103,0x0103,0x0123,0x0164,
0x0164,0x0164,0x0143,0x0143,0x0144,0x0143,0x0123,0x0103,0x0143,0x01e6,0x0206,0x01e6,0x01e6,0x0206,0x01a5,0x0144,0x0185,0x0185,0x01c5,0x0206,0x0206,0x01e6,0x01a5,0x0184,
0x0164,0x0123,0x0164,0x0103,0x0144,0x0144,0x0184,0x0164,0x0103,0x0123,0x0143,0x0144,0x0144,0x0164,0x01c5,0x0206,0x01a5,0x0144,0x0143,0x0143,0x0123,0x0123,0x0143,0x0143,
0x0123,0x0123,0x0123,0x0144,0x0123,0x0103,0x0103,0x0103,0x0103,0x0123,0x0123,0x0164,0x0123,0x0143,0x0123,0x2226,0x3ac8,0x0164,0x3aa8,0x744d,0x850d,0x4387,0x11c4,0x0103,
0x0123,0x00e2,0x00c2,0x00a2,0x00e2,0x2ac6,0x4367,0x4bc8,0x7d69,0x53c8,0x4ba9,0x6cea,0x6489,0x5c29,0x4b68,0x5c4a,0x432a,0x4b8a,0x436b,0x540c,0x432a,0x4baa,0x2a28,0x3289,
0x336c,0x2289,0x2227,0x2268,0x19c6,0x2268,0x19e6,0x2207,0x19c6,0x19e6,0x2207,0x21c7,0x21a7,0x2166,0x1966,0x1124,0x1124,0x1104,0x1104,0x1124,0x1164,0x1144,0x1144,0x1164,
0x1164,0x1184,0x1124,0x1144,0x1144,0x1904,0x1924,0x1904,0x1904,0x1924,0x1144,0x1164,0x1924,0x1124,0x1164,0x1144,0x1144,0x1124,0x1164,0x1184,0x1184,0x1164,0x1164,0x0923,
0x1143,0x1143,0x1143,0x0923,0x0923,0x0923,0x0923,0x1143,0x0943,0x0984,0x1143,0x1164,0x0164,0x0964,0x0123,0x0123,0x1185,0x19c6,0x0123,0x0964,0x1185,0x0964,0x0965,0x0143,
0x19e7,0x21e7,0x0164,0x0163,0x0123,0x00e2,0x00c2,0x00e2,0x00e2,0x0103,0x0123,0x0123,0x0924,0x1924,0x0904,0x0103,0x00e2,0x00c2,0x00c2,0x00c2,0x00c2,0x00c2,0x0103,0x0123,
0x0123,0x0143,0x0123,0x0123,0x0103,0x0102,0x00e2,0x0123,0x0103,0x0144,0x00c2,0x00c2,0x00c2,0x00c2,0x00c2,0x00c2,0x00c2,0x00e3,0x00c2,0x00e3,0x0103,0x00c2,0x0103,0x0102,
0x0123,0x0123,0x0123,0x0144,0x0144,0x0103,0x0103,0x0103,0x0123,0x0103,0x0103,0x0103,0x0103,0x0123,0x0123,0x0123,0x0144,0x0144,0x0123,0x0103,0x0103,0x0103,0x0103,0x0164,
0x0164,0x0164,0x0144,0x0143,0x0123,0x0123,0x0103,0x0103,0x0164,0x0206,0x01e6,0x01e6,0x0206,0x01c5,0x0164,0x01c5,0x0184,0x0185,0x0164,0x0164,0x0164,0x0164,0x0164,0x0144,
0x0144,0x0144,0x0164,0x0144,0x0123,0x0144,0x01e6,0x0184,0x0103,0x0123,0x0123,0x0123,0x0123,0x0123,0x0164,0x01c5,0x0206,0x0144,0x0103,0x0123,0x0103,0x0103,0x0123,0x0144,
0x0144,0x0164,0x0164,0x0164,0x0144,0x0144,0x0123,0x0103,0x0103,0x0143,0x0143,0x0123,0x0143,0x0123,0x0143,0x1184,0x2a47,0x2a47,0x7c4d,0x63cb,0x1185,0x00e3,0x00e3,0x0103,
0x0103,0x0103,0x0963,0x2aa5,0x3327,0x00e3,0x1a88,0x3b89,0x6ce8,0x4ba7,0x19c6,0x2a27,0x2a67,0x3b47,0x2247,0x2a47,0x19c6,0x3b8b,0x2aca,0x2a89,0x2aca,0x2207,0x21e7,0x19e6,
0x2227,0x21e6,0x2207,0x2207,0x19c5,0x21e6,0x19a5,0x21e6,0x19a5,0x2207,0x2207,0x21e7,0x21c6,0x1944,0x1144,0x1144,0x0923,0x0943,0x0943,0x0923,0x1143,0x1184,0x0923,0x1143,
0x1184,0x1164,0x1144,0x1144,0x1123,0x1123,0x1123,0x1144,0x1144,0x1123,0x1123,0x0923,0x1144,0x0923,0x1143,0x1184,0x1164,0x0902,0x1143,0x1184,0x1184,0x1184,0x1143,0x1143,
0x1164,0x1143,0x0923,0x0923,0x0903,0x1143,0x1164,0x1164,0x1184,0x1164,0x1184,0x0964,0x1185,0x19a6,0x11a5,0x2207,0x3269,0x3229,0x19a6,0x1965,0x21a7,0x21c7,0x0144,0x1165,
0x31e8,0x21c7,0x19e6,0x0164,0x00e2,0x00c2,0x00c2,0x00a2,0x00e2,0x0102,0x00e2,0x00e2,0x0102,0x00e3,0x0103,0x0903,0x00e2,0x00c2,0x00c2,0x00c2,0x00c2,0x00e3,0x00e3,0x0103,
0x01a4,0x0143,0x0123,0x00e2,0x0103,0x0123,0x00e3,0x0103,0x0143,0x0103,0x00e3,0x00c2,0x00c2,0x00c2,0x00c2,0x00c2,0x00c2,0x00c2,0x00c2,0x00c2,0x00e3,0x0102,0x00e2,0x0903,
0x0164,0x0164,0x0164,0x0164,0x0143,0x0123,0x0144,0x0123,0x0103,0x0103,0x0103,0x0103,0x0103,0x0123,0x0143,0x0164,0x0123,0x0103,0x0103,0x0103,0x0103,0x0103,0x0103,0x0143,
0x0164,0x0164,0x0123,0x0144,0x0144,0x0103,0x0103,0x0103,0x0144,0x01c5,0x0206,0x01c5,0x01a5,0x0143,0x0123,0x0123,0x0103,0x0103,0x0103,0x0103,0x0103,0x0103,0x0123,0x0144,
0x0144,0x0103,0x0103,0x0123,0x0103,0x0103,0x0103,0x0103,0x0103,0x0144,0x0123,0x0103,0x0103,0x0123,0x0123,0x0144,0x01e6,0x0184,0x0184,0x0164,0x0144,0x0123,0x0103,0x0103,
0x0103,0x0164,0x0164,0x0164,0x0144,0x0144,0x0164,0x0123,0x0984,0x0944,0x0103,0x0964,0x21e5,0x0164,0x1184,0x0123,0x21a4,0x3a47,0x19a5,0x0103,0x00e2,0x0123,0x0123,0x0103,
0x0123,0x0103,0x0963,0x4c27,0x3bed,0x22aa,0x3349,0x3b29,0x2ae9,0x2ac8,0x2aa7,0x2228,0x19e6,0x19c6,0x2aca,0x21e7,0x19c5,0x2248,0x2aa9,0x2207,0x1a27,0x19c5,0x2207,0x19a5,
0x1184,0x21e6,0x19c5,0x2207,0x19c5,0x19c6,0x19c6,0x2207,0x19c5,0x19c6,0x2207,0x2207,0x19e6,0x19c6,0x19e6,0x19e6,0x19a5,0x1184,0x19a5,0x19e6,0x19e6,0x19a5,0x1164,0x1164,
0x1184,0x1143,0x1143,0x0923,0x0943,0x0923,0x1143,0x1164,0x1143,0x0923,0x0923,0x1144,0x1143,0x1144,0x1164,0x1184,0x1164,0x1185,0x1164,0x1184,0x1184,0x1184,0x1184,0x1143,
0x0923,0x1143,0x1143,0x1164,0x1164,0x1164,0x1184,0x1184,0x21c6,0x2a07,0x2a08,0x21e7,0x2a28,0x21c6,0x19c6,0x3208,0x29e7,0x21a6,0x21a7,0x1945,0x2186,0x1985,0x1144,0x2186,
0x29c7,0x19a6,0x09a5,0x1965,0x1145,0x00c2,0x0103,0x0144,0x0123,0x0123,0x00e2,0x00e2,0x00c2,0x00c2,0x00e2,0x0903,0x00e2,0x00c2,0x00c2,0x00c2,0x00c2,0x00e2,0x0103,0x0164,
0x0164,0x0164,0x0123,0x00c2,0x0123,0x0103,0x0123,0x0123,0x0123,0x00c3,0x00c2,0x00c2,0x00c2,0x00c2,0x00c2,0x00c2,0x00c2,0x00c2,0x00c2,0x00c2,0x00e2,0x0102,0x0903,0x1123,
0x0144,0x0144,0x0144,0x0164,0x0164,0x0144,0x0144,0x0123,0x0103,0x0103,0x0103,0x0103,0x0103,0x0103,0x0123,0x0103,0x0123,0x0143,0x0103,0x0123,0x0123,0x0103,0x0103,0x0103,
0x0164,0x0164,0x0164,0x0123,0x0144,0x0144,0x0103,0x0103,0x0103,0x0123,0x01a5,0x0164,0x0103,0x0103,0x0123,0x0943,0x0964,0x0944,0x0944,0x1184,0x0964,0x0964,0x0943,0x0943,
0x0123,0x0943,0x0144,0x0144,0x0144,0x0164,0x0143,0x0123,0x0103,0x0103,0x0103,0x0103,0x0103,0x0103,0x0103,0x0123,0x0123,0x0143,0x0144,0x0144,0x0164,0x0143,0x0103,0x0103,
0x0143,0x0164,0x0164,0x0164,0x0164,0x0144,0x0144,0x0144,0x0143,0x11a5,0x0103,0x0144,0x0964,0x0103,0x0123,0x1164,0x3a67,0x2a06,0x0103,0x0103,0x0123,0x0103,0x0123,0x0103,
0x0985,0x0164,0x0965,0x09a5,0x1a06,0x2a48,0x2228,0x2207,0x2228,0x2207,0x19c6,0x19e6,0x21e6,0x19a5,0x21e6,0x2207,0x19c6,0x1184,0x21e7,0x19c5,0x19c6,0x2207,0x2207,0x2207,
0x1184,0x19a5,0x1184,0x19e6,0x21e7,0x19c5,0x19a5,0x19c6,0x19a5,0x19c5,0x2207,0x2207,0x2207,0x2207,0x19e6,0x19c6,0x19c6,0x19c5,0x19a5,0x19e6,0x19e6,0x21e6,0x19a5,0x1184,
0x19a5,0x19a5,0x19a5,0x1184,0x1143,0x1164,0x0923,0x0923,0x0903,0x0923,0x1164,0x19a5,0x1164,0x19c5,0x19c5,0x1184,0x19a5,0x19c6,0x19a5,0x19a5,0x1184,0x1184,0x19c5,0x19a5,
0x19a5,0x1184,0x1184,0x1184,0x1985,0x21c6,0x2a08,0x21e7,0x2a08,0x3229,0x3228,0x21c6,0x21c7,0x21c6,0x19a5,0x2186,0x21a6,0x21a6,0x1965,0x1965,0x2186,0x1124,0x1925,0x2186,
0x21c7,0x1144,0x29c7,0x29e7,0x21a6,0x0143,0x01a4,0x0143,0x0103,0x00e2,0x00e2,0x00c2,0x00c2,0x00e2,0x00e2,0x00e2,0x00e2,0x00e2,0x00c2,0x00c2,0x00c2,0x00c2,0x0144,0x0144,
0x0103,0x0164,0x0143,0x0123,0x0123,0x0103,0x0143,0x0103,0x0144,0x00e3,0x00c2,0x00c2,0x00c2,0x00c2,0x00c2,0x00c2,0x00c2,0x00c2,0x00c2,0x00c2,0x0103,0x0102,0x0102,0x0103,
0x0103,0x0103,0x0103,0x0103,0x0123,0x0103,0x0103,0x0103,0x0103,0x0103,0x0103,0x0103,0x0103,0x0103,0x0103,0x0123,0x0164,0x0144,0x0123,0x0164,0x0123,0x0103,0x0103,0x0144,
0x0164,0x0144,0x0123,0x0164,0x0123,0x0144,0x0143,0x0103,0x0103,0x0123,0x0123,0x0103,0x0123,0x0123,0x0123,0x0143,0x0123,0x0123,0x0123,0x0123,0x0964,0x1184,0x1164,0x1184,
0x0964,0x0964,0x0964,0x0144,0x0143,0x0144,0x0164,0x0164,0x0164,0x0143,0x0103,0x0103,0x0103,0x0103,0x0103,0x0103,0x0103,0x0144,0x0123,0x0143,0x0123,0x0123,0x0103,0x0123,
0x0144,0x0144,0x0123,0x0164,0x0164,0x0123,0x0144,0x0143,0x0123,0x1164,0x0123,0x0943,0x0103,0x0123,0x21c5,0x1164,0x21e6,0x1164,0x0103,0x0123,0x0123,0x0103,0x09a5,0x11a5,
0x0144,0x11c6,0x09a5,0x11c6,0x11a5,0x21e7,0x2207,0x19c5,0x19c6,0x2207,0x21e6,0x19a5,0x19e6,0x19c6,0x19e6,0x19c6,0x1185,0x19a5,0x19c5,0x1184,0x21e7,0x19c6,0x1184,0x11a5,
0x1184,0x1184,0x1184,0x1184,0x11a5,0x11a5,0x19a5,0x1184,0x19a5,0x11a5,0x19a5,0x11a5,0x11a5,0x1184,0x19a5,0x19e6,0x19c6,0x1184,0x19a5,0x19c6,0x19c6,0x19e6,0x21e6,0x19c5,
0x1185,0x19a5,0x19a5,0x11a5,0x1164,0x1164,0x1164,0x0923,0x0923,0x0943,0x1184,0x19e6,0x19a5,0x11a5,0x19e6,0x19c6,0x19c6,0x19c6,0x2207,0x19e6,0x19e6,0x21e7,0x2207,0x19c6,
0x19a5,0x11a5,0x19a5,0x21c6,0x29e7,0x2a08,0x29c7,0x21c6,0x19a5,0x29c7,0x19a6,0x1965,0x1945,0x1945,0x1965,0x2186,0x2186,0x1985,0x1985,0x1924,0x1905,0x1925,0x1104,0x1965,
0x2a08,0x1986,0x1144,0x19a6,0x1945,0x0923,0x0123,0x00e2,0x00e2,0x00c2,0x00c2,0x00c2,0x00c2,0x00c2,0x00c2,0x00c2,0x00c2,0x00e2,0x00c2,0x00c2,0x00c2,0x00c2,0x00e3,0x00e2,
0x0164,0x0123,0x0144,0x0164,0x0143,0x0123,0x0164,0x0103,0x00e3,0x00c2,0x00c2,0x00c2,0x00c2,0x00c2,0x00e2,0x00c2,0x00c2,0x00c3,0x00e2,0x00e2,0x0102,0x0903,0x00e2,0x0102,
0x0103,0x0103,0x0103,0x0103,0x0103,0x0103,0x0103,0x0103,0x0103,0x0103,0x0103,0x0103,0x0103,0x0103,0x0103,0x0103,0x0103,0x0103,0x0143,0x0123,0x0123,0x0123,0x0103,0x0164,
0x0144,0x0143,0x0123,0x0123,0x0144,0x0103,0x0103,0x0103,0x0103,0x0123,0x0964,0x0944,0x0944,0x0944,0x0944,0x0103,0x0103,0x0103,0x0103,0x0103,0x0103,0x0103,0x0123,0x0944,
0x1184,0x1184,0x1164,0x0123,0x0164,0x0123,0x0103,0x0144,0x0164,0x0164,0x0164,0x0143,0x0103,0x0103,0x0103,0x0103,0x0123,0x0144,0x0123,0x0123,0x0123,0x0103,0x0103,0x0143,
0x0144,0x0164,0x0123,0x0123,0x0143,0x0103,0x0123,0x0123,0x0944,0x0143,0x0103,0x1164,0x0103,0x0944,0x0944,0x0103,0x0123,0x0123,0x0103,0x0103,0x0123,0x0123,0x09a5,0x09a5,
0x0984,0x0964,0x09a5,0x09a5,0x19c6,0x19e6,0x2207,0x2207,0x19c6,0x19c6,0x2207,0x19a5,0x19a5,0x19c6,0x2207,0x19a5,0x1184,0x1184,0x1184,0x19a5,0x1184,0x11a5,0x19c5,0x19c5,
0x1184,0x1184,0x1184,0x1184,0x19a5,0x19c6,0x19c5,0x1184,0x1184,0x1184,0x1185,0x19c6,0x19c5,0x1184,0x19c5,0x2207,0x2207,0x2207,0x2207,0x19e6,0x19a5,0x1184,0x1184,0x21e6,
0x11a5,0x1164,0x1164,0x19a5,0x19e6,0x1184,0x1184,0x1144,0x1164,0x1184,0x1184,0x1184,0x19c6,0x19e6,0x19c6,0x2207,0x2207,0x2207,0x2207,0x2207,0x2207,0x21e7,0x1184,0x1164,
0x1184,0x21c6,0x21a7,0x2166,0x21a6,0x2186,0x2166,0x1965,0x1164,0x2166,0x1984,0x1144,0x1924,0x1945,0x1184,0x1965,0x1945,0x1164,0x1904,0x1925,0x1124,0x1123,0x0923,0x21a6,
0x3249,0x29e7,0x21c6,0x2186,0x0904,0x0123,0x00e2,0x0103,0x00c3,0x00c2,0x00c2,0x00c2,0x00c2,0x00c2,0x00c2,0x00c2,0x00c2,0x00c2,0x00c2,0x00c2,0x00c2,0x00c2,0x00c2,0x00e3,
0x0164,0x0123,0x0123,0x0123,0x0143,0x0103,0x0103,0x0103,0x00c2,0x00c2,0x00c2,0x00c2,0x00c2,0x00e2,0x00c2,0x00e3,0x00c2,0x00c2,0x00e2,0x00e2,0x00e2,0x0903,0x0903,0x00e2,
0x0123,0x0123,0x0103,0x0103,0x0103,0x0103,0x0103,0x0103,0x0103,0x0103,0x0103,0x0103,0x0103,0x0103,0x0103,0x0103,0x0103,0x0103,0x0103,0x0103,0x0164,0x0123,0x0103,0x0144,
0x0144,0x0144,0x0143,0x0123,0x0123,0x0123,0x0103,0x0103,0x0103,0x0123,0x0944,0x0964,0x1184,0x1164,0x0944,0x0944,0x0123,0x0123,0x0123,0x0123,0x0103,0x0103,0x0103,0x0103,
0x0123,0x0944,0x1164,0x0123,0x0144,0x0144,0x0144,0x0123,0x0123,0x0144,0x0164,0x0184,0x0144,0x0123,0x0123,0x0103,0x0103,0x0123,0x0144,0x0123,0x0144,0x0144,0x0144,0x0164,
0x0143,0x0144,0x0123,0x0103,0x0123,0x0103,0x0103,0x0103,0x0103,0x0103,0x0123,0x0103,0x0103,0x0103,0x0103,0x0103,0x0103,0x0103,0x0144,0x0123,0x0123,0x0144,0x11a5,0x0184,
0x0164,0x1184,0x1164,0x1184,0x1184,0x21a5,0x19a5,0x21e6,0x2a07,0x19a5,0x19a5,0x1184,0x1164,0x19c5,0x11a5,0x1184,0x1184,0x1184,0x19a5,0x19c5,0x19e6,0x2207,0x2227,0x2207,
0x21e6,0x21e6,0x21e7,0x21e7,0x2207,0x19c6,0x19c6,0x2207,0x19e6,0x19c6,0x21e6,0x21e6,0x21e6,0x19c6,0x19e6,0x19c6,0x19a5,0x19e6,0x1185,0x19a5,0x1184,0x1185,0x1184,0x19c5,
0x19a5,0x19a5,0x19c5,0x19e6,0x19a5,0x19e6,0x19a5,0x19a5,0x19a5,0x19a5,0x19c6,0x21e6,0x19e6,0x2207,0x2207,0x2207,0x2207,0x2207,0x21e6,0x19c6,0x19e6,0x19c5,0x1184,0x21a6,
0x29c7,0x2186,0x1965,0x1104,0x1144,0x1985,0x1945,0x1104,0x1164,0x1124,0x1144,0x1124,0x1164,0x1985,0x1184,0x1144,0x1164,0x1124,0x1123,0x1144,0x1143,0x0923,0x1144,0x29e8,
0x3249,0x29c7,0x1985,0x1124,0x0903,0x1104,0x0903,0x0903,0x00c3,0x00c2,0x00e2,0x00c2,0x00c2,0x00c2,0x00c2,0x00c2,0x00c2,0x00c2,0x00c2,0x00c2,0x00c2,0x00c2,0x00c2,0x00c2,
0x00c3,0x00c2,0x0164,0x0103,0x00c3,0x00c3,0x00c2,0x00c2,0x00c2,0x00c2,0x00e2,0x00c2,0x00c2,0x00c2,0x00c2,0x00c3,0x00c2,0x00e2,0x00e2,0x00e2,0x0102,0x0103,0x0903,0x0923,
0x0964,0x1164,0x0123,0x0103,0x0103,0x0103,0x0103,0x0103,0x0123,0x0123,0x0103,0x0103,0x0103,0x0103,0x0103,0x0103,0x0103,0x0103,0x0103,0x0143,0x0144,0x0144,0x0144,0x0123,
0x0164,0x0123,0x0144,0x0123,0x0103,0x0103,0x0103,0x0103,0x0103,0x0103,0x0103,0x0103,0x0123,0x0944,0x0944,0x0944,0x0123,0x0944,0x0964,0x0123,0x0103,0x0103,0x0103,0x0103,
0x0103,0x0103,0x0103,0x0103,0x0123,0x0123,0x0144,0x0143,0x0123,0x0123,0x0123,0x0143,0x0164,0x0164,0x0164,0x0123,0x0103,0x0143,0x0143,0x0123,0x0144,0x0164,0x0164,0x0143,
0x0143,0x0144,0x0123,0x0103,0x0103,0x0103,0x0103,0x0103,0x0103,0x0103,0x0964,0x0944,0x0103,0x0103,0x0103,0x0103,0x0103,0x0123,0x0164,0x0164,0x0123,0x11a5,0x11c5,0x2a05,
0x0164,0x1985,0x29a5,0x31c5,0x2985,0x31a5,0x31a5,0x31a5,0x31c5,0x31c5,0x29a5,0x2184,0x29a5,0x2984,0x21a5,0x19a5,0x1184,0x1184,0x19a5,0x19e6,0x19a5,0x19a5,0x11a5,0x19e6,
0x2207,0x2207,0x19e6,0x19c5,0x19a5,0x19c6,0x19a5,0x2207,0x2207,0x19e6,0x19c6,0x1164,0x1184,0x1184,0x1184,0x1184,0x19c6,0x19e6,0x1184,0x19c5,0x19a5,0x19c6,0x1184,0x19a5,
0x19c5,0x19a5,0x21e6,0x19a5,0x19c6,0x19c6,0x1184,0x19a5,0x2207,0x21e7,0x2207,0x2207,0x21e6,0x19c5,0x2207,0x19c6,0x19c6,0x19c6,0x19c6,0x19c6,0x11a5,0x1184,0x1184,0x19a5,
0x19a5,0x1144,0x1123,0x0923,0x1143,0x1163,0x1164,0x0923,0x1143,0x1184,0x1164,0x1103,0x1144,0x1184,0x1184,0x1184,0x1143,0x0923,0x1164,0x1164,0x1144,0x0903,0x1965,0x3249,
0x2a08,0x21c7,0x21a7,0x1925,0x1124,0x1124,0x1123,0x0903,0x00e3,0x0903,0x00e2,0x00c2,0x00c2,0x00c2,0x00c2,0x00c2,0x00e2,0x00c2,0x00c2,0x00c2,0x00c2,0x00c2,0x00c2,0x00c2,
0x00c2,0x00c2,0x00e3,0x00e3,0x00c2,0x00c2,0x00e2,0x00c2,0x00c2,0x00c2,0x00c2,0x00c2,0x00c2,0x00c2,0x00c2,0x00c2,0x00c2,0x00c3,0x00e3,0x00e2,0x0102,0x0903,0x0903,0x0923,
0x0123,0x0123,0x0123,0x0103,0x0103,0x0103,0x0103,0x0123,0x0164,0x0123,0x0144,0x0144,0x0123,0x0103,0x0103,0x0103,0x0103,0x0103,0x0123,0x0143,0x0143,0x0164,0x0143,0x0164,
0x0144,0x0144,0x0143,0x0103,0x0103,0x0103,0x0123,0x0164,0x0144,0x0123,0x0103,0x0144,0x0144,0x0123,0x0103,0x0123,0x0143,0x0944,0x0943,0x0123,0x0103,0x0103,0x0103,0x0103,
0x0103,0x0103,0x0103,0x0123,0x1164,0x0943,0x0103,0x0123,0x0143,0x0144,0x0143,0x0123,0x0144,0x0143,0x0164,0x0164,0x0103,0x0103,0x0123,0x0144,0x0143,0x0144,0x0143,0x0123,
0x0103,0x0123,0x0123,0x0103,0x0103,0x0103,0x0103,0x0103,0x0103,0x0103,0x0103,0x0143,0x0103,0x0103,0x0103,0x0103,0x0103,0x0103,0x0144,0x0144,0x0143,0x2a06,0x21e5,0x21e6,
0x29e5,0x21e5,0x21e5,0x3a26,0x39e6,0x39e6,0x39e6,0x31c5,0x31c5,0x31c5,0x31c5,0x31c5,0x31c5,0x31c5,0x31a5,0x31a5,0x29a5,0x1984,0x21a5,0x1984,0x2984,0x2984,0x2184,0x1984,
0x1184,0x1184,0x1184,0x19c6,0x19e6,0x19e6,0x19e6,0x19e6,0x19c6,0x19e6,0x1184,0x1184,0x1184,0x1184,0x1184,0x1164,0x19c6,0x19e6,0x19c6,0x19e6,0x2207,0x2207,0x2207,0x2207,
0x19e6,0x2207,0x2207,0x19e6,0x2207,0x19a5,0x1184,0x1184,0x19c5,0x19c5,0x19e6,0x21e6,0x2207,0x19c5,0x21e7,0x19a5,0x1164,0x1184,0x19e6,0x19e6,0x1184,0x1184,0x1184,0x1184,
0x1184,0x1184,0x1184,0x19c5,0x19c5,0x19c5,0x19a5,0x1164,0x1184,0x1184,0x1164,0x1143,0x1143,0x1164,0x1184,0x1184,0x1184,0x1184,0x1184,0x1164,0x1144,0x1123,0x21a6,0x3228,
0x2a08,0x29c7,0x1965,0x1945,0x1945,0x0923,0x0923,0x0923,0x0923,0x0923,0x00e2,0x00e2,0x00e2,0x00e2,0x00c2,0x00c2,0x00c2,0x00c2,0x00c2,0x00c2,0x00c2,0x00c2,0x00c2,0x00c2,
0x00c2,0x00c2,0x00c2,0x00c2,0x00c2,0x00c2,0x00c2,0x00c2,0x00c2,0x00c2,0x00c2,0x00e3,0x0103,0x0103,0x0102,0x00e2,0x00c2,0x00c2,0x00c2,0x00c2,0x00e3,0x0923,0x0923,0x0923,
0x0103,0x0103,0x0103,0x0103,0x0103,0x0103,0x0123,0x0144,0x0144,0x0144,0x0184,0x0143,0x0103,0x0103,0x0103,0x0103,0x0103,0x0103,0x0144,0x0143,0x0143,0x0143,0x0144,0x0184,
0x0164,0x0144,0x0143,0x0123,0x0103,0x0123,0x0164,0x0164,0x0144,0x0164,0x0103,0x0123,0x0123,0x0123,0x0123,0x0103,0x0103,0x0123,0x0103,0x0103,0x0103,0x0103,0x0103,0x0103,
0x0103,0x0103,0x0103,0x0103,0x0123,0x1164,0x1164,0x0964,0x0164,0x0144,0x0144,0x0144,0x0143,0x0144,0x0144,0x0144,0x0123,0x0103,0x0144,0x0123,0x0103,0x0103,0x0143,0x0123,
0x0103,0x0123,0x0144,0x0123,0x0103,0x0103,0x0103,0x0103,0x0103,0x0103,0x0123,0x0944,0x0103,0x0103,0x0103,0x0143,0x0143,0x0144,0x0144,0x0144,0x0985,0x2a06,0x21e5,0x19c5,
0x3a26,0x3a06,0x3206,0x3a26,0x3a47,0x3a47,0x3a67,0x3a46,0x3a46,0x3a46,0x3a46,0x3a46,0x3a26,0x31e6,0x3205,0x31c5,0x31a5,0x31a5,0x31e5,0x39e6,0x31c5,0x29a5,0x1984,0x1184,
0x1184,0x1184,0x1184,0x1184,0x1184,0x1184,0x19a5,0x1184,0x1164,0x1164,0x1184,0x1184,0x1184,0x1184,0x1184,0x1184,0x19a5,0x2207,0x2207,0x2207,0x21e6,0x19e6,0x19c6,0x2207,
0x21e6,0x19a5,0x19c6,0x19c6,0x21e6,0x19e6,0x19c6,0x19c6,0x2207,0x2207,0x19e6,0x19c5,0x2207,0x19c5,0x19e6,0x2207,0x19e6,0x19e6,0x11a5,0x19c6,0x19e6,0x1184,0x1184,0x19c6,
0x1184,0x1184,0x1164,0x1185,0x19e6,0x19c6,0x1985,0x19e6,0x19c6,0x19c6,0x19c6,0x19c6,0x21e6,0x19a5,0x1184,0x1184,0x1184,0x1164,0x1143,0x0923,0x0923,0x1123,0x21c7,0x2a08,
0x3228,0x29c7,0x1925,0x1925,0x1124,0x0923,0x0923,0x0923,0x00e2,0x00e2,0x00e2,0x00e2,0x00e2,0x00e2,0x00e2,0x00e2,0x00e2,0x00c2,0x00c2,0x00c2,0x00c2,0x00e2,0x00e2,0x00e2,
0x00c2,0x00c2,0x00c2,0x00c2,0x00c2,0x00c2,0x00c2,0x00c2,0x00c2,0x00c2,0x0103,0x0143,0x0123,0x00e3,0x0103,0x0102,0x00e2,0x00e2,0x00e2,0x00e3,0x00c2,0x08e3,0x0923,0x0923,
0x0103,0x0103,0x0103,0x0103,0x0103,0x0143,0x0164,0x0143,0x0164,0x0164,0x0144,0x0123,0x0103,0x0103,0x0103,0x0103,0x0103,0x0103,0x0123,0x0164,0x0143,0x0103,0x0123,0x0164,
0x0164,0x0123,0x0123,0x0103,0x0103,0x0103,0x0103,0x0144,0x0143,0x0164,0x0164,0x0144,0x0123,0x0103,0x0144,0x0164,0x0103,0x0103,0x0103,0x0103,0x0143,0x0123,0x0103,0x0103,
0x0103,0x0103,0x0103,0x0103,0x0103,0x0123,0x1184,0x0964,0x0944,0x0144,0x0144,0x0144,0x0144,0x0144,0x0123,0x0144,0x0164,0x0123,0x0103,0x0103,0x0123,0x0144,0x0144,0x0103,
0x0103,0x0123,0x0164,0x0164,0x0144,0x0103,0x0103,0x0123,0x0944,0x0123,0x0103,0x0103,0x0103,0x0103,0x0123,0x0144,0x0164,0x0164,0x0123,0x09a5,0x19e5,0x11a5,0x3226,0x4247,
0x3a46,0x3a26,0x3a26,0x3a26,0x3a26,0x3a26,0x3206,0x3a06,0x3a06,0x3a06,0x3a06,0x3206,0x21c5,0x31a5,0x31e5,0x31c5,0x31a5,0x31c5,0x3206,0x3206,0x39e5,0x21c5,0x0164,0x0164,
0x0164,0x0164,0x0164,0x1184,0x1184,0x1184,0x1184,0x1184,0x1984,0x21a5,0x1984,0x1184,0x1184,0x1184,0x1184,0x1185,0x2207,0x2207,0x21e6,0x1985,0x1184,0x1184,0x19e6,0x2207,
0x21e6,0x21e6,0x19a5,0x1184,0x19a5,0x19c6,0x2207,0x1985,0x21e7,0x2207,0x19c5,0x2207,0x2227,0x19c5,0x19e6,0x2207,0x2207,0x19e6,0x19c5,0x2207,0x2207,0x19a5,0x1164,0x1184,
0x1184,0x1185,0x19a5,0x0923,0x1164,0x1164,0x0923,0x1185,0x1164,0x1184,0x1184,0x1184,0x19c6,0x1985,0x1143,0x1143,0x0923,0x0923,0x0923,0x1143,0x1164,0x1123,0x21c7,0x2a08,
0x3249,0x29e7,0x1965,0x1924,0x1924,0x0923,0x0923,0x0903,0x0103,0x00e2,0x0102,0x00e2,0x00e2,0x00e2,0x00c2,0x00c2,0x00e2,0x00c2,0x00c2,0x00e2,0x00e2,0x00e2,0x00c2,0x00c2,
0x00c2,0x00c2,0x00e2,0x00e2,0x00c2,0x00c2,0x00c2,0x00c2,0x00c2,0x00c2,0x00c2,0x00e3,0x00c2,0x00a2,0x0103,0x0123,0x0103,0x00e2,0x00e2,0x0103,0x00e2,0x00c2,0x0103,0x0102,
0x0103,0x0103,0x0123,0x0123,0x0144,0x0164,0x0144,0x0144,0x0144,0x0123,0x0123,0x0103,0x0103,0x0103,0x0103,0x0103,0x0103,0x0103,0x0123,0x0123,0x0103,0x0103,0x0123,0x0164,
0x0144,0x0123,0x0123,0x0103,0x0103,0x0103,0x0103,0x0123,0x0143,0x0144,0x0164,0x0143,0x0164,0x0144,0x0103,0x0144,0x0164,0x0143,0x0103,0x0103,0x0944,0x0943,0x0103,0x0103,
0x0103,0x0103,0x0103,0x0103,0x0103,0x0103,0x0943,0x0964,0x0944,0x0944,0x0144,0x0143,0x0144,0x0103,0x0144,0x0144,0x0123,0x0103,0x0103,0x0103,0x0143,0x0143,0x0123,0x0103,
0x0103,0x0144,0x0164,0x0164,0x0123,0x0143,0x0103,0x0123,0x0943,0x0944,0x0123,0x0123,0x0123,0x0103,0x0123,0x0164,0x0143,0x0164,0x0164,0x0164,0x21e5,0x11a5,0x3a47,0x4267,
0x4267,0x4267,0x3a26,0x3a26,0x3a46,0x4267,0x3a47,0x3a46,0x3a26,0x3a26,0x3206,0x0984,0x0164,0x0964,0x0164,0x2185,0x31a5,0x31c5,0x3a06,0x39e5,0x2185,0x0164,0x0164,0x0144,
0x0123,0x0144,0x1985,0x0164,0x0164,0x0964,0x29a5,0x31a5,0x31a5,0x29a5,0x1984,0x1984,0x1984,0x1964,0x1964,0x1184,0x1184,0x11a5,0x1184,0x1184,0x1184,0x1185,0x21e6,0x19c5,
0x1184,0x19e6,0x19e6,0x11a5,0x1164,0x19a5,0x19c6,0x1185,0x19c6,0x19e6,0x1164,0x19c6,0x2206,0x19c6,0x1184,0x21e7,0x19c6,0x19c5,0x2207,0x2207,0x2207,0x21e6,0x1185,0x1185,
0x1164,0x19c5,0x19c6,0x1143,0x1164,0x1164,0x0923,0x0923,0x1164,0x1184,0x1164,0x1164,0x1143,0x0923,0x0923,0x1143,0x1164,0x1143,0x0923,0x1164,0x0923,0x0923,0x21a6,0x21c7,
0x2a08,0x29c7,0x2186,0x1925,0x1124,0x0923,0x0923,0x0903,0x0903,0x0903,0x0102,0x0102,0x00c2,0x00e3,0x00c3,0x00c2,0x00c2,0x00c2,0x00e2,0x00c2,0x00c2,0x00e2,0x00e2,0x00e2,
0x00e2,0x00c2,0x00c2,0x00e2,0x00c2,0x00c2,0x00c2,0x00c2,0x00c2,0x00c2,0x00c2,0x00c2,0x00c2,0x00e3,0x0123,0x0103,0x0123,0x0123,0x00e2,0x00e2,0x00e2,0x00c2,0x00e2,0x00e2,
0x0123,0x0123,0x0164,0x0164,0x0164,0x0144,0x0143,0x0144,0x0144,0x0123,0x0144,0x0103,0x0103,0x0103,0x0103,0x0103,0x0103,0x0103,0x0103,0x0103,0x0103,0x0103,0x0143,0x0143,
0x0103,0x0103,0x0103,0x0103,0x0103,0x0103,0x0103,0x0123,0x0123,0x0143,0x0123,0x0144,0x0144,0x0144,0x0144,0x0123,0x0123,0x0143,0x0144,0x0123,0x0103,0x0103,0x0103,0x0103,
0x0103,0x0103,0x0103,0x0103,0x0103,0x0103,0x0103,0x0103,0x0143,0x1184,0x1184,0x0123,0x0123,0x0144,0x0144,0x0144,0x0103,0x0103,0x0103,0x0103,0x0143,0x0144,0x0123,0x0103,
0x0103,0x0123,0x0164,0x0164,0x0144,0x0143,0x0144,0x0103,0x0123,0x0103,0x0103,0x0123,0x0144,0x0123,0x0144,0x0164,0x0144,0x0164,0x0164,0x0164,0x09a5,0x11a5,0x21c5,0x3a26,
0x3a26,0x3a26,0x3a06,0x3a26,0x3a26,0x3a26,0x3a26,0x3206,0x3a06,0x19c5,0x0984,0x0164,0x0164,0x0164,0x0164,0x0143,0x2184,0x31a5,0x1964,0x1164,0x0164,0x0123,0x0143,0x0123,
0x0144,0x0123,0x0143,0x0164,0x0164,0x0984,0x1984,0x1184,0x1184,0x1184,0x31a5,0x2984,0x2984,0x2964,0x2163,0x2184,0x1964,0x1943,0x1963,0x1963,0x1963,0x1964,0x1184,0x1184,
0x1184,0x1184,0x19a5,0x19a5,0x1184,0x1184,0x1185,0x19a5,0x1164,0x1164,0x1143,0x19a5,0x19a5,0x1185,0x19a5,0x19c6,0x11a5,0x2207,0x2207,0x19c6,0x19a5,0x2207,0x1185,0x1164,
0x1143,0x1184,0x1164,0x1143,0x0923,0x0923,0x0923,0x1143,0x1143,0x1143,0x0923,0x0923,0x0923,0x1184,0x11a4,0x1184,0x1143,0x1144,0x1144,0x1144,0x1143,0x0923,0x1985,0x29e7,
0x3229,0x21a7,0x1945,0x1925,0x1123,0x0923,0x1143,0x0923,0x0903,0x00e2,0x0123,0x0943,0x0923,0x0903,0x00c2,0x00c2,0x00e2,0x00e2,0x00c2,0x00c2,0x00c2,0x00e2,0x00e2,0x00e2,
0x00e2,0x00e2,0x00e3,0x00c2,0x00e2,0x00c2,0x00c2,0x00c2,0x00c2,0x00c2,0x00c2,0x00c2,0x00c2,0x00c2,0x00c3,0x0103,0x0103,0x00e3,0x0123,0x0103,0x00e2,0x0102,0x00e2,0x00e2,
0x0164,0x0144,0x0164,0x0164,0x0164,0x0143,0x0164,0x0123,0x0144,0x0103,0x0103,0x0103,0x0103,0x0103,0x0103,0x0103,0x0103,0x0103,0x0103,0x0103,0x0103,0x0103,0x0103,0x0103,
0x0103,0x0103,0x0103,0x0103,0x0103,0x0103,0x0103,0x0103,0x0103,0x0103,0x0103,0x0143,0x0144,0x0144,0x0164,0x0164,0x0144,0x0103,0x0123,0x0164,0x0123,0x0103,0x0103,0x0103,
0x0103,0x0103,0x0103,0x0103,0x0103,0x0103,0x0103,0x0103,0x0103,0x0123,0x0943,0x0143,0x0164,0x0123,0x0143,0x0123,0x0103,0x0103,0x0103,0x0103,0x0144,0x0164,0x0123,0x0103,
0x0103,0x0103,0x0144,0x0123,0x0143,0x0123,0x0123,0x0103,0x0103,0x0103,0x0123,0x0123,0x0144,0x0164,0x1164,0x0164,0x0164,0x19a5,0x0184,0x0984,0x1184,0x29a5,0x31a5,0x31a5,
0x31e5,0x3206,0x3206,0x3206,0x3206,0x3a06,0x3a06,0x3a06,0x29e5,0x0164,0x0164,0x0164,0x0164,0x0164,0x0164,0x0144,0x0943,0x0164,0x0144,0x0103,0x0123,0x0103,0x0103,0x0103,
0x0103,0x0103,0x0123,0x0144,0x0144,0x0964,0x0144,0x0144,0x0144,0x1984,0x31a5,0x31a5,0x2984,0x2984,0x2984,0x2984,0x2984,0x2984,0x2984,0x2984,0x2143,0x2143,0x1943,0x1964,
0x1964,0x1964,0x1964,0x1184,0x1184,0x1144,0x0923,0x0943,0x0923,0x0923,0x1123,0x1164,0x1144,0x1184,0x1184,0x1184,0x2207,0x19c6,0x19a5,0x19c6,0x1164,0x1164,0x1144,0x1164,
0x0923,0x1143,0x1184,0x1164,0x0923,0x0923,0x1143,0x1164,0x0923,0x1164,0x0923,0x1143,0x1164,0x1164,0x1164,0x1144,0x1164,0x1184,0x1184,0x0943,0x1143,0x0923,0x1965,0x3229,
0x2a08,0x21c7,0x1945,0x1124,0x0923,0x0923,0x0923,0x0943,0x0923,0x0923,0x1143,0x0923,0x0923,0x0123,0x0103,0x00e3,0x00c2,0x00c2,0x00c2,0x00e2,0x00e2,0x00e2,0x00e2,0x00e2,
0x00e2,0x00e2,0x0923,0x0903,0x00c2,0x00c2,0x00e3,0x00c2,0x00c2,0x00e3,0x00c2,0x00c2,0x00c2,0x00e3,0x0903,0x00e3,0x00c2,0x0103,0x00e3,0x0143,0x0102,0x0103,0x0903,0x00e2,
0x0144,0x0164,0x0144,0x0164,0x0164,0x0143,0x0164,0x0123,0x0144,0x0103,0x0103,0x0103,0x0103,0x0103,0x0103,0x0103,0x0103,0x0103,0x0103,0x0103,0x0103,0x0103,0x0103,0x0103,
0x0103,0x0103,0x0103,0x0103,0x0103,0x0123,0x0123,0x0103,0x0103,0x0103,0x0103,0x0123,0x0144,0x0144,0x0164,0x0164,0x0164,0x0144,0x0123,0x0123,0x0143,0x0123,0x0123,0x0103,
0x0103,0x0103,0x0103,0x0103,0x0103,0x0103,0x0103,0x0103,0x0103,0x0103,0x0103,0x0944,0x0123,0x0123,0x0964,0x0123,0x0103,0x0103,0x0103,0x0123,0x0164,0x0144,0x0103,0x0103,
0x0103,0x0103,0x0144,0x0164,0x0123,0x0144,0x0123,0x0103,0x0103,0x0103,0x0103,0x0944,0x0964,0x0144,0x0164,0x0964,0x0164,0x0964,0x21a5,0x2184,0x29a5,0x39c5,0x31a5,0x31c5,
0x31e5,0x39e5,0x3a06,0x3a26,0x3206,0x31e5,0x1984,0x0964,0x0164,0x0164,0x0143,0x0103,0x0123,0x0123,0x0123,0x0123,0x0103,0x0123,0x0123,0x0103,0x0103,0x0103,0x0103,0x0103,
0x0103,0x0123,0x0103,0x0103,0x0123,0x0123,0x0123,0x1164,0x2164,0x29a5,0x31a5,0x31a5,0x29a4,0x2984,0x29a4,0x2964,0x2164,0x2164,0x2164,0x2164,0x2163,0x2163,0x2984,0x2964,
0x2143,0x2143,0x2143,0x1943,0x1943,0x1943,0x1164,0x1143,0x0943,0x0923,0x0923,0x0923,0x1164,0x1184,0x1144,0x19a5,0x19a5,0x1184,0x1185,0x1184,0x1144,0x1143,0x1144,0x1164,
0x1143,0x1143,0x1144,0x0923,0x1164,0x1144,0x1184,0x1143,0x1164,0x1164,0x0923,0x0923,0x0923,0x0923,0x0903,0x0923,0x0923,0x1143,0x1144,0x1164,0x0923,0x0903,0x1144,0x29e7,
0x2186,0x1945,0x1925,0x1123,0x0923,0x0923,0x1143,0x1164,0x1143,0x1144,0x1164,0x1164,0x1143,0x0923,0x1123,0x0923,0x00e2,0x00e2,0x00e2,0x00e2,0x0103,0x0123,0x0103,0x00c2,
0x00e2,0x00e2,0x00e2,0x0903,0x00e3,0x0903,0x0903,0x00e3,0x0903,0x0903,0x00c3,0x00e3,0x00e3,0x0903,0x00e3,0x00a2,0x00c2,0x0103,0x0103,0x0103,0x0123,0x0923,0x0923,0x0923,
0x0144,0x0164,0x0164,0x0164,0x0144,0x0123,0x0144,0x0123,0x0123,0x0103,0x0103,0x0103,0x0103,0x0103,0x0103,0x0103,0x0103,0x0103,0x0103,0x0103,0x0103,0x0103,0x0103,0x0103,
0x0103,0x0103,0x0103,0x0103,0x0123,0x0164,0x0164,0x0123,0x0103,0x0103,0x0103,0x0123,0x0123,0x0143,0x0143,0x0143,0x0144,0x0164,0x0164,0x0164,0x0123,0x0143,0x0123,0x0103,
0x0103,0x0103,0x0103,0x0103,0x0103,0x0103,0x0103,0x0103,0x0103,0x0103,0x0103,0x0103,0x0123,0x0143,0x1184,0x0123,0x0103,0x0103,0x0103,0x0103,0x0123,0x0144,0x0123,0x0103,
0x0103,0x0144,0x0164,0x0164,0x0164,0x0123,0x0123,0x0103,0x0103,0x0103,0x0123,0x0943,0x1184,0x0123,0x0144,0x0164,0x1184,0x0164,0x1184,0x1984,0x2184,0x21a5,0x2184,0x2184,
0x21a5,0x19c5,0x19a5,0x1984,0x1164,0x0103,0x0103,0x0103,0x0103,0x0103,0x0103,0x0103,0x0103,0x0943,0x0123,0x0103,0x0103,0x0103,0x0103,0x0103,0x0103,0x0103,0x0103,0x0103,
0x2184,0x1144,0x0103,0x0103,0x0103,0x0103,0x0103,0x0123,0x0123,0x0144,0x2164,0x2984,0x2964,0x2964,0x31a5,0x31a5,0x2984,0x2163,0x2143,0x2143,0x2163,0x2964,0x2984,0x31a5,
0x29a4,0x2984,0x2164,0x2143,0x2143,0x2143,0x2143,0x1963,0x1943,0x1123,0x1164,0x1964,0x1964,0x2143,0x1943,0x1143,0x1143,0x1184,0x1164,0x1143,0x1143,0x1143,0x0923,0x1143,
0x0923,0x0923,0x1144,0x1164,0x1184,0x1184,0x1184,0x1184,0x1184,0x1184,0x1184,0x1184,0x1184,0x1164,0x1144,0x0923,0x0923,0x0903,0x0923,0x1143,0x0923,0x0923,0x1986,0x2186,
0x1924,0x1925,0x1124,0x0923,0x0923,0x1164,0x1143,0x0923,0x0923,0x0923,0x0923,0x0923,0x0923,0x1143,0x0923,0x0923,0x0923,0x00e2,0x00e2,0x0123,0x0123,0x0103,0x00e3,0x00e2,
0x00e2,0x0103,0x00e3,0x00c2,0x0923,0x0923,0x0923,0x0923,0x0903,0x08e3,0x00c2,0x00e3,0x00e3,0x00c2,0x08e3,0x00e3,0x00c2,0x0903,0x0903,0x00e2,0x0123,0x0923,0x0903,0x0923,
0x0164,0x0164,0x0144,0x0164,0x0143,0x0123,0x0123,0x0123,0x0103,0x0103,0x0103,0x0103,0x0103,0x0103,0x0103,0x0103,0x0103,0x0103,0x0103,0x0103,0x0103,0x0103,0x0103,0x0103,
0x0103,0x0123,0x0123,0x0103,0x0123,0x0164,0x0144,0x0144,0x0123,0x0103,0x0103,0x0103,0x0123,0x0143,0x0123,0x0123,0x0164,0x0143,0x0164,0x0164,0x0164,0x0144,0x0123,0x0123,
0x0103,0x0103,0x0103,0x0103,0x0103,0x0103,0x0103,0x0103,0x0103,0x0103,0x0103,0x0103,0x0123,0x0123,0x0964,0x0123,0x0103,0x0103,0x0103,0x0123,0x0103,0x0143,0x0123,0x0103,
0x0103,0x0164,0x0164,0x0144,0x0144,0x0123,0x0103,0x0103,0x0103,0x0103,0x0944,0x0943,0x1164,0x0944,0x0123,0x0184,0x0964,0x0143,0x0164,0x0164,0x0164,0x0164,0x0164,0x0164,
0x0164,0x0164,0x0164,0x0144,0x0144,0x0144,0x0123,0x0123,0x0103,0x0103,0x0943,0x0103,0x0103,0x0923,0x1164,0x0103,0x0103,0x0103,0x0103,0x0123,0x1964,0x0123,0x1144,0x29a5,
0x31a5,0x2984,0x2984,0x2164,0x1144,0x0123,0x0923,0x0103,0x0103,0x0103,0x0123,0x2164,0x2984,0x2143,0x2164,0x2984,0x2984,0x31a5,0x2984,0x2984,0x2163,0x2143,0x2123,0x2143,
0x2984,0x2984,0x2164,0x2163,0x2143,0x2143,0x2143,0x2143,0x2143,0x1943,0x1963,0x2143,0x2143,0x1943,0x2143,0x1964,0x1164,0x1164,0x1164,0x0923,0x0923,0x0923,0x0923,0x1164,
0x1164,0x1164,0x1184,0x1184,0x1184,0x1184,0x1184,0x1144,0x0923,0x1164,0x1164,0x1143,0x0923,0x0923,0x1143,0x0923,0x0923,0x0923,0x0923,0x0923,0x0903,0x1144,0x2186,0x1925,
0x1124,0x1124,0x1143,0x1184,0x1184,0x1184,0x0923,0x1143,0x1143,0x0943,0x1143,0x1164,0x1164,0x1164,0x0964,0x0923,0x0103,0x0102,0x0143,0x0143,0x0103,0x0102,0x00e2,0x0103,
0x00e2,0x00e2,0x0903,0x0903,0x0923,0x0923,0x0923,0x0923,0x0923,0x1123,0x00e3,0x00e3,0x00e3,0x00c2,0x0923,0x0923,0x00c2,0x00e3,0x0923,0x0103,0x0923,0x0923,0x0923,0x0923,
0x0123,0x0164,0x0144,0x0964,0x0144,0x0123,0x0103,0x0103,0x0103,0x0103,0x0103,0x0103,0x0103,0x0103,0x0103,0x0103,0x0103,0x0103,0x0103,0x0103,0x0103,0x0103,0x0103,0x0103,
0x0143,0x0144,0x0123,0x0103,0x0123,0x0143,0x0144,0x0164,0x0143,0x0103,0x0103,0x0103,0x0103,0x0103,0x0103,0x0123,0x0164,0x0123,0x0123,0x0144,0x0164,0x0144,0x0164,0x0144,
0x0123,0x0123,0x0103,0x0103,0x0103,0x0103,0x0103,0x0103,0x0103,0x0103,0x0103,0x0103,0x0103,0x0103,0x0103,0x0123,0x0103,0x0103,0x0103,0x0123,0x0123,0x0164,0x0143,0x0103,
0x0123,0x0164,0x0143,0x0144,0x0164,0x0164,0x0123,0x0103,0x0103,0x0103,0x0944,0x19a4,0x0964,0x0944,0x0143,0x0943,0x0123,0x0144,0x0144,0x0144,0x0164,0x0144,0x0164,0x0144,
0x0164,0x0164,0x0164,0x0164,0x0164,0x0164,0x0164,0x0164,0x0144,0x0103,0x1164,0x1144,0x0943,0x0943,0x1144,0x1144,0x0103,0x1964,0x1143,0x0123,0x2184,0x2985,0x31a5,0x31a5,
0x29a4,0x31a5,0x2984,0x2984,0x2984,0x1144,0x0923,0x0103,0x1144,0x0103,0x1964,0x29a5,0x31a5,0x2984,0x2984,0x2164,0x2984,0x31a5,0x31a5,0x2984,0x2143,0x2143,0x2164,0x2164,
0x2164,0x2984,0x2164,0x2984,0x2984,0x2984,0x2984,0x2984,0x2164,0x1943,0x2143,0x2143,0x1964,0x1184,0x1184,0x1184,0x1184,0x0923,0x0923,0x0923,0x0923,0x1143,0x0923,0x0923,
0x1144,0x1123,0x0923,0x1144,0x1144,0x1164,0x1143,0x0923,0x0923,0x0923,0x0923,0x0923,0x0923,0x0923,0x0923,0x0923,0x1143,0x1143,0x0903,0x1143,0x1164,0x1985,0x1925,0x1124,
0x0943,0x1164,0x1144,0x1143,0x1143,0x0923,0x1164,0x1184,0x1184,0x1184,0x1164,0x1144,0x1184,0x1164,0x0103,0x0102,0x0103,0x0143,0x0103,0x0102,0x0103,0x0102,0x0102,0x0903,
0x00e2,0x0903,0x0923,0x0923,0x1143,0x1164,0x1164,0x0923,0x0923,0x0923,0x0903,0x0903,0x00e3,0x0923,0x1123,0x0903,0x00e3,0x00e3,0x0923,0x0923,0x0923,0x0923,0x0923,0x0923,
};