// First frame of supplied ferreiro 2.gif; no runtime decoder.
#pragma once
#include <stdint.h>
const uint16_t art_forge[24000]={
0x1083,0x1083,0x1083,0x1083,0x1083,0x1083,0x1083,0x1083,0x1083,0x1083,0x1083,0x1083,0x1083,0x1083,0x1083,0x1083,0x1083,0x1083,0x1083,0x1083,0x1083,0x1083,0x1083,0x1083,
0x1083,0x1083,0x1083,0x1083,0x1083,0x1083,0x1083,0x1083,0x1083,0x1083,0x1083,0x1083,0x1083,0x1083,0x1083,0x1083,0x1083,0x1083,0x1083,0x1083,0x1083,0x1083,0x1083,0x1083,
0x1083,0x1083,0x1083,0x1083,0x1083,0x820,0x820,0x820,0x820,0x820,0x820,0x820,0x820,0x820,0x820,0x820,0x820,0x820,0x820,0x820,0x820,0x820,0x820,0x820,
0x820,0x820,0x820,0x820,0x820,0x820,0x820,0x820,0x820,0x820,0x820,0x820,0x820,0x820,0x820,0x820,0x820,0x820,0x820,0x820,0x820,0x820,0x820,0x820,
0x820,0x820,0x820,0x820,0x820,0x820,0x820,0x820,0x820,0x820,0x820,0x820,0x820,0x820,0x820,0x820,0x820,0x820,0x820,0x820,0x820,0x820,0x820,0x820,
0x820,0x820,0x820,0x820,0x820,0x820,0x820,0x820,0x820,0x820,0x820,0x820,0x820,0x820,0x820,0x820,0x820,0x820,0x820,0x820,0x820,0x820,0x820,0x820,
0x820,0x820,0x820,0x820,0x820,0x820,0x820,0x820,0x820,0x820,0x820,0x820,0x820,0x820,0x820,0x820,0x820,0x2903,0x2903,0x2903,0x2903,0x820,0x2903,0x2903,
0x10c3,0x10c3,0x10c3,0x10c3,0x820,0x820,0x10c3,0x10c3,0x10c3,0x10c3,0x10c3,0x10c3,0x10c3,0x10c3,0x10c3,0x10c3,0x10c3,0x10c3,0x1083,0x1083,0x1083,0x1083,0x1083,0x1083,
0x1083,0x1083,0x1083,0x1083,0x1083,0x1083,0x1083,0x1083,0x1083,0x1083,0x1083,0x1083,0x1083,0x1083,0x1083,0x1083,0x1083,0x1083,0x1083,0x1083,0x1083,0x1083,0x1083,0x1083,
0x1083,0x1083,0x1083,0x1083,0x1083,0x1083,0x1083,0x1083,0x1083,0x1083,0x1083,0x1083,0x1083,0x1083,0x1083,0x1083,0x1083,0x1083,0x1083,0x1083,0x1083,0x1083,0x1083,0x1083,
0x1083,0x1083,0x1083,0x1083,0x1083,0x1083,0x1083,0x1083,0x1083,0x1083,0x1083,0x1083,0x1083,0x1083,0x1083,0x1083,0x1083,0x1083,0x1083,0x1083,0x1083,0x1083,0x1083,0x1083,
0x1083,0x1083,0x1083,0x1083,0x1083,0x1083,0x1083,0x1083,0x1083,0x1083,0x1083,0x1083,0x1083,0x1083,0x1083,0x1083,0x1083,0x1083,0x1083,0x1083,0x1083,0x1083,0x1083,0x1083,
0x1083,0x1083,0x1083,0x1083,0x1083,0x820,0x820,0x820,0x820,0x820,0x820,0x820,0x820,0x820,0x820,0x820,0x820,0x820,0x820,0x820,0x820,0x820,0x820,0x820,
0x820,0x820,0x820,0x820,0x820,0x820,0x820,0x820,0x820,0x820,0x820,0x820,0x820,0x820,0x820,0x820,0x820,0x820,0x820,0x820,0x820,0x820,0x820,0x820,
0x820,0x820,0x820,0x820,0x820,0x820,0x820,0x820,0x820,0x820,0x820,0x820,0x820,0x820,0x820,0x820,0x820,0x820,0x820,0x820,0x820,0x820,0x820,0x820,
0x820,0x820,0x820,0x820,0x820,0x820,0x820,0x820,0x820,0x820,0x820,0x820,0x820,0x820,0x820,0x820,0x820,0x820,0x820,0x820,0x820,0x820,0x820,0x820,
0x820,0x820,0x820,0x820,0x820,0x820,0x820,0x820,0x820,0x820,0x820,0x820,0x820,0x820,0x820,0x820,0x820,0x2903,0x2903,0x2903,0x2903,0x820,0x2903,0x10c3,
0x10c3,0x10c3,0x10c3,0x10c3,0x820,0x820,0x10c3,0x10c3,0x10c3,0x10c3,0x10c3,0x10c3,0x10c3,0x10c3,0x10c3,0x10c3,0x10c3,0x10c3,0x1083,0x1083,0x1083,0x1083,0x1083,0x1083,
0x1083,0x1083,0x1083,0x1083,0x1083,0x1083,0x1083,0x1083,0x1083,0x1083,0x1083,0x1083,0x1083,0x1083,0x1083,0x1083,0x1083,0x1083,0x1083,0x1083,0x1083,0x1083,0x1083,0x1083,
0x1083,0x1083,0x1083,0x1083,0x1083,0x1083,0x1083,0x1083,0x1083,0x1083,0x1083,0x1083,0x1083,0x1083,0x1083,0x1083,0x1083,0x1083,0x1083,0x1083,0x1083,0x1083,0x1083,0x1083,
0x1083,0x1083,0x1083,0x1083,0x1083,0x1083,0x1083,0x1083,0x1083,0x1083,0x1083,0x1083,0x1083,0x1083,0x1083,0x1083,0x1083,0x1083,0x1083,0x1083,0x1083,0x1083,0x1083,0x1083,
0x1083,0x1083,0x1083,0x1083,0x1083,0x1083,0x1083,0x1083,0x1083,0x1083,0x1083,0x1083,0x1083,0x1083,0x1083,0x1083,0x1083,0x1083,0x1083,0x1083,0x1083,0x1083,0x1083,0x1083,
0x1083,0x1083,0x1083,0x1083,0x1083,0x820,0x820,0x820,0x820,0x820,0x820,0x820,0x820,0x820,0x820,0x820,0x820,0x820,0x820,0x820,0x820,0x820,0x820,0x820,
0x820,0x820,0x820,0x820,0x820,0x820,0x820,0x820,0x820,0x820,0x820,0x820,0x820,0x820,0x820,0x820,0x820,0x820,0x820,0x820,0x820,0x820,0x820,0x820,
0x820,0x820,0x820,0x820,0x820,0x820,0x820,0x820,0x820,0x820,0x820,0x820,0x820,0x820,0x820,0x820,0x820,0x820,0x820,0x820,0x820,0x820,0x820,0x820,
0x820,0x820,0x820,0x820,0x820,0x820,0x820,0x820,0x820,0x820,0x820,0x820,0x820,0x820,0x820,0x820,0x820,0x820,0x820,0x820,0x820,0x820,0x820,0x820,
0x820,0x820,0x820,0x820,0x820,0x820,0x820,0x820,0x820,0x820,0x820,0x820,0x820,0x820,0x820,0x820,0x2903,0x2903,0x2903,0x2903,0x2903,0x820,0x2903,0x10c3,
0x10c3,0x10c3,0x10c3,0x10c3,0x820,0x820,0x10c3,0x10c3,0x10c3,0x10c3,0x10c3,0x10c3,0x10c3,0x10c3,0x10c3,0x10c3,0x10c3,0x10c3,0x1083,0x1083,0x1083,0x1083,0x1083,0x1083,
0x1083,0x1083,0x1083,0x1083,0x1083,0x1083,0x1083,0x1083,0x1083,0x1083,0x1083,0x1083,0x1083,0x1083,0x1083,0x1083,0x1083,0x1083,0x1083,0x1083,0x1083,0x1083,0x1083,0x1083,
0x1083,0x1083,0x1083,0x1083,0x1083,0x1083,0x1083,0x1083,0x1083,0x1083,0x1083,0x1083,0x1083,0x1083,0x1083,0x1083,0x1083,0x1083,0x1083,0x1083,0x1083,0x1083,0x1083,0x1083,
0x1083,0x1083,0x1083,0x1083,0x1083,0x1083,0x1083,0x1083,0x1083,0x1083,0x1083,0x1083,0x1083,0x1083,0x1083,0x1083,0x1083,0x1083,0x1083,0x1083,0x1083,0x1083,0x1083,0x1083,
0x1083,0x1083,0x1083,0x1083,0x1083,0x1083,0x1083,0x1083,0x1083,0x1083,0x1083,0x1083,0x1083,0x1083,0x1083,0x1083,0x1083,0x1083,0x1083,0x1083,0x1083,0x1083,0x1083,0x1083,
0x1083,0x1083,0x1083,0x1083,0x1083,0x820,0x820,0x820,0x820,0x820,0x820,0x820,0x820,0x820,0x820,0x820,0x820,0x820,0x820,0x820,0x820,0x820,0x820,0x820,
0x820,0x820,0x820,0x820,0x820,0x820,0x820,0x820,0x820,0x820,0x820,0x820,0x820,0x820,0x820,0x820,0x820,0x820,0x820,0x820,0x820,0x820,0x820,0x820,
0x820,0x820,0x820,0x820,0x820,0x820,0x820,0x820,0x820,0x820,0x820,0x820,0x820,0x820,0x820,0x820,0x820,0x820,0x820,0x820,0x820,0x820,0x820,0x820,
0x820,0x820,0x820,0x820,0x820,0x820,0x820,0x820,0x820,0x820,0x820,0x820,0x820,0x820,0x820,0x820,0x820,0x820,0x820,0x820,0x820,0x820,0x820,0x820,
0x820,0x820,0x820,0x820,0x820,0x820,0x820,0x820,0x820,0x820,0x820,0x820,0x820,0x820,0x820,0x820,0x2903,0x2903,0x2903,0x2903,0x820,0x820,0x2903,0x10c3,
0x10c3,0x10c3,0x10c3,0x820,0x820,0x820,0x10c3,0x10c3,0x10c3,0x10c3,0x10c3,0x10c3,0x10c3,0x10c3,0x10c3,0x10c3,0x10c3,0x10c3,0x1083,0x1083,0x1083,0x1083,0x1083,0x1083,
0x1083,0x1083,0x1083,0x1083,0x1083,0x1083,0x1083,0x1083,0x1083,0x1083,0x1083,0x1083,0x1083,0x1083,0x1083,0x1083,0x1083,0x1083,0x1083,0x1083,0x1083,0x1083,0x1083,0x1083,
0x1083,0x1083,0x1083,0x1083,0x1083,0x1083,0x1083,0x1083,0x1083,0x1083,0x1083,0x1083,0x1083,0x1083,0x1083,0x1083,0x1083,0x1083,0x1083,0x1083,0x1083,0x1083,0x1083,0x1083,
0x1083,0x1083,0x1083,0x1083,0x1083,0x1083,0x1083,0x1083,0x1083,0x1083,0x1083,0x1083,0x1083,0x1083,0x1083,0x1083,0x1083,0x1083,0x1083,0x1083,0x1083,0x1083,0x1083,0x1083,
0x1083,0x1083,0x1083,0x1083,0x1083,0x1083,0x1083,0x1083,0x1083,0x1083,0x1083,0x1083,0x1083,0x1083,0x1083,0x1083,0x1083,0x1083,0x1083,0x1083,0x1083,0x1083,0x1083,0x1083,
0x1083,0x1083,0x1083,0x1083,0x1083,0x820,0x820,0x820,0x820,0x820,0x820,0x820,0x820,0x820,0x820,0x820,0x820,0x820,0x820,0x820,0x820,0x820,0x820,0x820,
0x820,0x820,0x820,0x820,0x820,0x820,0x820,0x820,0x820,0x820,0x820,0x820,0x820,0x820,0x820,0x820,0x820,0x820,0x820,0x820,0x820,0x820,0x820,0x820,
0x820,0x820,0x820,0x820,0x820,0x820,0x820,0x820,0x820,0x820,0x820,0x820,0x820,0x820,0x820,0x820,0x820,0x820,0x820,0x820,0x820,0x820,0x820,0x820,
0x820,0x820,0x820,0x820,0x820,0x820,0x820,0x820,0x820,0x820,0x820,0x820,0x820,0x820,0x820,0x820,0x820,0x820,0x820,0x820,0x820,0x820,0x820,0x820,
0x820,0x820,0x820,0x820,0x820,0x820,0x820,0x820,0x820,0x820,0x820,0x820,0x820,0x820,0x820,0x820,0x2903,0x2903,0x2903,0x2903,0x820,0x2903,0x2903,0x10c3,
0x10c3,0x10c3,0x10c3,0x820,0x820,0x820,0x10c3,0x10c3,0x10c3,0x10c3,0x10c3,0x10c3,0x10c3,0x10c3,0x10c3,0x10c3,0x10c3,0x10c3,0x1083,0x1083,0x1083,0x1083,0x1083,0x1083,
0x1083,0x1083,0x1083,0x1083,0x1083,0x1083,0x1083,0x1083,0x1083,0x1083,0x1083,0x1083,0x1083,0x1083,0x1083,0x1083,0x1083,0x1083,0x1083,0x1083,0x1083,0x1083,0x1083,0x1083,
0x1083,0x1083,0x1083,0x1083,0x1083,0x1083,0x1083,0x1083,0x1083,0x1083,0x1083,0x1083,0x1083,0x1083,0x1083,0x1083,0x1083,0x1083,0x1083,0x1083,0x1083,0x1083,0x1083,0x1083,
0x1083,0x1083,0x1083,0x1083,0x1083,0x1083,0x1083,0x1083,0x1083,0x1083,0x1083,0x1083,0x1083,0x1083,0x1083,0x1083,0x1083,0x1083,0x1083,0x1083,0x1083,0x1083,0x1083,0x1083,
0x1083,0x1083,0x1083,0x1083,0x1083,0x1083,0x1083,0x1083,0x1083,0x1083,0x1083,0x1083,0x1083,0x1083,0x1083,0x1083,0x1083,0x1083,0x1083,0x1083,0x1083,0x1083,0x1083,0x1083,
0x1083,0x1083,0x1083,0x1083,0x1083,0x820,0x820,0x820,0x820,0x820,0x820,0x820,0x820,0x820,0x820,0x820,0x820,0x820,0x820,0x820,0x820,0x820,0x820,0x820,
0x820,0x820,0x820,0x820,0x820,0x820,0x820,0x820,0x820,0x820,0x820,0x820,0x820,0x820,0x820,0x820,0x820,0x820,0x820,0x820,0x820,0x820,0x820,0x820,
0x820,0x820,0x820,0x820,0x820,0x820,0x820,0x820,0x820,0x820,0x820,0x820,0x820,0x820,0x820,0x820,0x30e2,0x30e2,0x30e2,0x820,0x820,0x820,0x820,0x820,
0x820,0x820,0x820,0x820,0x4163,0x820,0x820,0x820,0x820,0x820,0x820,0x820,0x30e2,0x30e2,0x820,0x820,0x820,0x820,0x820,0x820,0x820,0x820,0x30e2,0x820,
0x820,0x820,0x820,0x820,0x820,0x820,0x820,0x820,0x820,0x820,0x820,0x820,0x820,0x820,0x820,0x820,0x2903,0x2903,0x820,0x2903,0x2903,0x2903,0x10c3,0x10c3,
0x10c3,0x10c3,0x10c3,0x820,0x820,0x820,0x10c3,0x10c3,0x10c3,0x10c3,0x10c3,0x10c3,0x10c3,0x10c3,0x10c3,0x10c3,0x10c3,0x10c3,0x1083,0x1083,0x1083,0x1083,0x1083,0x1083,
0x1083,0x1083,0x1083,0x1083,0x1083,0x1083,0x1083,0x1083,0x1083,0x1083,0x1083,0x1083,0x1083,0x1083,0x1083,0x1083,0x1083,0x1083,0x1083,0x1083,0x1083,0x1083,0x1083,0x1083,
0x1083,0x1083,0x1083,0x1083,0x1083,0x1083,0x1083,0x1083,0x1083,0x1083,0x1083,0x1083,0x1083,0x1083,0x1083,0x1083,0x1083,0x1083,0x1083,0x1083,0x1083,0x1083,0x1083,0x1083,
0x1083,0x1083,0x1083,0x1083,0x1083,0x1083,0x1083,0x1083,0x1083,0x1083,0x1083,0x1083,0x1083,0x1083,0x1083,0x1083,0x1083,0x1083,0x1083,0x1083,0x1083,0x1083,0x1083,0x1083,
0x1083,0x1083,0x1083,0x1083,0x1083,0x1083,0x1083,0x1083,0x1083,0x1083,0x1083,0x1083,0x1083,0x1083,0x1083,0x1083,0x1083,0x1083,0x1083,0x1083,0x1083,0x1083,0x1083,0x1083,
0x1083,0x1083,0x1083,0x1083,0x1083,0x820,0x820,0x820,0x820,0x820,0x820,0x820,0x820,0x820,0x820,0x820,0x820,0x820,0x820,0x820,0x820,0x820,0x820,0x820,
0x820,0x820,0x820,0x820,0x820,0x820,0x820,0x820,0x820,0x820,0x820,0x820,0x820,0x820,0x820,0x820,0x820,0x820,0x820,0x820,0x820,0x820,0x820,0x820,
0x820,0x820,0x820,0x820,0x820,0x820,0x820,0x30e2,0x30e2,0x30e2,0x820,0x820,0x820,0x820,0x820,0x820,0x30e2,0x30e2,0x30e2,0x30e2,0x30e2,0x30e2,0x30e2,0x30e2,
0x30e2,0x30e2,0x4163,0x4163,0x4163,0x4163,0x4163,0x30e2,0x30e2,0x30e2,0x30e2,0x4163,0x30e2,0x30e2,0x30e2,0x30e2,0x30e2,0x30e2,0x30e2,0x30e2,0x30e2,0x30e2,0x30e2,0x30e2,
0x820,0x820,0x820,0x30e2,0x30e2,0x30e2,0x820,0x820,0x820,0x820,0x820,0x820,0x820,0x820,0x820,0x820,0x2903,0x2903,0x2903,0x2903,0x2903,0x2903,0x10c3,0x10c3,
0x10c3,0x10c3,0x10c3,0x820,0x820,0x820,0x10c3,0x10c3,0x10c3,0x10c3,0x10c3,0x10c3,0x10c3,0x10c3,0x10c3,0x10c3,0x10c3,0x10c3,0x1083,0x1083,0x1083,0x1083,0x1083,0x1083,
0x1083,0x1083,0x1083,0x1083,0x1083,0x1083,0x1083,0x1083,0x1083,0x1083,0x1083,0x1083,0x1083,0x1083,0x1083,0x1083,0x1083,0x1083,0x1083,0x1083,0x1083,0x1083,0x1083,0x1083,
0x1083,0x1083,0x1083,0x1083,0x1083,0x1083,0x1083,0x1083,0x1083,0x1083,0x1083,0x1083,0x1083,0x1083,0x1083,0x1083,0x1083,0x1083,0x1083,0x1083,0x1083,0x1083,0x1083,0x1083,
0x1083,0x1083,0x1083,0x1083,0x1083,0x1083,0x1083,0x1083,0x1083,0x1083,0x1083,0x1083,0x1083,0x1083,0x1083,0x1083,0x1083,0x1083,0x1083,0x1083,0x1083,0x1083,0x1083,0x1083,
0x1083,0x1083,0x1083,0x1083,0x1083,0x1083,0x1083,0x1083,0x1083,0x1083,0x1083,0x1083,0x1083,0x1083,0x1083,0x1083,0x1083,0x1083,0x1083,0x1083,0x1083,0x1083,0x1083,0x1083,
0x1083,0x1083,0x1083,0x1083,0x1083,0x820,0x820,0x820,0x820,0x820,0x820,0x820,0x820,0x820,0x820,0x820,0x820,0x820,0x820,0x820,0x820,0x820,0x820,0x820,
0x820,0x820,0x820,0x820,0x820,0x820,0x820,0x820,0x820,0x820,0x820,0x820,0x820,0x820,0x820,0x820,0x820,0x820,0x820,0x820,0x820,0x820,0x820,0x820,
0x820,0x820,0x820,0x820,0x30e2,0x30e2,0x30e2,0x30e2,0x30e2,0x30e2,0x30e2,0x30e2,0x30e2,0x30e2,0x30e2,0x30e2,0x30e2,0x30e2,0x20,0x30e2,0x30e2,0x30e2,0x30e2,0x30e2,
0x4163,0x4163,0x4163,0x4163,0x4163,0x4163,0x4163,0x4163,0x4163,0x4163,0x4163,0x4163,0x4163,0x30e2,0x30e2,0x30e2,0x30e2,0x30e2,0x30e2,0x30e2,0x30e2,0x30e2,0x30e2,0x30e2,
0x30e2,0x30e2,0x30e2,0x30e2,0x30e2,0x30e2,0x30e2,0x30e2,0x820,0x820,0x820,0x820,0x820,0x820,0x820,0x820,0x820,0x820,0x820,0x820,0x2903,0x2903,0x10c3,0x10c3,
0x10c3,0x10c3,0x820,0x820,0x820,0x820,0x10c3,0x10c3,0x10c3,0x10c3,0x10c3,0x10c3,0x10c3,0x10c3,0x10c3,0x10c3,0x10c3,0x10c3,0x1083,0x1083,0x1083,0x1083,0x1083,0x1083,
0x1083,0x1083,0x1083,0x1083,0x1083,0x1083,0x1083,0x1083,0x1083,0x1083,0x1083,0x1083,0x1083,0x1083,0x1083,0x1083,0x1083,0x1083,0x1083,0x1083,0x1083,0x1083,0x1083,0x1083,
0x1083,0x1083,0x1083,0x1083,0x1083,0x1083,0x1083,0x1083,0x1083,0x1083,0x1083,0x1083,0x1083,0x1083,0x1083,0x1083,0x1083,0x1083,0x1083,0x1083,0x1083,0x1083,0x1083,0x1083,
0x1083,0x1083,0x1083,0x1083,0x1083,0x1083,0x1083,0x1083,0x1083,0x1083,0x1083,0x1083,0x1083,0x1083,0x1083,0x1083,0x1083,0x1083,0x1083,0x1083,0x1083,0x1083,0x1083,0x1083,
0x1083,0x1083,0x1083,0x1083,0x1083,0x1083,0x1083,0x1083,0x1083,0x1083,0x1083,0x1083,0x1083,0x1083,0x1083,0x1083,0x1083,0x1083,0x1083,0x1083,0x1083,0x1083,0x1083,0x1083,
0x1083,0x1083,0x1083,0x1083,0x1083,0x820,0x820,0x820,0x820,0x820,0x820,0x820,0x820,0x820,0x820,0x820,0x820,0x820,0x820,0x820,0x820,0x820,0x820,0x820,
0x820,0x820,0x820,0x820,0x820,0x820,0x820,0x820,0x820,0x820,0x820,0x820,0x820,0x820,0x820,0x820,0x820,0x820,0x820,0x820,0x820,0x820,0x820,0x820,
0x820,0x820,0x30e2,0x30e2,0x30e2,0x30e2,0x30e2,0x30e2,0x30e2,0x30e2,0x30e2,0x30e2,0x30e2,0x30e2,0x30e2,0x30e2,0x30e2,0x20,0x20,0x20,0x30e2,0x30e2,0x30e2,0x4163,
0x4163,0x4163,0x4163,0x4163,0x4163,0x4163,0x4163,0x4163,0x4163,0x4163,0x4163,0x4163,0x4163,0x4163,0x4163,0x4163,0x4163,0x30e2,0x30e2,0x30e2,0x30e2,0x30e2,0x30e2,0x30e2,
0x30e2,0x30e2,0x30e2,0x30e2,0x30e2,0x30e2,0x30e2,0x30e2,0x30e2,0x30e2,0x820,0x820,0x820,0x820,0x820,0x820,0x820,0x2903,0x820,0x820,0x820,0x820,0x820,0x820,
0x820,0x820,0x820,0x820,0x820,0x820,0x820,0x10c3,0x10c3,0x10c3,0x10c3,0x10c3,0x10c3,0x10c3,0x10c3,0x10c3,0x10c3,0x10c3,0x1083,0x1083,0x1083,0x1083,0x1083,0x1083,
0x1083,0x1083,0x1083,0x1083,0x1083,0x1083,0x1083,0x1083,0x1083,0x1083,0x1083,0x1083,0x1083,0x1083,0x1083,0x1083,0x1083,0x1083,0x1083,0x1083,0x1083,0x1083,0x1083,0x1083,
0x1083,0x1083,0x1083,0x1083,0x1083,0x1083,0x1083,0x1083,0x1083,0x1083,0x1083,0x1083,0x1083,0x1083,0x1083,0x1083,0x1083,0x1083,0x1083,0x1083,0x1083,0x1083,0x1083,0x1083,
0x1083,0x1083,0x1083,0x1083,0x1083,0x1083,0x1083,0x1083,0x1083,0x1083,0x1083,0x1083,0x1083,0x1083,0x1083,0x1083,0x1083,0x1083,0x1083,0x1083,0x1083,0x1083,0x1083,0x1083,
0x1083,0x1083,0x1083,0x1083,0x1083,0x1083,0x1083,0x1083,0x1083,0x1083,0x1083,0x1083,0x1083,0x1083,0x1083,0x1083,0x1083,0x1083,0x1083,0x1083,0x1083,0x1083,0x1083,0x1083,
0x1083,0x1083,0x1083,0x1083,0x1083,0x820,0x820,0x820,0x820,0x820,0x820,0x820,0x820,0x820,0x820,0x820,0x820,0x820,0x820,0x820,0x820,0x820,0x820,0x820,
0x820,0x820,0x820,0x820,0x820,0x820,0x820,0x820,0x820,0x820,0x820,0x820,0x820,0x820,0x820,0x820,0x820,0x820,0x820,0x820,0x820,0x820,0x820,0x820,
0x820,0x30e2,0x30e2,0x30e2,0x30e2,0x30e2,0x30e2,0x30e2,0x30e2,0x30e2,0x30e2,0x30e2,0x30e2,0x30e2,0x30e2,0x30e2,0x30e2,0x20,0x20,0x20,0x428b,0x4163,0x4163,0x4163,
0x4163,0x4163,0x4163,0x4163,0x4163,0x4163,0x4163,0x4163,0x4163,0x4163,0x4163,0x4163,0x4163,0x4163,0x4163,0x4163,0x4163,0x30e2,0x30e2,0x30e2,0x30e2,0x30e2,0x30e2,0x30e2,
0x30e2,0x30e2,0x30e2,0x30e2,0x30e2,0x30e2,0x30e2,0x30e2,0x4163,0x4163,0x820,0x820,0x820,0x820,0x820,0x820,0x2903,0x2903,0x2903,0x2903,0x820,0x2903,0x820,0x820,
0x820,0x820,0x820,0x820,0x820,0x820,0x820,0x10c3,0x10c3,0x10c3,0x10c3,0x10c3,0x10c3,0x10c3,0x10c3,0x10c3,0x10c3,0x820,0x1083,0x1083,0x1083,0x1083,0x1083,0x1083,
0x1083,0x1083,0x1083,0x1083,0x1083,0x1083,0x1083,0x1083,0x1083,0x1083,0x1083,0x1083,0x1083,0x1083,0x1083,0x1083,0x1083,0x1083,0x1083,0x1083,0x1083,0x1083,0x1083,0x1083,
0x1083,0x1083,0x1083,0x1083,0x1083,0x1083,0x1083,0x1083,0x1083,0x1083,0x1083,0x1083,0x1083,0x1083,0x1083,0x1083,0x1083,0x1083,0x1083,0x1083,0x1083,0x1083,0x1083,0x1083,
0x1083,0x1083,0x1083,0x1083,0x1083,0x1083,0x1083,0x1083,0x1083,0x1083,0x1083,0x1083,0x1083,0x1083,0x1083,0x1083,0x1083,0x1083,0x1083,0x1083,0x1083,0x1083,0x1083,0x1083,
0x1083,0x1083,0x1083,0x1083,0x1083,0x1083,0x1083,0x1083,0x1083,0x1083,0x1083,0x1083,0x1083,0x1083,0x1083,0x1083,0x1083,0x1083,0x1083,0x1083,0x1083,0x1083,0x1083,0x1083,
0x1083,0x1083,0x1083,0x1083,0x1083,0x820,0x820,0x820,0x820,0x820,0x820,0x820,0x820,0x820,0x820,0x820,0x820,0x820,0x820,0x820,0x820,0x820,0x820,0x820,
0x820,0x820,0x820,0x820,0x820,0x820,0x820,0x820,0x820,0x820,0x820,0x820,0x820,0x820,0x820,0x820,0x820,0x820,0x820,0x820,0x820,0x820,0x820,0x820,
0x820,0x30e2,0x30e2,0x30e2,0x30e2,0x30e2,0x30e2,0x30e2,0x30e2,0x30e2,0x30e2,0x30e2,0x30e2,0x30e2,0x30e2,0x30e2,0x30e2,0x4163,0x4163,0x20,0x20,0x20,0x841,0x0,
0x0,0x4163,0x4163,0x4163,0x4163,0x4163,0x4163,0x4163,0x4163,0x4163,0x4163,0x4163,0x4163,0x4163,0x4163,0x4163,0x4163,0x4163,0x30e2,0x30e2,0x30e2,0x30e2,0x30e2,0x30e2,
0x30e2,0x30e2,0x30e2,0x30e2,0x30e2,0x30e2,0x4163,0x4163,0x4163,0x4163,0x820,0x820,0x820,0x820,0x820,0x820,0x2903,0x2903,0x2903,0x2903,0x2903,0x2903,0x10c3,0x10c3,
0x10c3,0x10c3,0x820,0x820,0x820,0x820,0x820,0x820,0x820,0x820,0x820,0x10c3,0x10c3,0x10c3,0x10c3,0x10c3,0x820,0x820,0x1083,0x1083,0x1083,0x1083,0x1083,0x1083,
0x1083,0x1083,0x1083,0x1083,0x1083,0x1083,0x1083,0x1083,0x1083,0x1083,0x1083,0x1083,0x1083,0x1083,0x1083,0x1083,0x1083,0x1083,0x1083,0x1083,0x1083,0x1083,0x1083,0x1083,
0x1083,0x1083,0x1083,0x1083,0x1083,0x1083,0x1083,0x1083,0x1083,0x1083,0x1083,0x1083,0x1083,0x1083,0x1083,0x1083,0x1083,0x1083,0x1083,0x1083,0x1083,0x1083,0x1083,0x1083,
0x1083,0x1083,0x1083,0x1083,0x1083,0x1083,0x1083,0x1083,0x1083,0x1083,0x1083,0x1083,0x1083,0x1083,0x1083,0x1083,0x1083,0x1083,0x1083,0x1083,0x1083,0x1083,0x1083,0x1083,
0x1083,0x1083,0x1083,0x1083,0x1083,0x1083,0x1083,0x1083,0x1083,0x1083,0x1083,0x1083,0x1083,0x1083,0x1083,0x1083,0x1083,0x1083,0x1083,0x1083,0x1083,0x1083,0x1083,0x1083,
0x1083,0x1083,0x1083,0x1083,0x1083,0x820,0x820,0x820,0x820,0x820,0x820,0x820,0x820,0x820,0x820,0x820,0x820,0x820,0x820,0x820,0x820,0x820,0x820,0x820,
0x820,0x820,0x820,0x820,0x820,0x820,0x820,0x820,0x820,0x820,0x820,0x820,0x820,0x820,0x820,0x820,0x820,0x820,0x820,0x820,0x820,0x820,0x820,0x820,
0x820,0x30e2,0x30e2,0x30e2,0x30e2,0x30e2,0x30e2,0x30e2,0x30e2,0x30e2,0x30e2,0x30e2,0x30e2,0x30e2,0x30e2,0x30e2,0x4163,0x4163,0x0,0x841,0x841,0x0,0x841,0x0,
0x0,0x841,0x0,0x4163,0x4163,0x4163,0x4163,0x4163,0x4163,0x4163,0x4163,0x4163,0x4163,0x4163,0x4163,0x4163,0x4163,0x4163,0x30e2,0x30e2,0x30e2,0x30e2,0x30e2,0x30e2,
0x30e2,0x30e2,0x30e2,0x30e2,0x30e2,0x30e2,0x4163,0x4163,0x4163,0x4163,0x820,0x820,0x820,0x820,0x820,0x820,0x2903,0x2903,0x2903,0x2903,0x820,0x2903,0x2903,0x10c3,
0x10c3,0x10c3,0x10c3,0x10c3,0x10c3,0x820,0x820,0x820,0x820,0x820,0x820,0x820,0x820,0x820,0x820,0x820,0x820,0x820,0x1083,0x1083,0x1083,0x1083,0x1083,0x1083,
0x1083,0x1083,0x1083,0x1083,0x1083,0x1083,0x1083,0x1083,0x1083,0x1083,0x1083,0x1083,0x1083,0x1083,0x1083,0x1083,0x1083,0x1083,0x1083,0x1083,0x1083,0x1083,0x1083,0x1083,
0x1083,0x1083,0x1083,0x1083,0x1083,0x1083,0x1083,0x1083,0x1083,0x1083,0x1083,0x1083,0x1083,0x1083,0x1083,0x1083,0x1083,0x1083,0x1083,0x1083,0x1083,0x1083,0x1083,0x1083,
0x1083,0x1083,0x1083,0x1083,0x1083,0x1083,0x1083,0x1083,0x1083,0x1083,0x1083,0x1083,0x1083,0x1083,0x1083,0x1083,0x1083,0x1083,0x1083,0x1083,0x1083,0x1083,0x1083,0x1083,
0x1083,0x1083,0x1083,0x1083,0x1083,0x1083,0x1083,0x1083,0x1083,0x1083,0x1083,0x1083,0x1083,0x1083,0x1083,0x1083,0x1083,0x1083,0x1083,0x1083,0x1083,0x1083,0x1083,0x1083,
0x1083,0x1083,0x1083,0x1083,0x1083,0x820,0x820,0x820,0x820,0x820,0x820,0x820,0x820,0x820,0x820,0x820,0x820,0x820,0x820,0x820,0x820,0x820,0x820,0x820,
0x820,0x820,0x820,0x820,0x820,0x820,0x820,0x820,0x820,0x820,0x820,0x820,0x820,0x820,0x820,0x820,0x820,0x820,0x820,0x820,0x820,0x820,0x820,0x820,
0x820,0x30e2,0x30e2,0x30e2,0x30e2,0x30e2,0x30e2,0x30e2,0x30e2,0x30e2,0x30e2,0x30e2,0x30e2,0x30e2,0x30e2,0x30e2,0x0,0x0,0x841,0x20,0x0,0x0,0x0,0x841,
0x0,0x841,0x841,0x841,0x4163,0x4163,0x4163,0x0,0x4163,0x4163,0x4163,0x4163,0x4163,0x4163,0x4163,0x4163,0x4163,0x4163,0x4163,0x30e2,0x30e2,0x30e2,0x30e2,0x30e2,
0x30e2,0x30e2,0x30e2,0x30e2,0x30e2,0x30e2,0x4163,0x4163,0x4163,0x4163,0x4163,0x820,0x820,0x820,0x820,0x2903,0x2903,0x2903,0x2903,0x2903,0x820,0x2903,0x2903,0x10c3,
0x10c3,0x10c3,0x10c3,0x10c3,0x10c3,0x10c3,0x820,0x820,0x10c3,0x10c3,0x10c3,0x820,0x820,0x820,0x820,0x820,0x10c3,0x10c3,0x1083,0x1083,0x1083,0x1083,0x1083,0x1083,
0x1083,0x1083,0x1083,0x1083,0x1083,0x1083,0x1083,0x1083,0x1083,0x1083,0x1083,0x1083,0x1083,0x1083,0x1083,0x1083,0x1083,0x1083,0x1083,0x1083,0x1083,0x1083,0x1083,0x1083,
0x1083,0x1083,0x1083,0x1083,0x1083,0x1083,0x1083,0x1083,0x1083,0x1083,0x1083,0x1083,0x1083,0x1083,0x1083,0x1083,0x1083,0x1083,0x1083,0x1083,0x1083,0x1083,0x1083,0x1083,
0x1083,0x1083,0x1083,0x1083,0x1083,0x1083,0x1083,0x1083,0x1083,0x1083,0x1083,0x1083,0x1083,0x1083,0x1083,0x1083,0x1083,0x1083,0x1083,0x1083,0x1083,0x1083,0x1083,0x1083,
0x1083,0x1083,0x1083,0x1083,0x1083,0x1083,0x1083,0x1083,0x1083,0x1083,0x1083,0x1083,0x1083,0x1083,0x1083,0x1083,0x1083,0x1083,0x1083,0x1083,0x1083,0x1083,0x1083,0x1083,
0x1083,0x1083,0x1083,0x1083,0x1083,0x820,0x820,0x820,0x820,0x820,0x820,0x820,0x820,0x820,0x820,0x820,0x820,0x820,0x820,0x820,0x820,0x820,0x820,0x820,
0x820,0x820,0x820,0x820,0x820,0x820,0x820,0x820,0x820,0x820,0x820,0x820,0x820,0x820,0x820,0x820,0x820,0x820,0x820,0x820,0x820,0x820,0x820,0x820,
0x30e2,0x30e2,0x30e2,0x30e2,0x30e2,0x30e2,0x30e2,0x30e2,0x30e2,0x30e2,0x30e2,0x4163,0x4163,0x4163,0x1881,0x841,0x20,0x20,0x20,0x841,0x0,0x0,0x841,0x0,
0x0,0x0,0x0,0x20,0x4163,0x29a7,0x20,0x20,0x29a7,0x4163,0x4163,0x4163,0x4163,0x4163,0x4163,0x4163,0x4163,0x4163,0x4163,0x4163,0x30e2,0x30e2,0x30e2,0x30e2,
0x30e2,0x30e2,0x30e2,0x30e2,0x30e2,0x4163,0x4163,0x4163,0x4163,0x4163,0x4163,0x820,0x820,0x820,0x820,0x2903,0x2903,0x2903,0x2903,0x2903,0x2903,0x820,0x2903,0x10c3,
0x10c3,0x10c3,0x10c3,0x10c3,0x10c3,0x10c3,0x820,0x10c3,0x10c3,0x10c3,0x10c3,0x10c3,0x10c3,0x10c3,0x10c3,0x10c3,0x10c3,0x10c3,0x1083,0x1083,0x1083,0x1083,0x1083,0x1083,
0x1083,0x1083,0x1083,0x1083,0x1083,0x1083,0x1083,0x1083,0x1083,0x1083,0x1083,0x1083,0x1083,0x1083,0x1083,0x1083,0x1083,0x1083,0x1083,0x1083,0x1083,0x1083,0x1083,0x1083,
0x1083,0x1083,0x1083,0x1083,0x1083,0x1083,0x1083,0x1083,0x1083,0x1083,0x1083,0x1083,0x1083,0x1083,0x1083,0x1083,0x1083,0x1083,0x1083,0x1083,0x1083,0x1083,0x1083,0x1083,
0x1083,0x1083,0x1083,0x1083,0x1083,0x1083,0x1083,0x1083,0x1083,0x1083,0x1083,0x1083,0x1083,0x1083,0x1083,0x1083,0x1083,0x1083,0x1083,0x1083,0x1083,0x1083,0x1083,0x1083,
0x1083,0x1083,0x1083,0x1083,0x1083,0x1083,0x1083,0x1083,0x1083,0x1083,0x1083,0x1083,0x1083,0x1083,0x1083,0x1083,0x1083,0x1083,0x1083,0x1083,0x1083,0x1083,0x1083,0x1083,
0x1083,0x1083,0x1083,0x1083,0x1083,0x820,0x820,0x820,0x820,0x820,0x820,0x820,0x820,0x820,0x820,0x820,0x820,0x820,0x820,0x820,0x820,0x820,0x820,0x820,
0x820,0x820,0x820,0x820,0x820,0x820,0x820,0x820,0x820,0x820,0x820,0x820,0x820,0x820,0x820,0x820,0x820,0x820,0x820,0x820,0x820,0x820,0x820,0x4163,
0x4163,0x30e2,0x30e2,0x30e2,0x30e2,0x30e2,0x30e2,0x30e2,0x30e2,0x30e2,0x30e2,0x4163,0x4163,0x0,0x20,0x20,0x20,0x841,0x841,0x841,0x841,0x0,0x841,0x841,
0x0,0x0,0x0,0x0,0x428b,0x20,0x20,0x0,0x841,0x0,0x4163,0x4163,0x4163,0x4163,0x4163,0x4163,0x4163,0x4163,0x4163,0x4163,0x30e2,0x30e2,0x30e2,0x30e2,
0x30e2,0x30e2,0x30e2,0x30e2,0x4163,0x4163,0x4163,0x4163,0x4163,0x4163,0x4163,0x820,0x820,0x820,0x820,0x820,0x2903,0x2903,0x2903,0x2903,0x2903,0x820,0x2903,0x10c3,
0x10c3,0x10c3,0x10c3,0x10c3,0x10c3,0x10c3,0x820,0x10c3,0x10c3,0x10c3,0x10c3,0x10c3,0x10c3,0x10c3,0x10c3,0x10c3,0x10c3,0x10c3,0x1083,0x1083,0x1083,0x1083,0x1083,0x1083,
0x1083,0x1083,0x1083,0x1083,0x1083,0x1083,0x1083,0x1083,0x1083,0x1083,0x1083,0x1083,0x1083,0x1083,0x1083,0x1083,0x1083,0x1083,0x1083,0x1083,0x1083,0x1083,0x1083,0x1083,
0x1083,0x1083,0x1083,0x1083,0x1083,0x1083,0x1083,0x1083,0x1083,0x1083,0x1083,0x1083,0x1083,0x1083,0x1083,0x1083,0x1083,0x1083,0x1083,0x1083,0x1083,0x1083,0x1083,0x1083,
0x1083,0x1083,0x1083,0x1083,0x1083,0x1083,0x1083,0x1083,0x1083,0x1083,0x1083,0x1083,0x1083,0x1083,0x1083,0x1083,0x1083,0x1083,0x1083,0x1083,0x1083,0x1083,0x1083,0x1083,
0x1083,0x1083,0x1083,0x1083,0x1083,0x1083,0x1083,0x1083,0x1083,0x1083,0x1083,0x1083,0x1083,0x1083,0x1083,0x1083,0x1083,0x1083,0x1083,0x1083,0x1083,0x1083,0x1083,0x1083,
0x1083,0x1083,0x1083,0x1083,0x1083,0x820,0x820,0x820,0x820,0x820,0x820,0x820,0x820,0x820,0x820,0x820,0x820,0x820,0x820,0x820,0x820,0x820,0x820,0x820,
0x820,0x820,0x820,0x820,0x820,0x820,0x820,0x820,0x820,0x820,0x820,0x820,0x820,0x820,0x820,0x820,0x820,0x820,0x820,0x820,0x820,0x820,0x4163,0x4163,
0x4163,0x4163,0x30e2,0x30e2,0x30e2,0x30e2,0x30e2,0x30e2,0x30e2,0x30e2,0x30e2,0x4163,0x0,0x0,0x841,0x841,0x841,0x841,0x1881,0x841,0x841,0x0,0x0,0x841,
0x841,0x841,0x0,0x0,0x20,0x20,0x0,0x0,0x0,0x841,0x0,0x4163,0x4163,0x4163,0x4163,0x4163,0x4163,0x4163,0x4163,0x4163,0x30e2,0x30e2,0x30e2,0x30e2,
0x30e2,0x30e2,0x30e2,0x4163,0x4163,0x4163,0x4163,0x4163,0x4163,0x4163,0x4163,0x4163,0x820,0x820,0x820,0x820,0x820,0x820,0x820,0x2903,0x2903,0x2903,0x2903,0x2903,
0x10c3,0x10c3,0x10c3,0x10c3,0x10c3,0x820,0x820,0x10c3,0x10c3,0x10c3,0x10c3,0x10c3,0x10c3,0x10c3,0x10c3,0x10c3,0x10c3,0x10c3,0x1083,0x1083,0x1083,0x1083,0x1083,0x1083,
0x1083,0x1083,0x1083,0x1083,0x1083,0x1083,0x1083,0x1083,0x1083,0x1083,0x1083,0x1083,0x1083,0x1083,0x1083,0x1083,0x1083,0x1083,0x1083,0x1083,0x1083,0x1083,0x1083,0x1083,
0x1083,0x1083,0x1083,0x1083,0x1083,0x1083,0x1083,0x1083,0x1083,0x1083,0x1083,0x1083,0x1083,0x1083,0x1083,0x1083,0x1083,0x1083,0x1083,0x1083,0x1083,0x1083,0x1083,0x1083,
0x1083,0x1083,0x1083,0x1083,0x1083,0x1083,0x1083,0x1083,0x1083,0x1083,0x1083,0x1083,0x1083,0x1083,0x1083,0x1083,0x1083,0x1083,0x1083,0x1083,0x1083,0x1083,0x1083,0x1083,
0x1083,0x1083,0x1083,0x1083,0x1083,0x1083,0x1083,0x1083,0x1083,0x1083,0x1083,0x1083,0x1083,0x1083,0x1083,0x1083,0x1083,0x1083,0x1083,0x1083,0x1083,0x1083,0x1083,0x1083,
0x1083,0x1083,0x1083,0x1083,0x1083,0x820,0x820,0x820,0x820,0x820,0x820,0x820,0x820,0x820,0x820,0x820,0x820,0x820,0x820,0x820,0x820,0x820,0x820,0x820,
0x820,0x820,0x820,0x820,0x820,0x820,0x820,0x820,0x820,0x820,0x820,0x820,0x820,0x820,0x820,0x820,0x820,0x820,0x820,0x820,0x820,0x820,0x4163,0x4163,
0x4163,0x4163,0x30e2,0x30e2,0x30e2,0x30e2,0x30e2,0x30e2,0x30e2,0x30e2,0x30e2,0x0,0x0,0x0,0x1881,0x841,0x1041,0x841,0x1881,0x841,0x1881,0x4163,0x0,0x0,
0x841,0x841,0x4163,0x20,0x0,0x0,0x841,0x0,0x841,0x10a2,0x4163,0x4163,0x4163,0x4163,0x4163,0x4163,0x4163,0x4163,0x4163,0x4163,0x30e2,0x30e2,0x30e2,0x30e2,
0x30e2,0x30e2,0x30e2,0x4163,0x4163,0x4163,0x4163,0x4163,0x4163,0x4163,0x4163,0x4163,0x820,0x820,0x820,0x820,0x820,0x820,0x820,0x820,0x2903,0x2903,0x2903,0x2903,
0x10c3,0x10c3,0x10c3,0x10c3,0x10c3,0x820,0x820,0x10c3,0x10c3,0x10c3,0x10c3,0x10c3,0x10c3,0x10c3,0x10c3,0x10c3,0x10c3,0x10c3,0x1083,0x1083,0x1083,0x1083,0x1083,0x1083,
0x1083,0x1083,0x1083,0x1083,0x1083,0x1083,0x1083,0x1083,0x1083,0x1083,0x1083,0x1083,0x1083,0x1083,0x1083,0x1083,0x1083,0x1083,0x1083,0x1083,0x1083,0x1083,0x1083,0x1083,
0x1083,0x1083,0x1083,0x1083,0x1083,0x1083,0x1083,0x1083,0x1083,0x1083,0x1083,0x1083,0x1083,0x1083,0x1083,0x1083,0x1083,0x1083,0x1083,0x1083,0x1083,0x1083,0x1083,0x1083,
0x1083,0x1083,0x1083,0x1083,0x1083,0x1083,0x1083,0x1083,0x1083,0x1083,0x1083,0x1083,0x1083,0x1083,0x1083,0x1083,0x1083,0x1083,0x1083,0x1083,0x1083,0x1083,0x1083,0x1083,
0x1083,0x1083,0x1083,0x1083,0x1083,0x1083,0x1083,0x1083,0x1083,0x1083,0x1083,0x1083,0x1083,0x1083,0x1083,0x1083,0x1083,0x1083,0x1083,0x1083,0x1083,0x1083,0x1083,0x1083,
0x1083,0x1083,0x1083,0x1083,0x1083,0x820,0x820,0x820,0x820,0x820,0x820,0x820,0x820,0x820,0x820,0x820,0x820,0x820,0x820,0x820,0x820,0x820,0x820,0x820,
0x820,0x820,0x820,0x820,0x820,0x820,0x820,0x820,0x820,0x820,0x820,0x820,0x820,0x820,0x820,0x820,0x820,0x820,0x820,0x820,0x820,0x820,0x4163,0x4163,
0x4163,0x4163,0x4163,0x30e2,0x30e2,0x30e2,0x30e2,0x30e2,0x30e2,0x30e2,0x0,0x0,0x0,0x1881,0x3922,0x1881,0x841,0x1041,0x841,0x1881,0x841,0x4163,0x4163,0x4163,
0x4163,0x0,0x20,0x20,0x0,0x841,0x0,0x841,0x10a2,0x4163,0x4163,0x4163,0x4163,0x4163,0x4163,0x4163,0x4163,0x4163,0x4163,0x4163,0x30e2,0x30e2,0x30e2,0x30e2,
0x30e2,0x30e2,0x4163,0x4163,0x4163,0x4163,0x4163,0x4163,0x4163,0x4163,0x4163,0x4163,0x820,0x820,0x820,0x820,0x820,0x820,0x820,0x820,0x820,0x820,0x820,0x820,
0x820,0x10c3,0x10c3,0x820,0x820,0x820,0x820,0x10c3,0x10c3,0x10c3,0x10c3,0x10c3,0x10c3,0x10c3,0x10c3,0x10c3,0x10c3,0x10c3,0x1083,0x1083,0x1083,0x1083,0x1083,0x1083,
0x1083,0x1083,0x1083,0x1083,0x1083,0x1083,0x1083,0x1083,0x1083,0x1083,0x1083,0x1083,0x1083,0x1083,0x1083,0x1083,0x1083,0x1083,0x1083,0x1083,0x1083,0x1083,0x1083,0x1083,
0x1083,0x1083,0x1083,0x1083,0x1083,0x1083,0x1083,0x1083,0x1083,0x1083,0x1083,0x1083,0x1083,0x1083,0x1083,0x1083,0x1083,0x1083,0x1083,0x1083,0x1083,0x1083,0x1083,0x1083,
0x1083,0x1083,0x1083,0x1083,0x1083,0x1083,0x1083,0x1083,0x1083,0x1083,0x1083,0x1083,0x1083,0x1083,0x1083,0x1083,0x1083,0x1083,0x1083,0x1083,0x1083,0x1083,0x1083,0x1083,
0x1083,0x1083,0x1083,0x1083,0x1083,0x1083,0x1083,0x1083,0x1083,0x1083,0x1083,0x1083,0x1083,0x1083,0x1083,0x1083,0x1083,0x1083,0x1083,0x1083,0x1083,0x1083,0x1083,0x1083,
0x1083,0x1083,0x1083,0x1083,0x1083,0x820,0x820,0x820,0x820,0x820,0x820,0x820,0x820,0x820,0x820,0x820,0x820,0x820,0x820,0x820,0x820,0x820,0x820,0x820,
0x820,0x820,0x820,0x820,0x820,0x820,0x820,0x820,0x820,0x820,0x820,0x820,0x820,0x820,0x820,0x820,0x820,0x820,0x820,0x820,0x820,0x4163,0x4163,0x4163,
0x4163,0x4163,0x4163,0x30e2,0x30e2,0x30e2,0x30e2,0x30e2,0x30e2,0x0,0x0,0x841,0x1881,0x3922,0x9b05,0x6a24,0x9b05,0x3922,0x841,0x0,0x4163,0x4163,0x4163,0x4163,
0x4163,0x4163,0x20,0x0,0x0,0x0,0x841,0x10a2,0x4163,0x4163,0x4163,0x4163,0x4163,0x4163,0x4163,0x4163,0x4163,0x4163,0x4163,0x4163,0x30e2,0x30e2,0x30e2,0x30e2,
0x30e2,0x30e2,0x4163,0x4163,0x4163,0x4163,0x4163,0x4163,0x4163,0x4163,0x4163,0x820,0x820,0x820,0x820,0x820,0x2903,0x2903,0x2903,0x10c3,0x10c3,0x820,0x820,0x820,
0x820,0x820,0x820,0x820,0x820,0x820,0x820,0x10c3,0x10c3,0x10c3,0x10c3,0x10c3,0x2903,0x10c3,0x10c3,0x10c3,0x10c3,0x2903,0x1083,0x1083,0x1083,0x1083,0x1083,0x1083,
0x1083,0x1083,0x1083,0x1083,0x1083,0x1083,0x1083,0x1083,0x1083,0x1083,0x1083,0x1083,0x1083,0x1083,0x1083,0x1083,0x1083,0x1083,0x1083,0x1083,0x1083,0x1083,0x1083,0x1083,
0x1083,0x1083,0x1083,0x1083,0x1083,0x1083,0x1083,0x1083,0x1083,0x1083,0x1083,0x1083,0x1083,0x1083,0x1083,0x1083,0x1083,0x1083,0x1083,0x1083,0x1083,0x1083,0x1083,0x1083,
0x1083,0x1083,0x1083,0x1083,0x1083,0x1083,0x1083,0x1083,0x1083,0x1083,0x1083,0x1083,0x1083,0x1083,0x1083,0x1083,0x1083,0x1083,0x1083,0x1083,0x1083,0x1083,0x1083,0x1083,
0x1083,0x1083,0x1083,0x1083,0x1083,0x1083,0x1083,0x1083,0x1083,0x1083,0x1083,0x1083,0x1083,0x1083,0x1083,0x1083,0x1083,0x1083,0x1083,0x1083,0x1083,0x1083,0x1083,0x1083,
0x1083,0x1083,0x1083,0x1083,0x1083,0x820,0x820,0x820,0x820,0x820,0x820,0x820,0x820,0x820,0x820,0x820,0x820,0x820,0x820,0x820,0x820,0x820,0x820,0x820,
0x820,0x820,0x820,0x820,0x820,0x820,0x820,0x820,0x820,0x820,0x820,0x820,0x820,0x820,0x820,0x820,0x820,0x820,0x820,0x820,0x820,0x4163,0x4163,0x4163,
0x4163,0x4163,0x4163,0x4163,0x30e2,0x30e2,0x30e2,0x30e2,0x30e2,0x0,0x0,0x1881,0x3922,0x6a24,0x6a24,0x1881,0x3922,0x841,0x1041,0x4163,0x4163,0x4163,0x4163,0x4163,
0x4163,0x4163,0x4163,0x0,0x0,0x841,0x10a2,0x4163,0x4163,0x4163,0x4163,0x4163,0x4163,0x4163,0x4163,0x4163,0x4163,0x4163,0x4163,0x4163,0x30e2,0x30e2,0x30e2,0x30e2,
0x30e2,0x30e2,0x4163,0x4163,0x4163,0x4163,0x4163,0x4163,0x4163,0x4163,0x4163,0x820,0x820,0x820,0x820,0x820,0x2903,0x2903,0x2903,0x10c3,0x10c3,0x10c3,0x10c3,0x820,
0x820,0x820,0x820,0x820,0x820,0x820,0x820,0x820,0x10c3,0x10c3,0x10c3,0x2903,0x2903,0x2903,0x2903,0x2903,0x2903,0x2903,0x1083,0x1083,0x1083,0x1083,0x1083,0x1083,
0x1083,0x1083,0x1083,0x1083,0x1083,0x1083,0x1083,0x1083,0x1083,0x1083,0x1083,0x1083,0x1083,0x1083,0x1083,0x1083,0x1083,0x1083,0x1083,0x1083,0x1083,0x1083,0x1083,0x1083,
0x1083,0x1083,0x1083,0x1083,0x1083,0x1083,0x1083,0x1083,0x1083,0x1083,0x1083,0x1083,0x1083,0x1083,0x1083,0x1083,0x1083,0x1083,0x1083,0x1083,0x1083,0x1083,0x1083,0x1083,
0x1083,0x1083,0x1083,0x1083,0x1083,0x1083,0x1083,0x1083,0x1083,0x1083,0x1083,0x1083,0x1083,0x1083,0x1083,0x1083,0x1083,0x1083,0x1083,0x1083,0x1083,0x1083,0x1083,0x1083,
0x1083,0x1083,0x1083,0x1083,0x1083,0x1083,0x1083,0x1083,0x1083,0x1083,0x1083,0x1083,0x1083,0x1083,0x1083,0x1083,0x1083,0x1083,0x1083,0x1083,0x1083,0x1083,0x1083,0x1083,
0x1083,0x1083,0x1083,0x1083,0x1083,0x820,0x820,0x820,0x820,0x820,0x820,0x820,0x820,0x820,0x820,0x820,0x820,0x820,0x820,0x820,0x820,0x820,0x820,0x820,
0x820,0x820,0x820,0x820,0x820,0x820,0x820,0x820,0x820,0x820,0x820,0x820,0x820,0x820,0x820,0x820,0x820,0x820,0x820,0x820,0x4163,0x4163,0x4163,0x4163,
0x4163,0x4163,0x4163,0x4163,0x30e2,0x30e2,0x30e2,0x30e2,0x30e2,0x0,0x0,0x3922,0x8285,0x9b05,0x59c3,0x3922,0x841,0x1041,0x29a7,0x4163,0x4163,0x4163,0x4163,0x4163,
0x4163,0x4163,0x4163,0x4163,0x10a2,0x4163,0x4163,0x4163,0x4163,0x4163,0x4163,0x4163,0x4163,0x4163,0x4163,0x4163,0x4163,0x4163,0x4163,0x4163,0x30e2,0x30e2,0x30e2,0x30e2,
0x30e2,0x30e2,0x4163,0x4163,0x4163,0x4163,0x4163,0x4163,0x4163,0x4163,0x4163,0x4163,0x820,0x820,0x820,0x820,0x820,0x2903,0x2903,0x10c3,0x10c3,0x10c3,0x10c3,0x10c3,
0x820,0x820,0x2903,0x2903,0x10c3,0x10c3,0x820,0x820,0x820,0x820,0x820,0x820,0x820,0x820,0x820,0x820,0x820,0x820,0x1083,0x1083,0x1083,0x1083,0x1083,0x1083,
0x1083,0x1083,0x1083,0x1083,0x1083,0x1083,0x1083,0x1083,0x1083,0x1083,0x1083,0x1083,0x1083,0x1083,0x1083,0x1083,0x1083,0x1083,0x1083,0x1083,0x1083,0x1083,0x1083,0x1083,
0x1083,0x1083,0x1083,0x1083,0x1083,0x1083,0x1083,0x1083,0x1083,0x1083,0x1083,0x1083,0x1083,0x1083,0x1083,0x1083,0x1083,0x1083,0x1083,0x1083,0x1083,0x1083,0x1083,0x1083,
0x1083,0x1083,0x1083,0x1083,0x1083,0x1083,0x1083,0x1083,0x1083,0x1083,0x1083,0x1083,0x1083,0x1083,0x1083,0x1083,0x1083,0x1083,0x1083,0x1083,0x1083,0x1083,0x1083,0x1083,
0x1083,0x1083,0x1083,0x1083,0x1083,0x1083,0x1083,0x1083,0x1083,0x1083,0x1083,0x1083,0x1083,0x1083,0x1083,0x1083,0x1083,0x1083,0x1083,0x1083,0x1083,0x1083,0x1083,0x1083,
0x1083,0x1083,0x1083,0x1083,0x1083,0x820,0x820,0x820,0x820,0x820,0x820,0x820,0x820,0x820,0x820,0x820,0x820,0x820,0x820,0x820,0x820,0x820,0x820,0x820,
0x820,0x820,0x820,0x820,0x820,0x820,0x820,0x820,0x820,0x820,0x820,0x820,0x820,0x820,0x820,0x820,0x820,0x820,0x820,0x820,0x820,0x4163,0x4163,0x4163,
0x4163,0x4163,0x4163,0x4163,0x30e2,0x30e2,0x30e2,0x30e2,0x30e2,0x30e2,0x0,0x1881,0x6a24,0x8285,0x841,0x841,0x1041,0x0,0x4163,0x4163,0x4163,0x4163,0x4163,0x4163,
0x4163,0x4163,0x4163,0x4163,0x4163,0x4163,0x4163,0x4163,0x4163,0x4163,0x4163,0x4163,0x4163,0x4163,0x4163,0x4163,0x4163,0x4163,0x4163,0x4163,0x30e2,0x30e2,0x30e2,0x30e2,
0x30e2,0x30e2,0x4163,0x4163,0x4163,0x4163,0x4163,0x4163,0x4163,0x4163,0x4163,0x4163,0x820,0x820,0x820,0x820,0x820,0x2903,0x2903,0x10c3,0x10c3,0x10c3,0x10c3,0x10c3,
0x820,0x2903,0x2903,0x10c3,0x10c3,0x10c3,0x10c3,0x10c3,0x10c3,0x10c3,0x10c3,0x820,0x820,0x820,0x820,0x820,0x820,0x820,0x1083,0x1083,0x1083,0x1083,0x1083,0x1083,
0x1083,0x1083,0x1083,0x1083,0x1083,0x1083,0x1083,0x1083,0x1083,0x1083,0x1083,0x1083,0x1083,0x1083,0x1083,0x1083,0x1083,0x1083,0x1083,0x1083,0x1083,0x1083,0x1083,0x1083,
0x1083,0x1083,0x1083,0x1083,0x1083,0x1083,0x1083,0x1083,0x1083,0x1083,0x1083,0x1083,0x1083,0x1083,0x1083,0x1083,0x1083,0x1083,0x1083,0x1083,0x1083,0x1083,0x1083,0x1083,
0x1083,0x1083,0x1083,0x1083,0x1083,0x1083,0x1083,0x1083,0x1083,0x1083,0x1083,0x1083,0x1083,0x1083,0x1083,0x1083,0x1083,0x1083,0x1083,0x1083,0x1083,0x1083,0x1083,0x1083,
0x1083,0x1083,0x1083,0x1083,0x1083,0x1083,0x1083,0x1083,0x1083,0x1083,0x1083,0x1083,0x1083,0x1083,0x1083,0x1083,0x1083,0x1083,0x1083,0x1083,0x1083,0x1083,0x1083,0x1083,
0x1083,0x1083,0x1083,0x1083,0x1083,0x820,0x820,0x820,0x820,0x820,0x820,0x820,0x820,0x820,0x820,0x820,0x820,0x820,0x820,0x820,0x820,0x820,0x820,0x820,
0x820,0x820,0x820,0x820,0x820,0x820,0x820,0x820,0x820,0x820,0x820,0x820,0x820,0x820,0x820,0x820,0x820,0x820,0x820,0x820,0x820,0x4163,0x4163,0x4163,
0x4163,0x4163,0x4163,0x4163,0x30e2,0x30e2,0x30e2,0x30e2,0x30e2,0x30e2,0x1041,0x841,0x3922,0x3922,0x841,0x1041,0x1081,0x428b,0x4163,0x4163,0x4163,0x4163,0x4163,0x4163,
0x4163,0x4163,0x4163,0x4163,0x4163,0x4163,0x4163,0x4163,0x4163,0x4163,0x4163,0x4163,0x4163,0x4163,0x4163,0x4163,0x4163,0x4163,0x4163,0x4163,0x30e2,0x30e2,0x30e2,0x30e2,
0x30e2,0x30e2,0x4163,0x4163,0x4163,0x4163,0x4163,0x4163,0x4163,0x4163,0x4163,0x4163,0x820,0x820,0x820,0x820,0x820,0x2903,0x2903,0x2903,0x10c3,0x10c3,0x10c3,0x10c3,
0x820,0x2903,0x2903,0x10c3,0x10c3,0x10c3,0x10c3,0x10c3,0x10c3,0x10c3,0x10c3,0x820,0x820,0x820,0x820,0x10c3,0x2903,0x2903,0x1083,0x1083,0x1083,0x1083,0x1083,0x1083,
0x1083,0x1083,0x1083,0x1083,0x1083,0x1083,0x1083,0x1083,0x1083,0x1083,0x1083,0x1083,0x1083,0x1083,0x1083,0x1083,0x1083,0x1083,0x1083,0x1083,0x1083,0x1083,0x1083,0x1083,
0x1083,0x1083,0x1083,0x1083,0x1083,0x1083,0x1083,0x1083,0x1083,0x1083,0x1083,0x1083,0x1083,0x1083,0x1083,0x1083,0x1083,0x1083,0x1083,0x1083,0x1083,0x1083,0x1083,0x1083,
0x1083,0x1083,0x1083,0x1083,0x1083,0x1083,0x1083,0x1083,0x1083,0x1083,0x1083,0x1083,0x1083,0x1083,0x1083,0x1083,0x1083,0x1083,0x1083,0x1083,0x1083,0x1083,0x1083,0x1083,
0x1083,0x1083,0x1083,0x1083,0x1083,0x1083,0x1083,0x1083,0x1083,0x1083,0x1083,0x1083,0x1083,0x1083,0x1083,0x1083,0x1083,0x1083,0x1083,0x1083,0x1083,0x1083,0x1083,0x1083,
0x1083,0x1083,0x1083,0x1083,0x1083,0x820,0x820,0x820,0x820,0x820,0x820,0x820,0x820,0x820,0x820,0x820,0x820,0x820,0x820,0x820,0x820,0x820,0x820,0x820,
0x820,0x820,0x820,0x820,0x820,0x820,0x820,0x820,0x820,0x820,0x820,0x820,0x820,0x820,0x820,0x820,0x820,0x820,0x820,0x820,0x820,0x4163,0x4163,0x4163,
0x4163,0x4163,0x4163,0x4163,0x30e2,0x30e2,0x30e2,0x30e2,0x30e2,0x30e2,0x0,0x0,0x841,0x1881,0x28c1,0x1081,0x1081,0x1081,0x428b,0x4163,0x4163,0x4163,0x4163,0x4163,
0x4163,0x4163,0x4163,0x4163,0x4163,0x4163,0x4163,0x4163,0x4163,0x4163,0x4163,0x4163,0x4163,0x4163,0x4163,0x4163,0x4163,0x4163,0x4163,0x4163,0x30e2,0x30e2,0x30e2,0x30e2,
0x30e2,0x30e2,0x4163,0x4163,0x4163,0x4163,0x4163,0x4163,0x4163,0x4163,0x4163,0x4163,0x4163,0x820,0x820,0x820,0x820,0x2903,0x2903,0x2903,0x10c3,0x10c3,0x10c3,0x10c3,
0x820,0x2903,0x10c3,0x10c3,0x10c3,0x10c3,0x10c3,0x10c3,0x10c3,0x10c3,0x10c3,0x10c3,0x820,0x820,0x10c3,0x10c3,0x10c3,0x2903,0x1083,0x1083,0x1083,0x1083,0x1083,0x1083,
0x1083,0x1083,0x1083,0x1083,0x1083,0x1083,0x1083,0x1083,0x1083,0x1083,0x1083,0x1083,0x1083,0x1083,0x1083,0x1083,0x1083,0x1083,0x1083,0x1083,0x1083,0x1083,0x1083,0x1083,
0x1083,0x1083,0x1083,0x1083,0x1083,0x1083,0x1083,0x1083,0x1083,0x1083,0x1083,0x1083,0x1083,0x1083,0x1083,0x1083,0x1083,0x1083,0x1083,0x1083,0x1083,0x1083,0x1083,0x1083,
0x1083,0x1083,0x1083,0x1083,0x1083,0x1083,0x1083,0x1083,0x1083,0x1083,0x1083,0x1083,0x1083,0x1083,0x1083,0x1083,0x1083,0x1083,0x1083,0x1083,0x1083,0x1083,0x1083,0x1083,
0x1083,0x1083,0x1083,0x1083,0x1083,0x1083,0x1083,0x1083,0x1083,0x1083,0x1083,0x1083,0x1083,0x1083,0x1083,0x1083,0x1083,0x1083,0x1083,0x1083,0x1083,0x1083,0x1083,0x1083,
0x1083,0x1083,0x1083,0x1083,0x1083,0x820,0x820,0x820,0x820,0x820,0x820,0x820,0x820,0x820,0x820,0x820,0x820,0x820,0x820,0x820,0x820,0x820,0x820,0x820,
0x820,0x820,0x820,0x820,0x820,0x820,0x820,0x820,0x820,0x820,0x820,0x820,0x820,0x820,0x820,0x820,0x820,0x820,0x820,0x820,0x820,0x4163,0x4163,0x4163,
0x4163,0x4163,0x4163,0x4163,0x4163,0x30e2,0x30e2,0x30e2,0x30e2,0x30e2,0x0,0x0,0x841,0x1881,0x3922,0x1081,0x1081,0x18a2,0x29a7,0x4163,0x4163,0x4163,0x4163,0x4163,
0x4163,0x0,0x0,0x0,0x4163,0x4163,0x4163,0x4163,0x4163,0x4163,0x4163,0x4163,0x4163,0x4163,0x4163,0x4163,0x4163,0x4163,0x4163,0x4163,0x30e2,0x30e2,0x30e2,0x30e2,
0x30e2,0x30e2,0x4163,0x4163,0x4163,0x4163,0x4163,0x4163,0x4163,0x4163,0x4163,0x4163,0x820,0x820,0x820,0x820,0x820,0x820,0x2903,0x2903,0x10c3,0x10c3,0x10c3,0x10c3,
0x820,0x10c3,0x10c3,0x10c3,0x10c3,0x10c3,0x10c3,0x10c3,0x10c3,0x10c3,0x10c3,0x10c3,0x820,0x10c3,0x10c3,0x10c3,0x10c3,0x2903,0x1083,0x1083,0x1083,0x1083,0x1083,0x1083,
0x1083,0x1083,0x1083,0x1083,0x1083,0x1083,0x1083,0x1083,0x1083,0x1083,0x1083,0x1083,0x1083,0x1083,0x1083,0x1083,0x1083,0x1083,0x1083,0x1083,0x1083,0x1083,0x1083,0x1083,
0x1083,0x1083,0x1083,0x1083,0x1083,0x1083,0x1083,0x1083,0x1083,0x1083,0x1083,0x1083,0x1083,0x1083,0x1083,0x1083,0x1083,0x1083,0x1083,0x1083,0x1083,0x1083,0x1083,0x1083,
0x1083,0x1083,0x1083,0x1083,0x1083,0x1083,0x1083,0x1083,0x1083,0x1083,0x1083,0x1083,0x1083,0x1083,0x1083,0x1083,0x1083,0x1083,0x1083,0x1083,0x1083,0x1083,0x1083,0x1083,
0x1083,0x1083,0x1083,0x1083,0x1083,0x1083,0x1083,0x1083,0x1083,0x1083,0x1083,0x1083,0x1083,0x1083,0x1083,0x1083,0x1083,0x1083,0x1083,0x1083,0x1083,0x1083,0x1083,0x1083,
0x1083,0x1083,0x1083,0x1083,0x1083,0x820,0x820,0x820,0x820,0x820,0x820,0x820,0x820,0x820,0x820,0x820,0x820,0x820,0x820,0x820,0x820,0x820,0x820,0x820,
0x820,0x820,0x820,0x820,0x820,0x820,0x820,0x820,0x820,0x820,0x820,0x820,0x820,0x820,0x820,0x820,0x820,0x820,0x820,0x820,0x820,0x4163,0x4163,0x4163,
0x4163,0x4163,0x4163,0x4163,0x4163,0x30e2,0x30e2,0x30e2,0x30e2,0x30e2,0x30e2,0x0,0x1041,0x1081,0x9b05,0x1081,0x1081,0x1081,0x1061,0x4163,0x4163,0x4163,0x4163,0x73ef,
0x30e2,0x30e2,0x30e2,0x30e2,0x8d56,0x0,0x4163,0x4163,0x4163,0x4163,0x4163,0x4163,0x4163,0x4163,0x4163,0x4163,0x4163,0x4163,0x4163,0x4163,0x30e2,0x30e2,0x30e2,0x30e2,
0x30e2,0x30e2,0x4163,0x4163,0x4163,0x4163,0x4163,0x4163,0x4163,0x4163,0x4163,0x4163,0x820,0x820,0x820,0x820,0x820,0x820,0x820,0x2903,0x2903,0x10c3,0x10c3,0x820,
0x820,0x10c3,0x10c3,0x10c3,0x10c3,0x10c3,0x10c3,0x10c3,0x10c3,0x10c3,0x10c3,0x10c3,0x820,0x10c3,0x10c3,0x10c3,0x10c3,0x10c3,0x1083,0x1083,0x1083,0x1083,0x1083,0x1083,
0x1083,0x1083,0x1083,0x1083,0x1083,0x1083,0x1083,0x1083,0x1083,0x1083,0x1083,0x1083,0x1083,0x1083,0x1083,0x1083,0x1083,0x1083,0x1083,0x1083,0x1083,0x1083,0x1083,0x1083,
0x1083,0x1083,0x1083,0x1083,0x1083,0x1083,0x1083,0x1083,0x1083,0x1083,0x1083,0x1083,0x1083,0x1083,0x1083,0x1083,0x1083,0x1083,0x1083,0x1083,0x1083,0x1083,0x1083,0x1083,
0x1083,0x1083,0x1083,0x1083,0x1083,0x1083,0x1083,0x1083,0x1083,0x1083,0x1083,0x1083,0x1083,0x1083,0x1083,0x1083,0x1083,0x1083,0x1083,0x1083,0x1083,0x1083,0x1083,0x1083,
0x1083,0x1083,0x1083,0x1083,0x1083,0x1083,0x1083,0x1083,0x1083,0x1083,0x1083,0x1083,0x1083,0x1083,0x1083,0x1083,0x1083,0x1083,0x1083,0x1083,0x1083,0x1083,0x1083,0x1083,
0x1083,0x1083,0x1083,0x1083,0x1083,0x820,0x820,0x820,0x820,0x820,0x820,0x820,0x820,0x820,0x820,0x820,0x820,0x820,0x820,0x820,0x820,0x820,0x820,0x820,
0x820,0x820,0x820,0x820,0x820,0x820,0x820,0x820,0x820,0x820,0x820,0x820,0x820,0x820,0x820,0x820,0x820,0x820,0x820,0x820,0x4163,0x4163,0x4163,0x4163,
0x4163,0x4163,0x4163,0x4163,0x30e2,0x30e2,0x30e2,0x30e2,0x30e2,0x30e2,0x30e2,0x1041,0x0,0x1041,0x3922,0x1081,0x3922,0x3922,0x1081,0x0,0x0,0x0,0x4163,0x30e2,
0x1881,0x1881,0x1881,0x1881,0x30e2,0x73ef,0x4163,0x4163,0x4163,0x4163,0x4163,0x4163,0x4163,0x4163,0x4163,0x4163,0x4163,0x4163,0x4163,0x4163,0x30e2,0x30e2,0x30e2,0x30e2,
0x30e2,0x30e2,0x4163,0x4163,0x4163,0x4163,0x4163,0x4163,0x4163,0x4163,0x4163,0x820,0x820,0x820,0x820,0x820,0x820,0x820,0x820,0x820,0x820,0x820,0x820,0x820,
0x820,0x10c3,0x10c3,0x10c3,0x10c3,0x10c3,0x10c3,0x10c3,0x10c3,0x10c3,0x10c3,0x10c3,0x820,0x10c3,0x10c3,0x10c3,0x10c3,0x10c3,0x1083,0x1083,0x1083,0x1083,0x1083,0x1083,
0x1083,0x1083,0x1083,0x1083,0x1083,0x1083,0x1083,0x1083,0x1083,0x1083,0x1083,0x1083,0x1083,0x1083,0x1083,0x1083,0x1083,0x1083,0x1083,0x1083,0x1083,0x1083,0x1083,0x1083,
0x1083,0x1083,0x1083,0x1083,0x1083,0x1083,0x1083,0x1083,0x1083,0x1083,0x1083,0x1083,0x1083,0x1083,0x1083,0x1083,0x1083,0x1083,0x1083,0x1083,0x1083,0x1083,0x1083,0x1083,
0x1083,0x1083,0x1083,0x1083,0x1083,0x1083,0x1083,0x1083,0x1083,0x1083,0x1083,0x1083,0x1083,0x1083,0x1083,0x1083,0x1083,0x1083,0x1083,0x1083,0x1083,0x1083,0x1083,0x1083,
0x1083,0x1083,0x1083,0x1083,0x1083,0x1083,0x1083,0x1083,0x1083,0x1083,0x1083,0x1083,0x1083,0x1083,0x1083,0x1083,0x1083,0x1083,0x1083,0x1083,0x1083,0x1083,0x1083,0x1083,
0x1083,0x1083,0x1083,0x1083,0x1083,0x820,0x820,0x820,0x820,0x820,0x820,0x820,0x820,0x820,0x820,0x820,0x820,0x820,0x820,0x820,0x820,0x820,0x820,0x820,
0x820,0x820,0x820,0x820,0x820,0x820,0x820,0x820,0x820,0x820,0x820,0x820,0x820,0x820,0x820,0x820,0x820,0x820,0x820,0x820,0x4163,0x4163,0x4163,0x4163,
0x4163,0x4163,0x4163,0x4163,0x30e2,0x30e2,0x30e2,0x30e2,0x30e2,0x30e2,0x30e2,0x3922,0x1041,0x1041,0x1081,0x3102,0x9b05,0x3922,0x3922,0x820,0x30e2,0x30e2,0x0,0x1881,
0x1881,0x1881,0x1881,0x1881,0x1881,0x73ef,0x0,0x4163,0x4163,0x4163,0x4163,0x4163,0x4163,0x4163,0x4163,0x4163,0x4163,0x4163,0x4163,0x4163,0x30e2,0x30e2,0x30e2,0x30e2,
0x30e2,0x30e2,0x4163,0x4163,0x4163,0x4163,0x4163,0x4163,0x4163,0x4163,0x4163,0x820,0x820,0x820,0x820,0x820,0x820,0x2903,0x2903,0x2903,0x820,0x820,0x820,0x820,
0x820,0x10c3,0x10c3,0x10c3,0x10c3,0x10c3,0x10c3,0x10c3,0x10c3,0x10c3,0x10c3,0x10c3,0x820,0x10c3,0x10c3,0x10c3,0x10c3,0x10c3,0x1083,0x1083,0x1083,0x1083,0x1083,0x1083,
0x1083,0x1083,0x1083,0x1083,0x1083,0x1083,0x1083,0x1083,0x1083,0x1083,0x1083,0x1083,0x1083,0x1083,0x1083,0x1083,0x1083,0x1083,0x1083,0x1083,0x1083,0x1083,0x1083,0x1083,
0x1083,0x1083,0x1083,0x1083,0x1083,0x1083,0x1083,0x1083,0x1083,0x1083,0x1083,0x1083,0x1083,0x1083,0x1083,0x1083,0x1083,0x1083,0x1083,0x1083,0x1083,0x1083,0x1083,0x1083,
0x1083,0x1083,0x1083,0x1083,0x1083,0x1083,0x1083,0x1083,0x1083,0x1083,0x1083,0x1083,0x1083,0x1083,0x1083,0x1083,0x1083,0x1083,0x1083,0x1083,0x1083,0x1083,0x1083,0x1083,
0x1083,0x1083,0x1083,0x1083,0x1083,0x1083,0x1083,0x1083,0x1083,0x1083,0x1083,0x1083,0x1083,0x1083,0x1083,0x1083,0x1083,0x1083,0x1083,0x1083,0x1083,0x1083,0x1083,0x1083,
0x1083,0x1083,0x1083,0x1083,0x1083,0x820,0x820,0x820,0x820,0x820,0x820,0x820,0x820,0x820,0x820,0x820,0x820,0x820,0x820,0x820,0x820,0x820,0x820,0x820,
0x820,0x820,0x820,0x820,0x820,0x820,0x820,0x820,0x820,0x820,0x820,0x820,0x820,0x820,0x820,0x820,0x820,0x820,0x820,0x820,0x820,0x4163,0x4163,0x4163,
0x4163,0x4163,0x4163,0x4163,0x30e2,0x30e2,0x30e2,0x30e2,0x30e2,0x30e2,0x30e2,0x0,0x1041,0x1041,0x9b05,0x1081,0x5183,0xc426,0x8285,0x3922,0x820,0x820,0x0,0x1881,
0x30e2,0x30e2,0x30e2,0x1881,0x1881,0x3922,0x0,0x4163,0x4163,0x4163,0x4163,0x4163,0x4163,0x4163,0x4163,0x4163,0x4163,0x4163,0x4163,0x30e2,0x30e2,0x30e2,0x30e2,0x30e2,
0x30e2,0x30e2,0x30e2,0x4163,0x4163,0x4163,0x4163,0x4163,0x4163,0x4163,0x4163,0x4163,0x820,0x820,0x820,0x820,0x820,0x2903,0x2903,0x2903,0x2903,0x2903,0x10c3,0x10c3,
0x820,0x820,0x820,0x10c3,0x10c3,0x10c3,0x10c3,0x10c3,0x10c3,0x10c3,0x10c3,0x820,0x820,0x10c3,0x10c3,0x10c3,0x10c3,0x10c3,0x1083,0x1083,0x1083,0x1083,0x1083,0x1083,
0x1083,0x1083,0x1083,0x1083,0x1083,0x1083,0x1083,0x1083,0x1083,0x1083,0x1083,0x1083,0x1083,0x1083,0x1083,0x1083,0x1083,0x1083,0x1083,0x1083,0x1083,0x1083,0x1083,0x1083,
0x1083,0x1083,0x1083,0x1083,0x1083,0x1083,0x1083,0x1083,0x1083,0x1083,0x1083,0x1083,0x1083,0x1083,0x1083,0x1083,0x1083,0x1083,0x1083,0x1083,0x1083,0x1083,0x1083,0x1083,
0x1083,0x1083,0x1083,0x1083,0x1083,0x1083,0x1083,0x1083,0x1083,0x1083,0x1083,0x1083,0x1083,0x1083,0x1083,0x1083,0x1083,0x1083,0x1083,0x1083,0x1083,0x1083,0x1083,0x1083,
0x1083,0x1083,0x1083,0x1083,0x1083,0x1083,0x1083,0x1083,0x1083,0x1083,0x1083,0x1083,0x1083,0x1083,0x1083,0x1083,0x1083,0x1083,0x1083,0x1083,0x1083,0x1083,0x1083,0x1083,
0x1083,0x1083,0x1083,0x1083,0x1083,0x820,0x820,0x820,0x820,0x820,0x820,0x820,0x820,0x820,0x820,0x820,0x820,0x820,0x820,0x820,0x820,0x820,0x820,0x820,
0x820,0x820,0x820,0x820,0x820,0x820,0x820,0x820,0x820,0x820,0x820,0x820,0x820,0x820,0x820,0x820,0x820,0x820,0x820,0x820,0x820,0x820,0x4163,0x4163,
0x4163,0x4163,0x4163,0x30e2,0x30e2,0x30e2,0x30e2,0x30e2,0x30e2,0x30e2,0x30e2,0x30e2,0x1041,0x1041,0x59e3,0x9b05,0x28c1,0x4142,0xc426,0x3922,0x20a1,0x820,0x1881,0x30e2,
0x3922,0x8285,0x3922,0x30e2,0x1041,0x1041,0x73ef,0x4163,0x4163,0x4163,0x4163,0x4163,0x4163,0x4163,0x4163,0x4163,0x4163,0x4163,0x4163,0x30e2,0x30e2,0x30e2,0x30e2,0x30e2,
0x30e2,0x30e2,0x30e2,0x4163,0x4163,0x4163,0x4163,0x4163,0x4163,0x4163,0x4163,0x4163,0x820,0x820,0x820,0x820,0x820,0x2903,0x2903,0x2903,0x2903,0x2903,0x10c3,0x10c3,
0x820,0x820,0x820,0x820,0x820,0x820,0x820,0x820,0x10c3,0x10c3,0x820,0x820,0x820,0x820,0x10c3,0x10c3,0x10c3,0x10c3,0x1083,0x1083,0x1083,0x1083,0x1083,0x1083,
0x1083,0x1083,0x1083,0x1083,0x1083,0x1083,0x1083,0x1083,0x1083,0x1083,0x1083,0x1083,0x1083,0x1083,0x1083,0x1083,0x1083,0x1083,0x1083,0x1083,0x1083,0x1083,0x1083,0x1083,
0x1083,0x1083,0x1083,0x1083,0x1083,0x1083,0x1083,0x1083,0x1083,0x1083,0x1083,0x1083,0x1083,0x1083,0x1083,0x1083,0x1083,0x1083,0x1083,0x1083,0x1083,0x1083,0x1083,0x1083,
0x1083,0x1083,0x1083,0x1083,0x1083,0x1083,0x1083,0x1083,0x1083,0x1083,0x1083,0x1083,0x1083,0x1083,0x1083,0x1083,0x1083,0x1083,0x1083,0x1083,0x1083,0x1083,0x1083,0x1083,
0x1083,0x1083,0x1083,0x1083,0x1083,0x1083,0x1083,0x1083,0x1083,0x1083,0x1083,0x1083,0x1083,0x1083,0x1083,0x1083,0x1083,0x1083,0x1083,0x1083,0x1083,0x1083,0x1083,0x1083,
0x1083,0x1083,0x1083,0x1083,0x1083,0x820,0x820,0x820,0x820,0x820,0x820,0x820,0x820,0x820,0x820,0x820,0x820,0x820,0x820,0x820,0x820,0x820,0x820,0x820,
0x820,0x820,0x820,0x820,0x820,0x820,0x820,0x820,0x820,0x820,0x820,0x820,0x820,0x820,0x820,0x820,0x820,0x820,0x820,0x820,0x820,0x820,0x4163,0x4163,
0x30e2,0x30e2,0x30e2,0x30e2,0x30e2,0x30e2,0x30e2,0x30e2,0x30e2,0x30e2,0x30e2,0x30e2,0x30e2,0x1041,0x1041,0x1020,0x0,0x820,0x20a1,0x820,0x820,0x840,0x840,0x8285,
0x3922,0x8285,0x3922,0x3922,0x1041,0x0,0x0,0x8d56,0x4163,0x4163,0x4163,0x4163,0x4163,0x4163,0x4163,0x4163,0x4163,0x4163,0x4163,0x30e2,0x30e2,0x30e2,0x30e2,0x30e2,
0x30e2,0x30e2,0x30e2,0x4163,0x4163,0x4163,0x4163,0x4163,0x4163,0x4163,0x4163,0x4163,0x820,0x820,0x820,0x820,0x820,0x2903,0x2903,0x2903,0x2903,0x2903,0x10c3,0x10c3,
0x10c3,0x10c3,0x10c3,0x820,0x820,0x820,0x820,0x820,0x820,0x820,0x820,0x820,0x820,0x820,0x820,0x10c3,0x10c3,0x10c3,0x1083,0x1083,0x1083,0x1083,0x1083,0x1083,
0x1083,0x1083,0x1083,0x1083,0x1083,0x1083,0x1083,0x1083,0x1083,0x1083,0x1083,0x1083,0x1083,0x1083,0x1083,0x1083,0x1083,0x1083,0x1083,0x1083,0x1083,0x1083,0x1083,0x1083,
0x1083,0x1083,0x1083,0x1083,0x1083,0x1083,0x1083,0x1083,0x1083,0x1083,0x1083,0x1083,0x1083,0x1083,0x1083,0x1083,0x1083,0x1083,0x1083,0x1083,0x1083,0x1083,0x1083,0x1083,
0x1083,0x1083,0x1083,0x1083,0x1083,0x1083,0x1083,0x1083,0x1083,0x1083,0x1083,0x1083,0x1083,0x1083,0x1083,0x1083,0x1083,0x1083,0x1083,0x1083,0x1083,0x1083,0x1083,0x1083,
0x1083,0x1083,0x1083,0x1083,0x1083,0x1083,0x1083,0x1083,0x1083,0x1083,0x1083,0x1083,0x1083,0x1083,0x1083,0x1083,0x1083,0x1083,0x1083,0x1083,0x1083,0x1083,0x1083,0x1083,
0x1083,0x1083,0x1083,0x1083,0x1083,0x820,0x820,0x820,0x820,0x820,0x820,0x820,0x820,0x820,0x820,0x820,0x820,0x820,0x820,0x820,0x820,0x820,0x820,0x820,
0x820,0x820,0x820,0x820,0x820,0x820,0x820,0x820,0x820,0x820,0x820,0x820,0x820,0x820,0x820,0x820,0x820,0x820,0x820,0x820,0x820,0x820,0x4163,0x30e2,
0x30e2,0x30e2,0x30e2,0x30e2,0x30e2,0x30e2,0x30e2,0x30e2,0x30e2,0x30e2,0x30e2,0x30e2,0x30e2,0x21,0x1041,0x1020,0x0,0x0,0x820,0x820,0x840,0x840,0x840,0x20a1,
0x8285,0x3922,0x9b05,0x8285,0x0,0x1041,0x1041,0x3922,0x8d56,0x4163,0x4163,0x4163,0x4163,0x4163,0x4163,0x4163,0x4163,0x4163,0x4163,0x30e2,0x30e2,0x30e2,0x30e2,0x30e2,
0x30e2,0x30e2,0x30e2,0x4163,0x4163,0x4163,0x4163,0x4163,0x4163,0x4163,0x4163,0x4163,0x820,0x820,0x820,0x820,0x820,0x2903,0x2903,0x2903,0x2903,0x2903,0x10c3,0x10c3,
0x10c3,0x10c3,0x10c3,0x10c3,0x820,0x820,0x820,0x820,0x820,0x820,0x820,0x820,0x820,0x820,0x820,0x820,0x10c3,0x10c3,0x1083,0x1083,0x1083,0x1083,0x1083,0x1083,
0x1083,0x1083,0x1083,0x1083,0x1083,0x1083,0x1083,0x1083,0x1083,0x1083,0x1083,0x1083,0x1083,0x1083,0x1083,0x1083,0x1083,0x1083,0x1083,0x1083,0x1083,0x1083,0x1083,0x1083,
0x1083,0x1083,0x1083,0x1083,0x1083,0x1083,0x1083,0x1083,0x1083,0x1083,0x1083,0x1083,0x1083,0x1083,0x1083,0x1083,0x1083,0x1083,0x1083,0x1083,0x1083,0x1083,0x1083,0x1083,
0x1083,0x1083,0x1083,0x1083,0x1083,0x1083,0x1083,0x1083,0x1083,0x1083,0x1083,0x1083,0x1083,0x1083,0x1083,0x1083,0x1083,0x1083,0x1083,0x1083,0x1083,0x1083,0x1083,0x1083,
0x1083,0x1083,0x1083,0x1083,0x1083,0x1083,0x1083,0x1083,0x1083,0x1083,0x1083,0x1083,0x1083,0x1083,0x1083,0x1083,0x1083,0x1083,0x1083,0x1083,0x1083,0x1083,0x1083,0x1083,
0x1083,0x1083,0x1083,0x1083,0x1083,0x820,0x820,0x820,0x820,0x820,0x820,0x820,0x820,0x820,0x820,0x820,0x820,0x820,0x820,0x820,0x820,0x820,0x820,0x820,
0x820,0x820,0x820,0x820,0x820,0x820,0x820,0x820,0x820,0x820,0x820,0x820,0x820,0x820,0x820,0x820,0x820,0x820,0x820,0x820,0x820,0x820,0x30e2,0x30e2,
0x30e2,0x30e2,0x30e2,0x30e2,0x30e2,0x30e2,0x30e2,0x30e2,0x30e2,0x30e2,0x30e2,0x30e2,0x30e2,0x21,0x1020,0x1020,0x0,0x0,0x20a1,0x1020,0x1020,0x28e2,0x1881,0x840,
0x4102,0x61e3,0x9b05,0x3922,0x1041,0x3922,0x1041,0x0,0x3922,0x0,0x4163,0x4163,0x4163,0x4163,0x4163,0x4163,0x4163,0x4163,0x30e2,0x30e2,0x30e2,0x30e2,0x30e2,0x30e2,
0x30e2,0x30e2,0x30e2,0x30e2,0x30e2,0x4163,0x4163,0x4163,0x30e2,0x30e2,0x30e2,0x30e2,0x820,0x820,0x820,0x820,0x820,0x2903,0x2903,0x2903,0x2903,0x2903,0x10c3,0x10c3,
0x10c3,0x10c3,0x10c3,0x10c3,0x820,0x820,0x820,0x10c3,0x10c3,0x10c3,0x10c3,0x820,0x820,0x820,0x820,0x820,0x820,0x820,0x1083,0x1083,0x1083,0x1083,0x1083,0x1083,
0x1083,0x1083,0x1083,0x1083,0x1083,0x1083,0x1083,0x1083,0x1083,0x1083,0x1083,0x1083,0x1083,0x1083,0x1083,0x1083,0x1083,0x1083,0x1083,0x1083,0x1083,0x1083,0x1083,0x1083,
0x1083,0x1083,0x1083,0x1083,0x1083,0x1083,0x1083,0x1083,0x1083,0x1083,0x1083,0x1083,0x1083,0x1083,0x1083,0x1083,0x1083,0x1083,0x1083,0x1083,0x1083,0x1083,0x1083,0x1083,
0x1083,0x1083,0x1083,0x1083,0x1083,0x1083,0x1083,0x1083,0x1083,0x1083,0x1083,0x1083,0x1083,0x1083,0x1083,0x1083,0x1083,0x1083,0x1083,0x1083,0x1083,0x1083,0x1083,0x1083,
0x1083,0x1083,0x1083,0x1083,0x1083,0x1083,0x1083,0x1083,0x1083,0x1083,0x1083,0x1083,0x1083,0x1083,0x1083,0x1083,0x1083,0x1083,0x1083,0x1083,0x1083,0x1083,0x1083,0x1083,
0x1083,0x1083,0x1083,0x1083,0x1083,0x820,0x820,0x820,0x820,0x820,0x820,0x820,0x820,0x820,0x820,0x820,0x820,0x820,0x820,0x820,0x820,0x820,0x820,0x820,
0x820,0x820,0x820,0x820,0x820,0x820,0x820,0x820,0x820,0x820,0x820,0x820,0x820,0x820,0x820,0x820,0x820,0x820,0x820,0x820,0x820,0x820,0x30e2,0x30e2,
0x30e2,0x30e2,0x30e2,0x30e2,0x30e2,0x30e2,0x30e2,0x30e2,0x30e2,0x30e2,0x30e2,0x30e2,0x30e2,0x21,0x1020,0x1020,0x0,0x0,0xc426,0x20a1,0x3922,0x20a1,0x1041,0x8285,
0x840,0x20a1,0x28a2,0x840,0x3922,0x3922,0x1041,0x1041,0x0,0x73ef,0x0,0x4163,0x4163,0x4163,0x4163,0x4163,0x4163,0x30e2,0x30e2,0x30e2,0x30e2,0x30e2,0x30e2,0x30e2,
0x30e2,0x30e2,0x30e2,0x30e2,0x30e2,0x1041,0x1041,0x1041,0x30e2,0x30e2,0x30e2,0x30e2,0x820,0x820,0x820,0x820,0x820,0x820,0x820,0x820,0x2903,0x2903,0x10c3,0x10c3,
0x10c3,0x10c3,0x10c3,0x10c3,0x10c3,0x820,0x10c3,0x10c3,0x10c3,0x10c3,0x10c3,0x10c3,0x10c3,0x10c3,0x820,0x820,0x820,0x820,0x1083,0x1083,0x1083,0x1083,0x1083,0x1083,
0x1083,0x1083,0x1083,0x1083,0x1083,0x1083,0x1083,0x1083,0x1083,0x1083,0x1083,0x1083,0x1083,0x1083,0x1083,0x1083,0x1083,0x1083,0x1083,0x1083,0x1083,0x1083,0x1083,0x1083,
0x1083,0x1083,0x1083,0x1083,0x1083,0x1083,0x1083,0x1083,0x1083,0x1083,0x1083,0x1083,0x1083,0x1083,0x1083,0x1083,0x1083,0x1083,0x1083,0x1083,0x1083,0x1083,0x1083,0x1083,
0x1083,0x1083,0x1083,0x1083,0x1083,0x1083,0x1083,0x1083,0x1083,0x1083,0x1083,0x1083,0x1083,0x1083,0x1083,0x1083,0x1083,0x1083,0x1083,0x1083,0x1083,0x1083,0x1083,0x1083,
0x1083,0x1083,0x1083,0x1083,0x1083,0x1083,0x1083,0x1083,0x1083,0x1083,0x1083,0x1083,0x1083,0x1083,0x1083,0x1083,0x1083,0x1083,0x1083,0x1083,0x1083,0x1083,0x1083,0x1083,
0x1083,0x1083,0x1083,0x1083,0x1083,0x820,0x820,0x820,0x820,0x820,0x820,0x820,0x820,0x820,0x820,0x820,0x820,0x820,0x820,0x820,0x820,0x820,0x820,0x820,
0x820,0x820,0x820,0x820,0x820,0x820,0x820,0x820,0x820,0x820,0x820,0x820,0x820,0x820,0x820,0x820,0x820,0x820,0x820,0x820,0x820,0x820,0x30e2,0x30e2,
0x30e2,0x30e2,0x30e2,0x30e2,0x30e2,0x30e2,0x30e2,0x30e2,0x30e2,0x30e2,0x30e2,0x30e2,0x30e2,0x21,0x1020,0x1020,0x0,0x1041,0xc426,0x3922,0x820,0x20a1,0x8285,0x5142,
0x840,0x840,0x8285,0x28a2,0x3922,0x1041,0x1041,0x1041,0x0,0x1041,0x73ef,0x0,0x4163,0x4163,0x4163,0x4163,0x4163,0x30e2,0x30e2,0x30e2,0x30e2,0x30e2,0x30e2,0x30e2,
0x30e2,0x30e2,0x30e2,0x30e2,0x1041,0x1041,0x1041,0x1041,0x1041,0x30e2,0x30e2,0x30e2,0x820,0x820,0x820,0x820,0x820,0x820,0x820,0x820,0x820,0x2903,0x10c3,0x10c3,
0x10c3,0x10c3,0x10c3,0x10c3,0x10c3,0x820,0x10c3,0x10c3,0x10c3,0x10c3,0x10c3,0x10c3,0x10c3,0x10c3,0x10c3,0x10c3,0x820,0x820,0x1083,0x1083,0x1083,0x1083,0x1083,0x1083,
0x1083,0x1083,0x1083,0x1083,0x1083,0x1083,0x1083,0x1083,0x1083,0x1083,0x1083,0x1083,0x1083,0x1083,0x1083,0x1083,0x1083,0x1083,0x1083,0x1083,0x1083,0x1083,0x1083,0x1083,
0x1083,0x1083,0x1083,0x1083,0x1083,0x1083,0x1083,0x1083,0x1083,0x1083,0x1083,0x1083,0x1083,0x1083,0x1083,0x1083,0x1083,0x1083,0x1083,0x1083,0x1083,0x1083,0x1083,0x1083,
0x1083,0x1083,0x1083,0x1083,0x1083,0x1083,0x1083,0x1083,0x1083,0x1083,0x1083,0x1083,0x1083,0x1083,0x1083,0x1083,0x1083,0x1083,0x1083,0x1083,0x1083,0x1083,0x1083,0x1083,
0x1083,0x1083,0x1083,0x1083,0x1083,0x1083,0x1083,0x1083,0x1083,0x1083,0x1083,0x1083,0x1083,0x1083,0x1083,0x1083,0x1083,0x1083,0x1083,0x1083,0x1083,0x1083,0x1083,0x1083,
0x1083,0x1083,0x1083,0x1083,0x1083,0x820,0x820,0x820,0x820,0x820,0x820,0x820,0x820,0x820,0x820,0x820,0x820,0x820,0x820,0x820,0x820,0x820,0x820,0x820,
0x820,0x820,0x820,0x820,0x820,0x820,0x820,0x820,0x820,0x820,0x820,0x820,0x820,0x820,0x820,0x820,0x820,0x820,0x820,0x820,0x820,0x820,0x30e2,0x30e2,
0x30e2,0x30e2,0x30e2,0x30e2,0x30e2,0x30e2,0x30e2,0x30e2,0x30e2,0x30e2,0x30e2,0x30e2,0x30e2,0x30e2,0x1020,0x1020,0x0,0x0,0xc426,0x3922,0x1020,0x28c1,0x5142,0x28c1,
0x4163,0x3102,0x5142,0x8285,0x1041,0x1041,0x1041,0x1041,0x1041,0x0,0x1041,0x0,0x4163,0x4163,0x4163,0x30e2,0x30e2,0x30e2,0x30e2,0x30e2,0x30e2,0x30e2,0x30e2,0x30e2,
0x30e2,0x30e2,0x30e2,0x1041,0x1041,0x1041,0x1041,0x1041,0x1041,0x1041,0x30e2,0x820,0x820,0x820,0x820,0x820,0x820,0x2903,0x2903,0x2903,0x820,0x820,0x820,0x10c3,
0x10c3,0x10c3,0x10c3,0x10c3,0x10c3,0x820,0x10c3,0x10c3,0x10c3,0x10c3,0x10c3,0x10c3,0x10c3,0x10c3,0x10c3,0x10c3,0x10c3,0x10c3,0x1083,0x1083,0x1083,0x1083,0x1083,0x1083,
0x1083,0x1083,0x1083,0x1083,0x1083,0x1083,0x1083,0x1083,0x1083,0x1083,0x1083,0x1083,0x1083,0x1083,0x1083,0x1083,0x1083,0x1083,0x1083,0x1083,0x1083,0x1083,0x1083,0x1083,
0x1083,0x1083,0x1083,0x1083,0x1083,0x1083,0x1083,0x1083,0x1083,0x1083,0x1083,0x1083,0x1083,0x1083,0x1083,0x1083,0x1083,0x1083,0x1083,0x1083,0x1083,0x1083,0x1083,0x1083,
0x1083,0x1083,0x1083,0x1083,0x1083,0x1083,0x1083,0x1083,0x1083,0x1083,0x1083,0x1083,0x1083,0x1083,0x1083,0x1083,0x1083,0x1083,0x1083,0x1083,0x1083,0x1083,0x1083,0x1083,
0x1083,0x1083,0x1083,0x1083,0x1083,0x1083,0x1083,0x1083,0x1083,0x1083,0x1083,0x1083,0x1083,0x1083,0x1083,0x1083,0x1083,0x1083,0x1083,0x1083,0x1083,0x1083,0x1083,0x1083,
0x1083,0x1083,0x1083,0x1083,0x1083,0x820,0x820,0x820,0x820,0x820,0x820,0x820,0x820,0x820,0x820,0x820,0x820,0x820,0x820,0x820,0x820,0x820,0x820,0x820,
0x820,0x820,0x820,0x820,0x820,0x820,0x820,0x820,0x820,0x820,0x820,0x820,0x820,0x820,0x820,0x820,0x820,0x820,0x820,0x820,0x820,0x820,0x30e2,0x30e2,
0x30e2,0x30e2,0x30e2,0x30e2,0x30e2,0x30e2,0x30e2,0x30e2,0x30e2,0x30e2,0x30e2,0x30e2,0x30e2,0x30e2,0x0,0x0,0x0,0x0,0xc426,0x3922,0x1020,0x18a1,0xc426,0x3102,
0x4163,0x1881,0xc426,0x28a2,0x1041,0x1041,0x8285,0x3922,0x1041,0x0,0x3922,0x1041,0x0,0x30e2,0x30e2,0x30e2,0x30e2,0x30e2,0x30e2,0x30e2,0x30e2,0x30e2,0x30e2,0x30e2,
0x30e2,0x30e2,0x30e2,0x1041,0x1041,0x1041,0x1041,0x1041,0x1041,0x1041,0x1041,0x820,0x820,0x820,0x820,0x820,0x2903,0x2903,0x2903,0x2903,0x10c3,0x10c3,0x820,0x820,
0x820,0x820,0x10c3,0x10c3,0x820,0x820,0x10c3,0x10c3,0x10c3,0x10c3,0x10c3,0x10c3,0x10c3,0x10c3,0x10c3,0x10c3,0x10c3,0x10c3,0x1083,0x1083,0x1083,0x1083,0x1083,0x1083,
0x1083,0x1083,0x1083,0x1083,0x1083,0x1083,0x1083,0x1083,0x1083,0x1083,0x1083,0x1083,0x1083,0x1083,0x1083,0x1083,0x1083,0x1083,0x1083,0x1083,0x1083,0x1083,0x1083,0x1083,
0x1083,0x1083,0x1083,0x1083,0x1083,0x1083,0x1083,0x1083,0x1083,0x1083,0x1083,0x1083,0x1083,0x1083,0x1083,0x1083,0x1083,0x1083,0x1083,0x1083,0x1083,0x1083,0x1083,0x1083,
0x1083,0x1083,0x1083,0x1083,0x1083,0x1083,0x1083,0x1083,0x1083,0x1083,0x1083,0x1083,0x1083,0x1083,0x1083,0x1083,0x1083,0x1083,0x1083,0x1083,0x1083,0x1083,0x1083,0x1083,
0x1083,0x1083,0x1083,0x1083,0x1083,0x1083,0x1083,0x1083,0x1083,0x1083,0x1083,0x1083,0x1083,0x1083,0x1083,0x1083,0x1083,0x1083,0x1083,0x1083,0x1083,0x1083,0x1083,0x1083,
0x1083,0x1083,0x1083,0x1083,0x1083,0x820,0x820,0x820,0x820,0x820,0x820,0x820,0x820,0x820,0x820,0x820,0x820,0x820,0x820,0x820,0x820,0x820,0x820,0x820,
0x820,0x820,0x820,0x820,0x820,0x820,0x820,0x820,0x820,0x820,0x820,0x820,0x820,0x820,0x820,0x820,0x820,0x820,0x820,0x820,0x820,0x30e2,0x30e2,0x30e2,
0x30e2,0x30e2,0x30e2,0x30e2,0x30e2,0x30e2,0x30e2,0x30e2,0x30e2,0x30e2,0x30e2,0x30e2,0x30e2,0x30e2,0x1020,0x0,0x0,0x0,0x1020,0x7244,0x3922,0x18a1,0x1020,0x5142,
0xc426,0x4163,0x8285,0x1041,0x1041,0x3922,0x3922,0x1041,0x0,0x21,0x28e2,0x3922,0x3922,0x1041,0x30e2,0x30e2,0x30e2,0x30e2,0x30e2,0x30e2,0x30e2,0x30e2,0x30e2,0x30e2,
0x30e2,0x30e2,0x1041,0x1041,0x1041,0x1041,0x1041,0x1041,0x1041,0x1041,0x1041,0x820,0x820,0x820,0x820,0x820,0x2903,0x2903,0x2903,0x2903,0x10c3,0x10c3,0x10c3,0x820,
0x820,0x820,0x820,0x820,0x820,0x820,0x10c3,0x10c3,0x10c3,0x10c3,0x10c3,0x10c3,0x10c3,0x10c3,0x10c3,0x10c3,0x10c3,0x10c3,0x1083,0x1083,0x1083,0x1083,0x1083,0x1083,
0x1083,0x1083,0x1083,0x1083,0x1083,0x1083,0x1083,0x1083,0x1083,0x1083,0x1083,0x1083,0x1083,0x1083,0x1083,0x1083,0x1083,0x1083,0x1083,0x1083,0x1083,0x1083,0x1083,0x1083,
0x1083,0x1083,0x1083,0x1083,0x1083,0x1083,0x1083,0x1083,0x1083,0x1083,0x1083,0x1083,0x1083,0x1083,0x1083,0x1083,0x1083,0x1083,0x1083,0x1083,0x1083,0x1083,0x1083,0x1083,
0x1083,0x1083,0x1083,0x1083,0x1083,0x1083,0x1083,0x1083,0x1083,0x1083,0x1083,0x1083,0x1083,0x1083,0x1083,0x1083,0x1083,0x1083,0x1083,0x1083,0x1083,0x1083,0x1083,0x1083,
0x1083,0x1083,0x1083,0x1083,0x1083,0x1083,0x1083,0x1083,0x1083,0x1083,0x1083,0x1083,0x1083,0x1083,0x1083,0x1083,0x1083,0x1083,0x1083,0x1083,0x1083,0x1083,0x1083,0x1083,
0x1083,0x1083,0x1083,0x1083,0x1083,0x820,0x820,0x820,0x820,0x820,0x820,0x820,0x820,0x820,0x820,0x820,0x820,0x820,0x820,0x820,0x820,0x820,0x820,0x820,
0x820,0x820,0x820,0x820,0x820,0x820,0x820,0x820,0x820,0x820,0x820,0x820,0x820,0x820,0x820,0x820,0x820,0x820,0x820,0x820,0x820,0x820,0x30e2,0x30e2,
0x30e2,0x30e2,0x30e2,0x30e2,0x30e2,0x30e2,0x30e2,0x30e2,0x30e2,0x30e2,0x30e2,0x30e2,0x30e2,0x30e2,0x1020,0x1020,0x0,0x0,0x1041,0xc426,0x7244,0x3922,0x1020,0x9b05,
0x4163,0x9b05,0x1041,0x1041,0x28e2,0x8285,0x8285,0x0,0x0,0x28e2,0x8285,0x8285,0x8285,0x1041,0x30e2,0x30e2,0x30e2,0x30e2,0x30e2,0x30e2,0x30e2,0x30e2,0x30e2,0x30e2,
0x1041,0x30e2,0x1041,0x1041,0x1041,0x1041,0x1041,0x1041,0x1041,0x1041,0x1041,0x30e2,0x820,0x820,0x820,0x820,0x2903,0x2903,0x2903,0x2903,0x10c3,0x10c3,0x10c3,0x820,
0x820,0x10c3,0x820,0x820,0x820,0x820,0x820,0x10c3,0x10c3,0x10c3,0x10c3,0x10c3,0x10c3,0x10c3,0x10c3,0x10c3,0x10c3,0x10c3,0x1083,0x1083,0x1083,0x1083,0x1083,0x1083,
0x1083,0x1083,0x1083,0x1083,0x1083,0x1083,0x1083,0x1083,0x1083,0x1083,0x1083,0x1083,0x1083,0x1083,0x1083,0x1083,0x1083,0x1083,0x1083,0x1083,0x1083,0x1083,0x1083,0x1083,
0x1083,0x1083,0x1083,0x1083,0x1083,0x1083,0x1083,0x1083,0x1083,0x1083,0x1083,0x1083,0x1083,0x1083,0x1083,0x1083,0x1083,0x1083,0x1083,0x1083,0x1083,0x1083,0x1083,0x1083,
0x1083,0x1083,0x1083,0x1083,0x1083,0x1083,0x1083,0x1083,0x1083,0x1083,0x1083,0x1083,0x1083,0x1083,0x1083,0x1083,0x1083,0x1083,0x1083,0x1083,0x1083,0x1083,0x1083,0x1083,
0x1083,0x1083,0x1083,0x1083,0x1083,0x1083,0x1083,0x1083,0x1083,0x1083,0x1083,0x1083,0x1083,0x1083,0x1083,0x1083,0x1083,0x1083,0x1083,0x1083,0x1083,0x1083,0x1083,0x1083,
0x1083,0x1083,0x1083,0x1083,0x1083,0x820,0x820,0x820,0x820,0x820,0x820,0x820,0x820,0x820,0x820,0x820,0x820,0x820,0x820,0x820,0x820,0x820,0x820,0x820,
0x820,0x820,0x820,0x820,0x820,0x820,0x820,0x820,0x820,0x820,0x820,0x820,0x820,0x820,0x820,0x820,0x820,0x820,0x820,0x820,0x820,0x820,0x30e2,0x30e2,
0x30e2,0x30e2,0x30e2,0x30e2,0x30e2,0x30e2,0x30e2,0x30e2,0x30e2,0x30e2,0x30e2,0x30e2,0x30e2,0x30e2,0x1020,0x1041,0x1041,0x0,0x0,0x59e3,0xc426,0x7244,0x18a1,0x8ac5,
0x8285,0x9b05,0x1041,0x1041,0x3922,0x8285,0x9b05,0x0,0x0,0x9b05,0x9b05,0x8285,0x8285,0x59e3,0x30e2,0x30e2,0x30e2,0x30e2,0x30e2,0x30e2,0x30e2,0x30e2,0x1041,0x1041,
0x1041,0x1041,0x1041,0x1041,0x1041,0x1041,0x1041,0x1041,0x1041,0x1041,0x1041,0x30e2,0x820,0x820,0x820,0x820,0x2903,0x2903,0x2903,0x2903,0x10c3,0x10c3,0x10c3,0x820,
0x820,0x10c3,0x10c3,0x820,0x820,0x820,0x820,0x820,0x10c3,0x10c3,0x10c3,0x10c3,0x10c3,0x10c3,0x10c3,0x10c3,0x10c3,0x10c3,0x1083,0x1083,0x1083,0x1083,0x1083,0x1083,
0x1083,0x1083,0x1083,0x1083,0x1083,0x1083,0x1083,0x1083,0x1083,0x1083,0x1083,0x1083,0x1083,0x1083,0x1083,0x1083,0x1083,0x1083,0x1083,0x1083,0x1083,0x1083,0x1083,0x1083,
0x1083,0x1083,0x1083,0x1083,0x1083,0x1083,0x1083,0x1083,0x1083,0x1083,0x1083,0x1083,0x1083,0x1083,0x1083,0x1083,0x1083,0x1083,0x1083,0x1083,0x1083,0x1083,0x1083,0x1083,
0x1083,0x1083,0x1083,0x1083,0x1083,0x1083,0x1083,0x1083,0x1083,0x1083,0x1083,0x1083,0x1083,0x1083,0x1083,0x1083,0x1083,0x1083,0x1083,0x1083,0x1083,0x1083,0x1083,0x1083,
0x1083,0x1083,0x1083,0x1083,0x1083,0x1083,0x1083,0x1083,0x1083,0x1083,0x1083,0x1083,0x1083,0x1083,0x1083,0x1083,0x1083,0x1083,0x1083,0x1083,0x1083,0x1083,0x1083,0x1083,
0x1083,0x1083,0x1083,0x1083,0x1083,0x820,0x820,0x820,0x820,0x820,0x820,0x820,0x820,0x820,0x820,0x820,0x820,0x820,0x820,0x820,0x820,0x820,0x820,0x820,
0x820,0x820,0x820,0x820,0x820,0x820,0x820,0x820,0x820,0x820,0x820,0x820,0x820,0x820,0x820,0x820,0x820,0x820,0x820,0x820,0x820,0x820,0x820,0x30e2,
0x30e2,0x30e2,0x30e2,0x30e2,0x30e2,0x30e2,0x30e2,0x30e2,0x30e2,0x30e2,0x30e2,0x30e2,0x30e2,0x30e2,0x1020,0x1020,0x0,0x0,0x21,0x3922,0x1020,0xc426,0x4163,0x5142,
0x8285,0x8285,0x1041,0x3922,0x18a1,0x18a1,0x3922,0x0,0x21,0x9b05,0x9b05,0x28e2,0x9b05,0x8285,0x1041,0x30e2,0x30e2,0x30e2,0x30e2,0x30e2,0x30e2,0x30e2,0x1041,0x1041,
0x1041,0x1041,0x1041,0x1041,0x1041,0x1041,0x1041,0x1041,0x1041,0x1041,0x1041,0x30e2,0x820,0x820,0x820,0x820,0x2903,0x2903,0x2903,0x2903,0x10c3,0x10c3,0x10c3,0x10c3,
0x820,0x10c3,0x10c3,0x820,0x820,0x10c3,0x10c3,0x820,0x820,0x820,0x10c3,0x10c3,0x10c3,0x10c3,0x10c3,0x10c3,0x10c3,0x2903,0x1083,0x1083,0x1083,0x1083,0x1083,0x1083,
0x1083,0x1083,0x1083,0x1083,0x1083,0x1083,0x1083,0x1083,0x1083,0x1083,0x1083,0x1083,0x1083,0x1083,0x1083,0x1083,0x1083,0x1083,0x1083,0x1083,0x1083,0x1083,0x1083,0x1083,
0x1083,0x1083,0x1083,0x1083,0x1083,0x1083,0x1083,0x1083,0x1083,0x1083,0x1083,0x1083,0x1083,0x1083,0x1083,0x1083,0x1083,0x1083,0x1083,0x1083,0x1083,0x1083,0x1083,0x1083,
0x1083,0x1083,0x1083,0x1083,0x1083,0x1083,0x1083,0x1083,0x1083,0x1083,0x1083,0x1083,0x1083,0x1083,0x1083,0x1083,0x1083,0x1083,0x1083,0x1083,0x1083,0x1083,0x1083,0x1083,
0x1083,0x1083,0x1083,0x1083,0x1083,0x1083,0x1083,0x1083,0x1083,0x1083,0x1083,0x1083,0x1083,0x1083,0x1083,0x1083,0x1083,0x1083,0x1083,0x1083,0x1083,0x1083,0x1083,0x1083,
0x1083,0x1083,0x1083,0x1083,0x1083,0x820,0x820,0x820,0x820,0x820,0x820,0x820,0x820,0x820,0x820,0x820,0x820,0x820,0x820,0x820,0x820,0x820,0x820,0x820,
0x820,0x820,0x820,0x820,0x820,0x820,0x820,0x820,0x820,0x820,0x820,0x820,0x820,0x820,0x820,0x820,0x820,0x820,0x820,0x820,0x820,0x820,0x820,0x30e2,
0x30e2,0x30e2,0x30e2,0x30e2,0x30e2,0x30e2,0x30e2,0x30e2,0x30e2,0x30e2,0x30e2,0x30e2,0x30e2,0x30e2,0x1020,0x1041,0x1041,0x0,0x1041,0x18a1,0x3922,0x4163,0x4163,0x8285,
0x5142,0x9b05,0x18a1,0x8285,0x8285,0x18a1,0x21,0x0,0x21,0x9b05,0x8285,0x28e2,0x9b05,0x8285,0x1061,0x30e2,0x30e2,0x30e2,0x30e2,0x30e2,0x30e2,0x30e2,0x1041,0x1041,
0x1041,0x1041,0x1041,0x1041,0x1041,0x1041,0x1041,0x1041,0x1041,0x1041,0x1041,0x30e2,0x820,0x820,0x820,0x820,0x2903,0x2903,0x2903,0x2903,0x10c3,0x10c3,0x10c3,0x820,
0x820,0x10c3,0x10c3,0x820,0x10c3,0x10c3,0x10c3,0x10c3,0x10c3,0x820,0x820,0x10c3,0x10c3,0x10c3,0x10c3,0x2903,0x2903,0x2903,0x1083,0x1083,0x1083,0x1083,0x1083,0x1083,
0x1083,0x1083,0x1083,0x1083,0x1083,0x1083,0x1083,0x1083,0x1083,0x1083,0x1083,0x1083,0x1083,0x1083,0x1083,0x1083,0x1083,0x1083,0x1083,0x1083,0x1083,0x1083,0x1083,0x1083,
0x1083,0x1083,0x1083,0x1083,0x1083,0x1083,0x1083,0x1083,0x1083,0x1083,0x1083,0x1083,0x1083,0x1083,0x1083,0x1083,0x1083,0x1083,0x1083,0x1083,0x1083,0x1083,0x1083,0x1083,
0x1083,0x1083,0x1083,0x1083,0x1083,0x1083,0x1083,0x1083,0x1083,0x1083,0x1083,0x1083,0x1083,0x1083,0x1083,0x1083,0x1083,0x1083,0x1083,0x1083,0x1083,0x1083,0x1083,0x1083,
0x1083,0x1083,0x1083,0x1083,0x1083,0x1083,0x1083,0x1083,0x1083,0x1083,0x1083,0x1083,0x1083,0x1083,0x1083,0x1083,0x1083,0x1083,0x1083,0x1083,0x1083,0x1083,0x1083,0x1083,
0x1083,0x1083,0x1083,0x1083,0x1083,0x820,0x820,0x820,0x820,0x820,0x820,0x820,0x820,0x820,0x820,0x820,0x820,0x820,0x820,0x820,0x820,0x820,0x820,0x820,
0x820,0x59a3,0x59a3,0x59a3,0x820,0x820,0x820,0x820,0x820,0x820,0x820,0x820,0x820,0x820,0x820,0x820,0x820,0x41e6,0x41e6,0x73ef,0x41e6,0x41e6,0x41e6,0x30e2,
0x30e2,0x30e2,0x30e2,0x30e2,0x30e2,0x30e2,0x30e2,0x30e2,0x30e2,0x30e2,0x30e2,0x30e2,0x30e2,0x30e2,0x1020,0x1041,0x1041,0x0,0x1041,0x59e3,0x9b05,0x8285,0x1041,0x18a1,
0x5142,0x1041,0x21,0x3922,0x18a1,0x21,0x21,0x21,0x21,0x8285,0x28e2,0x0,0x8285,0x8285,0x21,0x30e2,0x30e2,0x30e2,0x30e2,0x30e2,0x30e2,0x1041,0x1041,0x1041,
0x1041,0x1041,0x1041,0x1041,0x1041,0x1041,0x1041,0x1041,0x1041,0x1041,0x30e2,0x30e2,0x30e2,0x820,0x820,0x820,0x820,0x2903,0x2903,0x2903,0x2903,0x10c3,0x10c3,0x820,
0x10c3,0x10c3,0x10c3,0x10c3,0x10c3,0x10c3,0x10c3,0x10c3,0x10c3,0x10c3,0x10c3,0x820,0x820,0x820,0x820,0x820,0x820,0x820,0x1083,0x1083,0x1083,0x1083,0x1083,0x1083,
0x1083,0x1083,0x1083,0x1083,0x1083,0x1083,0x1083,0x1083,0x1083,0x1083,0x1083,0x1083,0x1083,0x1083,0x1083,0x1083,0x1083,0x1083,0x1083,0x1083,0x1083,0x1083,0x1083,0x1083,
0x1083,0x1083,0x1083,0x1083,0x1083,0x1083,0x1083,0x1083,0x1083,0x1083,0x1083,0x1083,0x1083,0x1083,0x1083,0x1083,0x1083,0x1083,0x1083,0x1083,0x1083,0x1083,0x1083,0x1083,
0x1083,0x1083,0x1083,0x1083,0x1083,0x1083,0x1083,0x1083,0x1083,0x1083,0x1083,0x1083,0x1083,0x1083,0x1083,0x1083,0x1083,0x1083,0x1083,0x1083,0x1083,0x1083,0x1083,0x1083,
0x1083,0x1083,0x1083,0x1083,0x1083,0x1083,0x1083,0x1083,0x1083,0x1083,0x1083,0x1083,0x1083,0x1083,0x1083,0x1083,0x1083,0x1083,0x1083,0x1083,0x1083,0x1083,0x1083,0x1083,
0x1083,0x1083,0x1083,0x1083,0x1083,0x820,0x820,0x820,0x820,0x820,0x820,0x820,0x820,0x820,0x820,0x820,0x820,0x59a3,0x59a3,0x59a3,0x59a3,0x8b86,0x8b86,0x8b86,
0x59a3,0x8b86,0xcc67,0x8b86,0xe280,0x8b86,0x59a3,0x59a3,0x820,0x820,0x820,0x820,0x820,0x820,0x820,0x820,0x820,0x41e6,0x428b,0x41e6,0x41e6,0x41e6,0x41e6,0x41e6,
0x30e2,0x30e2,0x30e2,0x30e2,0x30e2,0x30e2,0x30e2,0x30e2,0x30e2,0x30e2,0x30e2,0x30e2,0x30e2,0x0,0x1020,0x1020,0x0,0x0,0x1041,0x1041,0x59e3,0x1041,0x1041,0x1041,
0x8285,0x1041,0x21,0x21,0x21,0x21,0x21,0x21,0x21,0x28e2,0x30e2,0x9b05,0x8285,0x8285,0x30e2,0x30e2,0x30e2,0x30e2,0x30e2,0x30e2,0x30e2,0x30e2,0x1041,0x1041,
0x1041,0x1041,0x1041,0x1041,0x1041,0x1041,0x1041,0x1041,0x1041,0x1041,0x30e2,0x30e2,0x30e2,0x820,0x820,0x820,0x820,0x820,0x2903,0x2903,0x2903,0x10c3,0x10c3,0x820,
0x10c3,0x10c3,0x10c3,0x10c3,0x10c3,0x10c3,0x10c3,0x10c3,0x10c3,0x10c3,0x10c3,0x820,0x10c3,0x10c3,0x820,0x820,0x820,0x820,0x1083,0x1083,0x1083,0x1083,0x1083,0x1083,
0x1083,0x1083,0x1083,0x1083,0x1083,0x1083,0x1083,0x1083,0x1083,0x1083,0x1083,0x1083,0x1083,0x1083,0x1083,0x1083,0x1083,0x1083,0x1083,0x1083,0x1083,0x1083,0x1083,0x1083,
0x1083,0x1083,0x1083,0x1083,0x1083,0x1083,0x1083,0x1083,0x1083,0x1083,0x1083,0x1083,0x1083,0x1083,0x1083,0x1083,0x1083,0x1083,0x1083,0x1083,0x1083,0x1083,0x1083,0x1083,
0x1083,0x1083,0x1083,0x1083,0x1083,0x1083,0x1083,0x1083,0x1083,0x1083,0x1083,0x1083,0x1083,0x1083,0x1083,0x1083,0x1083,0x1083,0x1083,0x1083,0x1083,0x1083,0x1083,0x1083,
0x1083,0x1083,0x1083,0x1083,0x1083,0x1083,0x1083,0x1083,0x1083,0x1083,0x1083,0x1083,0x1083,0x1083,0x1083,0x1083,0x1083,0x1083,0x1083,0x1083,0x1083,0x1083,0x1083,0x1083,
0x1083,0x1083,0x1083,0x1083,0x1083,0x820,0x820,0x820,0x59a3,0x59a3,0x59a3,0x59a3,0x8b86,0x8b86,0x8b86,0x8b86,0x8b86,0x59a3,0xcc67,0xcc67,0xcc67,0x8b86,0xcc67,0x59a3,
0x59a3,0x2903,0x2903,0x2903,0xff90,0xcc67,0xcc67,0x8b86,0x8b86,0x59a3,0x8b86,0x59a3,0x59a3,0x820,0x820,0x41e6,0x41e6,0x41e6,0x41e6,0x41e6,0x41e6,0x73ef,0x41e6,0x41e6,
0x41e6,0x30e2,0x30e2,0x30e2,0x30e2,0x30e2,0x30e2,0x30e2,0x30e2,0x30e2,0x30e2,0x30e2,0x30e2,0x1020,0x1020,0x21,0x0,0x1041,0x1041,0x3922,0x1041,0x1041,0xc426,0x8285,
0x1041,0x1041,0x21,0x21,0x21,0x21,0x21,0x21,0x21,0x28e2,0x9b05,0x8285,0x8285,0x73ef,0x30e2,0x30e2,0x30e2,0x30e2,0x30e2,0x30e2,0x30e2,0x30e2,0x1041,0x1041,
0x1041,0x1041,0x1041,0x1041,0x1041,0x1041,0x1041,0x1041,0x1041,0x1041,0x30e2,0x30e2,0x820,0x820,0x820,0x820,0x820,0x820,0x820,0x2903,0x2903,0x2903,0x10c3,0x820,
0x10c3,0x10c3,0x10c3,0x10c3,0x10c3,0x10c3,0x10c3,0x10c3,0x10c3,0x10c3,0x10c3,0x820,0x10c3,0x10c3,0x10c3,0x10c3,0x10c3,0x820,0x1083,0x1083,0x1083,0x1083,0x1083,0x1083,
0x1083,0x1083,0x1083,0x1083,0x1083,0x1083,0x1083,0x1083,0x1083,0x1083,0x1083,0x1083,0x1083,0x1083,0x1083,0x1083,0x1083,0x1083,0x1083,0x1083,0x1083,0x1083,0x1083,0x1083,
0x1083,0x1083,0x1083,0x1083,0x1083,0x1083,0x1083,0x1083,0x1083,0x1083,0x1083,0x1083,0x1083,0x1083,0x1083,0x1083,0x1083,0x1083,0x1083,0x1083,0x1083,0x1083,0x1083,0x1083,
0x1083,0x1083,0x1083,0x1083,0x1083,0x1083,0x1083,0x1083,0x1083,0x1083,0x1083,0x1083,0x1083,0x1083,0x1083,0x1083,0x1083,0x1083,0x1083,0x1083,0x1083,0x1083,0x1083,0x1083,
0x1083,0x1083,0x1083,0x1083,0x1083,0x1083,0x1083,0x1083,0x1083,0x1083,0x1083,0x1083,0x1083,0x1083,0x1083,0x1083,0x1083,0x1083,0x1083,0x1083,0x1083,0x1083,0x1083,0x1083,
0x1083,0x1083,0x1083,0x1083,0x1083,0x820,0x7a64,0x59a3,0x59a3,0x59a3,0xcc67,0xcc67,0xcc67,0xcc67,0x59a3,0x59a3,0x8b86,0x8b86,0x59a3,0xd244,0x428b,0xd244,0xe280,0x428b,
0xe280,0x428b,0xd244,0x73ef,0xd244,0xe280,0x41e6,0x428b,0x2903,0xe280,0xeead,0xcc67,0xcc67,0x59a3,0x59a3,0x59a3,0x8b86,0x59a3,0x59a3,0x59a3,0x41e6,0x41e6,0x41e6,0x41e6,
0x41e6,0x41e6,0x428b,0x73ef,0x41e6,0x30e2,0x30e2,0x30e2,0x30e2,0x30e2,0x30e2,0x30e2,0x5142,0x5142,0x0,0x0,0x1041,0x1041,0x1041,0x4163,0xc426,0x8285,0x1041,0xc426,
0x59e3,0x1041,0x3922,0x3922,0x18a1,0x21,0x21,0x21,0x21,0x28e2,0x3922,0x8285,0x8285,0x73ef,0x30e2,0x30e2,0x30e2,0x30e2,0x30e2,0x30e2,0x30e2,0x30e2,0x1041,0x1041,
0x30e2,0x1041,0x1041,0x1041,0x1041,0x1041,0x1041,0x1041,0x1041,0x30e2,0x30e2,0x30e2,0x820,0x820,0x820,0x820,0x820,0x2903,0x2903,0x820,0x820,0x820,0x820,0x820,
0x820,0x10c3,0x2903,0x2903,0x2903,0x10c3,0x10c3,0x10c3,0x10c3,0x820,0x820,0x820,0x10c3,0x10c3,0x10c3,0x10c3,0x10c3,0x10c3,0x1083,0x1083,0x1083,0x1083,0x1083,0x1083,
0x1083,0x1083,0x1083,0x1083,0x1083,0x1083,0x1083,0x1083,0x1083,0x1083,0x1083,0x1083,0x1083,0x1083,0x1083,0x1083,0x1083,0x1083,0x1083,0x1083,0x1083,0x1083,0x1083,0x1083,
0x1083,0x1083,0x1083,0x1083,0x1083,0x1083,0x1083,0x1083,0x1083,0x1083,0x1083,0x1083,0x1083,0x1083,0x1083,0x1083,0x1083,0x1083,0x1083,0x1083,0x1083,0x1083,0x1083,0x1083,
0x1083,0x1083,0x1083,0x1083,0x1083,0x1083,0x1083,0x1083,0x1083,0x1083,0x1083,0x1083,0x1083,0x1083,0x1083,0x1083,0x1083,0x1083,0x1083,0x1083,0x1083,0x1083,0x1083,0x1083,
0x1083,0x1083,0x1083,0x1083,0x1083,0x1083,0x1083,0x1083,0x1083,0x1083,0x1083,0x1083,0x1083,0x1083,0x1083,0x1083,0x1083,0x1083,0x1083,0x1083,0x1083,0x1083,0x1083,0x1083,
0x1083,0x1083,0x1083,0x1083,0x1083,0x59a3,0x7a64,0x7a64,0x7a64,0x7a64,0x7a64,0x7a64,0x59a3,0x2903,0x59a3,0xcc67,0xcc67,0xcc67,0xcc67,0xcc67,0x428b,0x428b,0x428b,0x41e6,
0x428b,0xebc4,0x41e6,0x428b,0xebc4,0x73ef,0x41e6,0x2903,0x2903,0xcc67,0xcc67,0x8b05,0xcc67,0xcc67,0x8b86,0x8b86,0x8b86,0x8b86,0x8b05,0x59a3,0x41e6,0x41e6,0x41e6,0x73ef,
0x41e6,0x41e6,0x41e6,0x41e6,0x73ef,0x41e6,0x30e2,0x30e2,0x30e2,0x30e2,0x30e2,0x30e2,0x5142,0x1881,0x5142,0x5142,0x21,0x1041,0x1041,0x4163,0x4163,0x4163,0x4163,0x59e3,
0x1041,0x21,0x9b05,0x3922,0x18a1,0x1040,0x21,0x21,0x21,0x1041,0x1041,0x1041,0x1041,0x8285,0x21,0x30e2,0x30e2,0x30e2,0x30e2,0x30e2,0x30e2,0x30e2,0x1041,0x1041,
0x1041,0x30e2,0x1041,0x1041,0x1041,0x1041,0x1041,0x1041,0x30e2,0x30e2,0x30e2,0x820,0x820,0x820,0x820,0x820,0x2903,0x2903,0x2903,0x2903,0x820,0x820,0x820,0x820,
0x820,0x820,0x2903,0x2903,0x2903,0x2903,0x10c3,0x10c3,0x820,0x820,0x820,0x820,0x10c3,0x10c3,0x10c3,0x10c3,0x10c3,0x2903,0x1083,0x1083,0x1083,0x1083,0x1083,0x1083,
0x1083,0x1083,0x1083,0x1083,0x1083,0x1083,0x1083,0x1083,0x1083,0x1083,0x1083,0x1083,0x1083,0x1083,0x1083,0x1083,0x1083,0x1083,0x1083,0x1083,0x1083,0x1083,0x1083,0x1083,
0x1083,0x1083,0x1083,0x1083,0x1083,0x1083,0x1083,0x1083,0x1083,0x1083,0x1083,0x1083,0x1083,0x1083,0x1083,0x1083,0x1083,0x1083,0x1083,0x1083,0x1083,0x1083,0x1083,0x1083,
0x1083,0x1083,0x1083,0x1083,0x1083,0x1083,0x1083,0x1083,0x1083,0x1083,0x1083,0x1083,0x1083,0x1083,0x1083,0x1083,0x1083,0x1083,0x1083,0x1083,0x1083,0x1083,0x1083,0x1083,
0x1083,0x1083,0x1083,0x1083,0x1083,0x1083,0x1083,0x1083,0x1083,0x1083,0x1083,0x1083,0x1083,0x1083,0x1083,0x1083,0x1083,0x1083,0x1083,0x1083,0x1083,0x1083,0x1083,0x1083,
0x1083,0x1083,0x1083,0x1083,0x1083,0x59a3,0x7a64,0x7a64,0x7a64,0x7a64,0x7a64,0x7a64,0x7a64,0x2903,0x7a64,0x7a64,0x7a64,0x7a64,0x7a64,0x59a3,0x2903,0x2903,0x2903,0xcc67,
0xd244,0xcc67,0xcc67,0xcc67,0x2903,0x2903,0x8b86,0x8b05,0x8b05,0x8b05,0x1041,0x59a3,0x59a3,0x2903,0x2903,0x8b05,0x8b05,0x8b05,0x8b05,0x8b05,0x59a3,0x41e6,0x41e6,0x428b,
0x428b,0x41e6,0x41e6,0x41e6,0x41e6,0x41e6,0x41e6,0x428b,0x41e6,0x30e2,0x30e2,0x30e2,0x5142,0x1881,0x1881,0x1061,0x59c3,0x8264,0x5142,0x7204,0x5142,0x21,0x1041,0x18a1,
0x3922,0x1040,0x3922,0x18a1,0x18a1,0x1040,0x1061,0x21,0x21,0x21,0x3922,0x8285,0x20a1,0x20a1,0x21,0x30e2,0x30e2,0x30e2,0x30e2,0x30e2,0x30e2,0x30e2,0x30e2,0x30e2,
0x30e2,0x30e2,0x1041,0x1041,0x1041,0x1041,0x1041,0x1041,0x30e2,0x30e2,0x30e2,0x820,0x820,0x820,0x820,0x820,0x2903,0x2903,0x2903,0x2903,0x2903,0x2903,0x10c3,0x10c3,
0x10c3,0x820,0x820,0x820,0x820,0x820,0x820,0x820,0x820,0x820,0x820,0x820,0x10c3,0x10c3,0x10c3,0x10c3,0x10c3,0x2903,0x1083,0x1083,0x1083,0x1083,0x1083,0x1083,
0x1083,0x1083,0x1083,0x1083,0x1083,0x1083,0x1083,0x1083,0x1083,0x1083,0x1083,0x1083,0x1083,0x1083,0x1083,0x1083,0x1083,0x1083,0x1083,0x1083,0x1083,0x1083,0x1083,0x1083,
0x1083,0x1083,0x1083,0x1083,0x1083,0x1083,0x1083,0x1083,0x1083,0x1083,0x1083,0x1083,0x1083,0x1083,0x1083,0x1083,0x1083,0x1083,0x1083,0x1083,0x1083,0x1083,0x1083,0x1083,
0x1083,0x1083,0x1083,0x1083,0x1083,0x1083,0x1083,0x1083,0x1083,0x1083,0x1083,0x1083,0x1083,0x1083,0x1083,0x1083,0x1083,0x1083,0x1083,0x1083,0x1083,0x1083,0x1083,0x1083,
0x1083,0x1083,0x1083,0x1083,0x1083,0x1083,0x1083,0x1083,0x1083,0x1083,0x1083,0x1083,0x1083,0x1083,0x1083,0x1083,0x1083,0x1083,0x1083,0x1083,0x1083,0x1083,0x1083,0x1083,
0x1083,0x1083,0x1083,0x1083,0x1083,0x59a3,0x59a3,0x59a3,0x7a64,0x7a64,0x7a64,0x7a64,0x7a64,0x7a64,0x7a64,0x7a64,0x7a64,0x7a64,0x7a64,0x7a64,0x7a64,0x59a3,0x59a3,0x59a3,
0x8b86,0x8b86,0x8b86,0x8b86,0x8b86,0x8b86,0x59a3,0x2903,0x8b05,0x8b05,0x8b05,0x8b05,0x8b05,0x8b05,0x2903,0x8b05,0x8b05,0x8b05,0x8b05,0x8b05,0x8b05,0x41e6,0x41e6,0x41e6,
0x428b,0x41e6,0x73ef,0x41e6,0x41e6,0x428b,0x41e6,0x73ef,0x41e6,0x41e6,0x30e2,0x30e2,0x1881,0x5142,0x1061,0x1061,0x59c3,0x30e2,0x5142,0x1061,0x5142,0x8264,0x1040,0x6a24,
0x8285,0x1040,0x21,0x1040,0x21,0x1040,0x1040,0x21,0x21,0x3922,0x8285,0x9b05,0x5183,0x20a1,0x21,0x30e2,0x30e2,0x30e2,0x30e2,0x30e2,0x30e2,0x30e2,0x30e2,0x30e2,
0x30e2,0x30e2,0x1041,0x1041,0x1041,0x1041,0x1041,0x1041,0x30e2,0x30e2,0x30e2,0x820,0x820,0x820,0x820,0x820,0x2903,0x2903,0x2903,0x2903,0x2903,0x2903,0x2903,0x10c3,
0x10c3,0x10c3,0x820,0x820,0x820,0x820,0x820,0x820,0x820,0x820,0x820,0x820,0x10c3,0x10c3,0x10c3,0x10c3,0x2903,0x2903,0x1083,0x1083,0x1083,0x1083,0x1083,0x1083,
0x1083,0x1083,0x1083,0x1083,0x1083,0x1083,0x1083,0x1083,0x1083,0x1083,0x1083,0x1083,0x1083,0x1083,0x1083,0x1083,0x1083,0x1083,0x1083,0x1083,0x1083,0x1083,0x1083,0x1083,
0x1083,0x1083,0x1083,0x1083,0x1083,0x1083,0x1083,0x1083,0x1083,0x1083,0x1083,0x1083,0x1083,0x1083,0x1083,0x1083,0x1083,0x1083,0x1083,0x1083,0x1083,0x1083,0x1083,0x1083,
0x1083,0x1083,0x1083,0x1083,0x1083,0x1083,0x1083,0x1083,0x1083,0x1083,0x1083,0x1083,0x1083,0x1083,0x1083,0x1083,0x1083,0x1083,0x1083,0x1083,0x1083,0x1083,0x1083,0x1083,
0x1083,0x1083,0x1083,0x1083,0x1083,0x1083,0x1083,0x1083,0x1083,0x1083,0x1083,0x1083,0x1083,0x1083,0x1083,0x1083,0x1083,0x1083,0x1083,0x1083,0x1083,0x1083,0x1083,0x1083,
0x1083,0x1083,0x1083,0x1083,0x1083,0x1041,0x7a64,0x59a3,0x59a3,0x59a3,0x59a3,0x7a64,0x7a64,0x7a64,0x7a64,0x7a64,0x7a64,0x7a64,0x7a64,0x7a64,0x7a64,0x7a64,0x7a64,0x7a64,
0x7a64,0x8b05,0x8b05,0x8b05,0x8b05,0x8b05,0x8b05,0x2903,0x8b05,0x8b05,0x8b05,0x8b05,0x8b05,0x8b05,0x59a3,0x8b05,0x8b05,0x8b05,0x8b05,0x8b05,0x8b05,0x59a3,0x41e6,0x428b,
0x41e6,0x41e6,0x73ef,0x428b,0x41e6,0x428b,0x428b,0x41e6,0x73ef,0x41e6,0x30e2,0x0,0x0,0x5142,0x8264,0x8264,0x7204,0x30e2,0x5142,0x5142,0x1061,0x5142,0x8264,0x9b05,
0x1040,0x21,0x21,0x21,0x21,0x5142,0x1061,0x21,0x21,0x8285,0xc426,0x8285,0x3922,0x20a1,0x21,0x30e2,0x30e2,0x30e2,0x30e2,0x30e2,0x30e2,0x30e2,0x30e2,0x30e2,
0x30e2,0x30e2,0x1041,0x1041,0x1041,0x1041,0x1041,0x1041,0x30e2,0x30e2,0x30e2,0x820,0x820,0x820,0x820,0x820,0x2903,0x2903,0x2903,0x2903,0x2903,0x2903,0x2903,0x2903,
0x10c3,0x10c3,0x820,0x820,0x820,0x820,0x820,0x820,0x820,0x820,0x820,0x820,0x820,0x10c3,0x10c3,0x10c3,0x2903,0x2903,0x1083,0x1083,0x1083,0x1083,0x1083,0x1083,
0x1083,0x1083,0x1083,0x1083,0x1083,0x1083,0x1083,0x1083,0x1083,0x1083,0x1083,0x1083,0x1083,0x1083,0x1083,0x1083,0x1083,0x1083,0x1083,0x1083,0x1083,0x1083,0x1083,0x1083,
0x1083,0x1083,0x1083,0x1083,0x1083,0x1083,0x1083,0x1083,0x1083,0x1083,0x1083,0x1083,0x1083,0x1083,0x1083,0x1083,0x1083,0x1083,0x1083,0x1083,0x1083,0x1083,0x1083,0x1083,
0x1083,0x1083,0x1083,0x1083,0x1083,0x1083,0x1083,0x1083,0x1083,0x1083,0x1083,0x1083,0x1083,0x1083,0x1083,0x1083,0x1083,0x1083,0x1083,0x1083,0x1083,0x1083,0x1083,0x1083,
0x1083,0x1083,0x1083,0x1083,0x1083,0x1083,0x1083,0x1083,0x1083,0x1083,0x1083,0x1083,0x1083,0x1083,0x1083,0x1083,0x1083,0x1083,0x1083,0x1083,0x1083,0x1083,0x1083,0x1083,
0x1083,0x1083,0x1083,0x1083,0x1083,0x1041,0x7a64,0x7a64,0x7a64,0x7a64,0x7a64,0x7a64,0x7a64,0x59a3,0x59a3,0x2903,0x2903,0x59a3,0x7a64,0x7a64,0x7a64,0x7a64,0x7a64,0x7a64,
0x7a64,0x8b05,0x8b05,0x8b05,0x8b05,0x8b05,0x2903,0x8b05,0x8b05,0x8b05,0x8b05,0x8b05,0x8b05,0x2903,0x2903,0x2903,0x2903,0x2903,0x2903,0x59a3,0x59a3,0x59a3,0x41e6,0x73ef,
0x41e6,0x41e6,0x41e6,0x41e6,0x41e6,0x428b,0x41e6,0x41e6,0x41e6,0x41e6,0x41e6,0x0,0x0,0x5142,0x0,0x1061,0x5142,0x5142,0x5142,0x30e2,0x5142,0x5142,0x8264,0x1061,
0x1061,0x1061,0x5142,0x5142,0x5142,0x30e2,0x1061,0x21,0x21,0x9b05,0xc426,0x5183,0x20a1,0x20a1,0x30e2,0x30e2,0x30e2,0x30e2,0x30e2,0x30e2,0x30e2,0x30e2,0x30e2,0x30e2,
0x30e2,0x30e2,0x30e2,0x1041,0x1041,0x1041,0x1041,0x30e2,0x30e2,0x30e2,0x30e2,0x30e2,0x820,0x820,0x820,0x820,0x2903,0x2903,0x2903,0x2903,0x2903,0x2903,0x2903,0x2903,
0x2903,0x10c3,0x820,0x820,0x10c3,0x10c3,0x10c3,0x820,0x820,0x820,0x820,0x820,0x820,0x820,0x820,0x820,0x2903,0x2903,0x1083,0x1083,0x1083,0x1083,0x1083,0x1083,
0x1083,0x1083,0x1083,0x1083,0x1083,0x1083,0x1083,0x1083,0x1083,0x1083,0x1083,0x1083,0x1083,0x1083,0x1083,0x1083,0x1083,0x1083,0x1083,0x1083,0x1083,0x1083,0x1083,0x1083,
0x1083,0x1083,0x1083,0x1083,0x1083,0x1083,0x1083,0x1083,0x1083,0x1083,0x1083,0x1083,0x1083,0x1083,0x1083,0x1083,0x1083,0x1083,0x1083,0x1083,0x1083,0x1083,0x1083,0x1083,
0x1083,0x1083,0x1083,0x1083,0x1083,0x1083,0x1083,0x1083,0x1083,0x1083,0x1083,0x1083,0x1083,0x1083,0x1083,0x1083,0x1083,0x1083,0x1083,0x1083,0x1083,0x1083,0x1083,0x1083,
0x1083,0x1083,0x1083,0x1083,0x1083,0x1083,0x1083,0x1083,0x1083,0x1083,0x1083,0x1083,0x1083,0x1083,0x1083,0x1083,0x1083,0x1083,0x1083,0x1083,0x1083,0x1083,0x1083,0x1083,
0x1083,0x1083,0x1083,0x1083,0x1083,0x1041,0x7a64,0x7a64,0x7a64,0x59a3,0x7a64,0x7a64,0x7a64,0x7a64,0x7a64,0x7a64,0x2903,0x2903,0x2903,0x2903,0x2903,0x2903,0x7a64,0x7a64,
0x7a64,0x59a3,0x8b05,0x2903,0x2903,0x2903,0x2903,0x2903,0x2903,0x2903,0x2903,0x2903,0x2903,0x2903,0x2903,0x8b05,0x8b05,0x8b05,0x2903,0x8b05,0x59a3,0x59a3,0x41e6,0x41e6,
0x41e6,0x428b,0x41e6,0x41e6,0x428b,0x41e6,0x41e6,0x428b,0x73ef,0x41e6,0x41e6,0x0,0x0,0x1061,0x5142,0x0,0x5142,0x30e2,0x0,0x5142,0x30e2,0x5142,0x5142,0x8264,
0x1061,0x1061,0x1061,0x1061,0x30e2,0x30e2,0x30e2,0x21,0x21,0x8285,0xc426,0x5183,0x20a1,0x73ef,0x30e2,0x30e2,0x30e2,0x30e2,0x30e2,0x30e2,0x30e2,0x30e2,0x30e2,0x30e2,
0x30e2,0x30e2,0x1041,0x1041,0x1041,0x1041,0x1041,0x30e2,0x30e2,0x30e2,0x30e2,0x30e2,0x820,0x820,0x820,0x820,0x2903,0x2903,0x2903,0x2903,0x2903,0x2903,0x2903,0x2903,
0x2903,0x10c3,0x820,0x10c3,0x10c3,0x10c3,0x10c3,0x10c3,0x10c3,0x820,0x820,0x820,0x820,0x820,0x820,0x820,0x820,0x2903,0x1083,0x1083,0x1083,0x1083,0x1083,0x1083,
0x1083,0x1083,0x1083,0x1083,0x1083,0x1083,0x1083,0x1083,0x1083,0x1083,0x1083,0x1083,0x1083,0x1083,0x1083,0x1083,0x1083,0x1083,0x1083,0x1083,0x1083,0x1083,0x1083,0x1083,
0x1083,0x1083,0x1083,0x1083,0x1083,0x1083,0x1083,0x1083,0x1083,0x1083,0x1083,0x1083,0x1083,0x1083,0x1083,0x1083,0x1083,0x1083,0x1083,0x1083,0x1083,0x1083,0x1083,0x1083,
0x1083,0x1083,0x1083,0x1083,0x1083,0x1083,0x1083,0x1083,0x1083,0x1083,0x1083,0x1083,0x1083,0x1083,0x1083,0x1083,0x1083,0x1083,0x1083,0x1083,0x1083,0x1083,0x1083,0x1083,
0x1083,0x1083,0x1083,0x1083,0x1083,0x1083,0x1083,0x1083,0x1083,0x1083,0x1083,0x1083,0x1083,0x1083,0x1083,0x1083,0x1083,0x1083,0x1083,0x1083,0x1083,0x1083,0x1083,0x1083,
0x1083,0x1083,0x1083,0x1083,0x1083,0x2903,0x2903,0x2903,0x59a3,0x2903,0x7a64,0x7a64,0x7a64,0x7a64,0x7a64,0x7a64,0x2903,0x7a64,0x7a64,0x7a64,0x7a64,0x7a64,0x7a64,0x7a64,
0x59a3,0x59a3,0x59a3,0x8b05,0x2903,0x2903,0x8b05,0x8b05,0x8b05,0x2903,0x2903,0x8b05,0x8b05,0x8b05,0x2903,0x8b05,0x8b05,0x8b05,0x2903,0x8b05,0x59a3,0x2903,0x41e6,0x41e6,
0x428b,0x428b,0x41e6,0x41e6,0x428b,0x428b,0x428b,0x73ef,0x41e6,0x41e6,0x41e6,0x0,0x0,0x1061,0x5142,0x1061,0x1061,0x5142,0x5142,0x1061,0x5142,0x30e2,0x1061,0x5142,
0x5142,0x5142,0x7204,0x7204,0x5142,0x5142,0x30e2,0x21,0x21,0x9b05,0x5183,0x3922,0x20a1,0x21,0x30e2,0x30e2,0x30e2,0x30e2,0x30e2,0x30e2,0x30e2,0x30e2,0x30e2,0x30e2,
0x30e2,0x30e2,0x1041,0x1041,0x1041,0x1041,0x1041,0x1041,0x30e2,0x30e2,0x820,0x820,0x820,0x820,0x820,0x820,0x820,0x820,0x2903,0x2903,0x2903,0x2903,0x2903,0x2903,
0x2903,0x10c3,0x820,0x10c3,0x10c3,0x10c3,0x10c3,0x10c3,0x10c3,0x10c3,0x10c3,0x10c3,0x10c3,0x820,0x820,0x820,0x820,0x820,0x1083,0x1083,0x1083,0x1083,0x1083,0x1083,
0x1083,0x1083,0x1083,0x1083,0x1083,0x1083,0x1083,0x1083,0x1083,0x1083,0x1083,0x1083,0x1083,0x1083,0x1083,0x1083,0x1083,0x1083,0x1083,0x1083,0x1083,0x1083,0x1083,0x1083,
0x1083,0x1083,0x1083,0x1083,0x1083,0x1083,0x1083,0x1083,0x1083,0x1083,0x1083,0x1083,0x1083,0x1083,0x1083,0x1083,0x1083,0x1083,0x1083,0x1083,0x1083,0x1083,0x1083,0x1083,
0x1083,0x1083,0x1083,0x1083,0x1083,0x1083,0x1083,0x1083,0x1083,0x1083,0x1083,0x1083,0x1083,0x1083,0x1083,0x1083,0x1083,0x1083,0x1083,0x1083,0x1083,0x1083,0x1083,0x1083,
0x1083,0x1083,0x1083,0x1083,0x1083,0x1083,0x1083,0x1083,0x1083,0x1083,0x1083,0x1083,0x1083,0x1083,0x1083,0x1083,0x1083,0x1083,0x1083,0x1083,0x1083,0x1083,0x1083,0x1083,
0x1083,0x1083,0x1083,0x1083,0x1083,0x2903,0x7a64,0x59a3,0x2903,0x2903,0x2903,0x59a3,0x59a3,0x7a64,0x7a64,0x7a64,0x2903,0x7a64,0x7a64,0x7a64,0x7a64,0x7a64,0x7a64,0x7a64,
0x59a3,0x8b05,0x8b05,0x8b05,0x8b05,0x59a3,0x8b05,0x8b05,0x8b05,0x8b05,0x2903,0x8b05,0x8b05,0x59a3,0x2903,0x8b05,0x2903,0x2903,0x2903,0x2903,0x2903,0x41e6,0x41e6,0x41e6,
0x41e6,0x428b,0x41e6,0x41e6,0x41e6,0x73ef,0x428b,0x41e6,0x41e6,0x428b,0x41e6,0x0,0x0,0x0,0x5142,0x5142,0x0,0x1061,0x5142,0x30e2,0x0,0x5142,0x30e2,0x1061,
0x1061,0x1061,0x5142,0x5142,0x5142,0x0,0x0,0x8285,0x8285,0x20a1,0x20a1,0x20a1,0x73ef,0x0,0x30e2,0x30e2,0x30e2,0x30e2,0x30e2,0x30e2,0x30e2,0x30e2,0x30e2,0x30e2,
0x30e2,0x1041,0x1041,0x1041,0x1041,0x1041,0x1041,0x1041,0x30e2,0x820,0x820,0x820,0x820,0x820,0x820,0x820,0x820,0x820,0x820,0x820,0x2903,0x2903,0x2903,0x2903,
0x2903,0x820,0x820,0x10c3,0x10c3,0x10c3,0x10c3,0x10c3,0x10c3,0x10c3,0x10c3,0x10c3,0x10c3,0x820,0x820,0x820,0x2903,0x2903,0x1083,0x1083,0x1083,0x1083,0x1083,0x1083,
0x1083,0x1083,0x1083,0x1083,0x1083,0x1083,0x1083,0x1083,0x1083,0x1083,0x1083,0x1083,0x1083,0x1083,0x1083,0x1083,0x1083,0x1083,0x1083,0x1083,0x1083,0x1083,0x1083,0x1083,
0x1083,0x1083,0x1083,0x1083,0x1083,0x1083,0x1083,0x1083,0x1083,0x1083,0x1083,0x1083,0x1083,0x1083,0x1083,0x1083,0x1083,0x1083,0x1083,0x1083,0x1083,0x1083,0x1083,0x1083,
0x1083,0x1083,0x1083,0x1083,0x1083,0x1083,0x1083,0x1083,0x1083,0x1083,0x1083,0x1083,0x1083,0x1083,0x1083,0x1083,0x1083,0x1083,0x1083,0x1083,0x1083,0x1083,0x1083,0x1083,
0x1083,0x1083,0x1083,0x1083,0x1083,0x1083,0x1083,0x1083,0x1083,0x1083,0x1083,0x1083,0x1083,0x1083,0x1083,0x1083,0x1083,0x1083,0x1083,0x1083,0x1083,0x1083,0x1083,0x1083,
0x1083,0x1083,0x1083,0x1083,0x1083,0x2903,0x7a64,0x7a64,0x7a64,0x7a64,0x7a64,0x7a64,0x2903,0x2903,0x2903,0x2903,0x2903,0x7a64,0x7a64,0x7a64,0x7a64,0x7a64,0x7a64,0x7a64,
0x59a3,0x8b05,0x8b05,0x8b05,0x8b05,0x2903,0x8b05,0x8b05,0x8b05,0x8b05,0x2903,0x2903,0x2903,0x2903,0x2903,0x2903,0x8b05,0x8b05,0x8b05,0x8b05,0x59a3,0x428b,0x41e6,0x41e6,
0x41e6,0x73ef,0x41e6,0x428b,0x41e6,0x41e6,0x41e6,0x428b,0x41e6,0x41e6,0x0,0x0,0x0,0x0,0x5142,0x5142,0x0,0x1061,0x5142,0x5142,0x30e2,0x0,0x0,0x5142,
0x30e2,0x30e2,0x1061,0x1061,0x1061,0x0,0x59e3,0x59e3,0x5183,0x5183,0x3922,0x20a1,0x73ef,0x21,0x30e2,0x30e2,0x30e2,0x30e2,0x30e2,0x30e2,0x30e2,0x30e2,0x30e2,0x30e2,
0x1041,0x1041,0x1041,0x1041,0x1041,0x1041,0x1041,0x1041,0x820,0x820,0x820,0x820,0x820,0x820,0x820,0x820,0x820,0x820,0x820,0x820,0x820,0x820,0x2903,0x10c3,
0x10c3,0x820,0x820,0x820,0x10c3,0x10c3,0x10c3,0x10c3,0x10c3,0x10c3,0x10c3,0x10c3,0x10c3,0x820,0x820,0x10c3,0x10c3,0x2903,0x1083,0x1083,0x1083,0x1083,0x1083,0x1083,
0x1083,0x1083,0x1083,0x1083,0x1083,0x1083,0x1083,0x1083,0x1083,0x1083,0x1083,0x1083,0x1083,0x1083,0x1083,0x1083,0x1083,0x1083,0x1083,0x1083,0x1083,0x1083,0x1083,0x1083,
0x1083,0x1083,0x1083,0x1083,0x1083,0x1083,0x1083,0x1083,0x1083,0x1083,0x1083,0x1083,0x1083,0x1083,0x1083,0x1083,0x1083,0x1083,0x1083,0x1083,0x1083,0x1083,0x1083,0x1083,
0x1083,0x1083,0x1083,0x1083,0x1083,0x1083,0x1083,0x1083,0x1083,0x1083,0x1083,0x1083,0x1083,0x1083,0x1083,0x1083,0x1083,0x1083,0x1083,0x1083,0x1083,0x1083,0x1083,0x1083,
0x1083,0x1083,0x1083,0x1083,0x1083,0x1083,0x1083,0x1083,0x1083,0x1083,0x1083,0x1083,0x1083,0x1083,0x1083,0x1083,0x1083,0x1083,0x1083,0x1083,0x1083,0x1083,0x1083,0x1083,
0x1083,0x1083,0x1083,0x1083,0x1083,0x2903,0x7a64,0x7a64,0x7a64,0x7a64,0x7a64,0x7a64,0x2903,0x7a64,0x7a64,0x7a64,0x7a64,0x7a64,0x7a64,0x2903,0x2903,0x2903,0x7a64,0x7a64,
0x59a3,0x8b05,0x8b05,0x2903,0x2903,0x2903,0x2903,0x2903,0x8b05,0x8b05,0x8b05,0x8b05,0x8b05,0x8b05,0x2903,0x8b05,0x8b05,0x8b05,0x8b05,0x8b05,0x59a3,0x41e6,0x41e6,0x41e6,
0x41e6,0x428b,0x41e6,0x428b,0x41e6,0x41e6,0x41e6,0x41e6,0x41e6,0x41e6,0x0,0x0,0x0,0x0,0x5142,0x1061,0x5142,0x0,0x5142,0x5142,0x5142,0x30e2,0x30e2,0x0,
0x0,0x5142,0x73ef,0x73ef,0x73ef,0x73ef,0x0,0x0,0x8285,0x3922,0x8285,0x3922,0x73ef,0x20a1,0x30e2,0x30e2,0x30e2,0x30e2,0x30e2,0x30e2,0x30e2,0x30e2,0x30e2,0x30e2,
0x30e2,0x30e2,0x30e2,0x1041,0x1041,0x1041,0x1041,0x820,0x820,0x820,0x820,0x820,0x820,0x820,0x820,0x820,0x820,0x820,0x820,0x820,0x820,0x820,0x820,0x820,
0x820,0x10c3,0x10c3,0x820,0x820,0x820,0x10c3,0x10c3,0x10c3,0x10c3,0x10c3,0x10c3,0x10c3,0x820,0x820,0x10c3,0x10c3,0x2903,0x1083,0x1083,0x1083,0x1083,0x1083,0x1083,
0x1083,0x1083,0x1083,0x1083,0x1083,0x1083,0x1083,0x1083,0x1083,0x1083,0x1083,0x1083,0x1083,0x1083,0x1083,0x1083,0x1083,0x1083,0x1083,0x1083,0x1083,0x1083,0x1083,0x1083,
0x1083,0x1083,0x1083,0x1083,0x1083,0x1083,0x1083,0x1083,0x1083,0x1083,0x1083,0x1083,0x1083,0x1083,0x1083,0x1083,0x1083,0x1083,0x1083,0x1083,0x1083,0x1083,0x1083,0x1083,
0x1083,0x1083,0x1083,0x1083,0x1083,0x1083,0x1083,0x1083,0x1083,0x1083,0x1083,0x1083,0x1083,0x1083,0x1083,0x1083,0x1083,0x1083,0x1083,0x1083,0x1083,0x1083,0x1083,0x1083,
0x1083,0x1083,0x1083,0x1083,0x1083,0x1083,0x1083,0x1083,0x1083,0x1083,0x1083,0x1083,0x1083,0x1083,0x1083,0x1083,0x1083,0x1083,0x1083,0x1083,0x1083,0x1083,0x1083,0x1083,
0x1083,0x1083,0x1083,0x1083,0x1083,0x2903,0x7a64,0x7a64,0x7a64,0x7a64,0x7a64,0x7a64,0x2903,0x7a64,0x7a64,0x7a64,0x7a64,0x7a64,0x7a64,0x7a64,0x2903,0x7a64,0x2903,0x2903,
0x2903,0x2903,0x2903,0x8b05,0x8b05,0x8b05,0x8b05,0x8b05,0x8b05,0x8b05,0x8b05,0x8b05,0x8b05,0x8b05,0x2903,0x8b05,0x8b05,0x8b05,0x8b05,0x8b05,0x59a3,0x428b,0x428b,0x41e6,
0x428b,0x41e6,0x41e6,0x41e6,0x41e6,0x428b,0x428b,0x41e6,0x41e6,0x41e6,0x0,0x0,0x0,0x0,0x5142,0x5142,0x5142,0x0,0x1061,0x5142,0x0,0x5142,0x5142,0x30e2,
0x30e2,0x0,0x29a7,0x29a7,0x29a7,0x29a7,0x0,0x29a7,0x8285,0x3922,0x8285,0x3922,0x0,0x820,0x820,0x820,0x820,0x820,0x820,0x820,0x820,0x820,0x820,0x820,
0x820,0x820,0x820,0x820,0x820,0x820,0x820,0x820,0x820,0x820,0x820,0x820,0x820,0x820,0x820,0x820,0x820,0x820,0x820,0x820,0x820,0x820,0x820,0x2903,
0x2903,0x10c3,0x10c3,0x10c3,0x820,0x820,0x10c3,0x10c3,0x10c3,0x10c3,0x10c3,0x10c3,0x10c3,0x820,0x820,0x10c3,0x10c3,0x2903,0x1083,0x1083,0x1083,0x1083,0x1083,0x1083,
0x1083,0x1083,0x1083,0x1083,0x1083,0x1083,0x1083,0x1083,0x1083,0x1083,0x1083,0x1083,0x1083,0x1083,0x1083,0x1083,0x1083,0x1083,0x1083,0x1083,0x1083,0x1083,0x1083,0x1083,
0x1083,0x1083,0x1083,0x1083,0x1083,0x1083,0x1083,0x1083,0x1083,0x1083,0x1083,0x1083,0x1083,0x1083,0x1083,0x1083,0x1083,0x1083,0x1083,0x1083,0x1083,0x1083,0x1083,0x1083,
0x1083,0x1083,0x1083,0x1083,0x1083,0x1083,0x1083,0x1083,0x1083,0x1083,0x1083,0x1083,0x1083,0x1083,0x1083,0x1083,0x1083,0x1083,0x1083,0x1083,0x1083,0x1083,0x1083,0x1083,
0x1083,0x1083,0x1083,0x1083,0x1083,0x1083,0x1083,0x1083,0x1083,0x1083,0x1083,0x1083,0x1083,0x1083,0x1083,0x1083,0x1083,0x1083,0x1083,0x1083,0x1083,0x1083,0x1083,0x1083,
0x1083,0x1083,0x1083,0x1083,0x1083,0x2903,0x7a64,0x2903,0x2903,0x2903,0x7a64,0x7a64,0x2903,0x59a3,0x7a64,0x7a64,0x7a64,0x7a64,0x7a64,0x7a64,0x2903,0x7a64,0x7a64,0x7a64,
0x59a3,0x8b05,0x8b05,0x8b05,0x8b05,0x8b05,0x8b05,0x8b05,0x8b05,0x8b05,0x8b05,0x8b05,0x8b05,0x8b05,0x2903,0x59a3,0x59a3,0x2903,0x2903,0x2903,0x2903,0x41e6,0x41e6,0x428b,
0x41e6,0x41e6,0x428b,0x428b,0x41e6,0x41e6,0x41e6,0x41e6,0x41e6,0x428b,0x0,0x0,0x1061,0x0,0x1061,0x5142,0x1061,0x1061,0x0,0x5142,0x5142,0x5142,0x5142,0x6122,
0xd244,0xa184,0xa184,0x6122,0x73ef,0x29a7,0x59e3,0x8285,0xcc67,0x20a1,0x3922,0x1061,0x820,0x820,0x820,0x820,0x820,0x820,0x820,0x820,0x820,0x820,0x820,0x820,
0x820,0x820,0x820,0x820,0x820,0x820,0x820,0x820,0x820,0x820,0x820,0x820,0x1061,0x820,0x820,0x820,0x820,0x820,0x820,0x820,0x820,0x820,0x2903,0x2903,
0x2903,0x10c3,0x10c3,0x10c3,0x10c3,0x10c3,0x820,0x820,0x10c3,0x10c3,0x10c3,0x10c3,0x820,0x820,0x820,0x10c3,0x10c3,0x2903,0x1083,0x1083,0x1083,0x1083,0x1083,0x1083,
0x1083,0x1083,0x1083,0x1083,0x1083,0x1083,0x1083,0x1083,0x1083,0x1083,0x1083,0x1083,0x1083,0x1083,0x1083,0x1083,0x1083,0x1083,0x1083,0x1083,0x1083,0x1083,0x1083,0x1083,
0x1083,0x1083,0x1083,0x1083,0x1083,0x1083,0x1083,0x1083,0x1083,0x1083,0x1083,0x1083,0x1083,0x1083,0x1083,0x1083,0x1083,0x1083,0x1083,0x1083,0x1083,0x1083,0x1083,0x1083,
0x1083,0x1083,0x1083,0x1083,0x1083,0x1083,0x1083,0x1083,0x1083,0x1083,0x1083,0x1083,0x1083,0x1083,0x1083,0x1083,0x1083,0x1083,0x1083,0x1083,0x1083,0x1083,0x1083,0x1083,
0x1083,0x1083,0x1083,0x1083,0x1083,0x1083,0x1083,0x1083,0x1083,0x1083,0x1083,0x1083,0x1083,0x1083,0x1083,0x1083,0x1083,0x1083,0x1083,0x1083,0x1083,0x1083,0x1083,0x1083,
0x1083,0x1083,0x1083,0x1083,0x1083,0x2903,0x7a64,0x7a64,0x7a64,0x2903,0x2903,0x2903,0x2903,0x2903,0x59a3,0x7a64,0x7a64,0x7a64,0x7a64,0x7a64,0x2903,0x7a64,0x7a64,0x7a64,
0x59a3,0x8b05,0x8b05,0x8b05,0x8b05,0x8b05,0x8b05,0x8b05,0x8b05,0x8b05,0x8b05,0x8b05,0x2903,0x2903,0x2903,0x2903,0x8b05,0x8b05,0x59a3,0x8b05,0x59a3,0x428b,0x41e6,0x41e6,
0x428b,0x41e6,0x41e6,0x41e6,0x41e6,0x41e6,0x41e6,0x41e6,0x41e6,0x428b,0x0,0x8b86,0x8b86,0x8b86,0xcc67,0x8b86,0xcc67,0xcc67,0xd244,0xd244,0xebc4,0xebc4,0xd244,0xa184,
0xa184,0x6122,0x6122,0x73ef,0x29a7,0x0,0x59e3,0x8285,0x8285,0x8285,0x3922,0x820,0x820,0x820,0x820,0x820,0x820,0x820,0x820,0x820,0x820,0x820,0x820,0x820,
0x820,0x820,0x820,0x820,0x820,0x820,0x820,0x820,0x820,0x820,0x820,0x820,0x820,0x820,0x820,0x820,0x820,0x820,0x820,0x820,0x820,0x820,0x2903,0x2903,
0x2903,0x10c3,0x10c3,0x10c3,0x10c3,0x10c3,0x820,0x820,0x820,0x820,0x820,0x820,0x820,0x820,0x820,0x10c3,0x10c3,0x2903,0x1083,0x1083,0x1083,0x1083,0x1083,0x1083,
0x1083,0x1083,0x1083,0x1083,0x1083,0x1083,0x1083,0x1083,0x1083,0x1083,0x1083,0x1083,0x1083,0x1083,0x1083,0x1083,0x1083,0x1083,0x1083,0x1083,0x1083,0x1083,0x1083,0x1083,
0x1083,0x1083,0x1083,0x1083,0x1083,0x1083,0x1083,0x1083,0x1083,0x1083,0x1083,0x1083,0x1083,0x1083,0x1083,0x1083,0x1083,0x1083,0x1083,0x1083,0x1083,0x1083,0x1083,0x1083,
0x1083,0x1083,0x1083,0x1083,0x1083,0x1083,0x1083,0x1083,0x1083,0x1083,0x1083,0x1083,0x1083,0x1083,0x1083,0x1083,0x1083,0x1083,0x1083,0x1083,0x1083,0x1083,0x1083,0x1083,
0x1083,0x1083,0x1083,0x1083,0x1083,0x1083,0x1083,0x1083,0x1083,0x1083,0x1083,0x1083,0x1083,0x1083,0x1083,0x1083,0x1083,0x1083,0x1083,0x1083,0x1083,0x1083,0x1083,0x1083,
0x1083,0x1083,0x1083,0x1083,0x1083,0x2903,0x7a64,0x7a64,0x7a64,0x2903,0x7a64,0x7a64,0x7a64,0x7a64,0x7a64,0x2903,0x2903,0x2903,0x2903,0x7a64,0x2903,0x7a64,0x7a64,0x7a64,
0x7a64,0x8b05,0x8b05,0x8b05,0x8b05,0x8b05,0x8b05,0x2903,0x2903,0x2903,0x2903,0x2903,0x2903,0x8b05,0x2903,0x8b05,0x8b05,0x8b05,0x59a3,0x8b05,0x59a3,0x428b,0x41e6,0x41e6,
0x41e6,0x41e6,0x428b,0x41e6,0x428b,0x428b,0x4163,0x8b86,0x8b86,0x8b86,0x8b86,0xcc67,0xcc67,0xcc67,0xede7,0xd244,0xebc4,0xebc4,0xebc4,0xed86,0xebc4,0xd244,0xa184,0x4163,
0x4163,0x1061,0x1061,0x29a7,0x1061,0x0,0x0,0x20a1,0x0,0x820,0x820,0x820,0x820,0x820,0x820,0x820,0x820,0x820,0x820,0x820,0x820,0x820,0x820,0x820,
0x820,0x820,0x820,0x820,0x820,0x820,0x820,0x820,0x820,0x820,0x820,0x820,0x820,0x820,0x820,0x1061,0x820,0x820,0x820,0x820,0x820,0x820,0x2903,0x2903,
0x2903,0x10c3,0x10c3,0x10c3,0x10c3,0x10c3,0x10c3,0x820,0x820,0x820,0x820,0x820,0x820,0x820,0x820,0x10c3,0x10c3,0x2903,0x1083,0x1083,0x1083,0x1083,0x1083,0x1083,
0x1083,0x1083,0x1083,0x1083,0x1083,0x1083,0x1083,0x1083,0x1083,0x1083,0x1083,0x1083,0x1083,0x1083,0x1083,0x1083,0x1083,0x1083,0x1083,0x1083,0x1083,0x1083,0x1083,0x1083,
0x1083,0x1083,0x1083,0x1083,0x1083,0x1083,0x1083,0x1083,0x1083,0x1083,0x1083,0x1083,0x1083,0x1083,0x1083,0x1083,0x1083,0x1083,0x1083,0x1083,0x1083,0x1083,0x1083,0x1083,
0x1083,0x1083,0x1083,0x1083,0x1083,0x1083,0x1083,0x1083,0x1083,0x1083,0x1083,0x1083,0x1083,0x1083,0x1083,0x1083,0x1083,0x1083,0x1083,0x1083,0x1083,0x1083,0x1083,0x1083,
0x1083,0x1083,0x1083,0x1083,0x1083,0x1083,0x1083,0x1083,0x1083,0x1083,0x1083,0x1083,0x1083,0x1083,0x1083,0x1083,0x1083,0x1083,0x1083,0x1083,0x1083,0x1083,0x1083,0x1083,
0x1083,0x1083,0x1083,0x1083,0x1083,0x2903,0x7a64,0x7a64,0x7a64,0x2903,0x7a64,0x7a64,0x7a64,0x7a64,0x7a64,0x7a64,0x2903,0x7a64,0x7a64,0x7a64,0x2903,0x2903,0x2903,0x2903,
0x2903,0x2903,0x2903,0x2903,0x2903,0x59a3,0x8b05,0x8b05,0x8b05,0x2903,0x2903,0x428b,0x428b,0x1041,0x2903,0x8b05,0x8b05,0x8b05,0x2903,0x8b05,0x2903,0x41e6,0x41e6,0x428b,
0xcc67,0xcc67,0xcc67,0xcc67,0x8b86,0xcc67,0xcc67,0xcc67,0xd244,0xd244,0xebc4,0xede7,0xf74d,0xf74d,0xede7,0xede7,0xebc4,0xa184,0xd244,0xcc67,0xcc67,0xcc67,0xcc67,0x8b86,
0x8b86,0x8b86,0x8b86,0x8b86,0x1061,0x30e2,0x0,0x0,0x0,0x820,0x820,0x820,0x820,0x820,0x820,0x820,0x820,0x820,0x820,0x820,0x820,0x820,0x820,0x820,
0x820,0x820,0x820,0x820,0x820,0x820,0x820,0x820,0x820,0x820,0x820,0x820,0x820,0x820,0x820,0x820,0x820,0x820,0x2903,0x10c3,0x10c3,0x10c3,0x820,0x2903,
0x2903,0x10c3,0x10c3,0x10c3,0x10c3,0x10c3,0x10c3,0x820,0x820,0x10c3,0x10c3,0x10c3,0x10c3,0x820,0x820,0x10c3,0x10c3,0x2903,0x1083,0x1083,0x1083,0x1083,0x1083,0x1083,
0x1083,0x1083,0x1083,0x1083,0x1083,0x1083,0x1083,0x1083,0x1083,0x1083,0x1083,0x1083,0x1083,0x1083,0x1083,0x1083,0x1083,0x1083,0x1083,0x1083,0x1083,0x1083,0x1083,0x1083,
0x1083,0x1083,0x1083,0x1083,0x1083,0x1083,0x1083,0x1083,0x1083,0x1083,0x1083,0x1083,0x1083,0x1083,0x1083,0x1083,0x1083,0x1083,0x1083,0x1083,0x1083,0x1083,0x1083,0x1083,
0x1083,0x1083,0x1083,0x1083,0x1083,0x1083,0x1083,0x1083,0x1083,0x1083,0x1083,0x1083,0x1083,0x1083,0x1083,0x1083,0x1083,0x1083,0x1083,0x1083,0x1083,0x1083,0x1083,0x1083,
0x1083,0x1083,0x1083,0x1083,0x1083,0x1083,0x1083,0x1083,0x1083,0x1083,0x1083,0x1083,0x1083,0x1083,0x1083,0x1083,0x1083,0x1083,0x1083,0x1083,0x1083,0x1083,0x1083,0x1083,
0x1083,0x1083,0x1083,0x1083,0x1083,0x2903,0x2903,0x7a64,0x2903,0x2903,0x7a64,0x7a64,0x7a64,0x7a64,0x7a64,0x7a64,0x2903,0x7a64,0x7a64,0x7a64,0x7a64,0x7a64,0x7a64,0x7a64,
0x7a64,0x8b05,0x8b05,0x8b05,0x2903,0x59a3,0x8b05,0x8b05,0x8b05,0x2903,0x428b,0x428b,0x428b,0x1041,0x2903,0x8b05,0x8b05,0x8b05,0x2903,0x2903,0x59a3,0x428b,0x41e6,0x8b86,
0x8b86,0x4163,0x8b86,0xa184,0xd244,0xd244,0xebc4,0xebc4,0xed06,0xed06,0xed06,0xed06,0xede7,0xebc4,0xd244,0xcc67,0xcc67,0xcc67,0xcc67,0xcc67,0xcc67,0xcc67,0xcc67,0x8b86,
0x8b86,0x8b86,0x8b86,0x59a3,0x8b05,0x1061,0x30e2,0x0,0x0,0x820,0x820,0x820,0x820,0x820,0x820,0x820,0x820,0x820,0x820,0x820,0x820,0x820,0x820,0x820,
0x820,0x820,0x820,0x820,0x820,0x820,0x820,0x820,0x820,0x820,0x820,0x820,0x820,0x820,0x820,0x820,0x820,0x2903,0x2903,0x2903,0x820,0x820,0x820,0x2903,
0x2903,0x10c3,0x10c3,0x10c3,0x10c3,0x10c3,0x820,0x820,0x10c3,0x10c3,0x10c3,0x10c3,0x10c3,0x10c3,0x820,0x820,0x10c3,0x2903,0x1083,0x1083,0x1083,0x1083,0x1083,0x1083,
0x1083,0x1083,0x1083,0x1083,0x1083,0x1083,0x1083,0x1083,0x1083,0x1083,0x1083,0x1083,0x1083,0x1083,0x1083,0x1083,0x1083,0x1083,0x1083,0x1083,0x1083,0x1083,0x1083,0x1083,
0x1083,0x1083,0x1083,0x1083,0x1083,0x1083,0x1083,0x1083,0x1083,0x1083,0x1083,0x1083,0x1083,0x1083,0x1083,0x1083,0x1083,0x1083,0x1083,0x1083,0x1083,0x1083,0x1083,0x1083,
0x1083,0x1083,0x1083,0x1083,0x1083,0x1083,0x1083,0x1083,0x1083,0x1083,0x1083,0x1083,0x1083,0x1083,0x1083,0x1083,0x1083,0x1083,0x1083,0x1083,0x1083,0x1083,0x1083,0x1083,
0x1083,0x1083,0x1083,0x1083,0x1083,0x1083,0x1083,0x1083,0x1083,0x1083,0x1083,0x1083,0x1083,0x1083,0x1083,0x1083,0x1083,0x1083,0x1083,0x1083,0x1083,0x1083,0x1083,0x1083,
0x1083,0x1083,0x1083,0x1083,0x1083,0x2903,0x7a64,0x7a64,0x7a64,0x7a64,0x2903,0x2903,0x2903,0x7a64,0x7a64,0x2903,0x2903,0x59a3,0x59a3,0x7a64,0x7a64,0x7a64,0x7a64,0x7a64,
0x7a64,0x8b05,0x8b05,0x8b05,0x2903,0x8b05,0x8b05,0x8b05,0x59a3,0x73ef,0x428b,0x73ef,0xa184,0x1041,0x2903,0x8b05,0x8b05,0x8b05,0x8b05,0x8b05,0x41e6,0x428b,0x428b,0x8b86,
0x8b86,0x8b05,0x59a3,0x8b05,0x6122,0x6122,0xa224,0xa224,0xa184,0xa184,0xcc67,0xcc67,0xcc67,0xcc67,0xcc67,0xcc67,0xcc67,0x8b86,0x8b86,0xcc67,0x8b86,0x8b86,0x8b86,0x4163,
0x59a3,0x59a3,0x8b86,0x8b05,0x8b05,0x59a3,0x30e2,0x0,0x0,0x820,0x820,0x820,0x820,0x820,0x820,0x820,0x820,0x820,0x820,0x820,0x820,0x820,0x820,0x820,
0x820,0x820,0x820,0x820,0x820,0x820,0x820,0x820,0x820,0x820,0x820,0x820,0x820,0x820,0x820,0x820,0x820,0x2903,0x2903,0x2903,0x2903,0x2903,0x820,0x820,
0x820,0x2903,0x10c3,0x10c3,0x10c3,0x820,0x820,0x820,0x10c3,0x10c3,0x10c3,0x10c3,0x10c3,0x10c3,0x10c3,0x10c3,0x820,0x820,0x1083,0x1083,0x1083,0x1083,0x1083,0x1083,
0x1083,0x1083,0x1083,0x1083,0x1083,0x1083,0x1083,0x1083,0x1083,0x1083,0x1083,0x1083,0x1083,0x1083,0x1083,0x1083,0x1083,0x1083,0x1083,0x1083,0x1083,0x1083,0x1083,0x1083,
0x1083,0x1083,0x1083,0x1083,0x1083,0x1083,0x1083,0x1083,0x1083,0x1083,0x1083,0x1083,0x1083,0x1083,0x1083,0x1083,0x1083,0x1083,0x1083,0x1083,0x1083,0x1083,0x1083,0x1083,
0x1083,0x1083,0x1083,0x1083,0x1083,0x1083,0x1083,0x1083,0x1083,0x1083,0x1083,0x1083,0x1083,0x1083,0x1083,0x1083,0x1083,0x1083,0x1083,0x1083,0x1083,0x1083,0x1083,0x1083,
0x1083,0x1083,0x1083,0x1083,0x1083,0x1083,0x1083,0x1083,0x1083,0x1083,0x1083,0x1083,0x1083,0x1083,0x1083,0x1083,0x1083,0x1083,0x1083,0x1083,0x1083,0x1083,0x1083,0x1083,
0x1083,0x1083,0x1083,0x1083,0x1083,0x2903,0x7a64,0x7a64,0x7a64,0x7a64,0x7a64,0x7a64,0x7a64,0x2903,0x2903,0x2903,0x2903,0x59a3,0x59a3,0x7a64,0x7a64,0x7a64,0x7a64,0x7a64,
0x7a64,0x59a3,0x8b05,0x59a3,0x2903,0x2903,0x2903,0x2903,0x2903,0x428b,0x73ef,0x73ef,0x6122,0x1041,0x2903,0x8b05,0x8b05,0x8b05,0x8b05,0x8b05,0x2903,0x2903,0x428b,0x8b86,
0x8b86,0x8b05,0x59a3,0x8b05,0x8b05,0x8b05,0x8b05,0x8b05,0x8b05,0x59a3,0x59a3,0x4163,0xcc67,0xcc67,0xcc67,0x8b86,0x8b86,0xcc67,0xcc67,0x8b86,0x8b86,0x59a3,0x59a3,0x8b86,
0x8b86,0x8b86,0x8b05,0x8b05,0x8b05,0x8b05,0x30e2,0x0,0x0,0x820,0x820,0x820,0x820,0x820,0x820,0x820,0x820,0x820,0x820,0x820,0x820,0x820,0x820,0x820,
0x820,0x820,0x820,0x820,0x820,0x820,0x820,0x820,0x820,0x820,0x820,0x820,0x820,0x820,0x820,0x820,0x820,0x2903,0x2903,0x2903,0x2903,0x2903,0x2903,0x820,
0x820,0x820,0x820,0x820,0x820,0x820,0x820,0x820,0x10c3,0x10c3,0x10c3,0x10c3,0x10c3,0x10c3,0x10c3,0x10c3,0x10c3,0x2903,0x1083,0x1083,0x1083,0x1083,0x1083,0x1083,
0x1083,0x1083,0x1083,0x1083,0x1083,0x1083,0x1083,0x1083,0x1083,0x1083,0x1083,0x1083,0x1083,0x1083,0x1083,0x1083,0x1083,0x1083,0x1083,0x1083,0x1083,0x1083,0x1083,0x1083,
0x1083,0x1083,0x1083,0x1083,0x1083,0x1083,0x1083,0x1083,0x1083,0x1083,0x1083,0x1083,0x1083,0x1083,0x1083,0x1083,0x1083,0x1083,0x1083,0x1083,0x1083,0x1083,0x1083,0x1083,
0x1083,0x1083,0x1083,0x1083,0x1083,0x1083,0x1083,0x1083,0x1083,0x1083,0x1083,0x1083,0x1083,0x1083,0x1083,0x1083,0x1083,0x1083,0x1083,0x1083,0x1083,0x1083,0x1083,0x1083,
0x1083,0x1083,0x1083,0x1083,0x1083,0x1083,0x1083,0x1083,0x1083,0x1083,0x1083,0x1083,0x1083,0x1083,0x1083,0x1083,0x1083,0x1083,0x1083,0x1083,0x1083,0x1083,0x1083,0x1083,
0x1083,0x1083,0x1083,0x1083,0x1083,0x59a3,0x59a3,0x7a64,0x7a64,0x7a64,0x7a64,0x7a64,0x7a64,0x7a64,0x7a64,0x7a64,0x59a3,0x2903,0x2903,0x59a3,0x59a3,0x59a3,0x59a3,0x59a3,
0x59a3,0x2903,0x2903,0x2903,0x2903,0x59a3,0x59a3,0x2903,0x2903,0x428b,0x73ef,0x73ef,0x428b,0x1041,0x2903,0x8b05,0x8b05,0x8b05,0x8b05,0x8b05,0x2903,0x2903,0x2903,0x8b86,
0x8b05,0x59a3,0x59a3,0x8b05,0x8b05,0x8b05,0x8b05,0x8b05,0x8b05,0x8b86,0x59a3,0x59a3,0x59a3,0x59a3,0x59a3,0x59a3,0x8b86,0x8b86,0x59a3,0x8b86,0x8b86,0x8b86,0x8b86,0x8b86,
0x8b86,0x8b05,0x8b05,0x8b05,0x8b05,0x8b05,0x1061,0x0,0x0,0x820,0x820,0x820,0x820,0x820,0x820,0x820,0x820,0x820,0x820,0x820,0x820,0x820,0x820,0x820,
0x820,0x820,0x820,0x820,0x820,0x820,0x820,0x820,0x820,0x820,0x820,0x820,0x820,0x820,0x820,0x820,0x820,0x2903,0x2903,0x2903,0x2903,0x2903,0x2903,0x10c3,
0x10c3,0x820,0x820,0x820,0x2903,0x2903,0x820,0x820,0x820,0x10c3,0x10c3,0x10c3,0x10c3,0x10c3,0x10c3,0x10c3,0x2903,0x2903,0x1083,0x1083,0x1083,0x1083,0x1083,0x1083,
0x1083,0x1083,0x1083,0x1083,0x1083,0x1083,0x1083,0x1083,0x1083,0x1083,0x1083,0x1083,0x1083,0x1083,0x1083,0x1083,0x1083,0x1083,0x1083,0x1083,0x1083,0x1083,0x1083,0x1083,
0x1083,0x1083,0x1083,0x1083,0x1083,0x1083,0x1083,0x1083,0x1083,0x1083,0x1083,0x1083,0x1083,0x1083,0x1083,0x1083,0x1083,0x1083,0x1083,0x1083,0x1083,0x1083,0x1083,0x1083,
0x1083,0x1083,0x1083,0x1083,0x1083,0x1083,0x1083,0x1083,0x1083,0x1083,0x1083,0x1083,0x1083,0x1083,0x1083,0x1083,0x1083,0x1083,0x1083,0x1083,0x1083,0x1083,0x1083,0x1083,
0x1083,0x1083,0x1083,0x1083,0x1083,0x1083,0x1083,0x1083,0x1083,0x1083,0x1083,0x1083,0x1083,0x1083,0x1083,0x1083,0x1083,0x1083,0x1083,0x1083,0x1083,0x1083,0x1083,0x1083,
0x1083,0x1083,0x1083,0x1083,0x1083,0x2903,0x7a64,0x2903,0x2903,0x59a3,0x59a3,0x2903,0x59a3,0x7a64,0x7a64,0x7a64,0x7a64,0x7a64,0x7a64,0x2903,0x2903,0x2903,0x2903,0x59a3,
0x59a3,0x59a3,0x8b05,0x8b05,0x8b05,0x8b05,0x8b05,0x2903,0x2903,0x2903,0x2903,0x2903,0x2903,0x2903,0x2903,0x8b05,0x8b05,0x8b05,0x2903,0x2903,0x2903,0x2903,0x2903,0x8b86,
0x7a64,0x8b05,0x59a3,0x59a3,0x8b05,0x8b05,0x8b86,0x8b86,0x8b05,0x8b05,0x8b05,0x8b86,0x8b05,0x8b86,0x8b86,0x8b86,0x7a64,0x8b86,0x8b86,0x8b86,0x8b86,0x59a3,0x8b05,0x8b05,
0x8b05,0x8b05,0x8b86,0x8b05,0x8b05,0x0,0x1061,0x0,0x0,0x59a3,0x59a3,0x59a3,0x59a3,0x820,0x820,0x820,0x820,0x820,0x820,0x820,0x820,0x820,0x820,0x820,
0x820,0x820,0x820,0x820,0x820,0x820,0x820,0x820,0x820,0x820,0x820,0x820,0x820,0x820,0x820,0x820,0x820,0x2903,0x2903,0x2903,0x2903,0x2903,0x10c3,0x10c3,
0x10c3,0x820,0x820,0x2903,0x2903,0x10c3,0x10c3,0x10c3,0x820,0x820,0x820,0x820,0x10c3,0x10c3,0x10c3,0x10c3,0x2903,0x2903,0x1083,0x1083,0x1083,0x1083,0x1083,0x1083,
0x1083,0x1083,0x1083,0x1083,0x1083,0x1083,0x1083,0x1083,0x1083,0x1083,0x1083,0x1083,0x1083,0x1083,0x1083,0x1083,0x1083,0x1083,0x1083,0x1083,0x1083,0x1083,0x1083,0x1083,
0x1083,0x1083,0x1083,0x1083,0x1083,0x1083,0x1083,0x1083,0x1083,0x1083,0x1083,0x1083,0x1083,0x1083,0x1083,0x1083,0x1083,0x1083,0x1083,0x1083,0x1083,0x1083,0x1083,0x1083,
0x1083,0x1083,0x1083,0x1083,0x1083,0x1083,0x1083,0x1083,0x1083,0x1083,0x1083,0x1083,0x1083,0x1083,0x1083,0x1083,0x1083,0x1083,0x1083,0x1083,0x1083,0x1083,0x1083,0x1083,
0x1083,0x1083,0x1083,0x1083,0x1083,0x1083,0x1083,0x1083,0x1083,0x1083,0x1083,0x1083,0x1083,0x1083,0x1083,0x1083,0x1083,0x1083,0x1083,0x1083,0x1083,0x1083,0x1083,0x1083,
0x1083,0x1083,0x1083,0x1083,0x1083,0x2903,0x7a64,0x7a64,0x7a64,0x2903,0x2903,0x2903,0x2903,0x2903,0x59a3,0x59a3,0x7a64,0x7a64,0x7a64,0x2903,0x7a64,0x7a64,0x7a64,0x7a64,
0x59a3,0x8b05,0x8b05,0x8b05,0x8b05,0x8b05,0x8b05,0x2903,0x2903,0x2903,0x8b05,0x8b05,0x8b05,0x2903,0x2903,0x2903,0x2903,0x2903,0x8b05,0x59a3,0x2903,0x2903,0x2903,0x2903,
0x8b86,0x8b86,0x8b86,0x8b86,0x8b86,0x8b05,0x8b05,0x8b05,0x8b05,0x8b86,0x8b05,0x8b86,0x8b05,0x8b05,0x8b05,0x8285,0x7a64,0x8b05,0x8b05,0x8b05,0x8b05,0x8b05,0x8b05,0x8b05,
0x8b05,0x8b86,0x8b05,0x8b05,0x0,0x0,0x0,0x0,0x0,0x59a3,0x59a3,0x59a3,0x59a3,0x2903,0x59a3,0x59a3,0x59a3,0x59a3,0x820,0x820,0x820,0x820,0x820,0x820,
0x820,0x820,0x820,0x820,0x820,0x820,0x820,0x820,0x820,0x820,0x820,0x820,0x820,0x820,0x820,0x820,0x820,0x820,0x2903,0x2903,0x2903,0x2903,0x10c3,0x10c3,
0x10c3,0x820,0x2903,0x10c3,0x10c3,0x10c3,0x10c3,0x10c3,0x10c3,0x10c3,0x10c3,0x820,0x820,0x820,0x10c3,0x10c3,0x2903,0x2903,0x1083,0x1083,0x1083,0x1083,0x1083,0x1083,
0x1083,0x1083,0x1083,0x1083,0x1083,0x1083,0x1083,0x1083,0x1083,0x1083,0x1083,0x1083,0x1083,0x1083,0x1083,0x1083,0x1083,0x1083,0x1083,0x1083,0x1083,0x1083,0x1083,0x1083,
0x1083,0x1083,0x1083,0x1083,0x1083,0x1083,0x1083,0x1083,0x1083,0x1083,0x1083,0x1083,0x1083,0x1083,0x1083,0x1083,0x1083,0x1083,0x1083,0x1083,0x1083,0x1083,0x1083,0x1083,
0x1083,0x1083,0x1083,0x1083,0x1083,0x1083,0x1083,0x1083,0x1083,0x1083,0x1083,0x1083,0x1083,0x1083,0x1083,0x1083,0x1083,0x1083,0x1083,0x1083,0x1083,0x1083,0x1083,0x1083,
0x1083,0x1083,0x1083,0x1083,0x1083,0x1083,0x1083,0x1083,0x1083,0x1083,0x1083,0x1083,0x1083,0x1083,0x1083,0x1083,0x1083,0x1083,0x1083,0x1083,0x1083,0x1083,0x1083,0x1083,
0x1083,0x1083,0x1083,0x1083,0x1083,0x1041,0x1041,0x2903,0x2903,0x7a64,0x7a64,0x7a64,0x7a64,0x7a64,0x7a64,0x2903,0x2903,0x2903,0x2903,0x2903,0x7a64,0x7a64,0x7a64,0x7a64,
0x59a3,0x8b05,0x8b05,0x8b05,0x8b05,0x8b05,0x2903,0x2903,0x2903,0x59a3,0x2903,0x2903,0x59a3,0x59a3,0x8b05,0x8b05,0x8b05,0x59a3,0x59a3,0x1041,0x2903,0x2903,0x2903,0x2903,
0x2903,0x59a3,0x4163,0x8b86,0x8b86,0x8b86,0x8b86,0x8b05,0x8b05,0x8b05,0x8b05,0x8b05,0x8b86,0x8b05,0x8285,0x7a64,0x7a64,0x8b05,0x8b05,0x7a64,0x7a64,0x7a64,0x7a64,0x7a64,
0x8b05,0x4163,0x0,0x0,0x0,0x0,0x0,0x0,0x0,0x0,0x2903,0x59a3,0x59a3,0x59a3,0x59a3,0x59a3,0x59a3,0x2903,0x2903,0x59a3,0x2903,0x2903,0x59a3,0x820,
0x820,0x820,0x820,0x820,0x820,0x820,0x820,0x820,0x820,0x820,0x820,0x820,0x820,0x820,0x820,0x820,0x820,0x820,0x820,0x820,0x820,0x2903,0x10c3,0x10c3,
0x10c3,0x820,0x2903,0x10c3,0x10c3,0x10c3,0x10c3,0x10c3,0x10c3,0x10c3,0x10c3,0x820,0x10c3,0x820,0x820,0x820,0x820,0x820,0x1083,0x1083,0x1083,0x1083,0x1083,0x1083,
0x1083,0x1083,0x1083,0x1083,0x1083,0x1083,0x1083,0x1083,0x1083,0x1083,0x1083,0x1083,0x1083,0x1083,0x1083,0x1083,0x1083,0x1083,0x1083,0x1083,0x1083,0x1083,0x1083,0x1083,
0x1083,0x1083,0x1083,0x1083,0x1083,0x1083,0x1083,0x1083,0x1083,0x1083,0x1083,0x1083,0x1083,0x1083,0x1083,0x1083,0x1083,0x1083,0x1083,0x1083,0x1083,0x1083,0x1083,0x1083,
0x1083,0x1083,0x1083,0x1083,0x1083,0x1083,0x1083,0x1083,0x1083,0x1083,0x1083,0x1083,0x1083,0x1083,0x1083,0x1083,0x1083,0x1083,0x1083,0x1083,0x1083,0x1083,0x1083,0x1083,
0x1083,0x1083,0x1083,0x1083,0x1083,0x1083,0x1083,0x1083,0x1083,0x1083,0x1083,0x1083,0x1083,0x1083,0x1083,0x1083,0x1083,0x1083,0x1083,0x1083,0x1083,0x1083,0x1083,0x1083,
0x1083,0x1083,0x1083,0x1083,0x1083,0x1041,0x1041,0x1041,0x1041,0x1041,0x2903,0x7a64,0x7a64,0x7a64,0x7a64,0x7a64,0x2903,0x7a64,0x7a64,0x2903,0x2903,0x2903,0x59a3,0x59a3,
0x59a3,0x59a3,0x59a3,0x59a3,0x2903,0x2903,0x2903,0x59a3,0x8b05,0x8b05,0x2903,0x8b05,0x8b05,0x8b05,0x2903,0x8b05,0x59a3,0x1041,0x1041,0x1041,0x2903,0x2903,0x2903,0x59a3,
0x59a3,0x59a3,0x59a3,0x8b86,0x8b05,0x4163,0x4163,0x8b05,0x8b05,0x8b05,0x8b86,0x8b86,0x8b05,0x7a64,0x7a64,0x8285,0x7a64,0x7a64,0x7a64,0x7a64,0x8b05,0x8b05,0x8b05,0x2903,
0x2903,0x2903,0x0,0x0,0x0,0x0,0x0,0x0,0x0,0x0,0x59a3,0x59a3,0x2903,0x59a3,0x59a3,0x59a3,0x59a3,0x59a3,0x59a3,0x2903,0x59a3,0x59a3,0x59a3,0x59a3,
0x59a3,0x820,0x820,0x820,0x820,0x820,0x820,0x820,0x820,0x820,0x820,0x820,0x820,0x820,0x820,0x820,0x820,0x2903,0x2903,0x2903,0x820,0x820,0x820,0x10c3,
0x820,0x820,0x820,0x10c3,0x10c3,0x10c3,0x10c3,0x10c3,0x10c3,0x10c3,0x10c3,0x820,0x10c3,0x10c3,0x10c3,0x820,0x820,0x820,0x1083,0x1083,0x1083,0x1083,0x1083,0x1083,
0x1083,0x1083,0x1083,0x1083,0x1083,0x1083,0x1083,0x1083,0x1083,0x1083,0x1083,0x1083,0x1083,0x1083,0x1083,0x1083,0x1083,0x1083,0x1083,0x1083,0x1083,0x1083,0x1083,0x1083,
0x1083,0x1083,0x1083,0x1083,0x1083,0x1083,0x1083,0x1083,0x1083,0x1083,0x1083,0x1083,0x1083,0x1083,0x1083,0x1083,0x1083,0x1083,0x1083,0x1083,0x1083,0x1083,0x1083,0x1083,
0x1083,0x1083,0x1083,0x1083,0x1083,0x1083,0x1083,0x1083,0x1083,0x1083,0x1083,0x1083,0x1083,0x1083,0x1083,0x1083,0x1083,0x1083,0x1083,0x1083,0x1083,0x1083,0x1083,0x1083,
0x1083,0x1083,0x1083,0x1083,0x1083,0x1083,0x1083,0x1083,0x1083,0x1083,0x1083,0x1083,0x1083,0x1083,0x1083,0x1083,0x1083,0x1083,0x1083,0x1083,0x1083,0x1083,0x1083,0x1083,
0x1083,0x1083,0x1083,0x1083,0x1083,0x1041,0x1041,0x1041,0x1041,0x1041,0x1041,0x1041,0x1041,0x2903,0x7a64,0x7a64,0x2903,0x7a64,0x7a64,0x7a64,0x7a64,0x7a64,0x59a3,0x59a3,
0x59a3,0x2903,0x2903,0x59a3,0x8b05,0x2903,0x8b05,0x8b05,0x8b05,0x59a3,0x8b05,0x59a3,0x59a3,0x1041,0x1041,0x1041,0x1041,0x1041,0x1041,0x1041,0x1041,0x2903,0x59a3,0x59a3,
0x59a3,0x59a3,0x2903,0x2903,0x8b05,0x59a3,0x59a3,0x59a3,0x2903,0x4163,0x4163,0x8b86,0x59a3,0x7a64,0x8285,0x2903,0x7a64,0x59a3,0x7a64,0x8b05,0x4163,0x1041,0x1041,0x1041,
0x1041,0x1041,0x0,0x0,0x0,0x0,0x0,0x0,0x0,0x0,0x0,0x59a3,0x59a3,0x59a3,0x59a3,0x59a3,0x59a3,0x59a3,0x59a3,0x59a3,0x2903,0x59a3,0x59a3,0x59a3,
0x2903,0x59a3,0x820,0x820,0x820,0x7ae5,0x7ae5,0x7ae5,0x7ae5,0x2903,0x820,0x820,0x820,0x820,0x820,0x820,0x820,0x2903,0x2903,0x2903,0x2903,0x2903,0x10c3,0x820,
0x820,0x820,0x820,0x2903,0x10c3,0x10c3,0x10c3,0x10c3,0x10c3,0x10c3,0x10c3,0x820,0x10c3,0x10c3,0x10c3,0x10c3,0x2903,0x2903,0x1083,0x1083,0x1083,0x1083,0x1083,0x1083,
0x1083,0x1083,0x1083,0x1083,0x1083,0x1083,0x1083,0x1083,0x1083,0x1083,0x1083,0x1083,0x1083,0x1083,0x1083,0x1083,0x1083,0x1083,0x1083,0x1083,0x1083,0x1083,0x1083,0x1083,
0x1083,0x1083,0x1083,0x1083,0x1083,0x1083,0x1083,0x1083,0x1083,0x1083,0x1083,0x1083,0x1083,0x1083,0x1083,0x1083,0x1083,0x1083,0x1083,0x1083,0x1083,0x1083,0x1083,0x1083,
0x1083,0x1083,0x1083,0x1083,0x1083,0x1083,0x1083,0x1083,0x1083,0x1083,0x1083,0x1083,0x1083,0x1083,0x1083,0x1083,0x1083,0x1083,0x1083,0x1083,0x1083,0x1083,0x1083,0x1083,
0x1083,0x1083,0x1083,0x1083,0x1083,0x1083,0x1083,0x1083,0x1083,0x1083,0x1083,0x1083,0x1083,0x1083,0x1083,0x1083,0x1083,0x1083,0x1083,0x1083,0x1083,0x1083,0x1083,0x1083,
0x1083,0x1083,0x1083,0x1083,0x1083,0x2903,0x2903,0x1041,0x1041,0x1041,0x1041,0x1041,0x1041,0x1041,0x1041,0x1041,0x2903,0x2903,0x7a64,0x7a64,0x7a64,0x7a64,0x7a64,0x7a64,
0x59a3,0x8b05,0x8b05,0x59a3,0x8b05,0x59a3,0x8b05,0x8b05,0x8b05,0x2903,0x1041,0x1041,0x1041,0x1041,0x1041,0x1041,0x1041,0x2903,0x2903,0x2903,0x1041,0x1041,0x1041,0x2903,
0x2903,0x2903,0x59a3,0x8b86,0x59a3,0x59a3,0x59a3,0x2903,0x2903,0x1041,0x2903,0x2903,0x2903,0x2903,0x1041,0x1041,0x2903,0x4163,0x1041,0x1041,0x1041,0x1041,0x1041,0x1041,
0x1041,0x1041,0x2903,0x0,0x0,0x0,0x0,0x0,0x0,0x0,0x0,0x59a3,0x59a3,0x59a3,0x59a3,0x59a3,0x59a3,0x59a3,0x2903,0x2903,0x59a3,0x59a3,0x59a3,0x59a3,
0x59a3,0x7ae5,0x7ae5,0x7ae5,0x7ae5,0x2903,0xcc67,0xcc67,0xcc67,0xcc67,0xcc67,0xcc67,0x2903,0x2903,0xcc67,0xcc67,0xcc67,0x2903,0x2903,0x2903,0x2903,0x2903,0x10c3,0x10c3,
0x10c3,0x10c3,0x10c3,0x10c3,0x820,0x820,0x10c3,0x820,0x820,0x820,0x10c3,0x820,0x10c3,0x10c3,0x10c3,0x10c3,0x2903,0x2903,0x1083,0x1083,0x1083,0x1083,0x1083,0x1083,
0x1083,0x1083,0x1083,0x1083,0x1083,0x1083,0x1083,0x1083,0x1083,0x1083,0x1083,0x1083,0x1083,0x1083,0x1083,0x1083,0x1083,0x1083,0x1083,0x1083,0x1083,0x1083,0x1083,0x1083,
0x1083,0x1083,0x1083,0x1083,0x1083,0x1083,0x1083,0x1083,0x1083,0x1083,0x1083,0x1083,0x1083,0x1083,0x1083,0x1083,0x1083,0x1083,0x1083,0x1083,0x1083,0x1083,0x1083,0x1083,
0x1083,0x1083,0x1083,0x1083,0x1083,0x1083,0x1083,0x1083,0x1083,0x1083,0x1083,0x1083,0x1083,0x1083,0x1083,0x1083,0x1083,0x1083,0x1083,0x1083,0x1083,0x1083,0x1083,0x1083,
0x1083,0x1083,0x1083,0x1083,0x1083,0x1083,0x1083,0x1083,0x1083,0x1083,0x1083,0x1083,0x1083,0x1083,0x1083,0x1083,0x1083,0x1083,0x1083,0x1083,0x1083,0x1083,0x1083,0x1083,
0x1083,0x1083,0x1083,0x1083,0x1083,0x2903,0x2903,0x2903,0x2903,0x2903,0x1041,0x1041,0x1041,0x1041,0x1041,0x1041,0x1041,0x1041,0x1041,0x1041,0x2903,0x7a64,0x7a64,0x7a64,
0x59a3,0x8b05,0x8b05,0x8b05,0x8b05,0x2903,0x1041,0x1041,0x1041,0x1041,0x1041,0x1041,0x1041,0x1041,0x1041,0x2903,0x2903,0x2903,0x2903,0x2903,0x1041,0x1041,0x1041,0x59a3,
0x59a3,0x2903,0x8b86,0x8b05,0x59a3,0x59a3,0x59a3,0x2903,0x2903,0x1041,0x2903,0x2903,0x2903,0x2903,0x2903,0x1041,0x1041,0x1041,0x1041,0x1041,0x1041,0x1041,0x1041,0x1041,
0x1041,0x1041,0x2903,0x0,0x0,0x0,0x0,0x0,0x0,0x0,0x0,0x59a3,0x59a3,0x59a3,0x59a3,0x59a3,0x59a3,0x59a3,0x59a3,0x2903,0x59a3,0x59a3,0x7ae5,0x7ae5,
0x7ae5,0x7ae5,0x2903,0x2903,0xcc67,0xcc67,0xcc67,0xcc67,0xcc67,0xcc67,0x2903,0xcc67,0xcc67,0xcc67,0xcc67,0xcc67,0xcc67,0x2903,0x2903,0x2903,0x2903,0x2903,0x10c3,0x10c3,
0x10c3,0x10c3,0x10c3,0x10c3,0x820,0x10c3,0x820,0x820,0x820,0x820,0x820,0x820,0x10c3,0x10c3,0x10c3,0x10c3,0x2903,0x2903,0x1083,0x1083,0x1083,0x1083,0x1083,0x1083,
0x1083,0x1083,0x1083,0x1083,0x1083,0x1083,0x1083,0x1083,0x1083,0x1083,0x1083,0x1083,0x1083,0x1083,0x1083,0x1083,0x1083,0x1083,0x1083,0x1083,0x1083,0x1083,0x1083,0x1083,
0x1083,0x1083,0x1083,0x1083,0x1083,0x1083,0x1083,0x1083,0x1083,0x1083,0x1083,0x1083,0x1083,0x1083,0x1083,0x1083,0x1083,0x1083,0x1083,0x1083,0x1083,0x1083,0x1083,0x1083,
0x1083,0x1083,0x1083,0x1083,0x1083,0x1083,0x1083,0x1083,0x1083,0x1083,0x1083,0x1083,0x1083,0x1083,0x1083,0x1083,0x1083,0x1083,0x1083,0x1083,0x1083,0x1083,0x1083,0x1083,
0x1083,0x1083,0x1083,0x1083,0x1083,0x1083,0x1083,0x1083,0x1083,0x1083,0x1083,0x1083,0x1083,0x1083,0x1083,0x1083,0x1083,0x1083,0x1083,0x1083,0x1083,0x1083,0x1083,0x1083,
0x1083,0x1083,0x1083,0x1083,0x1083,0x2903,0x2903,0x2903,0x2903,0x2903,0x2903,0x2903,0x1041,0x1041,0x1041,0x1041,0x1041,0x1041,0x1041,0x1041,0x1041,0x1041,0x1041,0x1041,
0x1041,0x1041,0x1041,0x1041,0x1041,0x1041,0x1041,0x1041,0x1041,0x1041,0x1041,0x1041,0x1041,0x1041,0x2903,0x2903,0x2903,0x2903,0x1041,0x1041,0x59a3,0x59a3,0x59a3,0x2903,
0x2903,0x8b86,0x8b05,0x8b05,0x59a3,0x59a3,0x2903,0x2903,0x2903,0x1041,0x2903,0x2903,0x2903,0x1041,0x1041,0x2903,0x2903,0x2903,0x2903,0x1041,0x1041,0x1041,0x1041,0x1041,
0x1041,0x1041,0x1041,0x2903,0x0,0x0,0x0,0x0,0x0,0x0,0x0,0x0,0x59a3,0x2903,0x59a3,0x59a3,0x59a3,0x59a3,0x7ae5,0x7ae5,0x7ae5,0x7ae5,0x2903,0x2903,
0x2903,0x2903,0xcc67,0xcc67,0xcc67,0xcc67,0x6244,0x6244,0x7bee,0x7bee,0x2903,0x7bee,0x7bee,0x7bee,0x7bee,0x6244,0x6244,0x2903,0x2903,0x2903,0x2903,0x2903,0x10c3,0x10c3,
0x10c3,0x10c3,0x10c3,0x10c3,0x820,0x10c3,0x10c3,0x10c3,0x820,0x820,0x820,0x820,0x10c3,0x10c3,0x10c3,0x10c3,0x10c3,0x2903,0x1083,0x1083,0x1083,0x1083,0x1083,0x1083,
0x1083,0x1083,0x1083,0x1083,0x1083,0x1083,0x1083,0x1083,0x1083,0x1083,0x1083,0x1083,0x1083,0x1083,0x1083,0x1083,0x1083,0x1083,0x1083,0x1083,0x1083,0x1083,0x1083,0x1083,
0x1083,0x1083,0x1083,0x1083,0x1083,0x1083,0x1083,0x1083,0x1083,0x1083,0x1083,0x1083,0x1083,0x1083,0x1083,0x1083,0x1083,0x1083,0x1083,0x1083,0x1083,0x1083,0x1083,0x1083,
0x1083,0x1083,0x1083,0x1083,0x1083,0x1083,0x1083,0x1083,0x1083,0x1083,0x1083,0x1083,0x1083,0x1083,0x1083,0x1083,0x1083,0x1083,0x1083,0x1083,0x1083,0x1083,0x1083,0x1083,
0x1083,0x1083,0x1083,0x1083,0x1083,0x1083,0x1083,0x1083,0x1083,0x1083,0x1083,0x1083,0x1083,0x1083,0x1083,0x1083,0x1083,0x1083,0x1083,0x1083,0x1083,0x1083,0x1083,0x1083,
0x1083,0x1083,0x1083,0x1083,0x1083,0x2903,0x2903,0x2903,0x2903,0x2903,0x2903,0x1041,0x1041,0x1041,0x1041,0x2903,0x2903,0x2903,0x1041,0x1041,0x1041,0x1041,0x1041,0x1041,
0x1041,0x1041,0x1041,0x1041,0x1041,0x1041,0x1041,0x1041,0x1041,0x2903,0x2903,0x2903,0x2903,0x1041,0x1041,0x1041,0x1041,0x1041,0x1041,0x59a3,0x2903,0x2903,0x59a3,0x59a3,
0x59a3,0x8b05,0x59a3,0x59a3,0x59a3,0x59a3,0x2903,0x2903,0x2903,0x1041,0x2903,0x2903,0x2903,0x1041,0x1041,0x2903,0x2903,0x2903,0x2903,0x1041,0x1041,0x1041,0x1041,0x1041,
0x1041,0x1041,0x1041,0x2903,0x0,0x0,0x0,0x0,0x0,0x0,0x0,0x0,0x59a3,0x59a3,0x59a3,0x7ae5,0x7ae5,0x7ae5,0x7ae5,0x2903,0x2903,0xcc67,0xcc67,0xcc67,
0xcc67,0xcc67,0xcc67,0x6244,0x6244,0x6244,0x7bee,0x7bee,0x7bee,0x7bee,0x2903,0x7bee,0x7bee,0x7bee,0x7bee,0x7bee,0x7bee,0x2903,0x2903,0x2903,0x2903,0x2903,0x10c3,0x10c3,
0x10c3,0x10c3,0x10c3,0x10c3,0x820,0x10c3,0x10c3,0x10c3,0x10c3,0x10c3,0x10c3,0x820,0x10c3,0x10c3,0x10c3,0x10c3,0x10c3,0x2903,0x1083,0x1083,0x1083,0x1083,0x1083,0x1083,
0x1083,0x1083,0x1083,0x1083,0x1083,0x1083,0x1083,0x1083,0x1083,0x1083,0x1083,0x1083,0x1083,0x1083,0x1083,0x1083,0x1083,0x1083,0x1083,0x1083,0x1083,0x1083,0x1083,0x1083,
0x1083,0x1083,0x1083,0x1083,0x1083,0x1083,0x1083,0x1083,0x1083,0x1083,0x1083,0x1083,0x1083,0x1083,0x1083,0x1083,0x1083,0x1083,0x1083,0x1083,0x1083,0x1083,0x1083,0x1083,
0x1083,0x1083,0x1083,0x1083,0x1083,0x1083,0x1083,0x1083,0x1083,0x1083,0x1083,0x1083,0x1083,0x1083,0x1083,0x1083,0x1083,0x1083,0x1083,0x1083,0x1083,0x1083,0x1083,0x1083,
0x1083,0x1083,0x1083,0x1083,0x1083,0x1083,0x1083,0x1083,0x1083,0x1083,0x1083,0x1083,0x1083,0x1083,0x1083,0x1083,0x1083,0x1083,0x1083,0x1083,0x1083,0x1083,0x1083,0x1083,
0x1083,0x1083,0x1083,0x1083,0x1083,0x1041,0x1041,0x2903,0x1041,0x1041,0x1041,0x1041,0x1041,0x2903,0x2903,0x2903,0x2903,0x2903,0x2903,0x2903,0x2903,0x2903,0x1041,0x1041,
0x1041,0x1041,0x1041,0x1041,0x1041,0x1041,0x2903,0x2903,0x2903,0x2903,0x2903,0x2903,0x2903,0x2903,0x1041,0x1041,0x1041,0x1041,0x2903,0x2903,0x59a3,0x59a3,0x59a3,0x59a3,
0x8b86,0x8b05,0x59a3,0x59a3,0x59a3,0x59a3,0x2903,0x2903,0x2903,0x2903,0x2903,0x2903,0x2903,0x2903,0x1041,0x2903,0x2903,0x2903,0x2903,0x1041,0x1041,0x1041,0x1041,0x1041,
0x1041,0x1041,0x1041,0x1041,0x0,0x0,0x0,0x0,0x0,0x0,0x0,0x0,0x2903,0x7ae5,0x7ae5,0x7ae5,0x7ae5,0x2903,0xcc67,0xcc67,0xcc67,0xcc67,0xcc67,0xcc67,
0xcc67,0x6244,0x6244,0x7bee,0x6244,0x7bee,0x7bee,0x7bee,0x7bee,0x7bee,0x2881,0x7bee,0x7bee,0x7bee,0x7bee,0x7bee,0x7bee,0x2903,0x2903,0x2903,0x2903,0x2903,0x10c3,0x10c3,
0x10c3,0x10c3,0x10c3,0x10c3,0x820,0x10c3,0x10c3,0x10c3,0x10c3,0x10c3,0x10c3,0x820,0x820,0x10c3,0x10c3,0x10c3,0x10c3,0x10c3,0x1083,0x1083,0x1083,0x1083,0x1083,0x1083,
0x1083,0x1083,0x1083,0x1083,0x1083,0x1083,0x1083,0x1083,0x1083,0x1083,0x1083,0x1083,0x1083,0x1083,0x1083,0x1083,0x1083,0x1083,0x1083,0x1083,0x1083,0x1083,0x1083,0x1083,
0x1083,0x1083,0x1083,0x1083,0x1083,0x1083,0x1083,0x1083,0x1083,0x1083,0x1083,0x1083,0x1083,0x1083,0x1083,0x1083,0x1083,0x1083,0x1083,0x1083,0x1083,0x1083,0x1083,0x1083,
0x1083,0x1083,0x1083,0x1083,0x1083,0x1083,0x1083,0x1083,0x1083,0x1083,0x1083,0x1083,0x1083,0x1083,0x1083,0x1083,0x1083,0x1083,0x1083,0x1083,0x1083,0x1083,0x1083,0x1083,
0x1083,0x1083,0x1083,0x1083,0x1083,0x1083,0x1083,0x1083,0x1083,0x1083,0x1083,0x1083,0x1083,0x1083,0x1083,0x1083,0x1083,0x1083,0x1083,0x1083,0x1083,0x1083,0x1083,0x1083,
0x1083,0x1083,0x1083,0x1083,0x1083,0x2903,0x1041,0x1041,0x1041,0x1041,0x2903,0x2903,0x2903,0x2903,0x2903,0x2903,0x2903,0x2903,0x2903,0x2903,0x2903,0x2903,0x2903,0x1041,
0x1041,0x1041,0x1041,0x2903,0x2903,0x2903,0x2903,0x2903,0x2903,0x2903,0x1041,0x1041,0x1041,0x1041,0x2903,0x59a3,0x59a3,0x59a3,0x59a3,0x59a3,0x59a3,0x2903,0x2903,0x8b86,
0x8b05,0x59a3,0x2903,0x2903,0x2903,0x2903,0x2903,0x2903,0x1041,0x2903,0x2903,0x2903,0x2903,0x2903,0x1041,0x1041,0x2903,0x2903,0x2903,0x2903,0x1041,0x1041,0x1041,0x1041,
0x1041,0x1041,0x1041,0x1041,0x2903,0x0,0x0,0x0,0x7ae5,0x7ae5,0x7ae5,0x7ae5,0x2903,0x2903,0xcc67,0xcc67,0x2903,0x2903,0xcc67,0xcc67,0xcc67,0xcc67,0x6244,0x6244,
0x7bee,0x7bee,0x7bee,0x7bee,0x7bee,0x7bee,0x7bee,0x7bee,0x2881,0x2881,0x2881,0xebc4,0x2881,0x2881,0x7bee,0x7bee,0x7bee,0x7bee,0x820,0x820,0x2903,0x2903,0x10c3,0x10c3,
0x10c3,0x10c3,0x10c3,0x10c3,0x820,0x10c3,0x10c3,0x10c3,0x10c3,0x10c3,0x10c3,0x10c3,0x10c3,0x820,0x820,0x820,0x820,0x820,0x1083,0x1083,0x1083,0x1083,0x1083,0x1083,
0x1083,0x1083,0x1083,0x1083,0x1083,0x1083,0x1083,0x1083,0x1083,0x1083,0x1083,0x1083,0x1083,0x1083,0x1083,0x1083,0x1083,0x1083,0x1083,0x1083,0x1083,0x1083,0x1083,0x1083,
0x1083,0x1083,0x1083,0x1083,0x1083,0x1083,0x1083,0x1083,0x1083,0x1083,0x1083,0x1083,0x1083,0x1083,0x1083,0x1083,0x1083,0x1083,0x1083,0x1083,0x1083,0x1083,0x1083,0x1083,
0x1083,0x1083,0x1083,0x1083,0x1083,0x1083,0x1083,0x1083,0x1083,0x1083,0x1083,0x1083,0x1083,0x1083,0x1083,0x1083,0x1083,0x1083,0x1083,0x1083,0x1083,0x1083,0x1083,0x1083,
0x1083,0x1083,0x1083,0x1083,0x1083,0x1083,0x1083,0x1083,0x1083,0x1083,0x1083,0x1083,0x1083,0x1083,0x1083,0x1083,0x1083,0x1083,0x1083,0x1083,0x1083,0x1083,0x1083,0x1083,
0x1083,0x1083,0x1083,0x1083,0x1083,0x2903,0x2903,0x2903,0x1041,0x1041,0x2903,0x2903,0x2903,0x2903,0x2903,0x2903,0x2903,0x2903,0x2903,0x2903,0x2903,0x2903,0x2903,0x2903,
0x2903,0x2903,0x2903,0x2903,0x1041,0x1041,0x1041,0x1041,0x1041,0x1041,0x1041,0x59a3,0x59a3,0x59a3,0x59a3,0x59a3,0x59a3,0x59a3,0x59a3,0x59a3,0x59a3,0x59a3,0x59a3,0x8b05,
0x59a3,0x59a3,0x2903,0x2903,0x2903,0x2903,0x2903,0x1041,0x1041,0x2903,0x2903,0x2903,0x2903,0x2903,0x2903,0x1041,0x1041,0x2903,0x2903,0x2903,0x2903,0x1041,0x1041,0x1041,
0x1041,0x1041,0x1041,0x1041,0x1041,0x7ae5,0x7ae5,0x7ae5,0x7ae5,0x7ae5,0x2903,0xcc67,0xcc67,0xcc67,0xcc67,0xcc67,0xcc67,0xcc67,0xcc67,0x2903,0x6244,0x7bee,0x7bee,0x7bee,
0x7bee,0x7bee,0x7bee,0x7bee,0x2881,0x2881,0x2881,0x2881,0x7bee,0x7bee,0x8d56,0x7bee,0x7bee,0x7bee,0x7bee,0x2881,0x2881,0x2903,0x2903,0x2903,0x820,0x820,0x10c3,0x10c3,
0x10c3,0x10c3,0x10c3,0x820,0x820,0x10c3,0x10c3,0x10c3,0x10c3,0x10c3,0x10c3,0x10c3,0x10c3,0x820,0x820,0x820,0x820,0x820,0x1083,0x1083,0x1083,0x1083,0x1083,0x1083,
0x1083,0x1083,0x1083,0x1083,0x1083,0x1083,0x1083,0x1083,0x1083,0x1083,0x1083,0x1083,0x1083,0x1083,0x1083,0x1083,0x1083,0x1083,0x1083,0x1083,0x1083,0x1083,0x1083,0x1083,
0x1083,0x1083,0x1083,0x1083,0x1083,0x1083,0x1083,0x1083,0x1083,0x1083,0x1083,0x1083,0x1083,0x1083,0x1083,0x1083,0x1083,0x1083,0x1083,0x1083,0x1083,0x1083,0x1083,0x1083,
0x1083,0x1083,0x1083,0x1083,0x1083,0x1083,0x1083,0x1083,0x1083,0x1083,0x1083,0x1083,0x1083,0x1083,0x1083,0x1083,0x1083,0x1083,0x1083,0x1083,0x1083,0x1083,0x1083,0x1083,
0x1083,0x1083,0x1083,0x1083,0x1083,0x1083,0x1083,0x1083,0x1083,0x1083,0x1083,0x1083,0x1083,0x1083,0x1083,0x1083,0x1083,0x1083,0x1083,0x1083,0x1083,0x1083,0x1083,0x1083,
0x1083,0x1083,0x1083,0x1083,0x1083,0x2903,0x1041,0x1041,0x1041,0x1041,0x1041,0x1041,0x1041,0x1041,0x2903,0x2903,0x2903,0x2903,0x2903,0x2903,0x1041,0x1041,0x59a3,0x59a3,
0x59a3,0x59a3,0x59a3,0x59a3,0x59a3,0x59a3,0x59a3,0x59a3,0x2903,0x2903,0x2903,0x59a3,0x59a3,0x59a3,0x59a3,0x59a3,0x59a3,0x59a3,0x59a3,0x59a3,0x59a3,0x59a3,0x8b05,0x59a3,
0x59a3,0x2903,0x2903,0x2903,0x2903,0x2903,0x2903,0x2903,0x1041,0x2903,0x2903,0x2903,0x2903,0x2903,0x2903,0x2903,0x1041,0x2903,0x2903,0x2903,0x2903,0x2903,0x1041,0x1041,
0x1041,0x7ae5,0x7ae5,0x7ae5,0x2903,0x7ae5,0x2903,0xcc67,0xcc67,0xcc67,0xcc67,0xcc67,0xcc67,0xcc67,0x6244,0x6244,0x7bee,0x7bee,0x7bee,0x7bee,0x7bee,0x7bee,0x7bee,0x7bee,
0x7bee,0x2881,0x2881,0x2903,0x7bee,0x7bee,0x7bee,0x7bee,0x7bee,0x8d56,0xb000,0xebc4,0x8d56,0x73ef,0x7bee,0x2881,0x7bee,0x2903,0x2903,0x2903,0x2903,0x2903,0x820,0x820,
0x820,0x820,0x820,0x820,0x820,0x820,0x820,0x10c3,0x10c3,0x10c3,0x10c3,0x10c3,0x10c3,0x820,0x820,0x10c3,0x2903,0x2903,0x1083,0x1083,0x1083,0x1083,0x1083,0x1083,
0x1083,0x1083,0x1083,0x1083,0x1083,0x1083,0x1083,0x1083,0x1083,0x1083,0x1083,0x1083,0x1083,0x1083,0x1083,0x1083,0x1083,0x1083,0x1083,0x1083,0x1083,0x1083,0x1083,0x1083,
0x1083,0x1083,0x1083,0x1083,0x1083,0x1083,0x1083,0x1083,0x1083,0x1083,0x1083,0x1083,0x1083,0x1083,0x1083,0x1083,0x1083,0x1083,0x1083,0x1083,0x1083,0x1083,0x1083,0x1083,
0x1083,0x1083,0x1083,0x1083,0x1083,0x1083,0x1083,0x1083,0x1083,0x1083,0x1083,0x1083,0x1083,0x1083,0x1083,0x1083,0x1083,0x1083,0x1083,0x1083,0x1083,0x1083,0x1083,0x1083,
0x1083,0x1083,0x1083,0x1083,0x1083,0x1083,0x1083,0x1083,0x1083,0x1083,0x1083,0x1083,0x1083,0x1083,0x1083,0x1083,0x1083,0x1083,0x1083,0x1083,0x1083,0x1083,0x1083,0x1083,
0x1083,0x1083,0x1083,0x1083,0x1083,0x1041,0x1041,0x2903,0x2903,0x2903,0x2903,0x2903,0x2903,0x2903,0x2903,0x1041,0x1041,0x1041,0x1041,0x2903,0x59a3,0x59a3,0x59a3,0x59a3,
0x59a3,0x59a3,0x59a3,0x59a3,0x59a3,0x59a3,0x59a3,0x59a3,0x59a3,0x59a3,0x59a3,0x2903,0x2903,0x2903,0x59a3,0x59a3,0x59a3,0x59a3,0x59a3,0x59a3,0x59a3,0x59a3,0x8b05,0x59a3,
0x2903,0x2903,0x2903,0x2903,0x2903,0x2903,0x2903,0x2903,0x2903,0x1041,0x2903,0x2903,0x2903,0x2903,0x2903,0x2903,0x1041,0x1041,0x2903,0x2903,0x2903,0x1041,0x7ae5,0x7ae5,
0x7ae5,0x7ae5,0x7ae5,0x2903,0xcc67,0xcc67,0xcc67,0x2903,0xcc67,0xcc67,0xcc67,0xcc67,0x6244,0x6244,0x7bee,0x7bee,0x7bee,0x7bee,0x7bee,0x7bee,0x7bee,0x7bee,0x2881,0x2881,
0x2881,0x2881,0x2903,0x7bee,0x7bee,0x41e6,0x41e6,0x73ef,0x41e6,0x41e6,0x41e6,0xebc4,0x41e6,0xa184,0x41e6,0x41e6,0x41e6,0x2903,0x2903,0x2903,0x10c3,0x10c3,0x10c3,0x820,
0x820,0x10c3,0x10c3,0x10c3,0x10c3,0x10c3,0x820,0x820,0x10c3,0x10c3,0x10c3,0x10c3,0x10c3,0x820,0x10c3,0x10c3,0x2903,0x2903,0x1083,0x1083,0x1083,0x1083,0x1083,0x1083,
0x1083,0x1083,0x1083,0x1083,0x1083,0x1083,0x1083,0x1083,0x1083,0x1083,0x1083,0x1083,0x1083,0x1083,0x1083,0x1083,0x1083,0x1083,0x1083,0x1083,0x1083,0x1083,0x1083,0x1083,
0x1083,0x1083,0x1083,0x1083,0x1083,0x1083,0x1083,0x1083,0x1083,0x1083,0x1083,0x1083,0x1083,0x1083,0x1083,0x1083,0x1083,0x1083,0x1083,0x1083,0x1083,0x1083,0x1083,0x1083,
0x1083,0x1083,0x1083,0x1083,0x1083,0x1083,0x1083,0x1083,0x1083,0x1083,0x1083,0x1083,0x1083,0x1083,0x1083,0x1083,0x1083,0x1083,0x1083,0x1083,0x1083,0x1083,0x1083,0x1083,
0x1083,0x1083,0x1083,0x1083,0x1083,0x1083,0x1083,0x1083,0x1083,0x1083,0x1083,0x1083,0x1083,0x1083,0x1083,0x1083,0x1083,0x1083,0x1083,0x1083,0x1083,0x1083,0x1083,0x1083,
0x1083,0x1083,0x1083,0x1083,0x1083,0x2903,0x2903,0x2903,0x2903,0x2903,0x2903,0x2903,0x2903,0x2903,0x2903,0x2903,0x2903,0x2903,0x2903,0x59a3,0x59a3,0x59a3,0x59a3,0x59a3,
0x59a3,0x59a3,0x59a3,0x59a3,0x59a3,0x59a3,0x59a3,0x59a3,0x2903,0x2903,0x2903,0x59a3,0x59a3,0x59a3,0x59a3,0x2903,0x2903,0x59a3,0x59a3,0x59a3,0x2903,0x59a3,0x8b05,0x2903,
0x2903,0x2903,0x2903,0x2903,0x2903,0x2903,0x2903,0x2903,0x2903,0x1041,0x2903,0x2903,0x2903,0x2903,0x2903,0x2903,0x1041,0x1041,0x2903,0x7ae5,0x7ae5,0x7ae5,0x7ae5,0x7ae5,
0x2903,0x2903,0xcc67,0xcc67,0xcc67,0xcc67,0xcc67,0xcc67,0xcc67,0xcc67,0x6244,0x6244,0x7bee,0x7bee,0x7bee,0x7bee,0x7bee,0x7bee,0x7bee,0x2903,0x2881,0x2881,0x7bee,0x7bee,
0x7bee,0x2903,0x7bee,0x7bee,0xa184,0x73ef,0x41e6,0x41e6,0x41e6,0xd244,0xdd27,0xf6c7,0xd244,0x41e6,0x41e6,0x6122,0x6122,0x2903,0x2903,0x2903,0x10c3,0x10c3,0x10c3,0x820,
0x10c3,0x10c3,0x10c3,0x10c3,0x10c3,0x10c3,0x10c3,0x820,0x820,0x820,0x820,0x10c3,0x10c3,0x820,0x10c3,0x10c3,0x2903,0x2903,0x1083,0x1083,0x1083,0x1083,0x1083,0x1083,
0x1083,0x1083,0x1083,0x1083,0x1083,0x1083,0x1083,0x1083,0x1083,0x1083,0x1083,0x1083,0x1083,0x1083,0x1083,0x1083,0x1083,0x1083,0x1083,0x1083,0x1083,0x1083,0x1083,0x1083,
0x1083,0x1083,0x1083,0x1083,0x1083,0x1083,0x1083,0x1083,0x1083,0x1083,0x1083,0x1083,0x1083,0x1083,0x1083,0x1083,0x1083,0x1083,0x1083,0x1083,0x1083,0x1083,0x1083,0x1083,
0x1083,0x1083,0x1083,0x1083,0x1083,0x1083,0x1083,0x1083,0x1083,0x1083,0x1083,0x1083,0x1083,0x1083,0x1083,0x1083,0x1083,0x1083,0x1083,0x1083,0x1083,0x1083,0x1083,0x1083,
0x1083,0x1083,0x1083,0x1083,0x1083,0x1083,0x1083,0x1083,0x1083,0x1083,0x1083,0x1083,0x1083,0x1083,0x1083,0x1083,0x1083,0x1083,0x1083,0x1083,0x1083,0x1083,0x1083,0x1083,
0x1083,0x1083,0x1083,0x1083,0x1083,0x2903,0x2903,0x2903,0x2903,0x2903,0x2903,0x59a3,0x59a3,0x59a3,0x59a3,0x59a3,0x59a3,0x59a3,0x2903,0x2903,0x59a3,0x2903,0x2903,0x2903,
0x2903,0x59a3,0x59a3,0x59a3,0x2903,0x2903,0x59a3,0x59a3,0x59a3,0x59a3,0x59a3,0x59a3,0x59a3,0x59a3,0x59a3,0x59a3,0x59a3,0x59a3,0x59a3,0x59a3,0x59a3,0x8b86,0x59a3,0x2903,
0x2903,0x2903,0x2903,0x2903,0x2903,0x2903,0x2903,0x2903,0x2903,0x1041,0x2903,0x2903,0x2903,0x2903,0x2903,0x7ae5,0x7ae5,0x7ae5,0x7ae5,0x7ae5,0x2903,0xcc67,0xcc67,0xcc67,
0xcc67,0xcc67,0xcc67,0xcc67,0xcc67,0xcc67,0x6244,0x7bee,0x7bee,0x7bee,0x2903,0x7bee,0x7bee,0x7bee,0x7bee,0x7bee,0x7bee,0x7bee,0x2903,0x7bee,0x7bee,0x7bee,0x7bee,0x7bee,
0x7bee,0x73ef,0x7bee,0xa184,0xdd27,0x6122,0x6122,0xebc4,0x8d56,0x6122,0xebc4,0xf6c7,0xf6c7,0x6122,0xd244,0xdd27,0x2903,0x2903,0x2903,0x2903,0x10c3,0x10c3,0x820,0x10c3,
0x10c3,0x10c3,0x10c3,0x10c3,0x10c3,0x10c3,0x10c3,0x10c3,0x820,0x10c3,0x10c3,0x820,0x820,0x820,0x820,0x10c3,0x10c3,0x2903,0x1083,0x1083,0x1083,0x1083,0x1083,0x1083,
0x1083,0x1083,0x1083,0x1083,0x1083,0x1083,0x1083,0x1083,0x1083,0x1083,0x1083,0x1083,0x1083,0x1083,0x1083,0x1083,0x1083,0x1083,0x1083,0x1083,0x1083,0x1083,0x1083,0x1083,
0x1083,0x1083,0x1083,0x1083,0x1083,0x1083,0x1083,0x1083,0x1083,0x1083,0x1083,0x1083,0x1083,0x1083,0x1083,0x1083,0x1083,0x1083,0x1083,0x1083,0x1083,0x1083,0x1083,0x1083,
0x1083,0x1083,0x1083,0x1083,0x1083,0x1083,0x1083,0x1083,0x1083,0x1083,0x1083,0x1083,0x1083,0x1083,0x1083,0x1083,0x1083,0x1083,0x1083,0x1083,0x1083,0x1083,0x1083,0x1083,
0x1083,0x1083,0x1083,0x1083,0x1083,0x1083,0x1083,0x1083,0x1083,0x1083,0x1083,0x1083,0x1083,0x1083,0x1083,0x1083,0x1083,0x1083,0x1083,0x1083,0x1083,0x1083,0x1083,0x1083,
0x1083,0x1083,0x1083,0x1083,0x1083,0x2903,0x2903,0x2903,0x59a3,0x59a3,0x59a3,0x59a3,0x59a3,0x59a3,0x59a3,0x59a3,0x2903,0x59a3,0x59a3,0x59a3,0x59a3,0x59a3,0x59a3,0x59a3,
0x59a3,0x2903,0x2903,0x59a3,0x59a3,0x59a3,0x59a3,0x59a3,0x59a3,0x59a3,0x59a3,0x59a3,0x59a3,0x59a3,0x59a3,0x59a3,0x59a3,0x59a3,0x59a3,0x59a3,0x59a3,0x8b05,0x59a3,0x2903,
0x2903,0x2903,0x2903,0x2903,0x2903,0x2903,0x2903,0x2903,0x2903,0x1041,0x2903,0x2903,0x7ae5,0x7ae5,0x7ae5,0x7ae5,0x7ae5,0x2903,0x2903,0x2903,0x2903,0x6244,0x6244,0xcc67,
0xcc67,0xcc67,0xcc67,0x6244,0x6244,0x7bee,0x7bee,0x7bee,0x7bee,0x7bee,0x2881,0x7bee,0x7bee,0x7bee,0x7bee,0x7bee,0x7bee,0x7bee,0x7bee,0x7bee,0x73ef,0xa184,0x41e6,0x41e6,
0x8d56,0x41e6,0xf6c7,0xd244,0xef35,0x41e6,0x41e6,0x41e6,0xebc4,0xd244,0xebc4,0x41e6,0xf6c7,0x6122,0xa184,0x2903,0x2903,0x2903,0x2903,0x2903,0x10c3,0x10c3,0x820,0x10c3,
0x10c3,0x10c3,0x10c3,0x10c3,0x10c3,0x10c3,0x10c3,0x10c3,0x820,0x10c3,0x10c3,0x10c3,0x10c3,0x820,0x820,0x820,0x10c3,0x10c3,0x1083,0x1083,0x1083,0x1083,0x1083,0x1083,
0x1083,0x1083,0x1083,0x1083,0x1083,0x1083,0x1083,0x1083,0x1083,0x1083,0x1083,0x1083,0x1083,0x1083,0x1083,0x1083,0x1083,0x1083,0x1083,0x1083,0x1083,0x1083,0x1083,0x1083,
0x1083,0x1083,0x1083,0x1083,0x1083,0x1083,0x1083,0x1083,0x1083,0x1083,0x1083,0x1083,0x1083,0x1083,0x1083,0x1083,0x1083,0x1083,0x1083,0x1083,0x1083,0x1083,0x1083,0x1083,
0x1083,0x1083,0x1083,0x1083,0x1083,0x1083,0x1083,0x1083,0x1083,0x1083,0x1083,0x1083,0x1083,0x1083,0x1083,0x1083,0x1083,0x1083,0x1083,0x1083,0x1083,0x1083,0x1083,0x1083,
0x1083,0x1083,0x1083,0x1083,0x1083,0x1083,0x1083,0x1083,0x1083,0x1083,0x1083,0x1083,0x1083,0x1083,0x1083,0x1083,0x1083,0x1083,0x1083,0x1083,0x1083,0x1083,0x1083,0x1083,
0x1083,0x1083,0x1083,0x1083,0x1083,0x59a3,0x2903,0x2903,0x59a3,0x59a3,0x2903,0x2903,0x2903,0x59a3,0x59a3,0x59a3,0x59a3,0x59a3,0x59a3,0x59a3,0x59a3,0x59a3,0x59a3,0x59a3,
0x59a3,0x59a3,0x59a3,0x59a3,0x59a3,0x59a3,0x2903,0x2903,0x2903,0x59a3,0x59a3,0x59a3,0x59a3,0x59a3,0x59a3,0x59a3,0x59a3,0x2903,0x2903,0x59a3,0x59a3,0x8b05,0x59a3,0x2903,
0x2903,0x2903,0x2903,0x2903,0x2903,0x2903,0x2903,0x2903,0x2903,0x49e5,0x2903,0x2903,0x2903,0x7ae5,0xcc67,0xcc67,0xcc67,0xcc67,0xcc67,0xcc67,0xcc67,0xcc67,0x6244,0x2903,
0x2903,0x2903,0x6244,0x6244,0x7bee,0x7bee,0x7bee,0x7bee,0x7bee,0x7bee,0x2881,0x2881,0x2903,0x2881,0x7bee,0x7bee,0x2881,0x7bee,0x7bee,0x8d56,0x41e6,0x6122,0x41e6,0x6122,
0x6122,0x8d56,0xf6c7,0x6122,0x1082,0xdd27,0xa184,0xebc4,0x6122,0xa184,0xef35,0xdd27,0xebc4,0xebc4,0x41e6,0x8d56,0x2903,0x2903,0x2903,0x2903,0x10c3,0x10c3,0x820,0x10c3,
0x10c3,0x10c3,0x10c3,0x10c3,0x10c3,0x10c3,0x10c3,0x10c3,0x820,0x10c3,0x10c3,0x10c3,0x10c3,0x10c3,0x10c3,0x10c3,0x820,0x820,0x1083,0x1083,0x1083,0x1083,0x1083,0x1083,
0x1083,0x1083,0x1083,0x1083,0x1083,0x1083,0x1083,0x1083,0x1083,0x1083,0x1083,0x1083,0x1083,0x1083,0x1083,0x1083,0x1083,0x1083,0x1083,0x1083,0x1083,0x1083,0x1083,0x1083,
0x1083,0x1083,0x1083,0x1083,0x1083,0x1083,0x1083,0x1083,0x1083,0x1083,0x1083,0x1083,0x1083,0x1083,0x1083,0x1083,0x1083,0x1083,0x1083,0x1083,0x1083,0x1083,0x1083,0x1083,
0x1083,0x1083,0x1083,0x1083,0x1083,0x1083,0x1083,0x1083,0x1083,0x1083,0x1083,0x1083,0x1083,0x1083,0x1083,0x1083,0x1083,0x1083,0x1083,0x1083,0x1083,0x1083,0x1083,0x1083,
0x1083,0x1083,0x1083,0x1083,0x1083,0x1083,0x1083,0x1083,0x1083,0x1083,0x1083,0x1083,0x1083,0x1083,0x1083,0x1083,0x1083,0x1083,0x1083,0x1083,0x1083,0x1083,0x1083,0x1083,
0x1083,0x1083,0x1083,0x1083,0x1083,0x59a3,0x59a3,0x59a3,0x59a3,0x59a3,0x2903,0x2903,0x59a3,0x59a3,0x59a3,0x59a3,0x59a3,0x59a3,0x59a3,0x59a3,0x59a3,0x59a3,0x59a3,0x59a3,
0x59a3,0x59a3,0x59a3,0x59a3,0x2903,0x2903,0x2903,0x59a3,0x59a3,0x2903,0x2903,0x2903,0x59a3,0x59a3,0x59a3,0x2903,0x59a3,0x59a3,0x59a3,0x59a3,0x59a3,0x8b05,0x59a3,0x2903,
0x2903,0x2903,0x2903,0x2903,0x2903,0x2903,0x2903,0x2903,0x49e5,0x49e5,0x49e5,0x49e5,0x49e5,0x49e5,0x49e5,0x2903,0x2903,0xcc67,0xcc67,0xcc67,0x6244,0x6244,0x2903,0xcc67,
0xcc67,0xcc67,0xcc67,0xcc67,0xcc67,0x6244,0x6244,0x6244,0x7bee,0x2881,0x2881,0x2881,0x7bee,0x7bee,0x7bee,0x7bee,0x2881,0x73ef,0x41e6,0x41e6,0x41e6,0x41e6,0xef35,0x6122,
0xa184,0x73ef,0xf6c7,0xa184,0xdd27,0xef35,0xa184,0xebc4,0xebc4,0xef35,0x1082,0x6122,0xef35,0xf6c7,0x73ef,0x2903,0x2903,0x820,0x820,0x820,0x820,0x820,0x820,0x820,
0x10c3,0x10c3,0x10c3,0x10c3,0x10c3,0x10c3,0x10c3,0x10c3,0x820,0x10c3,0x10c3,0x10c3,0x10c3,0x10c3,0x10c3,0x10c3,0x10c3,0x820,0x1083,0x1083,0x1083,0x1083,0x1083,0x1083,
0x1083,0x1083,0x1083,0x1083,0x1083,0x1083,0x1083,0x1083,0x1083,0x1083,0x1083,0x1083,0x1083,0x1083,0x1083,0x1083,0x1083,0x1083,0x1083,0x1083,0x1083,0x1083,0x1083,0x1083,
0x1083,0x1083,0x1083,0x1083,0x1083,0x1083,0x1083,0x1083,0x1083,0x1083,0x1083,0x1083,0x1083,0x1083,0x1083,0x1083,0x1083,0x1083,0x1083,0x1083,0x1083,0x1083,0x1083,0x1083,
0x1083,0x1083,0x1083,0x1083,0x1083,0x1083,0x1083,0x1083,0x1083,0x1083,0x1083,0x1083,0x1083,0x1083,0x1083,0x1083,0x1083,0x1083,0x1083,0x1083,0x1083,0x1083,0x1083,0x1083,
0x1083,0x1083,0x1083,0x1083,0x1083,0x1083,0x1083,0x1083,0x1083,0x1083,0x1083,0x1083,0x1083,0x1083,0x1083,0x1083,0x1083,0x1083,0x1083,0x1083,0x1083,0x1083,0x1083,0x1083,
0x1083,0x1083,0x1083,0x1083,0x1083,0x59a3,0x59a3,0x59a3,0x59a3,0x59a3,0x59a3,0x59a3,0x2903,0x2903,0x2903,0x59a3,0x59a3,0x59a3,0x59a3,0x59a3,0x59a3,0x59a3,0x59a3,0x59a3,
0x59a3,0x59a3,0x2903,0x2903,0x2903,0x59a3,0x59a3,0x59a3,0x59a3,0x59a3,0x59a3,0x59a3,0x2903,0x2903,0x59a3,0x59a3,0x59a3,0x59a3,0x59a3,0x59a3,0x59a3,0x8b05,0x59a3,0x2903,
0x2903,0x2903,0x2903,0x2903,0x2903,0x2903,0x2903,0x49e5,0x49e5,0x49e5,0x49e5,0x49e5,0x49e5,0x49e5,0x49e5,0x49e5,0x49e5,0x49e5,0x49e5,0x2903,0x2903,0x6244,0x6244,0xcc67,
0xcc67,0xcc67,0xcc67,0xcc67,0xcc67,0xcc67,0xcc67,0xcc67,0xcc67,0x6244,0x6244,0x6244,0x6244,0x7bee,0x73ef,0x41e6,0x8d56,0xa184,0x6122,0x6122,0x6122,0x6122,0xdd27,0x6122,
0x1082,0x73ef,0xebc4,0x6122,0x6122,0xdd27,0xebc4,0xebc4,0xa184,0xb000,0xa184,0xd244,0xa184,0xebc4,0xdd27,0x2903,0x2903,0x2903,0x2903,0x2903,0x2903,0x820,0x820,0x820,
0x10c3,0x10c3,0x10c3,0x10c3,0x10c3,0x10c3,0x10c3,0x10c3,0x820,0x10c3,0x10c3,0x10c3,0x10c3,0x10c3,0x10c3,0x10c3,0x10c3,0x10c3,0x1083,0x1083,0x1083,0x1083,0x1083,0x1083,
0x1083,0x1083,0x1083,0x1083,0x1083,0x1083,0x1083,0x1083,0x1083,0x1083,0x1083,0x1083,0x1083,0x1083,0x1083,0x1083,0x1083,0x1083,0x1083,0x1083,0x1083,0x1083,0x1083,0x1083,
0x1083,0x1083,0x1083,0x1083,0x1083,0x1083,0x1083,0x1083,0x1083,0x1083,0x1083,0x1083,0x1083,0x1083,0x1083,0x1083,0x1083,0x1083,0x1083,0x1083,0x1083,0x1083,0x1083,0x1083,
0x1083,0x1083,0x1083,0x1083,0x1083,0x1083,0x1083,0x1083,0x1083,0x1083,0x1083,0x1083,0x1083,0x1083,0x1083,0x1083,0x1083,0x1083,0x1083,0x1083,0x1083,0x1083,0x1083,0x1083,
0x1083,0x1083,0x1083,0x1083,0x1083,0x1083,0x1083,0x1083,0x1083,0x1083,0x1083,0x1083,0x1083,0x1083,0x1083,0x1083,0x1083,0x1083,0x1083,0x1083,0x1083,0x1083,0x1083,0x1083,
0x1083,0x1083,0x1083,0x1083,0x1083,0x59a3,0x59a3,0x59a3,0x59a3,0x59a3,0x59a3,0x59a3,0x59a3,0x59a3,0x59a3,0x59a3,0x2903,0x59a3,0x59a3,0x2903,0x2903,0x2903,0x2903,0x2903,
0x59a3,0x59a3,0x59a3,0x59a3,0x59a3,0x59a3,0x59a3,0x59a3,0x59a3,0x59a3,0x59a3,0x59a3,0x59a3,0x59a3,0x59a3,0x59a3,0x59a3,0x59a3,0x2903,0x2903,0x59a3,0x8b05,0x59a3,0x2903,
0x2903,0x2903,0x2903,0x2903,0x2903,0x2903,0x2903,0x2903,0x2903,0x49e5,0x49e5,0x49e5,0x49e5,0x49e5,0x49e5,0x49e5,0x49e5,0x49e5,0x49e5,0x2881,0x2903,0x49e5,0x49e5,0x49e5,
0x49e5,0x6244,0x6244,0x6244,0xcc67,0xcc67,0xcc67,0xcc67,0xcc67,0xcc67,0xcc67,0xcc67,0xcc67,0xcc67,0x2903,0x2903,0xcc67,0xcc67,0x6122,0x6122,0x6122,0x6122,0x6122,0x6122,
0x6122,0x41e6,0x6122,0xdd27,0x41e6,0x6122,0x6122,0x73ef,0x6122,0xdd27,0x6122,0x6122,0xdd27,0xebc4,0x6122,0x2903,0x2903,0x2903,0x2903,0x2903,0x2903,0x10c3,0x10c3,0x820,
0x820,0x820,0x10c3,0x10c3,0x10c3,0x10c3,0x10c3,0x820,0x820,0x10c3,0x10c3,0x10c3,0x10c3,0x10c3,0x10c3,0x10c3,0x10c3,0x10c3,0x1083,0x1083,0x1083,0x1083,0x1083,0x1083,
0x1083,0x1083,0x1083,0x1083,0x1083,0x1083,0x1083,0x1083,0x1083,0x1083,0x1083,0x1083,0x1083,0x1083,0x1083,0x1083,0x1083,0x1083,0x1083,0x1083,0x1083,0x1083,0x1083,0x1083,
0x1083,0x1083,0x1083,0x1083,0x1083,0x1083,0x1083,0x1083,0x1083,0x1083,0x1083,0x1083,0x1083,0x1083,0x1083,0x1083,0x1083,0x1083,0x1083,0x1083,0x1083,0x1083,0x1083,0x1083,
0x1083,0x1083,0x1083,0x1083,0x1083,0x1083,0x1083,0x1083,0x1083,0x1083,0x1083,0x1083,0x1083,0x1083,0x1083,0x1083,0x1083,0x1083,0x1083,0x1083,0x1083,0x1083,0x1083,0x1083,
0x1083,0x1083,0x1083,0x1083,0x1083,0x1083,0x1083,0x1083,0x1083,0x1083,0x1083,0x1083,0x1083,0x1083,0x1083,0x1083,0x1083,0x1083,0x1083,0x1083,0x1083,0x1083,0x1083,0x1083,
0x1083,0x1083,0x1083,0x1083,0x1083,0x59a3,0x59a3,0x59a3,0x59a3,0x59a3,0x59a3,0x59a3,0x59a3,0x2903,0x2903,0x59a3,0x59a3,0x59a3,0x59a3,0x59a3,0x59a3,0x59a3,0x2903,0x2903,
0x2903,0x59a3,0x59a3,0x59a3,0x59a3,0x59a3,0x59a3,0x59a3,0x59a3,0x59a3,0x59a3,0x59a3,0x59a3,0x59a3,0x59a3,0x2903,0x2903,0x59a3,0x59a3,0x59a3,0x59a3,0x2903,0x2903,0x2903,
0x2903,0x2903,0x2903,0x2903,0x2903,0x2903,0x2903,0x49e5,0x49e5,0x49e5,0x49e5,0x2903,0x2903,0x2903,0x49e5,0x49e5,0x49e5,0x49e5,0x49e5,0x49e5,0x49e5,0x49e5,0x49e5,0x49e5,
0x49e5,0x49e5,0x49e5,0x49e5,0x49e5,0x49e5,0x6244,0x6244,0x6244,0x6244,0xcc67,0xcc67,0x2903,0x2903,0xcc67,0xcc67,0xcc67,0xcc67,0xcc67,0xcc67,0xcc67,0xcc67,0xcc67,0xcc67,
0x6122,0x6122,0x41e6,0x41e6,0x6122,0x6122,0x1082,0x6122,0xd244,0x73ef,0x41e6,0x6122,0x41e6,0x41e6,0xd244,0x2903,0x2903,0x2903,0x2903,0x2903,0x10c3,0x10c3,0x10c3,0x10c3,
0x820,0x820,0x820,0x10c3,0x10c3,0x10c3,0x820,0x820,0x820,0x820,0x820,0x10c3,0x10c3,0x10c3,0x10c3,0x10c3,0x10c3,0x10c3,0x1083,0x1083,0x1083,0x1083,0x1083,0x1083,
0x1083,0x1083,0x1083,0x1083,0x1083,0x1083,0x1083,0x1083,0x1083,0x1083,0x1083,0x1083,0x1083,0x1083,0x1083,0x1083,0x1083,0x1083,0x1083,0x1083,0x1083,0x1083,0x1083,0x1083,
0x1083,0x1083,0x1083,0x1083,0x1083,0x1083,0x1083,0x1083,0x1083,0x1083,0x1083,0x1083,0x1083,0x1083,0x1083,0x1083,0x1083,0x1083,0x1083,0x1083,0x1083,0x1083,0x1083,0x1083,
0x1083,0x1083,0x1083,0x1083,0x1083,0x1083,0x1083,0x1083,0x1083,0x1083,0x1083,0x1083,0x1083,0x1083,0x1083,0x1083,0x1083,0x1083,0x1083,0x1083,0x1083,0x1083,0x1083,0x1083,
0x1083,0x1083,0x1083,0x1083,0x1083,0x1083,0x1083,0x1083,0x1083,0x1083,0x1083,0x1083,0x1083,0x1083,0x1083,0x1083,0x1083,0x1083,0x1083,0x1083,0x1083,0x1083,0x1083,0x1083,
0x1083,0x1083,0x1083,0x1083,0x1083,0x2903,0x2903,0x59a3,0x2903,0x2903,0x59a3,0x59a3,0x59a3,0x59a3,0x59a3,0x59a3,0x59a3,0x59a3,0x59a3,0x59a3,0x59a3,0x59a3,0x59a3,0x59a3,
0x59a3,0x59a3,0x59a3,0x59a3,0x2903,0x2903,0x59a3,0x59a3,0x59a3,0x59a3,0x59a3,0x2903,0x2903,0x59a3,0x59a3,0x59a3,0x59a3,0x59a3,0x59a3,0x59a3,0x59a3,0x820,0x820,0x820,
0x820,0x820,0x820,0x820,0x2903,0x2903,0x2903,0x2903,0x49e5,0x49e5,0x49e5,0x49e5,0x49e5,0x49e5,0x49e5,0x49e5,0x49e5,0x49e5,0x49e5,0x2903,0x2903,0x49e5,0x49e5,0x49e5,
0x49e5,0x49e5,0x49e5,0x49e5,0x49e5,0x49e5,0x49e5,0x49e5,0x49e5,0x49e5,0x49e5,0x49e5,0x6244,0x6244,0x6244,0x6244,0x6244,0x6244,0xcc67,0xcc67,0xcc67,0xcc67,0xcc67,0xcc67,
0xcc67,0xcc67,0xcc67,0xcc67,0xcc67,0xcc67,0xcc67,0x41e6,0x41e6,0x73ef,0xd244,0x41e6,0x6122,0x6122,0x6122,0x2903,0x2903,0x2903,0x10c3,0x10c3,0x10c3,0x10c3,0x10c3,0x10c3,
0x10c3,0x10c3,0x10c3,0x820,0x820,0x820,0x820,0x820,0x820,0x820,0x820,0x820,0x820,0x10c3,0x10c3,0x10c3,0x10c3,0x820,0x1083,0x1083,0x1083,0x1083,0x1083,0x1083,
0x1083,0x1083,0x1083,0x1083,0x1083,0x1083,0x1083,0x1083,0x1083,0x1083,0x1083,0x1083,0x1083,0x1083,0x1083,0x1083,0x1083,0x1083,0x1083,0x1083,0x1083,0x1083,0x1083,0x1083,
0x1083,0x1083,0x1083,0x1083,0x1083,0x1083,0x1083,0x1083,0x1083,0x1083,0x1083,0x1083,0x1083,0x1083,0x1083,0x1083,0x1083,0x1083,0x1083,0x1083,0x1083,0x1083,0x1083,0x1083,
0x1083,0x1083,0x1083,0x1083,0x1083,0x1083,0x1083,0x1083,0x1083,0x1083,0x1083,0x1083,0x1083,0x1083,0x1083,0x1083,0x1083,0x1083,0x1083,0x1083,0x1083,0x1083,0x1083,0x1083,
0x1083,0x1083,0x1083,0x1083,0x1083,0x1083,0x1083,0x1083,0x1083,0x1083,0x1083,0x1083,0x1083,0x1083,0x1083,0x1083,0x1083,0x1083,0x1083,0x1083,0x1083,0x1083,0x1083,0x1083,
0x1083,0x1083,0x1083,0x1083,0x1083,0x59a3,0x59a3,0x2903,0x2903,0x2903,0x59a3,0x59a3,0x59a3,0x59a3,0x59a3,0x59a3,0x59a3,0x59a3,0x59a3,0x59a3,0x59a3,0x59a3,0x59a3,0x59a3,
0x59a3,0x2903,0x2903,0x59a3,0x59a3,0x59a3,0x59a3,0x2903,0x2903,0x2903,0x59a3,0x59a3,0x59a3,0x59a3,0x59a3,0x59a3,0x59a3,0x59a3,0x59a3,0x59a3,0x59a3,0x820,0x820,0x820,
0x820,0x820,0x820,0x820,0x2903,0x2903,0x820,0x2903,0x2903,0x49e5,0x49e5,0x49e5,0x49e5,0x49e5,0x49e5,0x49e5,0x49e5,0x49e5,0x49e5,0x2881,0x49e5,0x49e5,0x49e5,0x2903,
0x2903,0x49e5,0x49e5,0x49e5,0x49e5,0x49e5,0x49e5,0x49e5,0x49e5,0x49e5,0x49e5,0x2881,0x49e5,0x49e5,0x49e5,0x49e5,0x49e5,0x6244,0x6244,0x6244,0x6244,0x6244,0xcc67,0xcc67,
0xcc67,0xcc67,0xcc67,0xcc67,0xcc67,0xcc67,0xcc67,0x2903,0xcc67,0xcc67,0xcc67,0xcc67,0x41e6,0x1082,0x6122,0x2903,0x2903,0x10c3,0x10c3,0x10c3,0x10c3,0x10c3,0x10c3,0x10c3,
0x10c3,0x10c3,0x10c3,0x820,0x820,0x820,0x10c3,0x10c3,0x10c3,0x10c3,0x820,0x820,0x820,0x820,0x820,0x820,0x820,0x820,0x1083,0x1083,0x1083,0x1083,0x1083,0x1083,
0x1083,0x1083,0x1083,0x1083,0x1083,0x1083,0x1083,0x1083,0x1083,0x1083,0x1083,0x1083,0x1083,0x1083,0x1083,0x1083,0x1083,0x1083,0x1083,0x1083,0x1083,0x1083,0x1083,0x1083,
0x1083,0x1083,0x1083,0x1083,0x1083,0x1083,0x1083,0x1083,0x1083,0x1083,0x1083,0x1083,0x1083,0x1083,0x1083,0x1083,0x1083,0x1083,0x1083,0x1083,0x1083,0x1083,0x1083,0x1083,
0x1083,0x1083,0x1083,0x1083,0x1083,0x1083,0x1083,0x1083,0x1083,0x1083,0x1083,0x1083,0x1083,0x1083,0x1083,0x1083,0x1083,0x1083,0x1083,0x1083,0x1083,0x1083,0x1083,0x1083,
0x1083,0x1083,0x1083,0x1083,0x1083,0x1083,0x1083,0x1083,0x1083,0x1083,0x1083,0x1083,0x1083,0x1083,0x1083,0x1083,0x1083,0x1083,0x1083,0x1083,0x1083,0x1083,0x1083,0x1083,
0x1083,0x1083,0x1083,0x1083,0x1083,0x59a3,0x59a3,0x59a3,0x59a3,0x59a3,0x59a3,0x59a3,0x2903,0x2903,0x59a3,0x59a3,0x59a3,0x59a3,0x59a3,0x59a3,0x59a3,0x59a3,0x2903,0x2903,
0x59a3,0x59a3,0x59a3,0x59a3,0x59a3,0x59a3,0x59a3,0x59a3,0x59a3,0x59a3,0x59a3,0x2903,0x2903,0x2903,0x59a3,0x59a3,0x59a3,0x59a3,0x59a3,0x59a3,0x59a3,0x820,0x820,0x820,
0x820,0x2903,0x820,0x820,0x820,0x820,0x820,0x820,0x820,0x820,0x820,0x2881,0x2881,0x2881,0x2903,0x2903,0x49e5,0x49e5,0x49e5,0x2881,0x49e5,0x49e5,0x49e5,0x49e5,
0x49e5,0x49e5,0x49e5,0x49e5,0x2903,0x2903,0x49e5,0x49e5,0x49e5,0x49e5,0x49e5,0x2881,0x49e5,0x49e5,0x49e5,0x49e5,0x49e5,0x49e5,0x49e5,0x49e5,0x49e5,0x49e5,0x6244,0x6244,
0x6244,0x6244,0x6244,0x6244,0xcc67,0x2903,0x2903,0xcc67,0xcc67,0xcc67,0xcc67,0xcc67,0xcc67,0xcc67,0xcc67,0x2903,0x2903,0x2903,0x10c3,0x10c3,0x10c3,0x10c3,0x10c3,0x10c3,
0x10c3,0x10c3,0x10c3,0x820,0x10c3,0x10c3,0x10c3,0x10c3,0x10c3,0x10c3,0x10c3,0x10c3,0x10c3,0x10c3,0x10c3,0x820,0x820,0x820,0x1083,0x1083,0x1083,0x1083,0x1083,0x1083,
0x1083,0x1083,0x1083,0x1083,0x1083,0x1083,0x1083,0x1083,0x1083,0x1083,0x1083,0x1083,0x1083,0x1083,0x1083,0x1083,0x1083,0x1083,0x1083,0x1083,0x1083,0x1083,0x1083,0x1083,
0x1083,0x1083,0x1083,0x1083,0x1083,0x1083,0x1083,0x1083,0x1083,0x1083,0x1083,0x1083,0x1083,0x1083,0x1083,0x1083,0x1083,0x1083,0x1083,0x1083,0x1083,0x1083,0x1083,0x1083,
0x1083,0x1083,0x1083,0x1083,0x1083,0x1083,0x1083,0x1083,0x1083,0x1083,0x1083,0x1083,0x1083,0x1083,0x1083,0x1083,0x1083,0x1083,0x1083,0x1083,0x1083,0x1083,0x1083,0x1083,
0x1083,0x1083,0x1083,0x1083,0x1083,0x1083,0x1083,0x1083,0x1083,0x1083,0x1083,0x1083,0x1083,0x1083,0x1083,0x1083,0x1083,0x1083,0x1083,0x1083,0x1083,0x1083,0x1083,0x1083,
0x1083,0x1083,0x1083,0x1083,0x1083,0x59a3,0x59a3,0x59a3,0x59a3,0x59a3,0x59a3,0x2903,0x59a3,0x59a3,0x59a3,0x59a3,0x59a3,0x2903,0x2903,0x2903,0x59a3,0x59a3,0x59a3,0x59a3,
0x59a3,0x59a3,0x59a3,0x59a3,0x59a3,0x59a3,0x59a3,0x59a3,0x59a3,0x59a3,0x59a3,0x59a3,0x59a3,0x59a3,0x2903,0x2081,0x2081,0x2903,0x2903,0x59a3,0x59a3,0x2903,0x2903,0x820,
0x820,0x820,0x820,0x820,0x820,0x820,0x820,0x820,0x820,0x820,0x49e5,0x49e5,0x49e5,0x49e5,0x49e5,0x49e5,0x49e5,0x2903,0x2903,0x2881,0x2881,0x2881,0x2903,0x49e5,
0x49e5,0x49e5,0x49e5,0x49e5,0x49e5,0x49e5,0x49e5,0x49e5,0x49e5,0x49e5,0x2903,0x2881,0x2903,0x49e5,0x49e5,0x49e5,0x49e5,0x49e5,0x49e5,0x49e5,0x49e5,0x49e5,0x49e5,0x49e5,
0x49e5,0x49e5,0x49e5,0x49e5,0x2903,0x6244,0x6244,0x6244,0x6244,0x6244,0xcc67,0xcc67,0xcc67,0xcc67,0xcc67,0xcc67,0x2903,0x2903,0x10c3,0x10c3,0x10c3,0x10c3,0x10c3,0x10c3,
0x10c3,0x10c3,0x10c3,0x820,0x10c3,0x2903,0x10c3,0x10c3,0x10c3,0x10c3,0x10c3,0x10c3,0x10c3,0x10c3,0x10c3,0x10c3,0x820,0x10c3,0x1083,0x1083,0x1083,0x1083,0x1083,0x1083,
0x1083,0x1083,0x1083,0x1083,0x1083,0x1083,0x1083,0x1083,0x1083,0x1083,0x1083,0x1083,0x1083,0x1083,0x1083,0x1083,0x1083,0x1083,0x1083,0x1083,0x1083,0x1083,0x1083,0x1083,
0x1083,0x1083,0x1083,0x1083,0x1083,0x1083,0x1083,0x1083,0x1083,0x1083,0x1083,0x1083,0x1083,0x1083,0x1083,0x1083,0x1083,0x1083,0x1083,0x1083,0x1083,0x1083,0x1083,0x1083,
0x1083,0x1083,0x1083,0x1083,0x1083,0x1083,0x1083,0x1083,0x1083,0x1083,0x1083,0x1083,0x1083,0x1083,0x1083,0x1083,0x1083,0x1083,0x1083,0x1083,0x1083,0x1083,0x1083,0x1083,
0x1083,0x1083,0x1083,0x1083,0x1083,0x1083,0x1083,0x1083,0x1083,0x1083,0x1083,0x1083,0x1083,0x1083,0x1083,0x1083,0x1083,0x1083,0x1083,0x1083,0x1083,0x1083,0x1083,0x1083,
0x1083,0x1083,0x1083,0x1083,0x1083,0x59a3,0x59a3,0x2903,0x2903,0x2903,0x59a3,0x59a3,0x59a3,0x59a3,0x59a3,0x59a3,0x59a3,0x59a3,0x59a3,0x59a3,0x59a3,0x59a3,0x2903,0x2903,
0x59a3,0x59a3,0x59a3,0x59a3,0x59a3,0x59a3,0x59a3,0x59a3,0x59a3,0x59a3,0x2903,0x2903,0x2903,0x59a3,0x59a3,0x59a3,0x2903,0x2903,0x2081,0x2081,0x2081,0x2903,0x2903,0x820,
0x820,0x820,0x820,0x820,0x820,0x820,0x820,0x820,0x820,0x820,0x49e5,0x49e5,0x49e5,0x49e5,0x49e5,0x49e5,0x49e5,0x49e5,0x2903,0x2881,0x49e5,0x49e5,0x2903,0x2903,
0x2903,0x2903,0x2903,0x49e5,0x49e5,0x49e5,0x49e5,0x49e5,0x49e5,0x49e5,0x49e5,0x2881,0x49e5,0x49e5,0x49e5,0x2903,0x2903,0x49e5,0x49e5,0x49e5,0x49e5,0x49e5,0x49e5,0x49e5,
0x49e5,0x49e5,0x49e5,0x49e5,0x2881,0x49e5,0x49e5,0x49e5,0x6244,0x6244,0x6244,0x6244,0x6244,0xcc67,0xcc67,0xcc67,0x820,0x2903,0x2903,0x10c3,0x10c3,0x10c3,0x10c3,0x10c3,
0x10c3,0x10c3,0x10c3,0x820,0x10c3,0x2903,0x10c3,0x10c3,0x10c3,0x10c3,0x10c3,0x10c3,0x10c3,0x10c3,0x10c3,0x10c3,0x820,0x10c3,0x1083,0x1083,0x1083,0x1083,0x1083,0x1083,
0x1083,0x1083,0x1083,0x1083,0x1083,0x1083,0x1083,0x1083,0x1083,0x1083,0x1083,0x1083,0x1083,0x1083,0x1083,0x1083,0x1083,0x1083,0x1083,0x1083,0x1083,0x1083,0x1083,0x1083,
0x1083,0x1083,0x1083,0x1083,0x1083,0x1083,0x1083,0x1083,0x1083,0x1083,0x1083,0x1083,0x1083,0x1083,0x1083,0x1083,0x1083,0x1083,0x1083,0x1083,0x1083,0x1083,0x1083,0x1083,
0x1083,0x1083,0x1083,0x1083,0x1083,0x1083,0x1083,0x1083,0x1083,0x1083,0x1083,0x1083,0x1083,0x1083,0x1083,0x1083,0x1083,0x1083,0x1083,0x1083,0x1083,0x1083,0x1083,0x1083,
0x1083,0x1083,0x1083,0x1083,0x1083,0x1083,0x1083,0x1083,0x1083,0x1083,0x1083,0x1083,0x1083,0x1083,0x1083,0x1083,0x1083,0x1083,0x1083,0x1083,0x1083,0x1083,0x1083,0x1083,
0x1083,0x1083,0x1083,0x1083,0x1083,0x59a3,0x59a3,0x59a3,0x59a3,0x59a3,0x59a3,0x59a3,0x59a3,0x59a3,0x59a3,0x59a3,0x59a3,0x59a3,0x59a3,0x59a3,0x59a3,0x59a3,0x59a3,0x59a3,
0x2903,0x2081,0x2081,0x2903,0x59a3,0x59a3,0x2903,0x2903,0x59a3,0x59a3,0x59a3,0x59a3,0x59a3,0x59a3,0x59a3,0x59a3,0x59a3,0x59a3,0x59a3,0x59a3,0x59a3,0x820,0x820,0x820,
0x820,0x820,0x2903,0x820,0x820,0x820,0x820,0x820,0x820,0x820,0x49e5,0x49e5,0x49e5,0x49e5,0x49e5,0x49e5,0x49e5,0x49e5,0x2903,0x49e5,0x49e5,0x49e5,0x49e5,0x49e5,
0x49e5,0x49e5,0x49e5,0x49e5,0x2903,0x2903,0x2903,0x2903,0x2903,0x2903,0x49e5,0x2903,0x2903,0x49e5,0x49e5,0x49e5,0x49e5,0x49e5,0x49e5,0x49e5,0x49e5,0x49e5,0x2903,0x2903,
0x49e5,0x49e5,0x49e5,0x2903,0x2903,0x49e5,0x49e5,0x49e5,0x49e5,0x49e5,0x49e5,0x49e5,0x49e5,0x49e5,0x49e5,0x2903,0x2903,0x2903,0x2903,0x820,0x820,0x10c3,0x10c3,0x10c3,
0x820,0x820,0x820,0x820,0x820,0x2903,0x2903,0x10c3,0x10c3,0x10c3,0x10c3,0x10c3,0x10c3,0x10c3,0x10c3,0x10c3,0x820,0x10c3,0x1083,0x1083,0x1083,0x1083,0x1083,0x1083,
0x1083,0x1083,0x1083,0x1083,0x1083,0x1083,0x1083,0x1083,0x1083,0x1083,0x1083,0x1083,0x1083,0x1083,0x1083,0x1083,0x1083,0x1083,0x1083,0x1083,0x1083,0x1083,0x1083,0x1083,
0x1083,0x1083,0x1083,0x1083,0x1083,0x1083,0x1083,0x1083,0x1083,0x1083,0x1083,0x1083,0x1083,0x1083,0x1083,0x1083,0x1083,0x1083,0x1083,0x1083,0x1083,0x1083,0x1083,0x1083,
0x1083,0x1083,0x1083,0x1083,0x1083,0x1083,0x1083,0x1083,0x1083,0x1083,0x1083,0x1083,0x1083,0x1083,0x1083,0x1083,0x1083,0x1083,0x1083,0x1083,0x1083,0x1083,0x1083,0x1083,
0x1083,0x1083,0x1083,0x1083,0x1083,0x1083,0x1083,0x1083,0x1083,0x1083,0x1083,0x1083,0x1083,0x1083,0x1083,0x1083,0x1083,0x1083,0x1083,0x1083,0x1083,0x1083,0x1083,0x1083,
0x1083,0x1083,0x1083,0x1083,0x1083,0x59a3,0x59a3,0x59a3,0x2903,0x2903,0x59a3,0x59a3,0x59a3,0x59a3,0x59a3,0x59a3,0x59a3,0x59a3,0x59a3,0x59a3,0x2903,0x2903,0x59a3,0x59a3,
0x59a3,0x59a3,0x59a3,0x2081,0x2081,0x2081,0x2081,0x2903,0x2903,0x59a3,0x59a3,0x8b05,0x59a3,0x59a3,0x59a3,0x59a3,0x59a3,0x59a3,0x59a3,0x59a3,0x8b05,0x820,0x820,0x2903,
0x820,0x820,0x820,0x820,0x2903,0x2903,0x820,0x820,0x820,0x820,0x49e5,0x49e5,0x49e5,0x49e5,0x49e5,0x49e5,0x49e5,0x49e5,0x2903,0x49e5,0x49e5,0x49e5,0x49e5,0x49e5,
0x49e5,0x49e5,0x49e5,0x49e5,0x49e5,0x49e5,0x49e5,0x49e5,0x49e5,0x2903,0x2903,0x2903,0x2881,0x2903,0x2903,0x49e5,0x49e5,0x49e5,0x49e5,0x49e5,0x49e5,0x49e5,0x49e5,0x49e5,
0x49e5,0x49e5,0x49e5,0x2903,0x2903,0x49e5,0x49e5,0x49e5,0x49e5,0x49e5,0x49e5,0x49e5,0x49e5,0x49e5,0x49e5,0x2903,0x2903,0x2903,0x2903,0x2903,0x2903,0x820,0x820,0x820,
0x820,0x820,0x820,0x820,0x820,0x820,0x2903,0x2903,0x10c3,0x10c3,0x10c3,0x10c3,0x10c3,0x10c3,0x10c3,0x10c3,0x820,0x10c3,0x1083,0x1083,0x1083,0x1083,0x1083,0x1083,
0x1083,0x1083,0x1083,0x1083,0x1083,0x1083,0x1083,0x1083,0x1083,0x1083,0x1083,0x1083,0x1083,0x1083,0x1083,0x1083,0x1083,0x1083,0x1083,0x1083,0x1083,0x1083,0x1083,0x1083,
0x1083,0x1083,0x1083,0x1083,0x1083,0x1083,0x1083,0x1083,0x1083,0x1083,0x1083,0x1083,0x1083,0x1083,0x1083,0x1083,0x1083,0x1083,0x1083,0x1083,0x1083,0x1083,0x1083,0x1083,
0x1083,0x1083,0x1083,0x1083,0x1083,0x1083,0x1083,0x1083,0x1083,0x1083,0x1083,0x1083,0x1083,0x1083,0x1083,0x1083,0x1083,0x1083,0x1083,0x1083,0x1083,0x1083,0x1083,0x1083,
0x1083,0x1083,0x1083,0x1083,0x1083,0x1083,0x1083,0x1083,0x1083,0x1083,0x1083,0x1083,0x1083,0x1083,0x1083,0x1083,0x1083,0x1083,0x1083,0x1083,0x1083,0x1083,0x1083,0x1083,
0x1083,0x1083,0x1083,0x1083,0x1083,0x59a3,0x59a3,0x59a3,0x59a3,0x59a3,0x2903,0x2903,0x59a3,0x59a3,0x59a3,0x59a3,0x59a3,0x2903,0x2903,0x59a3,0x59a3,0x59a3,0x59a3,0x59a3,
0x59a3,0x59a3,0x59a3,0x59a3,0x59a3,0x59a3,0x59a3,0x59a3,0x2081,0x2081,0x2081,0x2903,0x59a3,0x8b05,0x8b05,0x8b05,0x8b05,0x8b05,0x8b05,0x8b05,0x2903,0x2903,0x820,0x820,
0x820,0x820,0x820,0x820,0x820,0x820,0x820,0x820,0x2903,0x820,0x49e5,0x49e5,0x49e5,0x49e5,0x49e5,0x49e5,0x49e5,0x49e5,0x2903,0x49e5,0x49e5,0x49e5,0x49e5,0x49e5,
0x49e5,0x49e5,0x49e5,0x49e5,0x49e5,0x49e5,0x49e5,0x49e5,0x49e5,0x49e5,0x49e5,0x2903,0x2881,0x2903,0x49e5,0x2903,0x2903,0x2903,0x2903,0x49e5,0x49e5,0x49e5,0x49e5,0x49e5,
0x49e5,0x49e5,0x49e5,0x49e5,0x2881,0x49e5,0x49e5,0x2903,0x2903,0x49e5,0x49e5,0x49e5,0x49e5,0x49e5,0x49e5,0x2903,0x2903,0x2903,0x2903,0x2903,0x2903,0x10c3,0x820,0x820,
0x820,0x820,0x820,0x820,0x820,0x820,0x10c3,0x2903,0x2903,0x10c3,0x10c3,0x10c3,0x10c3,0x10c3,0x10c3,0x10c3,0x820,0x10c3,0x1083,0x1083,0x1083,0x1083,0x1083,0x1083,
0x1083,0x1083,0x1083,0x1083,0x1083,0x1083,0x1083,0x1083,0x1083,0x1083,0x1083,0x1083,0x1083,0x1083,0x1083,0x1083,0x1083,0x1083,0x1083,0x1083,0x1083,0x1083,0x1083,0x1083,
0x1083,0x1083,0x1083,0x1083,0x1083,0x1083,0x1083,0x1083,0x1083,0x1083,0x1083,0x1083,0x1083,0x1083,0x1083,0x1083,0x1083,0x1083,0x1083,0x1083,0x1083,0x1083,0x1083,0x1083,
0x1083,0x1083,0x1083,0x1083,0x1083,0x1083,0x1083,0x1083,0x1083,0x1083,0x1083,0x1083,0x1083,0x1083,0x1083,0x1083,0x1083,0x1083,0x1083,0x1083,0x1083,0x1083,0x1083,0x1083,
0x1083,0x1083,0x1083,0x1083,0x1083,0x1083,0x1083,0x1083,0x1083,0x1083,0x1083,0x1083,0x1083,0x1083,0x1083,0x1083,0x1083,0x1083,0x1083,0x1083,0x1083,0x1083,0x1083,0x1083,
0x1083,0x1083,0x1083,0x1083,0x1083,0x59a3,0x59a3,0x2903,0x59a3,0x59a3,0x59a3,0x59a3,0x59a3,0x59a3,0x59a3,0x2903,0x2903,0x59a3,0x59a3,0x8b05,0x8b05,0x59a3,0x59a3,0x59a3,
0x59a3,0x59a3,0x59a3,0x59a3,0x59a3,0x59a3,0x8b05,0x8b05,0xa325,0xa325,0x2903,0x2903,0x59a3,0x59a3,0x2903,0x2903,0x2903,0x2903,0x59a3,0x59a3,0x59a3,0x820,0x820,0x820,
0x820,0x820,0x820,0x820,0x820,0x820,0x820,0x820,0x820,0x820,0x820,0x2903,0x2903,0x2903,0x49e5,0x49e5,0x49e5,0x49e5,0x2903,0x49e5,0x49e5,0x49e5,0x49e5,0x49e5,
0x49e5,0x49e5,0x49e5,0x49e5,0x49e5,0x49e5,0x49e5,0x49e5,0x49e5,0x49e5,0x49e5,0x49e5,0x2903,0x49e5,0x49e5,0x49e5,0x49e5,0x49e5,0x49e5,0x49e5,0x49e5,0x49e5,0x2903,0x2903,
0x2903,0x2903,0x2903,0x49e5,0x49e5,0x2903,0x49e5,0x49e5,0x49e5,0x49e5,0x49e5,0x49e5,0x49e5,0x49e5,0x2903,0x2903,0x2903,0x2903,0x2903,0x10c3,0x10c3,0x10c3,0x10c3,0x10c3,
0x10c3,0x820,0x820,0x820,0x820,0x820,0x820,0x820,0x820,0x10c3,0x10c3,0x10c3,0x10c3,0x10c3,0x10c3,0x820,0x820,0x820,0x1083,0x1083,0x1083,0x1083,0x1083,0x1083,
0x1083,0x1083,0x1083,0x1083,0x1083,0x1083,0x1083,0x1083,0x1083,0x1083,0x1083,0x1083,0x1083,0x1083,0x1083,0x1083,0x1083,0x1083,0x1083,0x1083,0x1083,0x1083,0x1083,0x1083,
0x1083,0x1083,0x1083,0x1083,0x1083,0x1083,0x1083,0x1083,0x1083,0x1083,0x1083,0x1083,0x1083,0x1083,0x1083,0x1083,0x1083,0x1083,0x1083,0x1083,0x1083,0x1083,0x1083,0x1083,
0x1083,0x1083,0x1083,0x1083,0x1083,0x1083,0x1083,0x1083,0x1083,0x1083,0x1083,0x1083,0x1083,0x1083,0x1083,0x1083,0x1083,0x1083,0x1083,0x1083,0x1083,0x1083,0x1083,0x1083,
0x1083,0x1083,0x1083,0x1083,0x1083,0x1083,0x1083,0x1083,0x1083,0x1083,0x1083,0x1083,0x1083,0x1083,0x1083,0x1083,0x1083,0x1083,0x1083,0x1083,0x1083,0x1083,0x1083,0x1083,
0x1083,0x1083,0x1083,0x1083,0x1083,0x59a3,0x59a3,0x59a3,0x59a3,0x59a3,0x59a3,0x59a3,0x59a3,0x59a3,0x59a3,0x59a3,0x59a3,0x59a3,0x59a3,0x59a3,0x2903,0x2903,0x8b05,0x8b05,
0x8b05,0x8b05,0x8b05,0x8b05,0x8b05,0xa325,0x2903,0x2903,0x59a3,0x59a3,0x59a3,0x59a3,0x59a3,0x59a3,0x59a3,0x59a3,0x59a3,0x59a3,0x2903,0x2903,0x59a3,0x820,0x820,0x820,
0x820,0x820,0x820,0x820,0x820,0x820,0x820,0x820,0x820,0x2903,0x49e5,0x49e5,0x49e5,0x2881,0x2881,0x2881,0x2881,0x2881,0x2881,0x2881,0x49e5,0x49e5,0x49e5,0x49e5,
0x49e5,0x49e5,0x49e5,0x49e5,0x49e5,0x49e5,0x49e5,0x49e5,0x49e5,0x49e5,0x49e5,0x49e5,0x2903,0x49e5,0x49e5,0x49e5,0x49e5,0x49e5,0x49e5,0x49e5,0x49e5,0x49e5,0x49e5,0x49e5,
0x49e5,0x49e5,0x49e5,0x2903,0x2881,0x2881,0x2903,0x49e5,0x49e5,0x49e5,0x49e5,0x49e5,0x49e5,0x49e5,0x2903,0x2903,0x2903,0x10c3,0x10c3,0x10c3,0x10c3,0x10c3,0x10c3,0x10c3,
0x10c3,0x10c3,0x820,0x820,0x820,0x820,0x820,0x820,0x820,0x820,0x820,0x10c3,0x10c3,0x820,0x820,0x820,0x820,0x820,0x1083,0x1083,0x1083,0x1083,0x1083,0x1083,
0x1083,0x1083,0x1083,0x1083,0x1083,0x1083,0x1083,0x1083,0x1083,0x1083,0x1083,0x1083,0x1083,0x1083,0x1083,0x1083,0x1083,0x1083,0x1083,0x1083,0x1083,0x1083,0x1083,0x1083,
0x1083,0x1083,0x1083,0x1083,0x1083,0x1083,0x1083,0x1083,0x1083,0x1083,0x1083,0x1083,0x1083,0x1083,0x1083,0x1083,0x1083,0x1083,0x1083,0x1083,0x1083,0x1083,0x1083,0x1083,
0x1083,0x1083,0x1083,0x1083,0x1083,0x1083,0x1083,0x1083,0x1083,0x1083,0x1083,0x1083,0x1083,0x1083,0x1083,0x1083,0x1083,0x1083,0x1083,0x1083,0x1083,0x1083,0x1083,0x1083,
0x1083,0x1083,0x1083,0x1083,0x1083,0x1083,0x1083,0x1083,0x1083,0x1083,0x1083,0x1083,0x1083,0x1083,0x1083,0x1083,0x1083,0x1083,0x1083,0x1083,0x1083,0x1083,0x1083,0x1083,
0x1083,0x1083,0x1083,0x1083,0x1083,0x59a3,0x59a3,0x59a3,0x59a3,0x59a3,0x59a3,0x59a3,0x59a3,0x59a3,0x59a3,0x59a3,0xa325,0xa325,0xa325,0x2903,0x59a3,0x59a3,0x59a3,0x59a3,
0x59a3,0x2903,0x2903,0x2903,0x2903,0x59a3,0x59a3,0x59a3,0x59a3,0x59a3,0x59a3,0x59a3,0x59a3,0x59a3,0x59a3,0x59a3,0x59a3,0x59a3,0x59a3,0x59a3,0x59a3,0x820,0x820,0x2903,
0x2903,0x820,0x820,0x820,0x820,0x820,0x2903,0x820,0x820,0x820,0x49e5,0x49e5,0x49e5,0x49e5,0x49e5,0x49e5,0x49e5,0x49e5,0x49e5,0x49e5,0x2881,0x2903,0x2881,0x2903,
0x2903,0x49e5,0x49e5,0x49e5,0x49e5,0x49e5,0x49e5,0x49e5,0x49e5,0x49e5,0x49e5,0x49e5,0x2881,0x49e5,0x49e5,0x49e5,0x49e5,0x49e5,0x49e5,0x49e5,0x49e5,0x49e5,0x49e5,0x49e5,
0x49e5,0x49e5,0x49e5,0x49e5,0x2903,0x2881,0x49e5,0x49e5,0x49e5,0x49e5,0x2903,0x2903,0x2903,0x2903,0x2903,0x2903,0x10c3,0x10c3,0x10c3,0x10c3,0x10c3,0x10c3,0x10c3,0x10c3,
0x10c3,0x10c3,0x820,0x10c3,0x10c3,0x10c3,0x10c3,0x820,0x820,0x820,0x820,0x820,0x820,0x820,0x820,0x820,0x820,0x820,0x1083,0x1083,0x1083,0x1083,0x1083,0x1083,
0x1083,0x1083,0x1083,0x1083,0x1083,0x1083,0x1083,0x1083,0x1083,0x1083,0x1083,0x1083,0x1083,0x1083,0x1083,0x1083,0x1083,0x1083,0x1083,0x1083,0x1083,0x1083,0x1083,0x1083,
0x1083,0x1083,0x1083,0x1083,0x1083,0x1083,0x1083,0x1083,0x1083,0x1083,0x1083,0x1083,0x1083,0x1083,0x1083,0x1083,0x1083,0x1083,0x1083,0x1083,0x1083,0x1083,0x1083,0x1083,
0x1083,0x1083,0x1083,0x1083,0x1083,0x1083,0x1083,0x1083,0x1083,0x1083,0x1083,0x1083,0x1083,0x1083,0x1083,0x1083,0x1083,0x1083,0x1083,0x1083,0x1083,0x1083,0x1083,0x1083,
0x1083,0x1083,0x1083,0x1083,0x1083,0x1083,0x1083,0x1083,0x1083,0x1083,0x1083,0x1083,0x1083,0x1083,0x1083,0x1083,0x1083,0x1083,0x1083,0x1083,0x1083,0x1083,0x1083,0x1083,
0x1083,0x1083,0x1083,0x1083,0x1083,0x59a3,0x2903,0x59a3,0x59a3,0x59a3,0x59a3,0x59a3,0x59a3,0x59a3,0xa325,0x2903,0x2903,0x59a3,0x59a3,0x59a3,0x59a3,0x59a3,0x59a3,0x59a3,
0x59a3,0x59a3,0x59a3,0x59a3,0x59a3,0x2903,0x2903,0x59a3,0x59a3,0x59a3,0x59a3,0x59a3,0x59a3,0x59a3,0x59a3,0x59a3,0x59a3,0x59a3,0x59a3,0x59a3,0x2903,0x820,0x820,0x820,
0x820,0x2903,0x2903,0x2903,0x2903,0x820,0x820,0x820,0x820,0x820,0x49e5,0x49e5,0x49e5,0x49e5,0x49e5,0x49e5,0x49e5,0x49e5,0x49e5,0x49e5,0x49e5,0x49e5,0x2903,0x2881,
0x2881,0x2881,0x2881,0x2881,0x2881,0x2903,0x49e5,0x49e5,0x49e5,0x49e5,0x49e5,0x2903,0x2881,0x2881,0x49e5,0x49e5,0x49e5,0x49e5,0x49e5,0x49e5,0x49e5,0x49e5,0x49e5,0x49e5,
0x49e5,0x49e5,0x49e5,0x49e5,0x49e5,0x2881,0x49e5,0x49e5,0x49e5,0x49e5,0x49e5,0x49e5,0x49e5,0x49e5,0x2903,0x10c3,0x10c3,0x10c3,0x10c3,0x10c3,0x10c3,0x10c3,0x10c3,0x10c3,
0x10c3,0x10c3,0x820,0x10c3,0x10c3,0x2903,0x10c3,0x10c3,0x10c3,0x820,0x820,0x820,0x820,0x820,0x820,0x820,0x820,0x820,0x1083,0x1083,0x1083,0x1083,0x1083,0x1083,
0x1083,0x1083,0x1083,0x1083,0x1083,0x1083,0x1083,0x1083,0x1083,0x1083,0x1083,0x1083,0x1083,0x1083,0x1083,0x1083,0x1083,0x1083,0x1083,0x1083,0x1083,0x1083,0x1083,0x1083,
0x1083,0x1083,0x1083,0x1083,0x1083,0x1083,0x1083,0x1083,0x1083,0x1083,0x1083,0x1083,0x1083,0x1083,0x1083,0x1083,0x1083,0x1083,0x1083,0x1083,0x1083,0x1083,0x1083,0x1083,
0x1083,0x1083,0x1083,0x1083,0x1083,0x1083,0x1083,0x1083,0x1083,0x1083,0x1083,0x1083,0x1083,0x1083,0x1083,0x1083,0x1083,0x1083,0x1083,0x1083,0x1083,0x1083,0x1083,0x1083,
0x1083,0x1083,0x1083,0x1083,0x1083,0x1083,0x1083,0x1083,0x1083,0x1083,0x1083,0x1083,0x1083,0x1083,0x1083,0x1083,0x1083,0x1083,0x1083,0x1083,0x1083,0x1083,0x1083,0x1083,
0x1083,0x1083,0x1083,0x1083,0x1083,0x2903,0x2903,0x59a3,0x2903,0x2903,0x2903,0xa325,0x2903,0x2903,0x2903,0x59a3,0x59a3,0x59a3,0x59a3,0x59a3,0x59a3,0x59a3,0x59a3,0x59a3,
0x59a3,0x59a3,0x59a3,0x59a3,0x59a3,0x59a3,0x59a3,0x59a3,0x2903,0x59a3,0x59a3,0x59a3,0x59a3,0x59a3,0x59a3,0x59a3,0x59a3,0x59a3,0x2903,0x59a3,0x820,0x820,0x820,0x820,
0x820,0x820,0x820,0x820,0x2903,0x2903,0x820,0x820,0x820,0x820,0x820,0x49e5,0x49e5,0x49e5,0x49e5,0x49e5,0x49e5,0x49e5,0x49e5,0x49e5,0x49e5,0x49e5,0x2903,0x2881,
0x2881,0x49e5,0x49e5,0x49e5,0x49e5,0x49e5,0x2903,0x2881,0x2881,0x2881,0x2903,0x2881,0x2881,0x2881,0x49e5,0x49e5,0x49e5,0x49e5,0x49e5,0x49e5,0x49e5,0x49e5,0x49e5,0x49e5,
0x49e5,0x49e5,0x49e5,0x49e5,0x49e5,0x2881,0x49e5,0x49e5,0x49e5,0x49e5,0x49e5,0x49e5,0x49e5,0x49e5,0x2903,0x10c3,0x10c3,0x10c3,0x10c3,0x10c3,0x10c3,0x10c3,0x10c3,0x10c3,
0x10c3,0x10c3,0x820,0x10c3,0x2903,0x2903,0x2903,0x2903,0x10c3,0x10c3,0x2903,0x2903,0x2903,0x10c3,0x10c3,0x820,0x820,0x10c3,0x1083,0x1083,0x1083,0x1083,0x1083,0x1083,
0x1083,0x1083,0x1083,0x1083,0x1083,0x1083,0x1083,0x1083,0x1083,0x1083,0x1083,0x1083,0x1083,0x1083,0x1083,0x1083,0x1083,0x1083,0x1083,0x1083,0x1083,0x1083,0x1083,0x1083,
0x1083,0x1083,0x1083,0x1083,0x1083,0x1083,0x1083,0x1083,0x1083,0x1083,0x1083,0x1083,0x1083,0x1083,0x1083,0x1083,0x1083,0x1083,0x1083,0x1083,0x1083,0x1083,0x1083,0x1083,
};
